"Sample_Name","Biological_Replicate","Technical_Replicate","Negative_control","Cruise_ID_short","Cruise_ID_long","Collection_Date_UTC","Collection_Date_local","Collection_Time_UTC","Collection_Time_local","Field_Sample_Name","Cast_No.","Rosette_position","Field_collection_method","Preservation","Area.within.region","Station","Depth_m","Lat","Lon","Sample_volume_ml","Personnel_responsible_for_Collecting_Sample","Field_Notes","Combined_date","Combined_date_local","Date_UTC","Date_local_check","Date_local","Lat_dec","Lon_dec","Cast","Bottle","pressure","btl_EXPOCODE","btl_Cruise_ID","btl_Section_ID","btl_Station_ID","btl_Cast_number","btl_Niskin_ID","btl_Niskin_flag","btl_Line_ID","btl_Date_UTC","btl_Year_UTC","btl_Month_UTC","btl_Day_UTC","btl_Time_UTC","btl_Yearday_UTC","btl_Latitude","btl_Longitude","btl_Depth_bottom","btl_CTDPRES","btl_Depth","btl_CTDTEMP_ITS90","btl_CTDSAL_PSS78","btl_CTDSAL_flag","btl_Salinity_PSS78","btl_Salinity_flag","btl_CTDOXY","btl_CTDOXY_flag","btl_Oxygen_djg","btl_Oxygen","btl_Oxygen_flag","btl_DIC","btl_DIC_flag","btl_TA","btl_TA_flag","btl_pH_T_measured","btl_TEMP_pH","btl_pH_flag","btl_Carbonate_measured","btl_TEMP_Carbonate","btl_Carbonate_flag","btl_Silicate","btl_Silicate_flag","btl_Phosphate","btl_Phosphate_flag","btl_Nitrate","btl_Nitrate_flag","btl_Nitrite","btl_Nitrite_flag","btl_Ammonium","btl_Ammonium_flag","btl_Chl_a","btl_Chl_a_flag","btl_Methane_CH4","btl_Methane_CH4_flag","btl_SYNECHOCOCCUS","btl_SYNECHOCOCCUS_FLAG","btl_EUK_PHYTOPLANKTON","btl_EUK_PHYTOPLANKTON_FLAG","btl_LARGE_DIATOM","btl_LARGE_DIATOM_FLAG","btl_CRYPTOPHYTE","btl_CRYPTOPHYTE_FLAG","btl_BACTERIA","btl_BACTERIA_FLAG","btl_BACTERIA_HNA","btl_BACTERIA_HNA_FLAG","btl_BACTERIA_LNA","btl_BACTERIA_LNA_FLAG","btl_Cast","btl_Date_full_UTC","btl_bottle","Cast.y","bottle","CO2sys_Salinity_in","CO2sys_t_in","CO2sys_P_in","CO2sys_Total_P_in","CO2sys_Total_Si_in","CO2sys_t_out","CO2sys_P_out","CO2sys_TA_data","CO2sys_TCO2_data","CO2sys_pH_data","CO2sys_fCO2_data","CO2sys_pCO2_data","CO2sys_pH.Scale.","CO2sys_CO2.Constants.","CO2sys_KSO4.Source.","CO2sys_Total.Boron.Source.","CO2sys_Salinity_results_input_conditions","CO2sys_t_results_input_conditions","CO2sys_p_results_input_conditions","CO2sys_Total_P_results_input_conditions","CO2sys_Total_Si_results_input_conditions","CO2sys_TA_results_input_conditions","CO2sys_TCO2_results_input_conditions","CO2sys_pH_results_input_conditions","CO2sys_fCO2_results_input_conditions","CO2sys_pCO2_results_input_conditions","CO2sys_HCO3_results_input_conditions","CO2sys_CO3_results_input_conditions","CO2sys_CO2_results_input_conditions","CO2sys_B_Alk_results_input_conditions","CO2sys_OH_results_input_conditions","CO2sys_P_Alk_results_input_conditions","CO2sys_Si_Alk_results_input_conditions","CO2sys_Revelle_results_input_conditions","CO2sys_WCa_results_input_conditions","CO2sys_WAr_results_input_conditions","CO2sys_xCO2_results_input_conditions","CO2sys_t_results_output_conditions","CO2sys_P_results_output_conditions","CO2sys_pH_results_output_conditions","CO2sys_fCO2_results_output_conditions","CO2sys_pCO2_results_output_conditions","CO2sys_HCO3_results_output_conditions","CO2sys_CO3_results_output_conditions","CO2sys_CO2_results_output_conditions","CO2sys_B_Alk_results_output_conditions","CO2sys_OH_results_output_conditions","CO2sys_P_Alk_results_output_conditions","CO2sys_Si_Alk_results_output_conditions","CO2sys_Revelle_results_output_conditions","CO2sys_WCa_results_output_conditions","CO2sys_WAr_results_output_conditions","CO2sys_xCO2_results_output_conditions","btl_pressure","ctd_Depth","ctd_TemperatureITS90","ctd_SalinityPSS78","ctd_SigmathetaEOS80","ctd_Oxygen","ctd_Oxygen_alt1","ctd_Fluorescence","ctd_OxygenReductionPotential","ctd_Altimeter","ctd_value","ctd_Cruise","ctd_CTD","ctd_Station","ctd_F"
"E367.1T",1,1,FALSE,"WCOA21","2021_WCOA_RonBrown","6/25/2021",NA,"2:39:24 AM","","E367.1T","10102","2","Niskin; Sterivex 0.22µm filter","95% EtOH","West Coast","QC85",1335,51.458,-130.846,1000,"Sean McAllister","","6/25/2021 2:39:24 AM","6/25/2021 ","2021/06/25 02:39:00","2021/06/25 00:00:00","2021/06/25 02:39:00",51.458,-130.846,"10102","2",1335,"33RO20210613","WCOA2021","QC85","1","1","11081","2",1,"2021/06/25 00:00:00",2021,6,25,"02:39:24",176.111,51.458,-130.846,1345,1351.1,1335,2.748,34.458,2,-999,9,20.1,2,-999,-999,9,-999,9,-999,9,-999,-999,9,-999,-999,9,-999,9,-999,9,-999,9,-999,9,-999,9,-999,9,-999,9,-999,9,-999,9,-999,9,-999,9,-999,9,-999,9,-999,9,11081,"2021/06/25 02:39:24",2,"11081","2","34.458","2.748","1351.1","","","2.748","1351.1","-999.0","-999.0","","","","Seawater scale (mol/kg-SW) "," K1, K2 from Mehrbach et al., 1973 refit by Dickson and Millero, 1989","Dickson ","Uppstrom, 1976","","","","","","","","","","","","","","","","","","","","","","","","","","","","","","","","","","","","","",1335,1319.15,2.7915,34.4501,27.473,0.45,19.66,0.041,193.67,100,"dRB2102_CTD_001_01_F.csv","dRB2102","CTD","001","F.csv"
"E367.2T",1,2,FALSE,"WCOA21","2021_WCOA_RonBrown","6/25/2021",NA,"2:39:24 AM","","E367.2T","10102","2","Niskin; Sterivex 0.22µm filter","95% EtOH","West Coast","QC85",1335,51.458,-130.846,1000,"Sean McAllister","","6/25/2021 2:39:24 AM","6/25/2021 ","2021/06/25 02:39:00","2021/06/25 00:00:00","2021/06/25 02:39:00",51.458,-130.846,"10102","2",1335,"33RO20210613","WCOA2021","QC85","1","1","11081","2",1,"2021/06/25 00:00:00",2021,6,25,"02:39:24",176.111,51.458,-130.846,1345,1351.1,1335,2.748,34.458,2,-999,9,20.1,2,-999,-999,9,-999,9,-999,9,-999,-999,9,-999,-999,9,-999,9,-999,9,-999,9,-999,9,-999,9,-999,9,-999,9,-999,9,-999,9,-999,9,-999,9,-999,9,-999,9,-999,9,11081,"2021/06/25 02:39:24",2,"11081","2","34.458","2.748","1351.1","","","2.748","1351.1","-999.0","-999.0","","","","Seawater scale (mol/kg-SW) "," K1, K2 from Mehrbach et al., 1973 refit by Dickson and Millero, 1989","Dickson ","Uppstrom, 1976","","","","","","","","","","","","","","","","","","","","","","","","","","","","","","","","","","","","","",1335,1319.15,2.7915,34.4501,27.473,0.45,19.66,0.041,193.67,100,"dRB2102_CTD_001_01_F.csv","dRB2102","CTD","001","F.csv"
"E367.3T",1,3,FALSE,"WCOA21","2021_WCOA_RonBrown","6/25/2021",NA,"2:39:24 AM","","E367.3T","10102","2","Niskin; Sterivex 0.22µm filter","95% EtOH","West Coast","QC85",1335,51.458,-130.846,1000,"Sean McAllister","","6/25/2021 2:39:24 AM","6/25/2021 ","2021/06/25 02:39:00","2021/06/25 00:00:00","2021/06/25 02:39:00",51.458,-130.846,"10102","2",1335,"33RO20210613","WCOA2021","QC85","1","1","11081","2",1,"2021/06/25 00:00:00",2021,6,25,"02:39:24",176.111,51.458,-130.846,1345,1351.1,1335,2.748,34.458,2,-999,9,20.1,2,-999,-999,9,-999,9,-999,9,-999,-999,9,-999,-999,9,-999,9,-999,9,-999,9,-999,9,-999,9,-999,9,-999,9,-999,9,-999,9,-999,9,-999,9,-999,9,-999,9,-999,9,11081,"2021/06/25 02:39:24",2,"11081","2","34.458","2.748","1351.1","","","2.748","1351.1","-999.0","-999.0","","","","Seawater scale (mol/kg-SW) "," K1, K2 from Mehrbach et al., 1973 refit by Dickson and Millero, 1989","Dickson ","Uppstrom, 1976","","","","","","","","","","","","","","","","","","","","","","","","","","","","","","","","","","","","","",1335,1319.15,2.7915,34.4501,27.473,0.45,19.66,0.041,193.67,100,"dRB2102_CTD_001_01_F.csv","dRB2102","CTD","001","F.csv"
"E368.1T",1,1,FALSE,"WCOA21","2021_WCOA_RonBrown","6/25/2021",NA,"3:18:45 AM","","E368.1T","10109","9","Niskin; Sterivex 0.22µm filter","95% EtOH","West Coast","QC85",100.7,51.457,-130.846,1000,"Sean McAllister","","6/25/2021 3:18:45 AM","6/25/2021 ","2021/06/25 03:18:00","2021/06/25 00:00:00","2021/06/25 03:18:00",51.457,-130.846,"10109","9",101,"33RO20210613","WCOA2021","QC85","1","1","12052","2",1,"2021/06/25 00:00:00",2021,6,25,"03:18:45",176.138,51.457,-130.846,1345,101.6,100.7,7.169,32.935,2,-999,9,209.1,2,211.8,6.952,2,2123.2,2,2206.3,2,7.5779,25.03,2,-999,-999,9,27.7,2,1.71,2,20.2,2,0.03,2,0.02,2,-999,9,3.956,6,-999,9,-999,9,-999,9,-999,9,-999,9,-999,9,-999,9,12052,"2021/06/25 03:18:45",9,"12052","9","32.935","7.169","101.6","","","7.169","101.6","2206.3","2123.2","","","","Seawater scale (mol/kg-SW) "," K1, K2 from Mehrbach et al., 1973 refit by Dickson and Millero, 1996","Dickson ","Uppstrom, 1983","32.93500137","7.169000149","101.5999985","0","0","2206.300049","2123.199951","7.84189415","621.8509521","624.3448486","2017.749891","75.05692833","30.3930494","37.70857631","0.742473656","0","0","16.87690365","1.775130322","1.121118994","630.5334872","7.169000149","101.5999985","7.841893939","621.8509763","624.3448902","2017.749891","75.05692833","30.3930494","37.70857631","0.742473656","0","0","16.87690365","1.775130322","1.121118994","630.5335189",101,100.1,7.2155,32.8244,25.6773,5.03,218.83,0.041,201.53,99.31,"dRB2102_CTD_001_01_F.csv","dRB2102","CTD","001","F.csv"
"E368.2T",1,2,FALSE,"WCOA21","2021_WCOA_RonBrown","6/25/2021",NA,"3:18:45 AM","","E368.2T","10109","9","Niskin; Sterivex 0.22µm filter","95% EtOH","West Coast","QC85",100.7,51.457,-130.846,1000,"Sean McAllister","","6/25/2021 3:18:45 AM","6/25/2021 ","2021/06/25 03:18:00","2021/06/25 00:00:00","2021/06/25 03:18:00",51.457,-130.846,"10109","9",101,"33RO20210613","WCOA2021","QC85","1","1","12052","2",1,"2021/06/25 00:00:00",2021,6,25,"03:18:45",176.138,51.457,-130.846,1345,101.6,100.7,7.169,32.935,2,-999,9,209.1,2,211.8,6.952,2,2123.2,2,2206.3,2,7.5779,25.03,2,-999,-999,9,27.7,2,1.71,2,20.2,2,0.03,2,0.02,2,-999,9,3.956,6,-999,9,-999,9,-999,9,-999,9,-999,9,-999,9,-999,9,12052,"2021/06/25 03:18:45",9,"12052","9","32.935","7.169","101.6","","","7.169","101.6","2206.3","2123.2","","","","Seawater scale (mol/kg-SW) "," K1, K2 from Mehrbach et al., 1973 refit by Dickson and Millero, 1996","Dickson ","Uppstrom, 1983","32.93500137","7.169000149","101.5999985","0","0","2206.300049","2123.199951","7.84189415","621.8509521","624.3448486","2017.749891","75.05692833","30.3930494","37.70857631","0.742473656","0","0","16.87690365","1.775130322","1.121118994","630.5334872","7.169000149","101.5999985","7.841893939","621.8509763","624.3448902","2017.749891","75.05692833","30.3930494","37.70857631","0.742473656","0","0","16.87690365","1.775130322","1.121118994","630.5335189",101,100.1,7.2155,32.8244,25.6773,5.03,218.83,0.041,201.53,99.31,"dRB2102_CTD_001_01_F.csv","dRB2102","CTD","001","F.csv"
"E368.3T",1,3,FALSE,"WCOA21","2021_WCOA_RonBrown","6/25/2021",NA,"3:18:45 AM","","E368.3T","10109","9","Niskin; Sterivex 0.22µm filter","95% EtOH","West Coast","QC85",100.7,51.457,-130.846,1000,"Sean McAllister","","6/25/2021 3:18:45 AM","6/25/2021 ","2021/06/25 03:18:00","2021/06/25 00:00:00","2021/06/25 03:18:00",51.457,-130.846,"10109","9",101,"33RO20210613","WCOA2021","QC85","1","1","12052","2",1,"2021/06/25 00:00:00",2021,6,25,"03:18:45",176.138,51.457,-130.846,1345,101.6,100.7,7.169,32.935,2,-999,9,209.1,2,211.8,6.952,2,2123.2,2,2206.3,2,7.5779,25.03,2,-999,-999,9,27.7,2,1.71,2,20.2,2,0.03,2,0.02,2,-999,9,3.956,6,-999,9,-999,9,-999,9,-999,9,-999,9,-999,9,-999,9,12052,"2021/06/25 03:18:45",9,"12052","9","32.935","7.169","101.6","","","7.169","101.6","2206.3","2123.2","","","","Seawater scale (mol/kg-SW) "," K1, K2 from Mehrbach et al., 1973 refit by Dickson and Millero, 1996","Dickson ","Uppstrom, 1983","32.93500137","7.169000149","101.5999985","0","0","2206.300049","2123.199951","7.84189415","621.8509521","624.3448486","2017.749891","75.05692833","30.3930494","37.70857631","0.742473656","0","0","16.87690365","1.775130322","1.121118994","630.5334872","7.169000149","101.5999985","7.841893939","621.8509763","624.3448902","2017.749891","75.05692833","30.3930494","37.70857631","0.742473656","0","0","16.87690365","1.775130322","1.121118994","630.5335189",101,100.1,7.2155,32.8244,25.6773,5.03,218.83,0.041,201.53,99.31,"dRB2102_CTD_001_01_F.csv","dRB2102","CTD","001","F.csv"
"E369.1B",1,1,FALSE,"WCOA21","2021_WCOA_RonBrown","6/25/2021",NA,"3:38:25 AM","","E369.1B","10119","19","Niskin; Sterivex 0.22µm filter","95% EtOH","West Coast","QC85",6,51.456,-130.847,1000,"Sean McAllister","","6/25/2021 3:38:25 AM","6/25/2021 ","2021/06/25 03:38:00","2021/06/25 00:00:00","2021/06/25 03:38:00",51.456,-130.847,"10119","19",6,"33RO20210613","WCOA2021","QC85","1","1","11028","2",1,"2021/06/25 00:00:00",2021,6,25,"03:38:25",176.152,51.456,-130.847,1345,6,6,13.192,31.952,2,-999,9,282.4,2,287.1,9.407,6,1975.3,6,2157,2,7.8156,25.03,2,-999,-999,9,6.3,2,0.67,2,2.1,2,0.07,2,0.23,2,0.4,2,4.469,6,-999,9,-999,9,-999,9,-999,9,-999,9,-999,9,-999,9,11028,"2021/06/25 03:38:25",19,"11028","19","31.952","13.192","6.0","","","13.192","6.0","2157.0","1975.3","","","","Seawater scale (mol/kg-SW) "," K1, K2 from Mehrbach et al., 1973 refit by Dickson and Millero, 2006","Dickson ","Uppstrom, 1993","31.95199966","13.19200039","6","0","0","2157","1975.300049","8.040534973","377.8385925","379.2398987","1827.557045","132.5197556","15.22322302","62.29895555","2.113664684","0","0","12.36370766","3.214546474","2.044275293","384.8958384","13.19200039","6","8.040535312","377.8386","379.2399232","1827.557045","132.5197556","15.22322302","62.29895555","2.113664684","0","0","12.36370766","3.214546474","2.044275293","384.8958543",6,5.95,12.8195,31.9858,24.094,6.33,276.17,0.05,213.85,99.62,"dRB2102_CTD_001_01_F.csv","dRB2102","CTD","001","F.csv"
"E369.2B",2,1,FALSE,"WCOA21","2021_WCOA_RonBrown","6/25/2021",NA,"3:39:26 AM","","E369.2B","10120","20","Niskin; Sterivex 0.22µm filter","95% EtOH","West Coast","QC85",5.2,51.456,-130.847,1000,"Sean McAllister","","6/25/2021 3:39:26 AM","6/25/2021 ","2021/06/25 03:39:00","2021/06/25 00:00:00","2021/06/25 03:39:00",51.456,-130.847,"10120","20",5,"33RO20210613","WCOA2021","QC85","1","1","11022","2",1,"2021/06/25 00:00:00",2021,6,25,"03:39:26",176.152,51.456,-130.847,1345,5.3,5.2,13.417,31.955,2,-999,9,282.6,2,-999,-999,9,-999,9,-999,9,-999,-999,9,-999,-999,9,-999,9,-999,9,-999,9,-999,9,-999,9,-999,9,-999,9,-999,9,-999,9,-999,9,-999,9,-999,9,-999,9,-999,9,11022,"2021/06/25 03:39:26",20,"11022","20","31.955","13.417","5.3","","","13.417","5.3","-999.0","-999.0","","","","Seawater scale (mol/kg-SW) "," K1, K2 from Mehrbach et al., 1973 refit by Dickson and Millero, 2007","Dickson ","Uppstrom, 1994","","","","","","","","","","","","","","","","","","","","","","","","","","","","","","","","","","","","","",5,4.96,12.8871,31.992,24.0857,6.07,264.64,0.05,214.25,99.62,"dRB2102_CTD_001_01_F.csv","dRB2102","CTD","001","F.csv"
"E369.3B",3,1,FALSE,"WCOA21","2021_WCOA_RonBrown","6/25/2021",NA,"3:39:42 AM","","E369.3B","10121","21","Niskin; Sterivex 0.22µm filter","95% EtOH","West Coast","QC85",5,51.456,-130.847,1000,"Sean McAllister","","6/25/2021 3:39:42 AM","6/25/2021 ","2021/06/25 03:39:00","2021/06/25 00:00:00","2021/06/25 03:39:00",51.456,-130.847,"10121","21",5,"33RO20210613","WCOA2021","QC85","1","1","11062","2",1,"2021/06/25 00:00:00",2021,6,25,"03:39:42",176.153,51.456,-130.847,1345,5.1,5,13.512,31.956,2,-999,9,282.6,2,-999,-999,9,-999,9,-999,9,-999,-999,9,-999,-999,9,-999,9,-999,9,-999,9,-999,9,-999,9,-999,9,-999,9,-999,9,-999,9,-999,9,-999,9,-999,9,-999,9,-999,9,11062,"2021/06/25 03:39:42",21,"11062","21","31.956","13.512","5.1","","","13.512","5.1","-999.0","-999.0","","","","Seawater scale (mol/kg-SW) "," K1, K2 from Mehrbach et al., 1973 refit by Dickson and Millero, 2008","Dickson ","Uppstrom, 1995","","","","","","","","","","","","","","","","","","","","","","","","","","","","","","","","","","","","","",5,4.96,12.8871,31.992,24.0857,6.07,264.64,0.05,214.25,99.62,"dRB2102_CTD_001_01_F.csv","dRB2102","CTD","001","F.csv"
"E370",1,1,FALSE,"WCOA21","2021_WCOA_RonBrown","6/25/2021",NA,"1:58:18 PM","","E370","20102","2","Niskin; Sterivex 0.22µm filter","95% EtOH","West Coast","QC74",876.7,51.711,-130.642,1000,"Sean McAllister","","6/25/2021 1:58:18 PM","6/25/2021 ","2021/06/25 01:58:00","2021/06/25 00:00:00","2021/06/25 01:58:00",51.711,-130.642,"20102","2",877,"33RO20210613","WCOA2021","QC74","2","1","11081","2",1,"2021/06/25 00:00:00",2021,6,25,"13:58:18",176.582,51.711,-130.642,887,886.3,876.7,4.062,34.242,2,-999,9,21.4,2,-999,-999,9,-999,9,-999,9,-999,-999,9,-999,-999,9,-999,9,-999,9,-999,9,-999,9,-999,9,-999,9,-999,9,-999,9,-999,9,-999,9,-999,9,-999,9,-999,9,-999,9,11081,"2021/06/25 13:58:18",2,"11081","2","34.242","4.062","886.3","","","4.062","886.3","-999.0","-999.0","","","","Seawater scale (mol/kg-SW) "," K1, K2 from Mehrbach et al., 1973 refit by Dickson and Millero, 2011","Dickson ","Uppstrom, 1998","","","","","","","","","","","","","","","","","","","","","","","","","","","","","","","","","","","","","",877,867.51,4.0604,34.2414,27.1832,0.49,21.47,0.041,500,65.98,"dRB2102_CTD_002_01_F.csv","dRB2102","CTD","002","F.csv"
"E371",1,1,FALSE,"WCOA21","2021_WCOA_RonBrown","6/25/2021",NA,"2:04:00 PM","","E371","20103","3","Niskin; Sterivex 0.22µm filter","95% EtOH","West Coast","QC74",744.6,51.711,-130.642,1000,"Sean McAllister","","6/25/2021 2:04:00 PM","6/25/2021 ","2021/06/25 02:04:00","2021/06/25 00:00:00","2021/06/25 02:04:00",51.711,-130.642,"20103","3",745,"33RO20210613","WCOA2021","QC74","2","1","11020","2",1,"2021/06/25 00:00:00",2021,6,25,"14:04:00",176.586,51.711,-130.642,887,752.5,744.6,4.219,34.207,2,34.2064,2,24.5,2,23,0.755,2,2346.1,2,2331.9,2,7.2785,25,6,-999,-999,9,109.6,6,3.11,6,41.2,6,0.02,6,0.03,6,-999,9,2.67,2,-999,9,-999,9,-999,9,-999,9,-999,9,-999,9,-999,9,11020,"2021/06/25 14:04:00",3,"11020","3","34.207","4.219","752.5","","","4.219","752.5","2331.9","2346.1","","","","Seawater scale (mol/kg-SW) "," K1, K2 from Mehrbach et al., 1973 refit by Dickson and Millero, 2012","Dickson ","Uppstrom, 1999","34.20700073","4.218999863","752.5","0","0","2331.899902","2346.100098","7.515276909","1326.757446","1332.290283","2237.159248","37.45977198","71.48103299","19.5768124","0.275380495","0","0","18.87819147","0.772821331","0.491347218","1343.02532","4.218999863","752.5","7.51527669","1326.757489","1332.290258","2237.159248","37.45977198","71.48103299","19.5768124","0.275380495","0","0","18.87819147","0.772821331","0.491347218","1343.02534",745,737.17,4.1184,34.2254,27.1634,0.54,23.53,0.041,500,66.15,"dRB2102_CTD_002_01_F.csv","dRB2102","CTD","002","F.csv"
"E372",1,1,FALSE,"WCOA21","2021_WCOA_RonBrown","6/25/2021",NA,"2:42:21 PM","","E372","20111","11","Niskin; Sterivex 0.22µm filter","95% EtOH","West Coast","QC74",100.4,51.714,-130.645,1000,"Sean McAllister","","6/25/2021 2:42:21 PM","6/25/2021 ","2021/06/25 02:42:00","2021/06/25 00:00:00","2021/06/25 02:42:00",51.714,-130.645,"20111","11",100,"33RO20210613","WCOA2021","QC74","2","1","11023","2",1,"2021/06/25 00:00:00",2021,6,25,"14:42:21",176.613,51.714,-130.645,887,101.3,100.4,6.585,33.227,2,-999,9,154.6,2,-999,-999,9,-999,9,-999,9,-999,-999,9,-999,-999,9,-999,9,-999,9,-999,9,-999,9,-999,9,-999,9,-999,9,-999,9,-999,9,-999,9,-999,9,-999,9,-999,9,-999,9,11023,"2021/06/25 14:42:21",11,"11023","11","33.227","6.585","101.3","","","6.585","101.3","-999.0","-999.0","","","","Seawater scale (mol/kg-SW) "," K1, K2 from Mehrbach et al., 1973 refit by Dickson and Millero, 2020","Dickson ","Uppstrom, 2007","","","","","","","","","","","","","","","","","","","","","","","","","","","","","","","","","","","","","",100,99.1,6.6536,33.1624,26.0186,3.66,159.4,0.044,494.64,66.33,"dRB2102_CTD_002_01_F.csv","dRB2102","CTD","002","F.csv"
"E373",1,1,FALSE,"WCOA21","2021_WCOA_RonBrown","6/25/2021",NA,"3:01:18 PM","","E373","20124","24","Niskin; Sterivex 0.22µm filter","95% EtOH","West Coast","QC74",3.6,51.716,-130.644,1000,"Sean McAllister","","6/25/2021 3:01:18 PM","6/25/2021 ","2021/06/25 03:01:00","2021/06/25 00:00:00","2021/06/25 03:01:00",51.716,-130.644,"20124","24",4,"33RO20210613","WCOA2021","QC74","2","1","11001","2",1,"2021/06/25 00:00:00",2021,6,25,"15:01:18",176.626,51.716,-130.644,887,3.7,3.6,9.973,32.032,2,-999,9,261.6,2,-999,-999,9,-999,9,-999,9,-999,-999,9,-999,-999,9,-999,9,-999,9,-999,9,-999,9,-999,9,-999,9,-999,9,-999,9,-999,9,-999,9,-999,9,-999,9,-999,9,-999,9,11001,"2021/06/25 15:01:18",24,"11001","24","32.032","9.973","3.7","","","9.973","3.7","-999.0","-999.0","","","","Seawater scale (mol/kg-SW) "," K1, K2 from Mehrbach et al., 1973 refit by Dickson and Millero, 2033","Dickson ","Uppstrom, 2020","","","","","","","","","","","","","","","","","","","","","","","","","","","","","","","","","","","","","",4,3.97,9.7979,32.1248,24.7408,5.99,260.99,0.076,494.91,66.32,"dRB2102_CTD_002_01_F.csv","dRB2102","CTD","002","F.csv"
"E374",1,1,FALSE,"WCOA21","2021_WCOA_RonBrown","6/25/2021",NA,"5:06:12 PM","","E374","30102","2","Niskin; Sterivex 0.22µm filter","95% EtOH","West Coast","QC62",202.6,51.83,-130.374,1000,"Sean McAllister","","6/25/2021 5:06:12 PM","6/25/2021 ","2021/06/25 05:06:00","2021/06/25 00:00:00","2021/06/25 05:06:00",51.83,-130.374,"30102","2",203,"33RO20210613","WCOA2021","QC62","3","1","11081","2",1,"2021/06/25 00:00:00",2021,6,25,"17:06:12",176.713,51.83,-130.374,213,204.5,202.6,5.562,33.893,2,33.8931,2,84.6,2,-999,-999,9,-999,9,-999,9,-999,-999,9,-999,-999,9,-999,9,-999,9,-999,9,-999,9,-999,9,-999,9,-999,9,-999,9,-999,9,-999,9,-999,9,-999,9,-999,9,-999,9,11081,"2021/06/25 17:06:12",2,"11081","2","33.893","5.562","204.5","","","5.562","204.5","-999.0","-999.0","","","","Seawater scale (mol/kg-SW) "," K1, K2 from Mehrbach et al., 1973 refit by Dickson and Millero, 2035","Dickson ","Uppstrom, 2022","","","","","","","","","","","","","","","","","","","","","","","","","","","","","","","","","","","","","",203,201.13,5.5597,33.8939,26.7347,1.93,84.1,0.041,-171.64,65.03,"dRB2102_CTD_003_01_F.csv","dRB2102","CTD","003","F.csv"
"E375",1,1,FALSE,"WCOA21","2021_WCOA_RonBrown","6/25/2021",NA,"5:11:14 PM","","E375","30103","3","Niskin; Sterivex 0.22µm filter","95% EtOH","West Coast","QC62",149.8,51.83,-130.373,1000,"Sean McAllister","","6/25/2021 5:11:14 PM","6/25/2021 ","2021/06/25 05:11:00","2021/06/25 00:00:00","2021/06/25 05:11:00",51.83,-130.373,"30103","3",150,"33RO20210613","WCOA2021","QC62","3","1","11020","2",1,"2021/06/25 00:00:00",2021,6,25,"17:11:14",176.716,51.83,-130.373,213,151.2,149.8,6.339,33.514,2,-999,9,127,2,-999,-999,5,2213.8,2,2249.8,2,7.4282,25.02,6,-999,-999,9,52.8,6,2.32,6,29.6,6,0.03,6,0.03,6,-999,9,3.079,2,-999,9,-999,9,-999,9,-999,9,-999,9,-999,9,-999,9,11020,"2021/06/25 17:11:14",3,"11020","3","33.514","6.339","151.2","","","6.339","151.2","2249.8","2213.8","","","","Seawater scale (mol/kg-SW) "," K1, K2 from Mehrbach et al., 1973 refit by Dickson and Millero, 2036","Dickson ","Uppstrom, 2023","33.51399994","6.339000225","151.1999969","0","0","2249.800049","2213.800049","7.687224388","917.3792114","921.0988159","2113.636083","54.16362764","46.00038225","27.37494354","0.482760224","0","0","18.67241123","1.264653526","0.799243306","929.7148936","6.339000225","151.1999969","7.68722462","917.3792336","921.0988082","2113.636083","54.16362764","46.00038225","27.37494354","0.482760224","0","0","18.67241123","1.264653526","0.799243306","929.7148953",150,148.64,6.2578,33.5534,26.3787,2.8,121.65,0.041,376.61,65.05,"dRB2102_CTD_003_01_F.csv","dRB2102","CTD","003","F.csv"
"E376",1,1,FALSE,"WCOA21","2021_WCOA_RonBrown","6/25/2021",NA,"5:17:43 PM","","E376","30106","6","Niskin; Sterivex 0.22µm filter","95% EtOH","West Coast","QC62",98.3,51.83,-130.373,1000,"Sean McAllister","","6/25/2021 5:17:43 PM","6/25/2021 ","2021/06/25 05:17:00","2021/06/25 00:00:00","2021/06/25 05:17:00",51.83,-130.373,"30106","6",98,"33RO20210613","WCOA2021","QC62","3","1","11082","2",1,"2021/06/25 00:00:00",2021,6,25,"17:17:43",176.721,51.83,-130.373,213,99.1,98.3,6.672,33.249,2,-999,9,154.2,2,-999,-999,9,-999,9,-999,9,-999,-999,9,-999,-999,9,-999,9,-999,9,-999,9,-999,9,-999,9,-999,9,-999,9,-999,9,-999,9,-999,9,-999,9,-999,9,-999,9,-999,9,11082,"2021/06/25 17:17:43",6,"11082","6","33.249","6.672","99.1","","","6.672","99.1","-999.0","-999.0","","","","Seawater scale (mol/kg-SW) "," K1, K2 from Mehrbach et al., 1973 refit by Dickson and Millero, 2039","Dickson ","Uppstrom, 2026","","","","","","","","","","","","","","","","","","","","","","","","","","","","","","","","","","","","","",98,97.12,6.6788,33.2343,26.072,3.57,155.46,0.041,494.65,65.11,"dRB2102_CTD_003_01_F.csv","dRB2102","CTD","003","F.csv"
"E377",1,1,FALSE,"WCOA21","2021_WCOA_RonBrown","6/25/2021",NA,"5:37:37 PM","","E377","30116","16","Niskin; Sterivex 0.22µm filter","95% EtOH","West Coast","QC62",3.9,51.83,-130.371,1000,"Sean McAllister","","6/25/2021 5:37:37 PM","6/25/2021 ","2021/06/25 05:37:00","2021/06/25 00:00:00","2021/06/25 05:37:00",51.83,-130.371,"30116","16",4,"33RO20210613","WCOA2021","QC62","3","1","11032","2",1,"2021/06/25 00:00:00",2021,6,25,"17:37:37",176.734,51.83,-130.371,213,3.9,3.9,13.445,31.598,2,31.6064,2,294.7,2,-999,-999,9,-999,9,-999,9,-999,-999,9,-999,-999,9,-999,9,-999,9,-999,9,-999,9,-999,9,-999,9,-999,9,-999,9,-999,9,-999,9,-999,9,-999,9,-999,9,-999,9,11032,"2021/06/25 17:37:37",16,"11032","16","31.598","13.445","3.9","","","13.445","3.9","-999.0","-999.0","","","","Seawater scale (mol/kg-SW) "," K1, K2 from Mehrbach et al., 1973 refit by Dickson and Millero, 2049","Dickson ","Uppstrom, 2036","","","","","","","","","","","","","","","","","","","","","","","","","","","","","","","","","","","","","",4,3.96,13.242,31.6024,23.7149,6.8,296.51,0.071,498.51,65.03,"dRB2102_CTD_003_01_F.csv","dRB2102","CTD","003","F.csv"
"E378",1,1,FALSE,"WCOA21","2021_WCOA_RonBrown","6/25/2021",NA,"10:56:35 PM","","E378","40102","2","Niskin; Sterivex 0.22µm filter","95% EtOH","West Coast","QC2",35,52.399,-129.051,1000,"Sean McAllister","","6/25/2021 10:56:35 PM","6/25/2021 ","2021/06/25 10:56:00","2021/06/25 00:00:00","2021/06/25 10:56:00",52.399,-129.051,"40102","2",35,"33RO20210613","WCOA2021","QC2","4","1","11081","2",1,"2021/06/25 00:00:00",2021,6,25,"22:56:35",176.956,52.399,-129.051,45,35.3,35,9.569,31.86,2,-999,9,258,2,-999,-999,9,-999,9,-999,9,-999,-999,9,-999,-999,9,-999,9,-999,9,-999,9,-999,9,-999,9,-999,9,-999,9,-999,9,-999,9,-999,9,-999,9,-999,9,-999,9,-999,9,11081,"2021/06/25 22:56:35",2,"11081","2","31.860","9.569","35.3","","","9.569","35.3","-999.0","-999.0","","","","Seawater scale (mol/kg-SW) "," K1, K2 from Mehrbach et al., 1973 refit by Dickson and Millero, 2051","Dickson ","Uppstrom, 2038","","","","","","","","","","","","","","","","","","","","","","","","","","","","","","","","","","","","","",35,34.69,9.3845,31.9253,24.6519,5.73,249.88,0.056,129.25,13.52,"dRB2102_CTD_004_01_F.csv","dRB2102","CTD","004","F.csv"
"E379",1,1,FALSE,"WCOA21","2021_WCOA_RonBrown","6/25/2021",NA,"11:01:22 PM","","E379","40104","4","Niskin; Sterivex 0.22µm filter","95% EtOH","West Coast","QC2",10.1,52.398,-129.051,1000,"Sean McAllister","","6/25/2021 11:01:22 PM","6/25/2021 ","2021/06/25 11:01:00","2021/06/25 00:00:00","2021/06/25 11:01:00",52.398,-129.051,"40104","4",10,"33RO20210613","WCOA2021","QC2","4","1","11058","2",1,"2021/06/25 00:00:00",2021,6,25,"23:01:22",176.959,52.398,-129.051,45,10.2,10.1,12.86,30.403,2,-999,9,306,2,304.9,9.978,2,1869,2,2063.5,2,7.9199,25,2,-999,-999,9,11.9,2,0.53,2,1.4,2,0.08,2,0.06,2,4.3,3,4.808,6,-999,9,-999,9,-999,9,-999,9,-999,9,-999,9,-999,9,11058,"2021/06/25 23:01:22",4,"11058","4","30.403","12.860","10.2","","","12.860","10.2","2063.5","1869.0","","","","Seawater scale (mol/kg-SW) "," K1, K2 from Mehrbach et al., 1973 refit by Dickson and Millero, 2053","Dickson ","Uppstrom, 2040","30.40299988","12.85999966","10.19999981","0","0","2063.5","1869","8.109919548","304.147522","305.280365","1717.790962","138.7171425","12.49192454","65.94579772","2.336862616","0","0","11.70069034","3.392548427","2.147038843","309.7378255","12.85999966","10.19999981","8.109920019","304.1475007","305.2803329","1717.790962","138.7171425","12.49192454","65.94579772","2.336862616","0","0","11.70069034","3.392548427","2.147038843","309.7378068",10,9.91,12.9115,30.3576,22.8166,6.93,302.77,0.143,128.26,38.1,"dRB2102_CTD_004_01_F.csv","dRB2102","CTD","004","F.csv"
"E380",1,1,FALSE,"WCOA21","2021_WCOA_RonBrown","6/25/2021",NA,"11:04:40 PM","","E380","40107","7","Niskin; Sterivex 0.22µm filter","95% EtOH","West Coast","QC2",3.6,52.398,-129.052,1000,"Sean McAllister","","6/25/2021 11:04:40 PM","6/25/2021 ","2021/06/25 11:04:00","2021/06/25 00:00:00","2021/06/25 11:04:00",52.398,-129.052,"40107","7",4,"33RO20210613","WCOA2021","QC2","4","1","11004","2",1,"2021/06/25 00:00:00",2021,6,25,"23:04:40",176.962,52.398,-129.052,45,3.6,3.6,12.933,30.422,2,-999,9,306.3,2,-999,-999,9,-999,9,2060.7,2,-999,-999,9,-999,-999,9,-999,9,-999,9,-999,9,-999,9,-999,9,-999,9,4.909,2,-999,9,-999,9,-999,9,-999,9,-999,9,-999,9,-999,9,11004,"2021/06/25 23:04:40",7,"11004","7","30.422","12.933","3.6","","","12.933","3.6","2060.7","-999.0","","","","Seawater scale (mol/kg-SW) "," K1, K2 from Mehrbach et al., 1973 refit by Dickson and Millero, 2056","Dickson ","Uppstrom, 2043","","","","","","","","","","","","","","","","","","","","","","","","","","","","","","","","","","","","","",4,3.96,12.9548,30.346,22.7991,6.86,299.45,0.113,128.29,43.94,"dRB2102_CTD_004_01_F.csv","dRB2102","CTD","004","F.csv"
"E381",1,1,FALSE,"WCOA21","2021_WCOA_RonBrown","6/26/2021",NA,"1:07:45 AM","","E381","50102","2","Niskin; Sterivex 0.22µm filter","95% EtOH","West Coast","QC18",149.7,52.249,-129.402,1000,"Sean McAllister","","6/26/2021 1:07:45 AM","6/26/2021 ","2021/06/26 01:07:00","2021/06/26 00:00:00","2021/06/26 01:07:00",52.249,-129.402,"50102","2",150,"33RO20210613","WCOA2021","QC18","5","1","11081","2",1,"2021/06/26 00:00:00",2021,6,26,"01:07:45",177.047,52.249,-129.402,160,151.1,149.7,5.698,33.821,2,-999,9,93.5,2,-999,-999,9,-999,9,-999,9,-999,-999,9,-999,-999,9,-999,9,-999,9,-999,9,-999,9,-999,9,-999,9,-999,9,-999,9,-999,9,-999,9,-999,9,-999,9,-999,9,-999,9,11081,"2021/06/26 01:07:45",2,"11081","2","33.821","5.698","151.1","","","5.698","151.1","-999.0","-999.0","","","","Seawater scale (mol/kg-SW) "," K1, K2 from Mehrbach et al., 1973 refit by Dickson and Millero, 2058","Dickson ","Uppstrom, 2045","","","","","","","","","","","","","","","","","","","","","","","","","","","","","","","","","","","","","",150,148.63,5.7053,33.8407,26.6745,2.16,93.89,0.04,156.27,10.67,"dRB2102_CTD_005_01_F.csv","dRB2102","CTD","005","F.csv"
"E382",1,1,FALSE,"WCOA21","2021_WCOA_RonBrown","6/26/2021",NA,"1:16:20 AM","","E382","50106","6","Niskin; Sterivex 0.22µm filter","95% EtOH","West Coast","QC18",99.4,52.249,-129.402,1000,"Sean McAllister","","6/26/2021 1:16:20 AM","6/26/2021 ","2021/06/26 01:16:00","2021/06/26 00:00:00","2021/06/26 01:16:00",52.249,-129.402,"50106","6",99,"33RO20210613","WCOA2021","QC18","5","1","11082","2",1,"2021/06/26 00:00:00",2021,6,26,"01:16:20",177.053,52.249,-129.402,160,100.3,99.4,7.186,32.642,2,-999,9,206.8,2,-999,-999,9,-999,9,-999,9,-999,-999,9,-999,-999,9,-999,9,-999,9,-999,9,-999,9,-999,9,-999,9,-999,9,-999,9,-999,9,-999,9,-999,9,-999,9,-999,9,-999,9,11082,"2021/06/26 01:16:20",6,"11082","6","32.642","7.186","100.3","","","7.186","100.3","-999.0","-999.0","","","","Seawater scale (mol/kg-SW) "," K1, K2 from Mehrbach et al., 1973 refit by Dickson and Millero, 2062","Dickson ","Uppstrom, 2049","","","","","","","","","","","","","","","","","","","","","","","","","","","","","","","","","","","","","",99,98.11,6.9492,32.9366,25.8016,4.15,180.77,0.042,156.23,61.86,"dRB2102_CTD_005_01_F.csv","dRB2102","CTD","005","F.csv"
"E383",1,1,FALSE,"WCOA21","2021_WCOA_RonBrown","6/26/2021",NA,"1:36:22 AM","","E383","50116","16","Niskin; Sterivex 0.22µm filter","95% EtOH","West Coast","QC18",3.3,52.248,-129.403,1000,"Sean McAllister","","6/26/2021 1:36:22 AM","6/26/2021 ","2021/06/26 01:36:00","2021/06/26 00:00:00","2021/06/26 01:36:00",52.248,-129.403,"50116","16",3,"33RO20210613","WCOA2021","QC18","5","1","11032","2",1,"2021/06/26 00:00:00",2021,6,26,"01:36:22",177.067,52.248,-129.403,160,3.3,3.3,13.765,31.546,2,-999,9,304.6,2,-999,-999,9,-999,9,-999,9,-999,-999,9,-999,-999,9,-999,9,-999,9,-999,9,-999,9,-999,9,-999,9,-999,9,-999,9,-999,9,-999,9,-999,9,-999,9,-999,9,-999,9,11032,"2021/06/26 01:36:22",16,"11032","16","31.546","13.765","3.3","","","13.765","3.3","-999.0","-999.0","","","","Seawater scale (mol/kg-SW) "," K1, K2 from Mehrbach et al., 1973 refit by Dickson and Millero, 2072","Dickson ","Uppstrom, 2059","","","","","","","","","","","","","","","","","","","","","","","","","","","","","","","","","","","","","",3,2.97,13.7231,31.4969,23.5376,6.91,301.55,0.084,156.53,99.9,"dRB2102_CTD_005_01_F.csv","dRB2102","CTD","005","F.csv"
"E384.3B",3,1,FALSE,"WCOA21","2021_WCOA_RonBrown","6/26/2021",NA,"4:14:56 AM","","E384.3B","60101","1","Niskin; Sterivex 0.22µm filter","95% EtOH","West Coast","QC43",119.8,52.018,-129.971,1000,"Sean McAllister","","6/26/2021 4:14:56 AM","6/26/2021 ","2021/06/26 04:14:00","2021/06/26 00:00:00","2021/06/26 04:14:00",52.018,-129.971,"60101","1",120,"33RO20210613","WCOA2021","QC43","6","1","11031","2",1,"2021/06/26 00:00:00",2021,6,26,"04:14:56",177.177,52.018,-129.971,130,120.9,119.8,6.648,33.286,2,-999,9,140.1,2,141.5,4.645,6,2191.8,2,2234.2,6,7.4485,25.04,2,-999,-999,9,47,2,2.21,2,28.7,2,0.07,2,0.07,2,-999,9,3.224,6,554,2,339,2,0,2,0,2,1050000,2,856000,2,105000,2,11031,"2021/06/26 04:14:56",1,"11031","1","33.286","6.648","120.9","","","6.648","120.9","2234.2","2191.8","","","","Seawater scale (mol/kg-SW) "," K1, K2 from Mehrbach et al., 1973 refit by Dickson and Millero, 2073","Dickson ","Uppstrom, 2060","33.2859993","6.647999763","120.9000015","0","0","2234.199951","2191.800049","7.708504677","870.1243896","873.6380005","2091.994084","56.58806431","43.21801043","28.52903258","0.520679947","0","0","18.49692706","1.330749427","0.840670347","881.9887722","6.647999763","120.9000015","7.708504888","870.1243955","873.6380227","2091.994084","56.58806431","43.21801043","28.52903258","0.520679947","0","0","18.49692706","1.330749427","0.840670347","881.9887689",120,118.92,6.6591,33.2744,26.1064,3.25,141.29,0.04,176.28,13.95,"dRB2102_CTD_006_01_F.csv","dRB2102","CTD","006","F.csv"
"E384.1T",1,1,FALSE,"WCOA21","2021_WCOA_RonBrown","6/26/2021",NA,"4:15:01 AM","","E384.1T","60102","2","Niskin; Sterivex 0.22µm filter","95% EtOH","West Coast","QC43",119.5,52.018,-129.971,1000,"Sean McAllister","","6/26/2021 4:15:01 AM","6/26/2021 ","2021/06/26 04:15:00","2021/06/26 00:00:00","2021/06/26 04:15:00",52.018,-129.971,"60102","2",120,"33RO20210613","WCOA2021","QC43","6","1","11081","2",1,"2021/06/26 00:00:00",2021,6,26,"04:15:01",177.177,52.018,-129.971,130,120.6,119.5,6.647,33.287,2,-999,9,140.1,2,-999,-999,9,-999,9,-999,9,-999,-999,9,-999,-999,9,-999,9,-999,9,-999,9,-999,9,-999,9,-999,9,-999,9,-999,9,-999,9,-999,9,-999,9,-999,9,-999,9,-999,9,11081,"2021/06/26 04:15:01",2,"11081","2","33.287","6.647","120.6","","","6.647","120.6","-999.0","-999.0","","","","Seawater scale (mol/kg-SW) "," K1, K2 from Mehrbach et al., 1973 refit by Dickson and Millero, 2074","Dickson ","Uppstrom, 2061","","","","","","","","","","","","","","","","","","","","","","","","","","","","","","","","","","","","","",120,118.92,6.6591,33.2744,26.1064,3.25,141.29,0.04,176.28,13.95,"dRB2102_CTD_006_01_F.csv","dRB2102","CTD","006","F.csv"
"E384.2T",1,2,FALSE,"WCOA21","2021_WCOA_RonBrown","6/26/2021",NA,"4:15:01 AM","","E384.2T","60102","2","Niskin; Sterivex 0.22µm filter","95% EtOH","West Coast","QC43",119.5,52.018,-129.971,1000,"Sean McAllister","","6/26/2021 4:15:01 AM","6/26/2021 ","2021/06/26 04:15:00","2021/06/26 00:00:00","2021/06/26 04:15:00",52.018,-129.971,"60102","2",120,"33RO20210613","WCOA2021","QC43","6","1","11081","2",1,"2021/06/26 00:00:00",2021,6,26,"04:15:01",177.177,52.018,-129.971,130,120.6,119.5,6.647,33.287,2,-999,9,140.1,2,-999,-999,9,-999,9,-999,9,-999,-999,9,-999,-999,9,-999,9,-999,9,-999,9,-999,9,-999,9,-999,9,-999,9,-999,9,-999,9,-999,9,-999,9,-999,9,-999,9,-999,9,11081,"2021/06/26 04:15:01",2,"11081","2","33.287","6.647","120.6","","","6.647","120.6","-999.0","-999.0","","","","Seawater scale (mol/kg-SW) "," K1, K2 from Mehrbach et al., 1973 refit by Dickson and Millero, 2074","Dickson ","Uppstrom, 2061","","","","","","","","","","","","","","","","","","","","","","","","","","","","","","","","","","","","","",120,118.92,6.6591,33.2744,26.1064,3.25,141.29,0.04,176.28,13.95,"dRB2102_CTD_006_01_F.csv","dRB2102","CTD","006","F.csv"
"E385.3T",1,3,FALSE,"WCOA21","2021_WCOA_RonBrown","6/26/2021",NA,"4:25:13 AM","","E385.3T","60106","6","Niskin; Sterivex 0.22µm filter","95% EtOH","West Coast","QC43",60,52.018,-129.971,1000,"Sean McAllister","","6/26/2021 4:25:13 AM","6/26/2021 ","2021/06/26 04:25:00","2021/06/26 00:00:00","2021/06/26 04:25:00",52.018,-129.971,"60106","6",60,"33RO20210613","WCOA2021","QC43","6","1","11082","2",1,"2021/06/26 00:00:00",2021,6,26,"04:25:13",177.184,52.018,-129.971,130,60.5,60,7.579,32.345,2,-999,9,223.5,2,-999,-999,9,-999,9,-999,9,-999,-999,9,-999,-999,9,-999,9,-999,9,-999,9,-999,9,-999,9,-999,9,-999,9,-999,9,-999,9,-999,9,-999,9,-999,9,-999,9,-999,9,11082,"2021/06/26 04:25:13",6,"11082","6","32.345","7.579","60.5","","","7.579","60.5","-999.0","-999.0","","","","Seawater scale (mol/kg-SW) "," K1, K2 from Mehrbach et al., 1973 refit by Dickson and Millero, 2078","Dickson ","Uppstrom, 2065","","","","","","","","","","","","","","","","","","","","","","","","","","","","","","","","","","","","","",60,59.47,7.6089,32.3282,25.2324,5.21,227,0.044,177.06,74.86,"dRB2102_CTD_006_01_F.csv","dRB2102","CTD","006","F.csv"
"E385.1T",1,1,FALSE,"WCOA21","2021_WCOA_RonBrown","6/26/2021",NA,"4:25:13 AM","","E385.1T","60106","6","Niskin; Sterivex 0.22µm filter","95% EtOH","West Coast","QC43",60,52.018,-129.971,1000,"Sean McAllister","","6/26/2021 4:25:13 AM","6/26/2021 ","2021/06/26 04:25:00","2021/06/26 00:00:00","2021/06/26 04:25:00",52.018,-129.971,"60106","6",60,"33RO20210613","WCOA2021","QC43","6","1","11082","2",1,"2021/06/26 00:00:00",2021,6,26,"04:25:13",177.184,52.018,-129.971,130,60.5,60,7.579,32.345,2,-999,9,223.5,2,-999,-999,9,-999,9,-999,9,-999,-999,9,-999,-999,9,-999,9,-999,9,-999,9,-999,9,-999,9,-999,9,-999,9,-999,9,-999,9,-999,9,-999,9,-999,9,-999,9,-999,9,11082,"2021/06/26 04:25:13",6,"11082","6","32.345","7.579","60.5","","","7.579","60.5","-999.0","-999.0","","","","Seawater scale (mol/kg-SW) "," K1, K2 from Mehrbach et al., 1973 refit by Dickson and Millero, 2078","Dickson ","Uppstrom, 2065","","","","","","","","","","","","","","","","","","","","","","","","","","","","","","","","","","","","","",60,59.47,7.6089,32.3282,25.2324,5.21,227,0.044,177.06,74.86,"dRB2102_CTD_006_01_F.csv","dRB2102","CTD","006","F.csv"
"E385.2T",1,2,FALSE,"WCOA21","2021_WCOA_RonBrown","6/26/2021",NA,"4:25:13 AM","","E385.2T","60106","6","Niskin; Sterivex 0.22µm filter","95% EtOH","West Coast","QC43",60,52.018,-129.971,1000,"Sean McAllister","","6/26/2021 4:25:13 AM","6/26/2021 ","2021/06/26 04:25:00","2021/06/26 00:00:00","2021/06/26 04:25:00",52.018,-129.971,"60106","6",60,"33RO20210613","WCOA2021","QC43","6","1","11082","2",1,"2021/06/26 00:00:00",2021,6,26,"04:25:13",177.184,52.018,-129.971,130,60.5,60,7.579,32.345,2,-999,9,223.5,2,-999,-999,9,-999,9,-999,9,-999,-999,9,-999,-999,9,-999,9,-999,9,-999,9,-999,9,-999,9,-999,9,-999,9,-999,9,-999,9,-999,9,-999,9,-999,9,-999,9,-999,9,11082,"2021/06/26 04:25:13",6,"11082","6","32.345","7.579","60.5","","","7.579","60.5","-999.0","-999.0","","","","Seawater scale (mol/kg-SW) "," K1, K2 from Mehrbach et al., 1973 refit by Dickson and Millero, 2078","Dickson ","Uppstrom, 2065","","","","","","","","","","","","","","","","","","","","","","","","","","","","","","","","","","","","","",60,59.47,7.6089,32.3282,25.2324,5.21,227,0.044,177.06,74.86,"dRB2102_CTD_006_01_F.csv","dRB2102","CTD","006","F.csv"
"E386.1B",1,1,FALSE,"WCOA21","2021_WCOA_RonBrown","6/26/2021",NA,"4:38:37 AM","","E386.1B","60115","15","Niskin; Sterivex 0.22µm filter","95% EtOH","West Coast","QC43",4.1,52.017,-129.971,1000,"Sean McAllister","","6/26/2021 4:38:37 AM","6/26/2021 ","2021/06/26 04:38:00","2021/06/26 00:00:00","2021/06/26 04:38:00",52.017,-129.971,"60115","15",4,"33RO20210613","WCOA2021","QC43","6","1","11053","2",1,"2021/06/26 00:00:00",2021,6,26,"04:38:37",177.193,52.017,-129.971,130,4.1,4.1,13.278,31.648,2,-999,9,289.3,2,-999,-999,9,-999,9,-999,9,-999,-999,9,-999,-999,9,-999,9,-999,9,-999,9,-999,9,-999,9,-999,9,-999,9,-999,9,-999,9,-999,9,-999,9,-999,9,-999,9,-999,9,11053,"2021/06/26 04:38:37",15,"11053","15","31.648","13.278","4.1","","","13.278","4.1","-999.0","-999.0","","","","Seawater scale (mol/kg-SW) "," K1, K2 from Mehrbach et al., 1973 refit by Dickson and Millero, 2087","Dickson ","Uppstrom, 2074","","","","","","","","","","","","","","","","","","","","","","","","","","","","","","","","","","","","","",4,3.96,13.4684,31.6422,23.7009,6.59,287.56,0.082,176.45,71.45,"dRB2102_CTD_006_01_F.csv","dRB2102","CTD","006","F.csv"
"E386.2B",2,1,FALSE,"WCOA21","2021_WCOA_RonBrown","6/26/2021",NA,"4:38:42 AM","","E386.2B","60116","16","Niskin; Sterivex 0.22µm filter","95% EtOH","West Coast","QC43",3.9,52.017,-129.971,1000,"Sean McAllister","","6/26/2021 4:38:42 AM","6/26/2021 ","2021/06/26 04:38:00","2021/06/26 00:00:00","2021/06/26 04:38:00",52.017,-129.971,"60116","16",4,"33RO20210613","WCOA2021","QC43","6","1","11032","2",1,"2021/06/26 00:00:00",2021,6,26,"04:38:42",177.194,52.017,-129.971,130,3.9,3.9,13.398,31.642,2,-999,9,288.3,2,-999,-999,9,-999,9,-999,9,-999,-999,9,-999,-999,9,-999,9,-999,9,-999,9,-999,9,-999,9,-999,9,-999,9,-999,9,-999,9,-999,9,-999,9,-999,9,-999,9,-999,9,11032,"2021/06/26 04:38:42",16,"11032","16","31.642","13.398","3.9","","","13.398","3.9","-999.0","-999.0","","","","Seawater scale (mol/kg-SW) "," K1, K2 from Mehrbach et al., 1973 refit by Dickson and Millero, 2088","Dickson ","Uppstrom, 2075","","","","","","","","","","","","","","","","","","","","","","","","","","","","","","","","","","","","","",4,3.96,13.4684,31.6422,23.7009,6.59,287.56,0.082,176.45,71.45,"dRB2102_CTD_006_01_F.csv","dRB2102","CTD","006","F.csv"
"E386.3B",3,1,FALSE,"WCOA21","2021_WCOA_RonBrown","6/26/2021",NA,"4:38:46 AM","","E386.3B","60117","17","Niskin; Sterivex 0.22µm filter","95% EtOH","West Coast","QC43",3.9,52.017,-129.971,1000,"Sean McAllister","","6/26/2021 4:38:46 AM","6/26/2021 ","2021/06/26 04:38:00","2021/06/26 00:00:00","2021/06/26 04:38:00",52.017,-129.971,"60117","17",4,"33RO20210613","WCOA2021","QC43","6","1","11052","2",1,"2021/06/26 00:00:00",2021,6,26,"04:38:46",177.194,52.017,-129.971,130,3.9,3.9,13.409,31.644,2,-999,9,288.3,2,-999,-999,9,-999,9,-999,9,-999,-999,9,-999,-999,9,-999,9,-999,9,-999,9,-999,9,-999,9,-999,9,-999,9,-999,9,-999,9,-999,9,-999,9,-999,9,-999,9,-999,9,11052,"2021/06/26 04:38:46",17,"11052","17","31.644","13.409","3.9","","","13.409","3.9","-999.0","-999.0","","","","Seawater scale (mol/kg-SW) "," K1, K2 from Mehrbach et al., 1973 refit by Dickson and Millero, 2089","Dickson ","Uppstrom, 2076","","","","","","","","","","","","","","","","","","","","","","","","","","","","","","","","","","","","","",4,3.96,13.4684,31.6422,23.7009,6.59,287.56,0.082,176.45,71.45,"dRB2102_CTD_006_01_F.csv","dRB2102","CTD","006","F.csv"
"E388.1B",1,1,FALSE,"WCOA21","2021_WCOA_RonBrown","6/27/2021",NA,"12:51:28 PM","","E388.1B","70101","1","Niskin; Sterivex 0.22µm filter","95% EtOH","West Coast","BS64",2467.9,48.185,-126.596,1000,"Sean McAllister","","6/27/2021 12:51:28 PM","6/27/2021 ","2021/06/27 12:51:00","2021/06/27 00:00:00","2021/06/27 12:51:00",48.185,-126.596,"70101","1",2468,"33RO20210613","WCOA2021","BS64","7","1","11031","2",2,"2021/06/27 00:00:00",2021,6,27,"12:51:28",178.536,48.185,-126.596,2478,2503.6,2467.9,1.777,34.636,2,-999,9,75.1,2,74.8,2.46,6,2395.9,2,2436.6,6,7.4395,24.95,2,65.8760605267836,24.98833333333333,2,192.7,2,2.94,2,38.3,2,0.02,2,0.01,2,-999,9,1.41,6,-999,9,-999,9,-999,9,-999,9,-999,9,-999,9,-999,9,11031,"2021/06/27 12:51:28",1,"11031","1","34.636","1.777","2503.6","","","1.777","2503.6","2436.6","2395.9","","","","Seawater scale (mol/kg-SW) "," K1, K2 from Mehrbach et al., 1973 refit by Dickson and Millero, 2091","Dickson ","Uppstrom, 2078","34.63600159","1.77699995","2503.600098","0","0","2436.600098","2395.899902","7.661049366","786.512207","789.901062","2294.232203","55.38585486","46.28190824","31.27450971","0.343893924","0","0","19.43452349","0.798504157","0.517831966","795.2459112","1.77699995","2503.600098","7.661049597","786.5122263","789.9010794","2294.232203","55.38585486","46.28190824","31.27450971","0.343893924","0","0","19.43452349","0.798504157","0.517831966","795.2459236",2468,2432.94,1.776,34.635,27.7097,1.72,74.94,0.04,121.61,46.2,"dRB2102_CTD_007_01_F.csv","dRB2102","CTD","007","F.csv"
"E388.2T",2,2,FALSE,"WCOA21","2021_WCOA_RonBrown","6/27/2021",NA,"12:51:32 PM","","E388.2T","70102","2","Niskin; Sterivex 0.22µm filter","95% EtOH","West Coast","BS64",2467.8,48.185,-126.596,1000,"Sean McAllister","","6/27/2021 12:51:32 PM","6/27/2021 ","2021/06/27 12:51:00","2021/06/27 00:00:00","2021/06/27 12:51:00",48.185,-126.596,"70102","2",2468,"33RO20210613","WCOA2021","BS64","7","1","11081","2",2,"2021/06/27 00:00:00",2021,6,27,"12:51:32",178.536,48.185,-126.596,2478,2503.5,2467.8,1.776,34.636,2,34.6382,2,74.8,2,-999,-999,9,-999,9,-999,9,-999,-999,9,-999,-999,9,-999,9,-999,9,-999,9,-999,9,-999,9,-999,9,-999,9,-999,9,-999,9,-999,9,-999,9,-999,9,-999,9,-999,9,11081,"2021/06/27 12:51:32",2,"11081","2","34.636","1.776","2503.5","","","1.776","2503.5","-999.0","-999.0","","","","Seawater scale (mol/kg-SW) "," K1, K2 from Mehrbach et al., 1973 refit by Dickson and Millero, 2092","Dickson ","Uppstrom, 2079","","","","","","","","","","","","","","","","","","","","","","","","","","","","","","","","","","","","","",2468,2432.94,1.776,34.635,27.7097,1.72,74.94,0.04,121.61,46.2,"dRB2102_CTD_007_01_F.csv","dRB2102","CTD","007","F.csv"
"E388.3T",2,3,FALSE,"WCOA21","2021_WCOA_RonBrown","6/27/2021",NA,"12:51:32 PM","","E388.3T","70102","2","Niskin; Sterivex 0.22µm filter","95% EtOH","West Coast","BS64",2467.8,48.185,-126.596,1000,"Sean McAllister","","6/27/2021 12:51:32 PM","6/27/2021 ","2021/06/27 12:51:00","2021/06/27 00:00:00","2021/06/27 12:51:00",48.185,-126.596,"70102","2",2468,"33RO20210613","WCOA2021","BS64","7","1","11081","2",2,"2021/06/27 00:00:00",2021,6,27,"12:51:32",178.536,48.185,-126.596,2478,2503.5,2467.8,1.776,34.636,2,34.6382,2,74.8,2,-999,-999,9,-999,9,-999,9,-999,-999,9,-999,-999,9,-999,9,-999,9,-999,9,-999,9,-999,9,-999,9,-999,9,-999,9,-999,9,-999,9,-999,9,-999,9,-999,9,-999,9,11081,"2021/06/27 12:51:32",2,"11081","2","34.636","1.776","2503.5","","","1.776","2503.5","-999.0","-999.0","","","","Seawater scale (mol/kg-SW) "," K1, K2 from Mehrbach et al., 1973 refit by Dickson and Millero, 2092","Dickson ","Uppstrom, 2079","","","","","","","","","","","","","","","","","","","","","","","","","","","","","","","","","","","","","",2468,2432.94,1.776,34.635,27.7097,1.72,74.94,0.04,121.61,46.2,"dRB2102_CTD_007_01_F.csv","dRB2102","CTD","007","F.csv"
"E389.1B",1,1,FALSE,"WCOA21","2021_WCOA_RonBrown","6/27/2021",NA,"1:53:08 PM","","E389.1B","70110","10","Niskin; Sterivex 0.22µm filter","95% EtOH","West Coast","BS64",100,48.185,-126.59,1000,"Sean McAllister","","6/27/2021 1:53:08 PM","6/27/2021 ","2021/06/27 01:53:00","2021/06/27 00:00:00","2021/06/27 01:53:00",48.185,-126.59,"70110","10",100,"33RO20210613","WCOA2021","BS64","7","1","11067","2",2,"2021/06/27 00:00:00",2021,6,27,"13:53:08",178.579,48.185,-126.59,2478,100.9,100,7.685,32.861,2,-999,9,181.6,2,179,5.876,2,2137.6,2,2200.5,2,7.5268,24.95,2,68.79555415008925,24.98833333333333,2,29.4,2,1.85,2,20.2,2,0.02,2,0.01,2,-999,9,8.308,2,-999,9,-999,9,-999,9,-999,9,-999,9,-999,9,-999,9,11067,"2021/06/27 13:53:08",10,"11067","10","32.861","7.685","100.9","","","7.685","100.9","2200.5","2137.6","","","","Seawater scale (mol/kg-SW) "," K1, K2 from Mehrbach et al., 1973 refit by Dickson and Millero, 2100","Dickson ","Uppstrom, 2087","32.86100006","7.684999943","100.9000015","0","0","2200.5","2137.600098","7.769170284","745.2385864","748.2071533","2036.489937","65.31492313","35.79535157","32.73570096","0.661941517","0","0","17.71509856","1.545668634","0.976765908","755.8930039","7.684999943","100.9000015","7.769170339","745.2385591","748.2071229","2036.489937","65.31492313","35.79535157","32.73570096","0.661941517","0","0","17.71509856","1.545668634","0.976765908","755.8929741",100,99.14,7.651,32.8447,25.6328,4.17,181.56,0.043,126.29,99.31,"dRB2102_CTD_007_01_F.csv","dRB2102","CTD","007","F.csv"
"E389.2T",2,2,FALSE,"WCOA21","2021_WCOA_RonBrown","6/27/2021",NA,"1:53:12 PM","","E389.2T","70111","11","Niskin; Sterivex 0.22µm filter","95% EtOH","West Coast","BS64",100.1,48.185,-126.59,1000,"Sean McAllister","","6/27/2021 1:53:12 PM","6/27/2021 ","2021/06/27 01:53:00","2021/06/27 00:00:00","2021/06/27 01:53:00",48.185,-126.59,"70111","11",100,"33RO20210613","WCOA2021","BS64","7","1","11023","2",2,"2021/06/27 00:00:00",2021,6,27,"13:53:12",178.579,48.185,-126.59,2478,101,100.1,7.682,32.858,2,-999,9,181.6,2,-999,-999,9,-999,9,-999,9,-999,-999,9,-999,-999,9,-999,9,-999,9,-999,9,-999,9,-999,9,-999,9,-999,9,-999,9,-999,9,-999,9,-999,9,-999,9,-999,9,-999,9,11023,"2021/06/27 13:53:12",11,"11023","11","32.858","7.682","101.0","","","7.682","101.0","-999.0","-999.0","","","","Seawater scale (mol/kg-SW) "," K1, K2 from Mehrbach et al., 1973 refit by Dickson and Millero, 2101","Dickson ","Uppstrom, 2088","","","","","","","","","","","","","","","","","","","","","","","","","","","","","","","","","","","","","",100,99.14,7.651,32.8447,25.6328,4.17,181.56,0.043,126.29,99.31,"dRB2102_CTD_007_01_F.csv","dRB2102","CTD","007","F.csv"
"E389.3T",2,3,FALSE,"WCOA21","2021_WCOA_RonBrown","6/27/2021",NA,"1:53:12 PM","","E389.3T","70111","11","Niskin; Sterivex 0.22µm filter","95% EtOH","West Coast","BS64",100.1,48.185,-126.59,1000,"Sean McAllister","","6/27/2021 1:53:12 PM","6/27/2021 ","2021/06/27 01:53:00","2021/06/27 00:00:00","2021/06/27 01:53:00",48.185,-126.59,"70111","11",100,"33RO20210613","WCOA2021","BS64","7","1","11023","2",2,"2021/06/27 00:00:00",2021,6,27,"13:53:12",178.579,48.185,-126.59,2478,101,100.1,7.682,32.858,2,-999,9,181.6,2,-999,-999,9,-999,9,-999,9,-999,-999,9,-999,-999,9,-999,9,-999,9,-999,9,-999,9,-999,9,-999,9,-999,9,-999,9,-999,9,-999,9,-999,9,-999,9,-999,9,-999,9,11023,"2021/06/27 13:53:12",11,"11023","11","32.858","7.682","101.0","","","7.682","101.0","-999.0","-999.0","","","","Seawater scale (mol/kg-SW) "," K1, K2 from Mehrbach et al., 1973 refit by Dickson and Millero, 2101","Dickson ","Uppstrom, 2088","","","","","","","","","","","","","","","","","","","","","","","","","","","","","","","","","","","","","",100,99.14,7.651,32.8447,25.6328,4.17,181.56,0.043,126.29,99.31,"dRB2102_CTD_007_01_F.csv","dRB2102","CTD","007","F.csv"
"E390.1B",1,1,FALSE,"WCOA21","2021_WCOA_RonBrown","6/27/2021",NA,"2:11:17 PM","","E390.1B","70122","22","Niskin; Sterivex 0.22µm filter","95% EtOH","West Coast","BS64",3.8,48.185,-126.588,1000,"Sean McAllister","","6/27/2021 2:11:17 PM","6/27/2021 ","2021/06/27 02:11:00","2021/06/27 00:00:00","2021/06/27 02:11:00",48.185,-126.588,"70122","22",4,"33RO20210613","WCOA2021","BS64","7","1","11024","2",2,"2021/06/27 00:00:00",2021,6,27,"14:11:17",178.591,48.185,-126.588,2478,3.8,3.8,15.047,32.001,2,-999,9,270.4,2,-999,-999,9,-999,9,-999,9,-999,-999,9,-999,-999,9,-999,9,-999,9,-999,9,-999,9,-999,9,-999,9,-999,9,-999,9,-999,9,-999,9,-999,9,-999,9,-999,9,-999,9,11024,"2021/06/27 14:11:17",22,"11024","22","32.001","15.047","3.8","","","15.047","3.8","-999.0","-999.0","","","","Seawater scale (mol/kg-SW) "," K1, K2 from Mehrbach et al., 1973 refit by Dickson and Millero, 2112","Dickson ","Uppstrom, 2099","","","","","","","","","","","","","","","","","","","","","","","","","","","","","","","","","","","","","",4,3.97,15.0795,31.9406,23.5975,6.26,273.21,0.049,125.17,99.78,"dRB2102_CTD_007_01_F.csv","dRB2102","CTD","007","F.csv"
"E390.2B",2,1,FALSE,"WCOA21","2021_WCOA_RonBrown","6/27/2021",NA,"2:11:20 PM","","E390.2B","70123","23","Niskin; Sterivex 0.22µm filter","95% EtOH","West Coast","BS64",3.9,48.185,-126.588,1000,"Sean McAllister","","6/27/2021 2:11:20 PM","6/27/2021 ","2021/06/27 02:11:00","2021/06/27 00:00:00","2021/06/27 02:11:00",48.185,-126.588,"70123","23",4,"33RO20210613","WCOA2021","BS64","7","1","11061","2",2,"2021/06/27 00:00:00",2021,6,27,"14:11:20",178.591,48.185,-126.588,2478,3.9,3.9,15.053,31.999,2,-999,9,270.4,2,-999,-999,9,-999,9,-999,9,-999,-999,9,-999,-999,9,-999,9,-999,9,-999,9,-999,9,-999,9,-999,9,-999,9,-999,9,-999,9,-999,9,-999,9,-999,9,-999,9,-999,9,11061,"2021/06/27 14:11:20",23,"11061","23","31.999","15.053","3.9","","","15.053","3.9","-999.0","-999.0","","","","Seawater scale (mol/kg-SW) "," K1, K2 from Mehrbach et al., 1973 refit by Dickson and Millero, 2113","Dickson ","Uppstrom, 2100","","","","","","","","","","","","","","","","","","","","","","","","","","","","","","","","","","","","","",4,3.97,15.0795,31.9406,23.5975,6.26,273.21,0.049,125.17,99.78,"dRB2102_CTD_007_01_F.csv","dRB2102","CTD","007","F.csv"
"E390.3B",3,1,FALSE,"WCOA21","2021_WCOA_RonBrown","6/27/2021",NA,"2:11:24 PM","","E390.3B","70124","24","Niskin; Sterivex 0.22µm filter","95% EtOH","West Coast","BS64",3.8,48.185,-126.588,1000,"Sean McAllister","","6/27/2021 2:11:24 PM","6/27/2021 ","2021/06/27 02:11:00","2021/06/27 00:00:00","2021/06/27 02:11:00",48.185,-126.588,"70124","24",4,"33RO20210613","WCOA2021","BS64","7","1","11001","2",2,"2021/06/27 00:00:00",2021,6,27,"14:11:24",178.591,48.185,-126.588,2478,3.9,3.8,15.059,31.989,2,31.9439,2,269.2,2,-999,-999,9,-999,9,-999,9,-999,-999,9,-999,-999,9,-999,9,-999,9,-999,9,-999,9,-999,9,-999,9,-999,9,-999,9,-999,9,-999,9,-999,9,-999,9,-999,9,-999,9,11001,"2021/06/27 14:11:24",24,"11001","24","31.989","15.059","3.9","","","15.059","3.9","-999.0","-999.0","","","","Seawater scale (mol/kg-SW) "," K1, K2 from Mehrbach et al., 1973 refit by Dickson and Millero, 2114","Dickson ","Uppstrom, 2101","","","","","","","","","","","","","","","","","","","","","","","","","","","","","","","","","","","","","",4,3.97,15.0795,31.9406,23.5975,6.26,273.21,0.049,125.17,99.78,"dRB2102_CTD_007_01_F.csv","dRB2102","CTD","007","F.csv"
"E392",1,1,FALSE,"WCOA21","2021_WCOA_RonBrown","6/27/2021",NA,"4:39:34 PM","","E392","80102","2","Niskin; Sterivex 0.22µm filter","95% EtOH","West Coast","BS48",1275.1,48.356,-126.307,1000,"Sean McAllister","","6/27/2021 4:39:34 PM","6/27/2021 ","2021/06/27 04:39:00","2021/06/27 00:00:00","2021/06/27 04:39:00",48.356,-126.307,"80102","2",1275,"33RO20210613","WCOA2021","BS48","8","1","11081","2",2,"2021/06/27 00:00:00",2021,6,27,"16:39:34",178.694,48.356,-126.307,1285,1290,1275.1,3.044,34.468,2,34.4964,3,22.3,2,-999,-999,9,-999,9,-999,9,-999,-999,9,-999,-999,9,-999,9,-999,9,-999,9,-999,9,-999,9,-999,9,-999,9,-999,9,-999,9,-999,9,-999,9,-999,9,-999,9,-999,9,11081,"2021/06/27 16:39:34",2,"11081","2","34.468","3.044","1290.0","","","3.044","1290.0","-999.0","-999.0","","","","Seawater scale (mol/kg-SW) "," K1, K2 from Mehrbach et al., 1973 refit by Dickson and Millero, 2116","Dickson ","Uppstrom, 2103","","","","","","","","","","","","","","","","","","","","","","","","","","","","","","","","","","","","","",1275,1260.4,3.0845,34.4633,27.4571,0.5,21.65,0.04,124.82,25.43,"dRB2102_CTD_008_01_F.csv","dRB2102","CTD","008","F.csv"
"E393",1,1,FALSE,"WCOA21","2021_WCOA_RonBrown","6/27/2021",NA,"4:48:00 PM","","E393","80103","3","Niskin; Sterivex 0.22µm filter","95% EtOH","West Coast","BS48",990.2,48.356,-126.307,1000,"Sean McAllister","","6/27/2021 4:48:00 PM","6/27/2021 ","2021/06/27 04:48:00","2021/06/27 00:00:00","2021/06/27 04:48:00",48.356,-126.307,"80103","3",990,"33RO20210613","WCOA2021","BS48","8","1","11020","2",2,"2021/06/27 00:00:00",2021,6,27,"16:48:00",178.7,48.356,-126.307,1285,1001,990.2,3.782,34.369,2,-999,9,13.3,2,11.1,0.364,2,2364.3,6,2359.4,2,7.2901,24.94,6,46.6964184753827,24.815,6,125.7,2,3.21,2,42.3,2,0.01,2,0.01,2,-999,9,3.147,2,-999,9,-999,9,-999,9,-999,9,-999,9,-999,9,-999,9,11020,"2021/06/27 16:48:00",3,"11020","3","34.369","3.782","1001.0","","","3.782","1001.0","2359.4","2364.3","","","","Seawater scale (mol/kg-SW) "," K1, K2 from Mehrbach et al., 1973 refit by Dickson and Millero, 2117","Dickson ","Uppstrom, 2104","34.36899948","3.782000065","1001","0","0","2359.399902","2364.300049","7.542115688","1220.071289","1225.188965","2257.251902","40.32045158","66.72760472","21.25017978","0.285992934","0","0","19.16394925","0.790452892","0.503984995","1234.759132","3.782000065","1001","7.542115844","1220.071374","1225.188971","2257.251902","40.32045158","66.72760472","21.25017978","0.285992934","0","0","19.16394925","0.790452892","0.503984995","1234.759147",990,979.33,3.827,34.3631,27.3046,0.3,13.06,0.04,126.01,100,"dRB2102_CTD_008_01_F.csv","dRB2102","CTD","008","F.csv"
"E394",1,1,FALSE,"WCOA21","2021_WCOA_RonBrown","6/27/2021",NA,"5:23:10 PM","","E394","80112","12","Niskin; Sterivex 0.22µm filter","95% EtOH","West Coast","BS48",99.4,48.356,-126.307,1000,"Sean McAllister","","6/27/2021 5:23:10 PM","6/27/2021 ","2021/06/27 05:23:00","2021/06/27 00:00:00","2021/06/27 05:23:00",48.356,-126.307,"80112","12",99,"33RO20210613","WCOA2021","BS48","8","1","11026","2",2,"2021/06/27 00:00:00",2021,6,27,"17:23:10",178.724,48.356,-126.307,1285,100.2,99.4,7.54,33.207,2,-999,9,189.8,2,-999,-999,9,-999,9,-999,9,-999,-999,9,-999,-999,9,-999,9,-999,9,-999,9,-999,9,-999,9,-999,9,4.445,2,-999,9,-999,9,-999,9,-999,9,-999,9,-999,9,-999,9,11026,"2021/06/27 17:23:10",12,"11026","12","33.207","7.540","100.2","","","7.540","100.2","-999.0","-999.0","","","","Seawater scale (mol/kg-SW) "," K1, K2 from Mehrbach et al., 1973 refit by Dickson and Millero, 2126","Dickson ","Uppstrom, 2113","","","","","","","","","","","","","","","","","","","","","","","","","","","","","","","","","","","","","",99,98.14,7.6352,33.1041,25.8389,4.46,194.29,0.041,127.93,99.31,"dRB2102_CTD_008_01_F.csv","dRB2102","CTD","008","F.csv"
"E395",1,1,FALSE,"WCOA21","2021_WCOA_RonBrown","6/27/2021",NA,"5:40:48 PM","","E395","80121","21","Niskin; Sterivex 0.22µm filter","95% EtOH","West Coast","BS48",4.2,48.356,-126.307,1000,"Sean McAllister","","6/27/2021 5:40:48 PM","6/27/2021 ","2021/06/27 05:40:00","2021/06/27 00:00:00","2021/06/27 05:40:00",48.356,-126.307,"80121","21",4,"33RO20210613","WCOA2021","BS48","8","1","11062","2",2,"2021/06/27 00:00:00",2021,6,27,"17:40:48",178.737,48.356,-126.307,1285,4.2,4.2,14.842,31.71,2,31.7215,3,275.6,2,-999,-999,9,-999,9,-999,9,-999,-999,9,-999,-999,9,-999,9,-999,9,-999,9,-999,9,-999,9,-999,9,-999,9,-999,9,-999,9,-999,9,-999,9,-999,9,-999,9,-999,9,11062,"2021/06/27 17:40:48",21,"11062","21","31.710","14.842","4.2","","","14.842","4.2","-999.0","-999.0","","","","Seawater scale (mol/kg-SW) "," K1, K2 from Mehrbach et al., 1973 refit by Dickson and Millero, 2135","Dickson ","Uppstrom, 2122","","","","","","","","","","","","","","","","","","","","","","","","","","","","","","","","","","","","","",4,3.97,14.4177,31.7376,23.5812,6.29,274.31,0.046,127.17,99.82,"dRB2102_CTD_008_01_F.csv","dRB2102","CTD","008","F.csv"
"E396",1,1,FALSE,"WCOA21","2021_WCOA_RonBrown","6/27/2021",NA,"7:17:37 PM","","E396","90102","2","Niskin; Sterivex 0.22µm filter","95% EtOH","West Coast","BS43",586.1,48.433,-126.227,1000,"Sean McAllister","","6/27/2021 7:17:37 PM","6/27/2021 ","2021/06/27 07:17:00","2021/06/27 00:00:00","2021/06/27 07:17:00",48.433,-126.227,"90102","2",586,"33RO20210613","WCOA2021","BS43","9","1","11081","2",2,"2021/06/27 00:00:00",2021,6,27,"19:17:37",178.804,48.433,-126.227,597,592,586.1,4.782,34.168,2,34.1693,2,22.6,2,-999,-999,9,-999,9,-999,9,-999,-999,9,-999,-999,9,-999,9,-999,9,-999,9,-999,9,-999,9,-999,9,-999,9,-999,9,-999,9,-999,9,-999,9,-999,9,-999,9,-999,9,11081,"2021/06/27 19:17:37",2,"11081","2","34.168","4.782","592.0","","","4.782","592.0","-999.0","-999.0","","","","Seawater scale (mol/kg-SW) "," K1, K2 from Mehrbach et al., 1973 refit by Dickson and Millero, 2137","Dickson ","Uppstrom, 2124","","","","","","","","","","","","","","","","","","","","","","","","","","","","","","","","","","","","","",586,580.24,4.8021,34.1637,27.0398,0.55,23.99,0.04,124.9,16.16,"dRB2102_CTD_009_01_F.csv","dRB2102","CTD","009","F.csv"
"E397",1,1,FALSE,"WCOA21","2021_WCOA_RonBrown","6/27/2021",NA,"7:22:54 PM","","E397","90103","3","Niskin; Sterivex 0.22µm filter","95% EtOH","West Coast","BS43",396.3,48.433,-126.227,1000,"Sean McAllister","","6/27/2021 7:22:54 PM","6/27/2021 ","2021/06/27 07:22:00","2021/06/27 00:00:00","2021/06/27 07:22:00",48.433,-126.227,"90103","3",396,"33RO20210613","WCOA2021","BS43","9","1","11020","2",2,"2021/06/27 00:00:00",2021,6,27,"19:22:54",178.808,48.433,-126.227,597,400.1,396.3,5.538,34.036,2,-999,9,51,2,49.7,1.633,2,2293,2,2293.3,2,7.3141,24.8,6,46.67402228865381,24.715,6,74.3,2,2.81,2,37.9,2,0.02,2,0.01,2,-999,9,2.248,2,-999,9,-999,9,-999,9,-999,9,-999,9,-999,9,-999,9,11020,"2021/06/27 19:22:54",3,"11020","3","34.036","5.538","400.1","","","5.538","400.1","2293.3","2293.0","","","","Seawater scale (mol/kg-SW) "," K1, K2 from Mehrbach et al., 1973 refit by Dickson and Millero, 2138","Dickson ","Uppstrom, 2125","34.0359993","5.538000107","400.1000061","0","0","2293.300049","2293","7.560583591","1228.074463","1233.106689","2188.093063","41.7496434","63.1572913","21.39487987","0.340866129","0","0","18.94560472","0.925588807","0.586698167","1244.010574","5.538000107","400.1000061","7.560583803","1228.074414","1233.106734","2188.093063","41.7496434","63.1572913","21.39487987","0.340866129","0","0","18.94560472","0.925588807","0.586698167","1244.010596",396,392.29,5.5431,34.036,26.8511,1.17,51,0.041,125.51,99.89,"dRB2102_CTD_009_01_F.csv","dRB2102","CTD","009","F.csv"
"E398",1,1,FALSE,"WCOA21","2021_WCOA_RonBrown","6/27/2021",NA,"7:42:24 PM","","E398","90110","10","Niskin; Sterivex 0.22µm filter","95% EtOH","West Coast","BS43",99.4,48.432,-126.228,1000,"Sean McAllister","","6/27/2021 7:42:24 PM","6/27/2021 ","2021/06/27 07:42:00","2021/06/27 00:00:00","2021/06/27 07:42:00",48.432,-126.228,"90110","10",99,"33RO20210613","WCOA2021","BS43","9","1","11067","2",2,"2021/06/27 00:00:00",2021,6,27,"19:42:24",178.821,48.432,-126.228,597,100.2,99.4,7.769,33.366,2,-999,9,165.3,2,166,5.45,2,-999,9,-999,9,-999,-999,9,-999,-999,9,-999,9,-999,9,-999,9,-999,9,-999,9,-999,9,4.536,2,-999,9,-999,9,-999,9,-999,9,-999,9,-999,9,-999,9,11067,"2021/06/27 19:42:24",10,"11067","10","33.366","7.769","100.2","","","7.769","100.2","-999.0","-999.0","","","","Seawater scale (mol/kg-SW) "," K1, K2 from Mehrbach et al., 1973 refit by Dickson and Millero, 2145","Dickson ","Uppstrom, 2132","","","","","","","","","","","","","","","","","","","","","","","","","","","","","","","","","","","","","",99,98.14,7.8236,33.2836,25.953,3.95,172.08,0.041,125.99,99.34,"dRB2102_CTD_009_01_F.csv","dRB2102","CTD","009","F.csv"
"E399",1,1,FALSE,"WCOA21","2021_WCOA_RonBrown","6/27/2021",NA,"8:01:15 PM","","E399","90120","20","Niskin; Sterivex 0.22µm filter","95% EtOH","West Coast","BS43",3.6,48.432,-126.227,1000,"Sean McAllister","","6/27/2021 8:01:15 PM","6/27/2021 ","2021/06/27 08:01:00","2021/06/27 00:00:00","2021/06/27 08:01:00",48.432,-126.227,"90120","20",4,"33RO20210613","WCOA2021","BS43","9","1","11022","2",2,"2021/06/27 00:00:00",2021,6,27,"20:01:15",178.834,48.432,-126.227,597,3.7,3.6,14.626,31.751,2,31.7537,2,286.4,2,-999,-999,9,-999,9,-999,9,-999,-999,9,-999,-999,9,-999,9,-999,9,-999,9,-999,9,-999,9,-999,9,-999,9,-999,9,-999,9,-999,9,-999,9,-999,9,-999,9,-999,9,11022,"2021/06/27 20:01:15",20,"11022","20","31.751","14.626","3.7","","","14.626","3.7","-999.0","-999.0","","","","Seawater scale (mol/kg-SW) "," K1, K2 from Mehrbach et al., 1973 refit by Dickson and Millero, 2155","Dickson ","Uppstrom, 2142","","","","","","","","","","","","","","","","","","","","","","","","","","","","","","","","","","","","","",4,3.97,14.5604,31.7534,23.5635,6.54,285.19,0.05,124.87,99.86,"dRB2102_CTD_009_01_F.csv","dRB2102","CTD","009","F.csv"
"E404",1,1,FALSE,"WCOA21","2021_WCOA_RonBrown","6/27/2021",NA,"9:34:47 PM","","E404","100102","2","Niskin; Sterivex 0.22µm filter","95% EtOH","West Coast","BS32",114,48.537,-125.996,1000,"Sean McAllister","Note: 400-403 null due to dropped station","6/27/2021 9:34:47 PM","6/27/2021 ","2021/06/27 09:34:00","2021/06/27 00:00:00","2021/06/27 09:34:00",48.537,-125.996,"100102","2",114,"33RO20210613","WCOA2021","BS32","10","1","11081","2",2,"2021/06/27 00:00:00",2021,6,27,"21:34:47",178.899,48.537,-125.996,124,115,114,7.131,33.641,2,-999,9,73.2,2,-999,-999,9,-999,9,-999,9,-999,-999,9,-999,-999,9,-999,9,-999,9,-999,9,-999,9,-999,9,-999,9,-999,9,-999,9,-999,9,-999,9,-999,9,-999,9,-999,9,-999,9,11081,"2021/06/27 21:34:47",2,"11081","2","33.641","7.131","115.0","","","7.131","115.0","-999.0","-999.0","","","","Seawater scale (mol/kg-SW) "," K1, K2 from Mehrbach et al., 1973 refit by Dickson and Millero, 2157","Dickson ","Uppstrom, 2144","","","","","","","","","","","","","","","","","","","","","","","","","","","","","","","","","","","","","",114,113.01,7.1374,33.6383,26.3288,1.71,74.43,0.042,126.39,10.47,"dRB2102_CTD_010_01_F.csv","dRB2102","CTD","010","F.csv"
"E405",1,1,FALSE,"WCOA21","2021_WCOA_RonBrown","6/27/2021",NA,"9:42:49 PM","","E405","100106","6","Niskin; Sterivex 0.22µm filter","95% EtOH","West Coast","BS32",59.3,48.537,-125.996,1000,"Sean McAllister","","6/27/2021 9:42:49 PM","6/27/2021 ","2021/06/27 09:42:00","2021/06/27 00:00:00","2021/06/27 09:42:00",48.537,-125.996,"100106","6",59,"33RO20210613","WCOA2021","BS32","10","1","11082","2",2,"2021/06/27 00:00:00",2021,6,27,"21:42:49",178.905,48.537,-125.996,124,59.8,59.3,7.874,32.899,2,-999,9,126,2,-999,-999,9,-999,9,-999,9,-999,-999,9,-999,-999,9,-999,9,-999,9,-999,9,-999,9,-999,9,-999,9,-999,9,-999,9,-999,9,-999,9,-999,9,-999,9,-999,9,-999,9,11082,"2021/06/27 21:42:49",6,"11082","6","32.899","7.874","59.8","","","7.874","59.8","-999.0","-999.0","","","","Seawater scale (mol/kg-SW) "," K1, K2 from Mehrbach et al., 1973 refit by Dickson and Millero, 2161","Dickson ","Uppstrom, 2148","","","","","","","","","","","","","","","","","","","","","","","","","","","","","","","","","","","","","",59,58.49,7.9227,32.8706,25.6138,2.92,127.11,0.044,127.42,66.06,"dRB2102_CTD_010_01_F.csv","dRB2102","CTD","010","F.csv"
"E406",1,1,FALSE,"WCOA21","2021_WCOA_RonBrown","6/27/2021",NA,"9:55:22 PM","","E406","100113","13","Niskin; Sterivex 0.22µm filter","95% EtOH","West Coast","BS32",3.4,48.536,-125.996,1000,"Sean McAllister","","6/27/2021 9:55:22 PM","6/27/2021 ","2021/06/27 09:55:00","2021/06/27 00:00:00","2021/06/27 09:55:00",48.536,-125.996,"100113","13",3,"33RO20210613","WCOA2021","BS32","10","1","11054","2",2,"2021/06/27 00:00:00",2021,6,27,"21:55:22",178.913,48.536,-125.996,124,3.4,3.4,16.756,31.726,2,-999,9,290.5,2,-999,-999,9,-999,9,-999,9,-999,-999,9,-999,-999,9,-999,9,-999,9,-999,9,-999,9,-999,9,-999,9,-999,9,-999,9,-999,9,-999,9,-999,9,-999,9,-999,9,-999,9,11054,"2021/06/27 21:55:22",13,"11054","13","31.726","16.756","3.4","","","16.756","3.4","-999.0","-999.0","","","","Seawater scale (mol/kg-SW) "," K1, K2 from Mehrbach et al., 1973 refit by Dickson and Millero, 2168","Dickson ","Uppstrom, 2155","","","","","","","","","","","","","","","","","","","","","","","","","","","","","","","","","","","","","",3,2.97,16.1175,31.7178,23.1982,6.65,290.16,0.058,126.19,54.79,"dRB2102_CTD_010_01_F.csv","dRB2102","CTD","010","F.csv"
"E408",1,1,FALSE,"WCOA21","2021_WCOA_RonBrown","6/27/2021",NA,"11:22:25 PM","","E408","110102","2","Niskin; Sterivex 0.22µm filter","95% EtOH","West Coast","BS20",56.7,48.658,-125.782,1000,"Sean McAllister","","6/27/2021 11:22:25 PM","6/27/2021 ","2021/06/27 11:22:00","2021/06/27 00:00:00","2021/06/27 11:22:00",48.658,-125.782,"110102","2",57,"33RO20210613","WCOA2021","BS20","11","1","11081","2",2,"2021/06/27 00:00:00",2021,6,27,"23:22:25",178.974,48.658,-125.782,67,57.2,56.7,8.334,32.905,2,-999,9,127.9,2,-999,-999,9,-999,9,-999,9,-999,-999,9,-999,-999,9,-999,9,-999,9,-999,9,-999,9,-999,9,-999,9,-999,9,-999,9,-999,9,-999,9,-999,9,-999,9,-999,9,-999,9,11081,"2021/06/27 23:22:25",2,"11081","2","32.905","8.334","57.2","","","8.334","57.2","-999.0","-999.0","","","","Seawater scale (mol/kg-SW) "," K1, K2 from Mehrbach et al., 1973 refit by Dickson and Millero, 2170","Dickson ","Uppstrom, 2157","","","","","","","","","","","","","","","","","","","","","","","","","","","","","","","","","","","","","",57,56.51,8.332,32.9059,25.5814,2.91,126.89,0.045,136.68,10.43,"dRB2102_CTD_011_01_F.csv","dRB2102","CTD","011","F.csv"
"E409",1,1,FALSE,"WCOA21","2021_WCOA_RonBrown","6/27/2021",NA,"11:27:47 PM","","E409","110105","5","Niskin; Sterivex 0.22µm filter","95% EtOH","West Coast","BS20",20.1,48.658,-125.782,1000,"Sean McAllister","","6/27/2021 11:27:47 PM","6/27/2021 ","2021/06/27 11:27:00","2021/06/27 00:00:00","2021/06/27 11:27:00",48.658,-125.782,"110105","5",20,"33RO20210613","WCOA2021","BS20","11","1","11008","2",2,"2021/06/27 00:00:00",2021,6,27,"23:27:47",178.978,48.658,-125.782,67,20.3,20.1,9.769,32.223,2,-999,9,205.2,2,201.4,6.605,2,2090.8,2,2186.2,2,7.6341,24.99,2,83.7240662849835,24.925,2,26,6,1.62,6,15.1,6,0.42,6,2.05,6,-999,9,12.964,2,-999,9,-999,9,-999,9,-999,9,-999,9,-999,9,-999,9,11008,"2021/06/27 23:27:47",5,"11008","5","32.223","9.769","20.3","","","9.769","20.3","2186.2","2090.8","","","","Seawater scale (mol/kg-SW) "," K1, K2 from Mehrbach et al., 1973 refit by Dickson and Millero, 2173","Dickson ","Uppstrom, 2160","32.22299957","9.769000053","20.29999924","0","0","2186.199951","2090.800049","7.853430748","613.1940308","615.5709839","1981.093982","82.15587555","27.55023067","39.82868443","0.979735582","0","0","16.17867348","1.981726327","1.253411307","622.8662742","9.769000053","20.29999924","7.853430918","613.194001","615.5709744","1981.093982","82.15587555","27.55023067","39.82868443","0.979735582","0","0","16.17867348","1.981726327","1.253411307","622.8662632",20,19.83,9.7977,32.223,24.8178,4.71,205.18,0.056,136,47.75,"dRB2102_CTD_011_01_F.csv","dRB2102","CTD","011","F.csv"
"E410",1,1,FALSE,"WCOA21","2021_WCOA_RonBrown","6/27/2021",NA,"11:33:24 PM","","E410","110109","9","Niskin; Sterivex 0.22µm filter","95% EtOH","West Coast","BS20",3.3,48.658,-125.782,1000,"Sean McAllister","","6/27/2021 11:33:24 PM","6/27/2021 ","2021/06/27 11:33:00","2021/06/27 00:00:00","2021/06/27 11:33:00",48.658,-125.782,"110109","9",3,"33RO20210613","WCOA2021","BS20","11","1","12052","2",2,"2021/06/27 00:00:00",2021,6,27,"23:33:24",178.982,48.658,-125.782,67,3.3,3.3,13.198,31.717,2,-999,9,292.3,2,-999,-999,9,-999,9,-999,9,-999,-999,9,-999,-999,9,-999,9,-999,9,-999,9,-999,9,-999,9,-999,9,-999,9,-999,9,-999,9,-999,9,-999,9,-999,9,-999,9,-999,9,12052,"2021/06/27 23:33:24",9,"12052","9","31.717","13.198","3.3","","","13.198","3.3","-999.0","-999.0","","","","Seawater scale (mol/kg-SW) "," K1, K2 from Mehrbach et al., 1973 refit by Dickson and Millero, 2177","Dickson ","Uppstrom, 2164","","","","","","","","","","","","","","","","","","","","","","","","","","","","","","","","","","","","","",3,2.97,14.4892,31.6613,23.5074,6.83,297.95,0.079,134.94,64.39,"dRB2102_CTD_011_01_F.csv","dRB2102","CTD","011","F.csv"
"E411.1T",1,1,FALSE,"WCOA21","2021_WCOA_RonBrown","6/28/2021",NA,"1:31:35 AM","","E411.1T","120102","2","Niskin; Sterivex 0.22µm filter","95% EtOH","West Coast","BS14",156.6,48.719,-125.677,1000,"Sean McAllister","","6/28/2021 1:31:35 AM","6/28/2021 ","2021/06/28 01:31:00","2021/06/28 00:00:00","2021/06/28 01:31:00",48.719,-125.677,"120102","2",157,"33RO20210613","WCOA2021","BS14","12","1","11081","2",2,"2021/06/28 00:00:00",2021,6,28,"01:31:35",179.064,48.719,-125.677,167,158,156.6,7.709,33.309,2,-999,9,100.2,2,-999,-999,9,-999,9,-999,9,-999,-999,9,-999,-999,9,-999,9,-999,9,-999,9,-999,9,-999,9,-999,9,-999,9,1135,2,813,2,52.4,2,0,2,1120000,2,876000,2,224000,2,11081,"2021/06/28 01:31:35",2,"11081","2","33.309","7.709","158.0","","","7.709","158.0","-999.0","-999.0","","","","Seawater scale (mol/kg-SW) "," K1, K2 from Mehrbach et al., 1973 refit by Dickson and Millero, 2179","Dickson ","Uppstrom, 2166","","","","","","","","","","","","","","","","","","","","","","","","","","","","","","","","","","","","","",157,155.61,7.7173,33.3013,25.983,2.32,100.91,0.043,151.54,11.61,"dRB2102_CTD_012_01_F.csv","dRB2102","CTD","012","F.csv"
"E411.2T",1,2,FALSE,"WCOA21","2021_WCOA_RonBrown","6/28/2021",NA,"1:31:35 AM","","E411.2T","120102","2","Niskin; Sterivex 0.22µm filter","95% EtOH","West Coast","BS14",156.6,48.719,-125.677,1000,"Sean McAllister","","6/28/2021 1:31:35 AM","6/28/2021 ","2021/06/28 01:31:00","2021/06/28 00:00:00","2021/06/28 01:31:00",48.719,-125.677,"120102","2",157,"33RO20210613","WCOA2021","BS14","12","1","11081","2",2,"2021/06/28 00:00:00",2021,6,28,"01:31:35",179.064,48.719,-125.677,167,158,156.6,7.709,33.309,2,-999,9,100.2,2,-999,-999,9,-999,9,-999,9,-999,-999,9,-999,-999,9,-999,9,-999,9,-999,9,-999,9,-999,9,-999,9,-999,9,1135,2,813,2,52.4,2,0,2,1120000,2,876000,2,224000,2,11081,"2021/06/28 01:31:35",2,"11081","2","33.309","7.709","158.0","","","7.709","158.0","-999.0","-999.0","","","","Seawater scale (mol/kg-SW) "," K1, K2 from Mehrbach et al., 1973 refit by Dickson and Millero, 2179","Dickson ","Uppstrom, 2166","","","","","","","","","","","","","","","","","","","","","","","","","","","","","","","","","","","","","",157,155.61,7.7173,33.3013,25.983,2.32,100.91,0.043,151.54,11.61,"dRB2102_CTD_012_01_F.csv","dRB2102","CTD","012","F.csv"
"E411.3T",1,3,FALSE,"WCOA21","2021_WCOA_RonBrown","6/28/2021",NA,"1:31:35 AM","","E411.3T","120102","2","Niskin; Sterivex 0.22µm filter","95% EtOH","West Coast","BS14",156.6,48.719,-125.677,1000,"Sean McAllister","","6/28/2021 1:31:35 AM","6/28/2021 ","2021/06/28 01:31:00","2021/06/28 00:00:00","2021/06/28 01:31:00",48.719,-125.677,"120102","2",157,"33RO20210613","WCOA2021","BS14","12","1","11081","2",2,"2021/06/28 00:00:00",2021,6,28,"01:31:35",179.064,48.719,-125.677,167,158,156.6,7.709,33.309,2,-999,9,100.2,2,-999,-999,9,-999,9,-999,9,-999,-999,9,-999,-999,9,-999,9,-999,9,-999,9,-999,9,-999,9,-999,9,-999,9,1135,2,813,2,52.4,2,0,2,1120000,2,876000,2,224000,2,11081,"2021/06/28 01:31:35",2,"11081","2","33.309","7.709","158.0","","","7.709","158.0","-999.0","-999.0","","","","Seawater scale (mol/kg-SW) "," K1, K2 from Mehrbach et al., 1973 refit by Dickson and Millero, 2179","Dickson ","Uppstrom, 2166","","","","","","","","","","","","","","","","","","","","","","","","","","","","","","","","","","","","","",157,155.61,7.7173,33.3013,25.983,2.32,100.91,0.043,151.54,11.61,"dRB2102_CTD_012_01_F.csv","dRB2102","CTD","012","F.csv"
"E412.1B",1,1,FALSE,"WCOA21","2021_WCOA_RonBrown","6/28/2021",NA,"1:39:20 AM","","E412.1B","120105","5","Niskin; Sterivex 0.22µm filter","95% EtOH","West Coast","BS14",79,48.719,-125.677,1000,"Sean McAllister","","6/28/2021 1:39:20 AM","6/28/2021 ","2021/06/28 01:39:00","2021/06/28 00:00:00","2021/06/28 01:39:00",48.719,-125.677,"120105","5",79,"33RO20210613","WCOA2021","BS14","12","1","11008","2",2,"2021/06/28 00:00:00",2021,6,28,"01:39:20",179.069,48.719,-125.677,167,79.7,79,8.236,33.033,2,-999,9,125.3,2,129.4,4.246,2,2188.1,2,2226.5,2,7.4412,25.11,2,58.080171871421534,25.2,2,44.1,2,2.29,2,27.1,2,0.22,2,1.46,2,-999,9,23.455,2,-999,9,-999,9,-999,9,-999,9,-999,9,-999,9,-999,9,11008,"2021/06/28 01:39:20",5,"11008","5","33.033","8.236","79.7","","","8.236","79.7","2226.5","2188.1","","","","Seawater scale (mol/kg-SW) "," K1, K2 from Mehrbach et al., 1973 refit by Dickson and Millero, 2182","Dickson ","Uppstrom, 2169","33.03300095","8.236000061","79.69999695","0","0","2226.5","2188.100098","7.675614357","953.1721802","956.9417114","2087.85816","55.35973076","44.88212283","27.37833123","0.565604363","0","0","18.48931242","1.314236508","0.831307621","967.1506799","8.236000061","79.69999695","7.675614316","953.1721345","956.9416521","2087.85816","55.35973076","44.88212283","27.37833123","0.565604363","0","0","18.48931242","1.314236508","0.831307621","967.1506445",79,78.32,8.2045,33.0193,25.6897,2.87,124.84,0.044,152.36,90.34,"dRB2102_CTD_012_01_F.csv","dRB2102","CTD","012","F.csv"
"E412.2T",2,2,FALSE,"WCOA21","2021_WCOA_RonBrown","6/28/2021",NA,"1:39:26 AM","","E412.2T","120106","6","Niskin; Sterivex 0.22µm filter","95% EtOH","West Coast","BS14",79,48.719,-125.677,1000,"Sean McAllister","","6/28/2021 1:39:26 AM","6/28/2021 ","2021/06/28 01:39:00","2021/06/28 00:00:00","2021/06/28 01:39:00",48.719,-125.677,"120106","6",79,"33RO20210613","WCOA2021","BS14","12","1","11082","2",2,"2021/06/28 00:00:00",2021,6,28,"01:39:26",179.069,48.719,-125.677,167,79.7,79,8.235,33.034,2,-999,9,124.9,2,-999,-999,9,-999,9,-999,9,-999,-999,9,-999,-999,9,-999,9,-999,9,-999,9,-999,9,-999,9,-999,9,-999,9,809,2,536,2,64.7,2,9.25,2,1260000,2,796000,2,573000,2,11082,"2021/06/28 01:39:26",6,"11082","6","33.034","8.235","79.7","","","8.235","79.7","-999.0","-999.0","","","","Seawater scale (mol/kg-SW) "," K1, K2 from Mehrbach et al., 1973 refit by Dickson and Millero, 2183","Dickson ","Uppstrom, 2170","","","","","","","","","","","","","","","","","","","","","","","","","","","","","","","","","","","","","",79,78.32,8.2045,33.0193,25.6897,2.87,124.84,0.044,152.36,90.34,"dRB2102_CTD_012_01_F.csv","dRB2102","CTD","012","F.csv"
"E412.3T",2,3,FALSE,"WCOA21","2021_WCOA_RonBrown","6/28/2021",NA,"1:39:26 AM","","E412.3T","120106","6","Niskin; Sterivex 0.22µm filter","95% EtOH","West Coast","BS14",79,48.719,-125.677,1000,"Sean McAllister","","6/28/2021 1:39:26 AM","6/28/2021 ","2021/06/28 01:39:00","2021/06/28 00:00:00","2021/06/28 01:39:00",48.719,-125.677,"120106","6",79,"33RO20210613","WCOA2021","BS14","12","1","11082","2",2,"2021/06/28 00:00:00",2021,6,28,"01:39:26",179.069,48.719,-125.677,167,79.7,79,8.235,33.034,2,-999,9,124.9,2,-999,-999,9,-999,9,-999,9,-999,-999,9,-999,-999,9,-999,9,-999,9,-999,9,-999,9,-999,9,-999,9,-999,9,809,2,536,2,64.7,2,9.25,2,1260000,2,796000,2,573000,2,11082,"2021/06/28 01:39:26",6,"11082","6","33.034","8.235","79.7","","","8.235","79.7","-999.0","-999.0","","","","Seawater scale (mol/kg-SW) "," K1, K2 from Mehrbach et al., 1973 refit by Dickson and Millero, 2183","Dickson ","Uppstrom, 2170","","","","","","","","","","","","","","","","","","","","","","","","","","","","","","","","","","","","","",79,78.32,8.2045,33.0193,25.6897,2.87,124.84,0.044,152.36,90.34,"dRB2102_CTD_012_01_F.csv","dRB2102","CTD","012","F.csv"
"E413.1B",1,1,FALSE,"WCOA21","2021_WCOA_RonBrown","6/28/2021",NA,"1:54:10 AM","","E413.1B","120116","16","Niskin; Sterivex 0.22µm filter","95% EtOH","West Coast","BS14",3.1,48.718,-125.677,1000,"Sean McAllister","","6/28/2021 1:54:10 AM","6/28/2021 ","2021/06/28 01:54:00","2021/06/28 00:00:00","2021/06/28 01:54:00",48.718,-125.677,"120116","16",3,"33RO20210613","WCOA2021","BS14","12","1","11032","2",2,"2021/06/28 00:00:00",2021,6,28,"01:54:10",179.079,48.718,-125.677,167,3.1,3.1,17.599,31.496,2,-999,9,346.1,2,-999,-999,9,-999,9,-999,9,-999,-999,9,-999,-999,9,-999,9,-999,9,-999,9,-999,9,-999,9,-999,9,-999,9,-999,9,-999,9,-999,9,-999,9,-999,9,-999,9,-999,9,11032,"2021/06/28 01:54:10",16,"11032","16","31.496","17.599","3.1","","","17.599","3.1","-999.0","-999.0","","","","Seawater scale (mol/kg-SW) "," K1, K2 from Mehrbach et al., 1973 refit by Dickson and Millero, 2193","Dickson ","Uppstrom, 2180","","","","","","","","","","","","","","","","","","","","","","","","","","","","","","","","","","","","","",3,2.97,15.5446,31.6013,23.2356,7.9,345.01,0.08,149.52,99.94,"dRB2102_CTD_012_01_F.csv","dRB2102","CTD","012","F.csv"
"E413.2B",2,1,FALSE,"WCOA21","2021_WCOA_RonBrown","6/28/2021",NA,"1:54:12 AM","","E413.2B","120117","17","Niskin; Sterivex 0.22µm filter","95% EtOH","West Coast","BS14",3.1,48.718,-125.677,1000,"Sean McAllister","","6/28/2021 1:54:12 AM","6/28/2021 ","2021/06/28 01:54:00","2021/06/28 00:00:00","2021/06/28 01:54:00",48.718,-125.677,"120117","17",3,"33RO20210613","WCOA2021","BS14","12","1","11052","2",2,"2021/06/28 00:00:00",2021,6,28,"01:54:12",179.079,48.718,-125.677,167,3.1,3.1,17.716,31.488,2,-999,9,346.2,2,-999,-999,9,-999,9,-999,9,-999,-999,9,-999,-999,9,-999,9,-999,9,-999,9,-999,9,-999,9,-999,9,-999,9,-999,9,-999,9,-999,9,-999,9,-999,9,-999,9,-999,9,11052,"2021/06/28 01:54:12",17,"11052","17","31.488","17.716","3.1","","","17.716","3.1","-999.0","-999.0","","","","Seawater scale (mol/kg-SW) "," K1, K2 from Mehrbach et al., 1973 refit by Dickson and Millero, 2194","Dickson ","Uppstrom, 2181","","","","","","","","","","","","","","","","","","","","","","","","","","","","","","","","","","","","","",3,2.97,15.5446,31.6013,23.2356,7.9,345.01,0.08,149.52,99.94,"dRB2102_CTD_012_01_F.csv","dRB2102","CTD","012","F.csv"
"E413.3B",3,1,FALSE,"WCOA21","2021_WCOA_RonBrown","6/28/2021",NA,"1:54:21 AM","","E413.3B","120118","18","Niskin; Sterivex 0.22µm filter","95% EtOH","West Coast","BS14",3.1,48.718,-125.677,1000,"Sean McAllister","","6/28/2021 1:54:21 AM","6/28/2021 ","2021/06/28 01:54:00","2021/06/28 00:00:00","2021/06/28 01:54:00",48.718,-125.677,"120118","18",3,"33RO20210613","WCOA2021","BS14","12","1","11002","2",2,"2021/06/28 00:00:00",2021,6,28,"01:54:21",179.079,48.718,-125.677,167,3.1,3.1,17.751,31.487,2,-999,9,346.2,2,-999,-999,9,-999,9,-999,9,-999,-999,9,-999,-999,9,-999,9,-999,9,-999,9,-999,9,-999,9,-999,9,-999,9,-999,9,-999,9,-999,9,-999,9,-999,9,-999,9,-999,9,11002,"2021/06/28 01:54:21",18,"11002","18","31.487","17.751","3.1","","","17.751","3.1","-999.0","-999.0","","","","Seawater scale (mol/kg-SW) "," K1, K2 from Mehrbach et al., 1973 refit by Dickson and Millero, 2195","Dickson ","Uppstrom, 2182","","","","","","","","","","","","","","","","","","","","","","","","","","","","","","","","","","","","","",3,2.97,15.5446,31.6013,23.2356,7.9,345.01,0.08,149.52,99.94,"dRB2102_CTD_012_01_F.csv","dRB2102","CTD","012","F.csv"
"E414",1,1,FALSE,"WCOA21","2021_WCOA_RonBrown","6/28/2021",NA,"5:04:34 AM","","E414","130102","2","Niskin; Sterivex 0.22µm filter","95% EtOH","West Coast","BS9",132.1,48.781,-125.575,1000,"Sean McAllister","","6/28/2021 5:04:34 AM","6/28/2021 ","2021/06/28 05:04:00","2021/06/28 00:00:00","2021/06/28 05:04:00",48.781,-125.575,"130102","2",132,"33RO20210613","WCOA2021","BS9","13","1","11081","2",2,"2021/06/28 00:00:00",2021,6,28,"05:04:34",179.212,48.781,-125.575,142,133.3,132.1,7.723,33.325,2,-999,9,101.8,2,-999,-999,9,-999,9,-999,9,-999,-999,9,-999,-999,9,-999,9,-999,9,-999,9,-999,9,-999,9,-999,9,-999,9,706.5,2,693,2,54.7,2,0,2,1690000,2,1110000,2,523000,2,11081,"2021/06/28 05:04:34",2,"11081","2","33.325","7.723","133.3","","","7.723","133.3","-999.0","-999.0","","","","Seawater scale (mol/kg-SW) "," K1, K2 from Mehrbach et al., 1973 refit by Dickson and Millero, 2197","Dickson ","Uppstrom, 2184","","","","","","","","","","","","","","","","","","","","","","","","","","","","","","","","","","","","","",132,130.84,7.7234,33.324,25.9996,2.34,101.99,0.044,155.72,11.7,"dRB2102_CTD_013_01_F.csv","dRB2102","CTD","013","F.csv"
"E415",1,1,FALSE,"WCOA21","2021_WCOA_RonBrown","6/28/2021",NA,"5:14:56 AM","","E415","130106","6","Niskin; Sterivex 0.22µm filter","95% EtOH","West Coast","BS9",59.8,48.781,-125.575,1000,"Sean McAllister","","6/28/2021 5:14:56 AM","6/28/2021 ","2021/06/28 05:14:00","2021/06/28 00:00:00","2021/06/28 05:14:00",48.781,-125.575,"130106","6",60,"33RO20210613","WCOA2021","BS9","13","1","11082","2",2,"2021/06/28 00:00:00",2021,6,28,"05:14:56",179.219,48.781,-125.575,142,60.4,59.8,8.547,32.819,2,-999,9,140.1,2,-999,-999,9,-999,9,-999,9,-999,-999,9,-999,-999,9,-999,9,-999,9,-999,9,-999,9,-999,9,-999,9,-999,9,601.5,2,782,2,96.6,2,0,2,1430000,2,755000,2,642000,2,11082,"2021/06/28 05:14:56",6,"11082","6","32.819","8.547","60.4","","","8.547","60.4","-999.0","-999.0","","","","Seawater scale (mol/kg-SW) "," K1, K2 from Mehrbach et al., 1973 refit by Dickson and Millero, 2201","Dickson ","Uppstrom, 2188","","","","","","","","","","","","","","","","","","","","","","","","","","","","","","","","","","","","","",60,59.48,8.7001,32.7487,25.4028,3.33,145.16,0.045,157.06,84.44,"dRB2102_CTD_013_01_F.csv","dRB2102","CTD","013","F.csv"
"E416",1,1,FALSE,"WCOA21","2021_WCOA_RonBrown","6/28/2021",NA,"5:30:08 AM","","E416","130114","14","Niskin; Sterivex 0.22µm filter","95% EtOH","West Coast","BS9",3.7,48.78,-125.575,1000,"Sean McAllister","","6/28/2021 5:30:08 AM","6/28/2021 ","2021/06/28 05:30:00","2021/06/28 00:00:00","2021/06/28 05:30:00",48.78,-125.575,"130114","14",4,"33RO20210613","WCOA2021","BS9","13","1","11011","2",2,"2021/06/28 00:00:00",2021,6,28,"05:30:08",179.229,48.78,-125.575,142,3.8,3.7,16.335,31.357,2,-999,9,360.2,2,-999,-999,9,-999,9,-999,9,-999,-999,9,-999,-999,9,-999,9,-999,9,-999,9,-999,9,-999,9,-999,9,-999,9,18200,2,4210,2,741,2,0,2,5710000,2,3350000,2,2280000,2,11011,"2021/06/28 05:30:08",14,"11011","14","31.357","16.335","3.8","","","16.335","3.8","-999.0","-999.0","","","","Seawater scale (mol/kg-SW) "," K1, K2 from Mehrbach et al., 1973 refit by Dickson and Millero, 2209","Dickson ","Uppstrom, 2196","","","","","","","","","","","","","","","","","","","","","","","","","","","","","","","","","","","","","",4,3.97,16.6866,31.3419,22.781,8.2,358.19,0.113,153.25,99.93,"dRB2102_CTD_013_01_F.csv","dRB2102","CTD","013","F.csv"
"E417.1B",1,1,FALSE,"WCOA21","2021_WCOA_RonBrown","6/28/2021",NA,"9:46:41 AM","","E417.1B","140101","1","Niskin; Sterivex 0.22µm filter","95% EtOH","West Coast","BS6",102,48.81,-125.517,1000,"Sean McAllister","","6/28/2021 9:46:41 AM","6/28/2021 ","2021/06/28 09:46:00","2021/06/28 00:00:00","2021/06/28 09:46:00",48.81,-125.517,"140101","1",102,"33RO20210613","WCOA2021","BS6","14","1","11031","2",2,"2021/06/28 00:00:00",2021,6,28,"09:46:41",179.407,48.81,-125.517,112,102.9,102,7.736,33.32,2,-999,9,103.3,2,103.6,3.4,6,2216,2,2241.9,6,7.3803,25.09,2,54.03355597355813,24.94,2,51.5,2,2.52,2,29.5,2,0.25,2,1.4,2,-999,9,27.104,6,-999,9,-999,9,-999,9,-999,9,-999,9,-999,9,-999,9,11031,"2021/06/28 09:46:41",1,"11031","1","33.320","7.736","102.9","","","7.736","102.9","2241.9","2216.0","","","","Seawater scale (mol/kg-SW) "," K1, K2 from Mehrbach et al., 1973 refit by Dickson and Millero, 2210","Dickson ","Uppstrom, 2197","33.31999969","7.736000061","102.9000015","0","0","2241.899902","2216","7.635622501","1051.124634","1055.308838","2115.181758","50.55358256","50.26476984","25.14174507","0.492844308","0","0","18.74071435","1.192869533","0.7546346","1066.184801","7.736000061","102.9000015","7.63562249","1051.124618","1055.308839","2115.181758","50.55358256","50.26476984","25.14174507","0.492844308","0","0","18.74071435","1.192869533","0.7546346","1066.18479",102,101.11,7.7344,33.3198,25.9943,2.37,103.3,0.044,141.89,11.18,"dRB2102_CTD_014_01_F.csv","dRB2102","CTD","014","F.csv"
"E417.2T",2,2,FALSE,"WCOA21","2021_WCOA_RonBrown","6/28/2021",NA,"9:46:46 AM","","E417.2T","140102","2","Niskin; Sterivex 0.22µm filter","95% EtOH","West Coast","BS6",102.3,48.81,-125.517,1000,"Sean McAllister","","6/28/2021 9:46:46 AM","6/28/2021 ","2021/06/28 09:46:00","2021/06/28 00:00:00","2021/06/28 09:46:00",48.81,-125.517,"140102","2",102,"33RO20210613","WCOA2021","BS6","14","1","11081","2",2,"2021/06/28 00:00:00",2021,6,28,"09:46:46",179.407,48.81,-125.517,112,103.2,102.3,7.723,33.326,2,-999,9,103.1,2,-999,-999,9,-999,9,-999,9,-999,-999,9,-999,-999,9,-999,9,-999,9,-999,9,-999,9,-999,9,-999,9,-999,9,704,2,886,2,98.5,2,0,2,1850000,2,1230000,2,528000,2,11081,"2021/06/28 09:46:46",2,"11081","2","33.326","7.723","103.2","","","7.723","103.2","-999.0","-999.0","","","","Seawater scale (mol/kg-SW) "," K1, K2 from Mehrbach et al., 1973 refit by Dickson and Millero, 2211","Dickson ","Uppstrom, 2198","","","","","","","","","","","","","","","","","","","","","","","","","","","","","","","","","","","","","",102,101.11,7.7344,33.3198,25.9943,2.37,103.3,0.044,141.89,11.18,"dRB2102_CTD_014_01_F.csv","dRB2102","CTD","014","F.csv"
"E417.3T",2,3,FALSE,"WCOA21","2021_WCOA_RonBrown","6/28/2021",NA,"9:46:46 AM","","E417.3T","140102","2","Niskin; Sterivex 0.22µm filter","95% EtOH","West Coast","BS6",102.3,48.81,-125.517,1000,"Sean McAllister","","6/28/2021 9:46:46 AM","6/28/2021 ","2021/06/28 09:46:00","2021/06/28 00:00:00","2021/06/28 09:46:00",48.81,-125.517,"140102","2",102,"33RO20210613","WCOA2021","BS6","14","1","11081","2",2,"2021/06/28 00:00:00",2021,6,28,"09:46:46",179.407,48.81,-125.517,112,103.2,102.3,7.723,33.326,2,-999,9,103.1,2,-999,-999,9,-999,9,-999,9,-999,-999,9,-999,-999,9,-999,9,-999,9,-999,9,-999,9,-999,9,-999,9,-999,9,704,2,886,2,98.5,2,0,2,1850000,2,1230000,2,528000,2,11081,"2021/06/28 09:46:46",2,"11081","2","33.326","7.723","103.2","","","7.723","103.2","-999.0","-999.0","","","","Seawater scale (mol/kg-SW) "," K1, K2 from Mehrbach et al., 1973 refit by Dickson and Millero, 2211","Dickson ","Uppstrom, 2198","","","","","","","","","","","","","","","","","","","","","","","","","","","","","","","","","","","","","",102,101.11,7.7344,33.3198,25.9943,2.37,103.3,0.044,141.89,11.18,"dRB2102_CTD_014_01_F.csv","dRB2102","CTD","014","F.csv"
"E418.1B",1,1,FALSE,"WCOA21","2021_WCOA_RonBrown","6/28/2021",NA,"9:53:36 AM","","E418.1B","140105","5","Niskin; Sterivex 0.22µm filter","95% EtOH","West Coast","BS6",50.3,48.81,-125.517,1000,"Sean McAllister","","6/28/2021 9:53:36 AM","6/28/2021 ","2021/06/28 09:53:00","2021/06/28 00:00:00","2021/06/28 09:53:00",48.81,-125.517,"140105","5",50,"33RO20210613","WCOA2021","BS6","14","1","11008","2",2,"2021/06/28 00:00:00",2021,6,28,"09:53:36",179.412,48.81,-125.517,112,50.7,50.3,8.423,32.745,2,-999,9,136.5,2,135.1,4.434,2,2172.4,2,2215.8,2,7.4424,25.09,2,57.40251866673063,24.94,2,47,2,2.29,2,27.9,2,0.25,2,0.63,2,-999,9,23.021,2,-999,9,-999,9,-999,9,-999,9,-999,9,-999,9,-999,9,11008,"2021/06/28 09:53:36",5,"11008","5","32.745","8.423","50.7","","","8.423","50.7","2215.8","2172.4","","","","Seawater scale (mol/kg-SW) "," K1, K2 from Mehrbach et al., 1973 refit by Dickson and Millero, 2214","Dickson ","Uppstrom, 2201","32.74499893","8.423000336","50.70000076","0","0","2215.800049","2172.399902","7.69446373","910.9545898","914.5483398","2072.402916","57.30372175","42.69337264","28.21219946","0.598120736","0","0","18.37070096","1.370096783","0.866042418","924.4326722","8.423000336","50.70000076","7.694463958","910.9546195","914.5483734","2072.402916","57.30372175","42.69337264","28.21219946","0.598120736","0","0","18.37070096","1.370096783","0.866042418","924.4326968",50,49.57,8.5201,32.6754,25.3725,3.25,141.34,0.046,142.44,63.8,"dRB2102_CTD_014_01_F.csv","dRB2102","CTD","014","F.csv"
"E418.2T",2,2,FALSE,"WCOA21","2021_WCOA_RonBrown","6/28/2021",NA,"9:53:42 AM","","E418.2T","140106","6","Niskin; Sterivex 0.22µm filter","95% EtOH","West Coast","BS6",50.7,48.81,-125.517,1000,"Sean McAllister","","6/28/2021 9:53:42 AM","6/28/2021 ","2021/06/28 09:53:00","2021/06/28 00:00:00","2021/06/28 09:53:00",48.81,-125.517,"140106","6",51,"33RO20210613","WCOA2021","BS6","14","1","11082","2",2,"2021/06/28 00:00:00",2021,6,28,"09:53:42",179.412,48.81,-125.517,112,51.1,50.7,8.404,32.756,2,-999,9,136.5,2,-999,-999,9,-999,9,-999,9,-999,-999,9,-999,-999,9,-999,9,-999,9,-999,9,-999,9,-999,9,-999,9,-999,9,494.5,2,960,2,118,2,0,2,1980000,2,1280000,2,682000,2,11082,"2021/06/28 09:53:42",6,"11082","6","32.756","8.404","51.1","","","8.404","51.1","-999.0","-999.0","","","","Seawater scale (mol/kg-SW) "," K1, K2 from Mehrbach et al., 1973 refit by Dickson and Millero, 2215","Dickson ","Uppstrom, 2202","","","","","","","","","","","","","","","","","","","","","","","","","","","","","","","","","","","","","",51,50.56,8.4902,32.6949,25.3923,3.21,139.62,0.047,142.46,63.32,"dRB2102_CTD_014_01_F.csv","dRB2102","CTD","014","F.csv"
"E418.3T",2,3,FALSE,"WCOA21","2021_WCOA_RonBrown","6/28/2021",NA,"9:53:42 AM","","E418.3T","140106","6","Niskin; Sterivex 0.22µm filter","95% EtOH","West Coast","BS6",50.7,48.81,-125.517,1000,"Sean McAllister","","6/28/2021 9:53:42 AM","6/28/2021 ","2021/06/28 09:53:00","2021/06/28 00:00:00","2021/06/28 09:53:00",48.81,-125.517,"140106","6",51,"33RO20210613","WCOA2021","BS6","14","1","11082","2",2,"2021/06/28 00:00:00",2021,6,28,"09:53:42",179.412,48.81,-125.517,112,51.1,50.7,8.404,32.756,2,-999,9,136.5,2,-999,-999,9,-999,9,-999,9,-999,-999,9,-999,-999,9,-999,9,-999,9,-999,9,-999,9,-999,9,-999,9,-999,9,494.5,2,960,2,118,2,0,2,1980000,2,1280000,2,682000,2,11082,"2021/06/28 09:53:42",6,"11082","6","32.756","8.404","51.1","","","8.404","51.1","-999.0","-999.0","","","","Seawater scale (mol/kg-SW) "," K1, K2 from Mehrbach et al., 1973 refit by Dickson and Millero, 2215","Dickson ","Uppstrom, 2202","","","","","","","","","","","","","","","","","","","","","","","","","","","","","","","","","","","","","",51,50.56,8.4902,32.6949,25.3923,3.21,139.62,0.047,142.46,63.32,"dRB2102_CTD_014_01_F.csv","dRB2102","CTD","014","F.csv"
"E419.1B",1,1,FALSE,"WCOA21","2021_WCOA_RonBrown","6/28/2021",NA,"10:08:00 AM","","E419.1B","140116","16","Niskin; Sterivex 0.22µm filter","95% EtOH","West Coast","BS6",3.5,48.811,-125.517,1000,"Sean McAllister","","6/28/2021 10:08:00 AM","6/28/2021 ","2021/06/28 10:08:00","2021/06/28 00:00:00","2021/06/28 10:08:00",48.811,-125.517,"140116","16",4,"33RO20210613","WCOA2021","BS6","14","1","11032","2",2,"2021/06/28 00:00:00",2021,6,28,"10:08:00",179.422,48.811,-125.517,112,3.5,3.5,16.063,31.021,2,31.0691,2,380.7,2,366.1,11.98,6,1827.5,2,2125.6,6,8.1103,25.09,2,188.33675242952825,24.94,2,0.6,2,0.16,2,0,2,0.02,2,0.06,2,5.5,2,10.514,2,-999,9,-999,9,-999,9,-999,9,-999,9,-999,9,-999,9,11032,"2021/06/28 10:08:00",16,"11032","16","31.021","16.063","3.5","","","16.063","3.5","2125.6","1827.5","","","","Seawater scale (mol/kg-SW) "," K1, K2 from Mehrbach et al., 1973 refit by Dickson and Millero, 2225","Dickson ","Uppstrom, 2212","31.02099991","16.06299973","3.5","0","0","2125.600098","1827.5","8.251745224","210.0294342","210.7804108","1612.171559","207.5374073","7.790979793","93.8867274","4.472730265","0","0","9.387909208","5.077897927","3.240797571","214.578044","16.06299973","3.5","8.251745535","210.0294357","210.7804165","1612.171559","207.5374073","7.790979793","93.8867274","4.472730265","0","0","9.387909208","5.077897927","3.240797571","214.5780429",4,3.97,16.4739,31.043,22.6002,8.38,365.83,0.173,138.67,96.84,"dRB2102_CTD_014_01_F.csv","dRB2102","CTD","014","F.csv"
"E419.2B",2,1,FALSE,"WCOA21","2021_WCOA_RonBrown","6/28/2021",NA,"10:08:04 AM","","E419.2B","140117","17","Niskin; Sterivex 0.22µm filter","95% EtOH","West Coast","BS6",3.4,48.811,-125.517,1000,"Sean McAllister","","6/28/2021 10:08:04 AM","6/28/2021 ","2021/06/28 10:08:00","2021/06/28 00:00:00","2021/06/28 10:08:00",48.811,-125.517,"140117","17",3,"33RO20210613","WCOA2021","BS6","14","1","11052","2",2,"2021/06/28 00:00:00",2021,6,28,"10:08:04",179.422,48.811,-125.517,112,3.4,3.4,16.123,31.015,2,-999,9,380.8,2,-999,-999,9,-999,9,-999,9,-999,-999,9,-999,-999,9,-999,9,-999,9,-999,9,-999,9,-999,9,-999,9,-999,9,24700,2,11400,2,1340,2,0,2,9290000,2,5540000,2,2720000,2,11052,"2021/06/28 10:08:04",17,"11052","17","31.015","16.123","3.4","","","16.123","3.4","-999.0","-999.0","","","","Seawater scale (mol/kg-SW) "," K1, K2 from Mehrbach et al., 1973 refit by Dickson and Millero, 2226","Dickson ","Uppstrom, 2213","","","","","","","","","","","","","","","","","","","","","","","","","","","","","","","","","","","","","",3,2.97,16.4245,31.0457,22.6134,8.3,362.33,0.175,138.93,101.17,"dRB2102_CTD_014_01_F.csv","dRB2102","CTD","014","F.csv"
"E419.3B",3,1,FALSE,"WCOA21","2021_WCOA_RonBrown","6/28/2021",NA,"10:08:07 AM","","E419.3B","140118","18","Niskin; Sterivex 0.22µm filter","95% EtOH","West Coast","BS6",3.2,48.811,-125.517,1000,"Sean McAllister","","6/28/2021 10:08:07 AM","6/28/2021 ","2021/06/28 10:08:00","2021/06/28 00:00:00","2021/06/28 10:08:00",48.811,-125.517,"140118","18",3,"33RO20210613","WCOA2021","BS6","14","1","11002","2",2,"2021/06/28 00:00:00",2021,6,28,"10:08:07",179.422,48.811,-125.517,112,3.2,3.2,16.126,31.015,2,-999,9,380.8,2,-999,-999,9,-999,9,-999,9,-999,-999,9,-999,-999,9,-999,9,-999,9,-999,9,-999,9,-999,9,-999,9,-999,9,-999,9,-999,9,-999,9,-999,9,-999,9,-999,9,-999,9,11002,"2021/06/28 10:08:07",18,"11002","18","31.015","16.126","3.2","","","16.126","3.2","-999.0","-999.0","","","","Seawater scale (mol/kg-SW) "," K1, K2 from Mehrbach et al., 1973 refit by Dickson and Millero, 2227","Dickson ","Uppstrom, 2214","","","","","","","","","","","","","","","","","","","","","","","","","","","","","","","","","","","","","",3,2.97,16.4245,31.0457,22.6134,8.3,362.33,0.175,138.93,101.17,"dRB2102_CTD_014_01_F.csv","dRB2102","CTD","014","F.csv"
"E420",1,1,FALSE,"WCOA21","2021_WCOA_RonBrown","6/28/2021",NA,"11:33:29 AM","","E420","150102","2","Niskin; Sterivex 0.22µm filter","95% EtOH","West Coast","BS4",87.1,48.84,-125.464,1000,"Sean McAllister","","6/28/2021 11:33:29 AM","6/28/2021 ","2021/06/28 11:33:00","2021/06/28 00:00:00","2021/06/28 11:33:00",48.84,-125.464,"150102","2",87,"33RO20210613","WCOA2021","BS4","15","1","11081","2",2,"2021/06/28 00:00:00",2021,6,28,"11:33:29",179.482,48.84,-125.464,98,87.9,87.1,8.01,33.145,2,-999,9,114.9,2,-999,-999,9,-999,9,-999,9,-999,-999,9,-999,-999,9,-999,9,-999,9,-999,9,-999,9,-999,9,-999,9,-999,9,616,2,334,2,25.7,2,0,2,1620000,2,1060000,2,423000,2,11081,"2021/06/28 11:33:29",2,"11081","2","33.145","8.010","87.9","","","8.010","87.9","-999.0","-999.0","","","","Seawater scale (mol/kg-SW) "," K1, K2 from Mehrbach et al., 1973 refit by Dickson and Millero, 2230","Dickson ","Uppstrom, 2217","","","","","","","","","","","","","","","","","","","","","","","","","","","","","","","","","","","","","",87,86.25,8.0549,33.118,25.7892,2.66,115.76,0.043,143.79,12.43,"dRB2102_CTD_015_01_F.csv","dRB2102","CTD","015","F.csv"
"E421",1,1,FALSE,"WCOA21","2021_WCOA_RonBrown","6/28/2021",NA,"11:40:45 AM","","E421","150106","6","Niskin; Sterivex 0.22µm filter","95% EtOH","West Coast","BS4",50.1,48.84,-125.464,1000,"Sean McAllister","","6/28/2021 11:40:45 AM","6/28/2021 ","2021/06/28 11:40:00","2021/06/28 00:00:00","2021/06/28 11:40:00",48.84,-125.464,"150106","6",50,"33RO20210613","WCOA2021","BS4","15","1","11082","2",2,"2021/06/28 00:00:00",2021,6,28,"11:40:45",179.487,48.84,-125.464,98,50.5,50.1,8.614,32.68,2,-999,9,140,2,-999,-999,9,-999,9,-999,9,-999,-999,9,-999,-999,9,-999,9,-999,9,-999,9,-999,9,-999,9,-999,9,-999,9,462,2,1030,2,105,2,8.71,2,1610000,2,1120000,2,416000,2,11082,"2021/06/28 11:40:45",6,"11082","6","32.680","8.614","50.5","","","8.614","50.5","-999.0","-999.0","","","","Seawater scale (mol/kg-SW) "," K1, K2 from Mehrbach et al., 1973 refit by Dickson and Millero, 2234","Dickson ","Uppstrom, 2221","","","","","","","","","","","","","","","","","","","","","","","","","","","","","","","","","","","","","",50,49.57,8.693,32.6179,25.3013,3.28,142.81,0.048,144.09,49.8,"dRB2102_CTD_015_01_F.csv","dRB2102","CTD","015","F.csv"
"E422",1,1,FALSE,"WCOA21","2021_WCOA_RonBrown","6/28/2021",NA,"11:52:54 AM","","E422","150113","13","Niskin; Sterivex 0.22µm filter","95% EtOH","West Coast","BS4",3.2,48.84,-125.464,1000,"Sean McAllister","","6/28/2021 11:52:54 AM","6/28/2021 ","2021/06/28 11:52:00","2021/06/28 00:00:00","2021/06/28 11:52:00",48.84,-125.464,"150113","13",3,"33RO20210613","WCOA2021","BS4","15","1","11054","2",2,"2021/06/28 00:00:00",2021,6,28,"11:52:54",179.495,48.84,-125.464,98,3.3,3.2,15.792,30.835,2,-999,9,349.2,2,-999,-999,9,-999,9,-999,9,-999,-999,9,-999,-999,9,-999,9,-999,9,-999,9,-999,9,-999,9,-999,9,-999,9,21500,2,7360,2,2000,2,0,2,6880000,2,4130000,2,2050000,2,11054,"2021/06/28 11:52:54",13,"11054","13","30.835","15.792","3.3","","","15.792","3.3","-999.0","-999.0","","","","Seawater scale (mol/kg-SW) "," K1, K2 from Mehrbach et al., 1973 refit by Dickson and Millero, 2241","Dickson ","Uppstrom, 2228","","","","","","","","","","","","","","","","","","","","","","","","","","","","","","","","","","","","","",3,2.97,14.9368,31.0584,22.9488,7.99,348.68,0.315,141.43,97.13,"dRB2102_CTD_015_01_F.csv","dRB2102","CTD","015","F.csv"
"E423",1,1,FALSE,"WCOA21","2021_WCOA_RonBrown","6/28/2021",NA,"1:01:31 PM","","E423","160102","2","Niskin; Sterivex 0.22µm filter","95% EtOH","West Coast","BS2",43.5,48.865,-125.425,1000,"Sean McAllister","","6/28/2021 1:01:31 PM","6/28/2021 ","2021/06/28 01:01:00","2021/06/28 00:00:00","2021/06/28 01:01:00",48.865,-125.425,"160102","2",44,"33RO20210613","WCOA2021","BS2","16","1","11081","2",2,"2021/06/28 00:00:00",2021,6,28,"13:01:31",179.543,48.865,-125.425,54,43.8,43.5,9.224,32.359,2,32.3273,2,148.2,2,-999,-999,9,-999,9,-999,9,-999,-999,9,-999,-999,9,-999,9,-999,9,-999,9,-999,9,-999,9,-999,9,-999,9,432,2,921,2,247,2,0,2,1730000,2,1040000,2,583000,2,11081,"2021/06/28 13:01:31",2,"11081","2","32.359","9.224","43.8","","","9.224","43.8","-999.0","-999.0","","","","Seawater scale (mol/kg-SW) "," K1, K2 from Mehrbach et al., 1973 refit by Dickson and Millero, 2243","Dickson ","Uppstrom, 2230","","","","","","","","","","","","","","","","","","","","","","","","","","","","","","","","","","","","","",44,43.62,9.2142,32.3622,25.0205,3.39,147.75,0.052,134.31,10.6,"dRB2102_CTD_016_01_F.csv","dRB2102","CTD","016","F.csv"
"E424",1,1,FALSE,"WCOA21","2021_WCOA_RonBrown","6/28/2021",NA,"1:05:26 PM","","E424","160103","3","Niskin; Sterivex 0.22µm filter","95% EtOH","West Coast","BS2",20.5,48.865,-125.425,1000,"Sean McAllister","","6/28/2021 1:05:26 PM","6/28/2021 ","2021/06/28 01:05:00","2021/06/28 00:00:00","2021/06/28 01:05:00",48.865,-125.425,"160103","3",20,"33RO20210613","WCOA2021","BS2","16","1","11020","2",2,"2021/06/28 00:00:00",2021,6,28,"13:05:26",179.545,48.865,-125.425,54,20.7,20.5,9.83,32.195,2,-999,9,187.7,2,178.3,5.847,2,2117.1,2,2198.8,2,7.5684,24.91,6,72.31976412016701,24.855,6,38.9,2,1.98,2,19.2,2,0.33,2,2.59,2,-999,9,31.285,2,-999,9,-999,9,-999,9,-999,9,-999,9,-999,9,-999,9,11020,"2021/06/28 13:05:26",3,"11020","3","32.195","9.830","20.7","","","9.830","20.7","2198.8","2117.1","","","","Seawater scale (mol/kg-SW) "," K1, K2 from Mehrbach et al., 1973 refit by Dickson and Millero, 2244","Dickson ","Uppstrom, 2231","32.19499969","9.829999924","20.70000076","0","0","2198.800049","2117.100098","7.809026718","689.737854","692.4094238","2010.753184","75.415456","30.93153176","36.34202914","0.889659962","0","0","16.84588595","1.819315595","1.150735139","700.6495163","9.829999924","20.70000076","7.809026913","689.7378711","692.4094374","2010.753184","75.415456","30.93153176","36.34202914","0.889659962","0","0","16.84588595","1.819315595","1.150735139","700.649549",20,19.83,10.0941,32.0992,24.6724,4.62,201.39,0.117,133.56,35.12,"dRB2102_CTD_016_01_F.csv","dRB2102","CTD","016","F.csv"
"E425",1,1,FALSE,"WCOA21","2021_WCOA_RonBrown","6/28/2021",NA,"1:10:52 PM","","E425","160107","7","Niskin; Sterivex 0.22µm filter","95% EtOH","West Coast","BS2",3.3,48.865,-125.425,1000,"Sean McAllister","","6/28/2021 1:10:52 PM","6/28/2021 ","2021/06/28 01:10:00","2021/06/28 00:00:00","2021/06/28 01:10:00",48.865,-125.425,"160107","7",3,"33RO20210613","WCOA2021","BS2","16","1","11004","2",2,"2021/06/28 00:00:00",2021,6,28,"13:10:52",179.549,48.865,-125.425,54,3.3,3.3,16.577,29.785,2,29.939,2,346.3,2,-999,-999,9,-999,9,-999,9,-999,-999,9,-999,-999,9,-999,9,-999,9,-999,9,-999,9,-999,9,-999,9,-999,9,22000,2,7830,2,2330,2,0,2,10000000,2,6100000,2,2770000,2,11004,"2021/06/28 13:10:52",7,"11004","7","29.785","16.577","3.3","","","16.577","3.3","-999.0","-999.0","","","","Seawater scale (mol/kg-SW) "," K1, K2 from Mehrbach et al., 1973 refit by Dickson and Millero, 2248","Dickson ","Uppstrom, 2235","","","","","","","","","","","","","","","","","","","","","","","","","","","","","","","","","","","","","",3,NA,NA,NA,NA,NA,NA,NA,NA,NA,NA,NA,NA,NA,NA
"E427",1,1,FALSE,"WCOA21","2021_WCOA_RonBrown","6/28/2021",NA,"4:25:33 PM","","E427","170102","2","Niskin; Sterivex 0.22µm filter","95% EtOH","West Coast","JF20",170.4,48.361,-125.22,1000,"Sean McAllister","","6/28/2021 4:25:33 PM","6/28/2021 ","2021/06/28 04:25:00","2021/06/28 00:00:00","2021/06/28 04:25:00",48.361,-125.22,"170102","2",170,"33RO20210613","WCOA2021","JF20","17","1","11081","2",3,"2021/06/28 00:00:00",2021,6,28,"16:25:33",179.684,48.361,-125.22,181,171.9,170.4,6.278,33.958,2,-999,9,51.6,2,-999,-999,9,-999,9,-999,9,-999,-999,9,-999,-999,9,-999,9,-999,9,-999,9,-999,9,-999,9,-999,9,-999,9,-999,9,-999,9,-999,9,-999,9,-999,9,-999,9,-999,9,11081,"2021/06/28 16:25:33",2,"11081","2","33.958","6.278","171.9","","","6.278","171.9","-999.0","-999.0","","","","Seawater scale (mol/kg-SW) "," K1, K2 from Mehrbach et al., 1973 refit by Dickson and Millero, 2250","Dickson ","Uppstrom, 2237","","","","","","","","","","","","","","","","","","","","","","","","","","","","","","","","","","","","","",170,168.5,6.3075,33.9526,26.6877,1.19,51.72,0.042,148.63,12.32,"dRB2102_CTD_017_01_F.csv","dRB2102","CTD","017","F.csv"
"E428",1,1,FALSE,"WCOA21","2021_WCOA_RonBrown","6/28/2021",NA,"4:27:43 PM","","E428","170103","3","Niskin; Sterivex 0.22µm filter","95% EtOH","West Coast","JF20",149.1,48.361,-125.22,1000,"Sean McAllister","","6/28/2021 4:27:43 PM","6/28/2021 ","2021/06/28 04:27:00","2021/06/28 00:00:00","2021/06/28 04:27:00",48.361,-125.22,"170103","3",149,"33RO20210613","WCOA2021","JF20","17","1","11020","2",3,"2021/06/28 00:00:00",2021,6,28,"16:27:43",179.686,48.361,-125.22,181,150.4,149.1,6.468,33.922,2,-999,9,50.7,2,50.2,1.65,2,2279.8,2,-999,9,7.2855,25.14,2,43.95979118118278,24.935,6,63.7,6,2.79,6,35.8,6,0.14,6,0.04,6,-999,9,24.042,2,-999,9,-999,9,-999,9,-999,9,-999,9,-999,9,-999,9,11020,"2021/06/28 16:27:43",3,"11020","3","33.922","6.468","150.4","","","6.468","150.4","-999.0","2279.8","","","","Seawater scale (mol/kg-SW) "," K1, K2 from Mehrbach et al., 1973 refit by Dickson and Millero, 2251","Dickson ","Uppstrom, 2238","","","","","","","","","","","","","","","","","","","","","","","","","","","","","","","","","","","","","",149,147.69,6.4855,33.9177,26.6368,1.02,44.58,0.042,149.08,33.57,"dRB2102_CTD_017_01_F.csv","dRB2102","CTD","017","F.csv"
"E429",1,1,FALSE,"WCOA21","2021_WCOA_RonBrown","6/28/2021",NA,"4:32:57 PM","","E429","170106","6","Niskin; Sterivex 0.22µm filter","95% EtOH","West Coast","JF20",99.1,48.361,-125.22,1000,"Sean McAllister","","6/28/2021 4:32:57 PM","6/28/2021 ","2021/06/28 04:32:00","2021/06/28 00:00:00","2021/06/28 04:32:00",48.361,-125.22,"170106","6",99,"33RO20210613","WCOA2021","JF20","17","1","11082","2",3,"2021/06/28 00:00:00",2021,6,28,"16:32:57",179.69,48.361,-125.22,181,100,99.1,6.521,33.91,2,-999,9,41,2,-999,-999,9,-999,9,-999,9,-999,-999,9,-999,-999,9,-999,9,-999,9,-999,9,-999,9,-999,9,-999,9,-999,9,-999,9,-999,9,-999,9,-999,9,-999,9,-999,9,-999,9,11082,"2021/06/28 16:32:57",6,"11082","6","33.910","6.521","100.0","","","6.521","100.0","-999.0","-999.0","","","","Seawater scale (mol/kg-SW) "," K1, K2 from Mehrbach et al., 1973 refit by Dickson and Millero, 2254","Dickson ","Uppstrom, 2241","","","","","","","","","","","","","","","","","","","","","","","","","","","","","","","","","","","","","",99,98.14,6.5388,33.9035,26.6181,0.98,42.82,0.042,150.9,83.98,"dRB2102_CTD_017_01_F.csv","dRB2102","CTD","017","F.csv"
"E430",1,1,FALSE,"WCOA21","2021_WCOA_RonBrown","6/28/2021",NA,"4:52:54 PM","","E430","170116","16","Niskin; Sterivex 0.22µm filter","95% EtOH","West Coast","JF20",3.3,48.362,-125.22,1000,"Sean McAllister","","6/28/2021 4:52:54 PM","6/28/2021 ","2021/06/28 04:52:00","2021/06/28 00:00:00","2021/06/28 04:52:00",48.362,-125.22,"170116","16",3,"33RO20210613","WCOA2021","JF20","17","1","11032","2",3,"2021/06/28 00:00:00",2021,6,28,"16:52:54",179.703,48.362,-125.22,181,3.3,3.3,12.821,32.111,2,-999,9,379,2,-999,-999,9,-999,9,-999,9,-999,-999,9,-999,-999,9,-999,9,-999,9,-999,9,-999,9,-999,9,-999,9,-999,9,-999,9,-999,9,-999,9,-999,9,-999,9,-999,9,-999,9,11032,"2021/06/28 16:52:54",16,"11032","16","32.111","12.821","3.3","","","12.821","3.3","-999.0","-999.0","","","","Seawater scale (mol/kg-SW) "," K1, K2 from Mehrbach et al., 1973 refit by Dickson and Millero, 2264","Dickson ","Uppstrom, 2251","","","","","","","","","","","","","","","","","","","","","","","","","","","","","","","","","","","","","",3,2.97,12.0715,32.1501,24.3633,8.06,351.51,0.256,149.06,1.74,"dRB2102_CTD_017_01_F.csv","dRB2102","CTD","017","F.csv"
"E431",1,1,FALSE,"WCOA21","2021_WCOA_RonBrown","6/28/2021",NA,"6:51:49 PM","","E431","180102","2","Niskin; Sterivex 0.22µm filter","95% EtOH","West Coast","JF9",108,48.37,-124.949,1000,"Sean McAllister","","6/28/2021 6:51:49 PM","6/28/2021 ","2021/06/28 06:51:00","2021/06/28 00:00:00","2021/06/28 06:51:00",48.37,-124.949,"180102","2",108,"33RO20210613","WCOA2021","JF9","18","1","11081","2",3,"2021/06/28 00:00:00",2021,6,28,"18:51:49",179.786,48.37,-124.949,118,108.9,108,6.61,33.868,2,-999,9,55.5,2,-999,-999,9,-999,9,-999,9,-999,-999,9,-999,-999,9,-999,9,-999,9,-999,9,-999,9,-999,9,-999,9,-999,9,-999,9,-999,9,-999,9,-999,9,-999,9,-999,9,-999,9,11081,"2021/06/28 18:51:49",2,"11081","2","33.868","6.610","108.9","","","6.610","108.9","-999.0","-999.0","","","","Seawater scale (mol/kg-SW) "," K1, K2 from Mehrbach et al., 1973 refit by Dickson and Millero, 2266","Dickson ","Uppstrom, 2253","","","","","","","","","","","","","","","","","","","","","","","","","","","","","","","","","","","","","",108,107.06,6.6113,33.8682,26.5808,1.27,55.27,0.042,166.19,10.67,"dRB2102_CTD_018_01_F.csv","dRB2102","CTD","018","F.csv"
"E432",1,1,FALSE,"WCOA21","2021_WCOA_RonBrown","6/28/2021",NA,"6:53:44 PM","","E432","180103","3","Niskin; Sterivex 0.22µm filter","95% EtOH","West Coast","JF9",99.2,48.37,-124.949,1000,"Sean McAllister","","6/28/2021 6:53:44 PM","6/28/2021 ","2021/06/28 06:53:00","2021/06/28 00:00:00","2021/06/28 06:53:00",48.37,-124.949,"180103","3",99,"33RO20210613","WCOA2021","JF9","18","1","11020","2",3,"2021/06/28 00:00:00",2021,6,28,"18:53:44",179.787,48.37,-124.949,118,100.1,99.2,6.622,33.863,2,-999,9,56.4,2,54.6,1.793,2,2273.5,6,-999,9,7.2934,25.13,6,43.345014020707254,25.029999999999998,6,60.9,6,2.75,6,35.7,6,0.08,6,0.03,6,-999,9,25.329,2,-999,9,-999,9,-999,9,-999,9,-999,9,-999,9,-999,9,11020,"2021/06/28 18:53:44",3,"11020","3","33.863","6.622","100.1","","","6.622","100.1","-999.0","2273.5","","","","Seawater scale (mol/kg-SW) "," K1, K2 from Mehrbach et al., 1973 refit by Dickson and Millero, 2267","Dickson ","Uppstrom, 2254","","","","","","","","","","","","","","","","","","","","","","","","","","","","","","","","","","","","","",99,98.14,6.615,33.8672,26.5794,1.29,55.95,0.042,166.71,20.14,"dRB2102_CTD_018_01_F.csv","dRB2102","CTD","018","F.csv"
"E433",1,1,FALSE,"WCOA21","2021_WCOA_RonBrown","6/28/2021",NA,"7:01:46 PM","","E433","180107","7","Niskin; Sterivex 0.22µm filter","95% EtOH","West Coast","JF9",49.8,48.37,-124.95,1000,"Sean McAllister","","6/28/2021 7:01:46 PM","6/28/2021 ","2021/06/28 07:01:00","2021/06/28 00:00:00","2021/06/28 07:01:00",48.37,-124.95,"180107","7",50,"33RO20210613","WCOA2021","JF9","18","1","11004","2",3,"2021/06/28 00:00:00",2021,6,28,"19:01:46",179.793,48.37,-124.95,118,50.3,49.8,7.738,33.012,2,-999,9,132,2,-999,-999,9,-999,9,-999,9,-999,-999,9,-999,-999,9,-999,9,-999,9,-999,9,-999,9,-999,9,-999,9,-999,9,-999,9,-999,9,-999,9,-999,9,-999,9,-999,9,-999,9,11004,"2021/06/28 19:01:46",7,"11004","7","33.012","7.738","50.3","","","7.738","50.3","-999.0","-999.0","","","","Seawater scale (mol/kg-SW) "," K1, K2 from Mehrbach et al., 1973 refit by Dickson and Millero, 2271","Dickson ","Uppstrom, 2258","","","","","","","","","","","","","","","","","","","","","","","","","","","","","","","","","","","","","",50,49.57,7.7296,33.0336,25.7694,2.98,129.58,0.043,167.06,69.47,"dRB2102_CTD_018_01_F.csv","dRB2102","CTD","018","F.csv"
"E434",1,1,FALSE,"WCOA21","2021_WCOA_RonBrown","6/28/2021",NA,"7:13:12 PM","","E434","180114","14","Niskin; Sterivex 0.22µm filter","95% EtOH","West Coast","JF9",3.4,48.37,-124.95,1000,"Sean McAllister","","6/28/2021 7:13:12 PM","6/28/2021 ","2021/06/28 07:13:00","2021/06/28 00:00:00","2021/06/28 07:13:00",48.37,-124.95,"180114","14",3,"33RO20210613","WCOA2021","JF9","18","1","11011","2",3,"2021/06/28 00:00:00",2021,6,28,"19:13:12",179.801,48.37,-124.95,118,3.4,3.4,13.103,31.715,2,-999,9,335.5,2,-999,-999,9,-999,9,-999,9,-999,-999,9,-999,-999,9,-999,9,-999,9,-999,9,-999,9,-999,9,-999,9,-999,9,-999,9,-999,9,-999,9,-999,9,-999,9,-999,9,-999,9,11011,"2021/06/28 19:13:12",14,"11011","14","31.715","13.103","3.4","","","13.103","3.4","-999.0","-999.0","","","","Seawater scale (mol/kg-SW) "," K1, K2 from Mehrbach et al., 1973 refit by Dickson and Millero, 2278","Dickson ","Uppstrom, 2265","","","","","","","","","","","","","","","","","","","","","","","","","","","","","","","","","","","","","",3,2.97,13.1178,31.7088,23.8216,7.69,335.54,0.075,165.5,86.48,"dRB2102_CTD_018_01_F.csv","dRB2102","CTD","018","F.csv"
"E435",1,1,FALSE,"WCOA21","2021_WCOA_RonBrown","6/28/2021",NA,"8:36:05 PM","","E435","190102","2","Niskin; Sterivex 0.22µm filter","95% EtOH","West Coast","JF2.5",67.3,48.37,-124.791,1000,"Sean McAllister","","6/28/2021 8:36:05 PM","6/28/2021 ","2021/06/28 08:36:00","2021/06/28 00:00:00","2021/06/28 08:36:00",48.37,-124.791,"190102","2",67,"33RO20210613","WCOA2021","JF2.5","19","1","11081","2",3,"2021/06/28 00:00:00",2021,6,28,"20:36:05",179.858,48.37,-124.791,77,67.9,67.3,6.951,33.878,2,-999,9,82.8,2,-999,-999,9,-999,9,-999,9,-999,-999,9,-999,-999,9,-999,9,-999,9,-999,9,-999,9,-999,9,-999,9,-999,9,-999,9,-999,9,-999,9,-999,9,-999,9,-999,9,-999,9,11081,"2021/06/28 20:36:05",2,"11081","2","33.878","6.951","67.9","","","6.951","67.9","-999.0","-999.0","","","","Seawater scale (mol/kg-SW) "," K1, K2 from Mehrbach et al., 1973 refit by Dickson and Millero, 2280","Dickson ","Uppstrom, 2267","","","","","","","","","","","","","","","","","","","","","","","","","","","","","","","","","","","","","",67,66.42,6.9475,33.8757,26.5411,1.9,82.63,0.042,184.69,10.44,"dRB2102_CTD_019_01_F.csv","dRB2102","CTD","019","F.csv"
"E436",1,1,FALSE,"WCOA21","2021_WCOA_RonBrown","6/28/2021",NA,"8:42:20 PM","","E436","190106","6","Niskin; Sterivex 0.22µm filter","95% EtOH","West Coast","JF2.5",39.5,48.37,-124.791,1000,"Sean McAllister","","6/28/2021 8:42:20 PM","6/28/2021 ","2021/06/28 08:42:00","2021/06/28 00:00:00","2021/06/28 08:42:00",48.37,-124.791,"190106","6",40,"33RO20210613","WCOA2021","JF2.5","19","1","11082","2",3,"2021/06/28 00:00:00",2021,6,28,"20:42:20",179.863,48.37,-124.791,77,39.9,39.5,6.957,33.83,2,-999,9,82.5,2,-999,-999,9,-999,9,-999,9,-999,-999,9,-999,-999,9,-999,9,-999,9,-999,9,-999,9,-999,9,-999,9,-999,9,-999,9,-999,9,-999,9,-999,9,-999,9,-999,9,-999,9,11082,"2021/06/28 20:42:20",6,"11082","6","33.830","6.957","39.9","","","6.957","39.9","-999.0","-999.0","","","","Seawater scale (mol/kg-SW) "," K1, K2 from Mehrbach et al., 1973 refit by Dickson and Millero, 2284","Dickson ","Uppstrom, 2271","","","","","","","","","","","","","","","","","","","","","","","","","","","","","","","","","","","","","",40,39.66,6.9605,33.8324,26.5049,1.9,82.49,0.043,185.84,37.77,"dRB2102_CTD_019_01_F.csv","dRB2102","CTD","019","F.csv"
"E437",1,1,FALSE,"WCOA21","2021_WCOA_RonBrown","6/28/2021",NA,"8:51:55 PM","","E437","190112","12","Niskin; Sterivex 0.22µm filter","95% EtOH","West Coast","JF2.5",3.1,48.37,-124.791,1000,"Sean McAllister","","6/28/2021 8:51:55 PM","6/28/2021 ","2021/06/28 08:51:00","2021/06/28 00:00:00","2021/06/28 08:51:00",48.37,-124.791,"190112","12",3,"33RO20210613","WCOA2021","JF2.5","19","1","11026","2",3,"2021/06/28 00:00:00",2021,6,28,"20:51:55",179.869,48.37,-124.791,77,3.2,3.1,8.236,33.307,2,-999,9,124.5,2,-999,-999,9,-999,9,-999,9,-999,-999,9,-999,-999,9,-999,9,-999,9,-999,9,-999,9,-999,9,-999,9,-999,9,-999,9,-999,9,-999,9,-999,9,-999,9,-999,9,-999,9,11026,"2021/06/28 20:51:55",12,"11026","12","33.307","8.236","3.2","","","8.236","3.2","-999.0","-999.0","","","","Seawater scale (mol/kg-SW) "," K1, K2 from Mehrbach et al., 1973 refit by Dickson and Millero, 2290","Dickson ","Uppstrom, 2277","","","","","","","","","","","","","","","","","","","","","","","","","","","","","","","","","","","","","",3,2.97,8.2055,33.3169,25.9219,2.85,124.23,0.052,187.81,74.94,"dRB2102_CTD_019_01_F.csv","dRB2102","CTD","019","F.csv"
"E438",1,1,FALSE,"WCOA21","2021_WCOA_RonBrown","6/28/2021",NA,"11:21:02 PM","","E438","200102","2","Niskin; Sterivex 0.22µm filter","95% EtOH","West Coast","JF23",249.4,48.131,-125.175,1000,"Sean McAllister","","6/28/2021 11:21:02 PM","6/28/2021 ","2021/06/28 11:21:00","2021/06/28 00:00:00","2021/06/28 11:21:00",48.131,-125.175,"200102","2",249,"33RO20210613","WCOA2021","JF23","20","1","11081","2",3,"2021/06/28 00:00:00",2021,6,28,"23:21:02",179.973,48.131,-125.175,260,251.6,249.4,6.426,33.985,2,-999,9,69.3,2,-999,-999,9,-999,9,-999,9,-999,-999,9,-999,-999,9,-999,9,-999,9,-999,9,-999,9,-999,9,-999,9,-999,9,-999,9,-999,9,-999,9,-999,9,-999,9,-999,9,-999,9,11081,"2021/06/28 23:21:02",2,"11081","2","33.985","6.426","251.6","","","6.426","251.6","-999.0","-999.0","","","","Seawater scale (mol/kg-SW) "," K1, K2 from Mehrbach et al., 1973 refit by Dickson and Millero, 2292","Dickson ","Uppstrom, 2279","","","","","","","","","","","","","","","","","","","","","","","","","","","","","","","","","","","","","",249,246.76,6.4268,33.985,26.6988,1.59,69.21,0.04,199.23,13.34,"dRB2102_CTD_020_01_F.csv","dRB2102","CTD","020","F.csv"
"E439",1,1,FALSE,"WCOA21","2021_WCOA_RonBrown","6/28/2021",NA,"11:24:15 PM","","E439","200104","4","Niskin; Sterivex 0.22µm filter","95% EtOH","West Coast","JF23",198.5,48.131,-125.175,1000,"Sean McAllister","","6/28/2021 11:24:15 PM","6/28/2021 ","2021/06/28 11:24:00","2021/06/28 00:00:00","2021/06/28 11:24:00",48.131,-125.175,"200104","4",198,"33RO20210613","WCOA2021","JF23","20","1","11058","2",3,"2021/06/28 00:00:00",2021,6,28,"23:24:15",179.975,48.131,-125.175,260,200.3,198.5,6.657,33.968,2,-999,9,74.1,2,-999,-999,9,-999,9,-999,9,-999,-999,9,-999,-999,9,-999,9,-999,9,-999,9,-999,9,-999,9,-999,9,15.537,2,-999,9,-999,9,-999,9,-999,9,-999,9,-999,9,-999,9,11058,"2021/06/28 23:24:15",4,"11058","4","33.968","6.657","200.3","","","6.657","200.3","-999.0","-999.0","","","","Seawater scale (mol/kg-SW) "," K1, K2 from Mehrbach et al., 1973 refit by Dickson and Millero, 2294","Dickson ","Uppstrom, 2281","","","","","","","","","","","","","","","","","","","","","","","","","","","","","","","","","","","","","",198,196.24,6.6569,33.9679,26.6544,1.7,74.03,0.04,199.76,65.13,"dRB2102_CTD_020_01_F.csv","dRB2102","CTD","020","F.csv"
"E440",1,1,FALSE,"WCOA21","2021_WCOA_RonBrown","6/28/2021",NA,"11:32:48 PM","","E440","200108","8","Niskin; Sterivex 0.22µm filter","95% EtOH","West Coast","JF23",99.8,48.131,-125.175,1000,"Sean McAllister","","6/28/2021 11:32:48 PM","6/28/2021 ","2021/06/28 11:32:00","2021/06/28 00:00:00","2021/06/28 11:32:00",48.131,-125.175,"200108","8",100,"33RO20210613","WCOA2021","JF23","20","1","11027","2",3,"2021/06/28 00:00:00",2021,6,28,"23:32:48",179.981,48.131,-125.175,260,100.7,99.8,6.994,33.9,2,-999,9,92.3,2,-999,-999,9,-999,9,-999,9,-999,-999,9,-999,-999,9,-999,9,-999,9,-999,9,-999,9,-999,9,-999,9,-999,9,-999,9,-999,9,-999,9,-999,9,-999,9,-999,9,-999,9,11027,"2021/06/28 23:32:48",8,"11027","8","33.900","6.994","100.7","","","6.994","100.7","-999.0","-999.0","","","","Seawater scale (mol/kg-SW) "," K1, K2 from Mehrbach et al., 1973 refit by Dickson and Millero, 2298","Dickson ","Uppstrom, 2285","","","","","","","","","","","","","","","","","","","","","","","","","","","","","","","","","","","","","",100,99.14,6.9533,33.8793,26.5436,2.12,92.34,0.041,201.51,99.71,"dRB2102_CTD_020_01_F.csv","dRB2102","CTD","020","F.csv"
"E441",1,1,FALSE,"WCOA21","2021_WCOA_RonBrown","6/28/2021",NA,"11:50:00 PM","","E441","200118","18","Niskin; Sterivex 0.22µm filter","95% EtOH","West Coast","JF23",3,48.131,-125.174,1000,"Sean McAllister","","6/28/2021 11:50:00 PM","6/28/2021 ","2021/06/28 11:50:00","2021/06/28 00:00:00","2021/06/28 11:50:00",48.131,-125.174,"200118","18",3,"33RO20210613","WCOA2021","JF23","20","1","11002","2",3,"2021/06/28 00:00:00",2021,6,28,"23:50:00",179.993,48.131,-125.174,260,3.1,3,14.959,32.078,2,-999,9,473.3,2,-999,-999,9,-999,9,-999,9,-999,-999,9,-999,-999,9,-999,9,-999,9,-999,9,-999,9,-999,9,16.2,2,-999,9,-999,9,-999,9,-999,9,-999,9,-999,9,-999,9,-999,9,11002,"2021/06/28 23:50:00",18,"11002","18","32.078","14.959","3.1","","","14.959","3.1","-999.0","-999.0","","","","Seawater scale (mol/kg-SW) "," K1, K2 from Mehrbach et al., 1973 refit by Dickson and Millero, 2308","Dickson ","Uppstrom, 2295","","","","","","","","","","","","","","","","","","","","","","","","","","","","","","","","","","","","","",3,2.97,14.3842,32.0662,23.8415,11.07,482.77,0.295,199.72,30.4,"dRB2102_CTD_020_01_F.csv","dRB2102","CTD","020","F.csv"
"E442",1,1,FALSE,"WCOA21","2021_WCOA_RonBrown","6/29/2021",NA,"2:46:47 AM","","E442","210102","2","Niskin; Sterivex 0.22µm filter","95% EtOH","West Coast","JF35",492,47.959,-125.333,1000,"Sean McAllister","","6/29/2021 2:46:47 AM","6/29/2021 ","2021/06/29 02:46:00","2021/06/29 00:00:00","2021/06/29 02:46:00",47.959,-125.333,"210102","2",492,"33RO20210613","WCOA2021","JF35","21","1","11081","3",3,"2021/06/29 00:00:00",2021,6,29,"02:46:47",180.116,47.959,-125.333,503,496.7,492,5.433,34.07,2,-999,9,42.6,2,-999,-999,9,-999,9,-999,9,-999,-999,9,-999,-999,9,-999,9,-999,9,-999,9,-999,9,-999,9,-999,9,-999,9,-999,9,-999,9,-999,9,-999,9,-999,9,-999,9,-999,9,11081,"2021/06/29 02:46:47",2,"11081","2","34.070","5.433","496.7","","","5.433","496.7","-999.0","-999.0","","","","Seawater scale (mol/kg-SW) "," K1, K2 from Mehrbach et al., 1973 refit by Dickson and Millero, 2310","Dickson ","Uppstrom, 2297","","","","","","","","","","","","","","","","","","","","","","","","","","","","","","","","","","","","","",492,487.29,5.43,34.0705,26.8929,0.98,42.51,0.041,176.8,15.59,"dRB2102_CTD_021_01_F.csv","dRB2102","CTD","021","F.csv"
"E443",1,1,FALSE,"WCOA21","2021_WCOA_RonBrown","6/29/2021",NA,"2:51:28 AM","","E443","210103","3","Niskin; Sterivex 0.22µm filter","95% EtOH","West Coast","JF35",396.3,47.959,-125.333,1000,"Sean McAllister","","6/29/2021 2:51:28 AM","6/29/2021 ","2021/06/29 02:51:00","2021/06/29 00:00:00","2021/06/29 02:51:00",47.959,-125.333,"210103","3",396,"33RO20210613","WCOA2021","JF35","21","1","11020","2",3,"2021/06/29 00:00:00",2021,6,29,"02:51:28",180.119,47.959,-125.333,503,400.1,396.3,5.602,34.052,2,-999,9,47.6,2,48.5,1.593,2,2291.7,6,2295.5,2,7.3097,25.06,6,46.58387960655257,25.035,6,75.3,2,2.88,2,38.3,2,0.07,2,0.02,2,-999,9,16.472,2,-999,9,-999,9,-999,9,-999,9,-999,9,-999,9,-999,9,11020,"2021/06/29 02:51:28",3,"11020","3","34.052","5.602","400.1","","","5.602","400.1","2295.5","2291.7","","","","Seawater scale (mol/kg-SW) "," K1, K2 from Mehrbach et al., 1973 refit by Dickson and Millero, 2311","Dickson ","Uppstrom, 2298","34.05199814","5.602000237","400.1000061","0","0","2295.5","2291.699951","7.571619034","1197.404785","1202.307251","2187.327135","42.93870585","61.43403039","21.97052769","0.352103723","0","0","18.97533851","0.951910596","0.603449071","1212.98648","5.602000237","400.1000061","7.571619016","1197.404807","1202.307294","2187.327135","42.93870585","61.43403039","21.97052769","0.352103723","0","0","18.97533851","0.951910596","0.603449071","1212.986482",396,392.3,5.6318,34.0484,26.8503,1.13,49.36,0.04,178.26,99.9,"dRB2102_CTD_021_01_F.csv","dRB2102","CTD","021","F.csv"
"E444",1,1,FALSE,"WCOA21","2021_WCOA_RonBrown","6/29/2021",NA,"3:11:50 AM","","E444","210109","9","Niskin; Sterivex 0.22µm filter","95% EtOH","West Coast","JF35",99.8,47.96,-125.334,1000,"Sean McAllister","","6/29/2021 3:11:50 AM","6/29/2021 ","2021/06/29 03:11:00","2021/06/29 00:00:00","2021/06/29 03:11:00",47.96,-125.334,"210109","9",100,"33RO20210613","WCOA2021","JF35","21","1","12052","2",3,"2021/06/29 00:00:00",2021,6,29,"03:11:50",180.133,47.96,-125.334,503,100.7,99.8,7.547,33.744,2,-999,9,133.3,2,-999,-999,9,-999,9,-999,9,-999,-999,9,-999,-999,9,-999,9,-999,9,-999,9,-999,9,-999,9,-999,9,-999,9,-999,9,-999,9,-999,9,-999,9,-999,9,-999,9,-999,9,12052,"2021/06/29 03:11:50",9,"12052","9","33.744","7.547","100.7","","","7.547","100.7","-999.0","-999.0","","","","Seawater scale (mol/kg-SW) "," K1, K2 from Mehrbach et al., 1973 refit by Dickson and Millero, 2317","Dickson ","Uppstrom, 2304","","","","","","","","","","","","","","","","","","","","","","","","","","","","","","","","","","","","","",100,99.14,7.6057,33.7358,26.3396,3.06,133.04,0.041,180.19,99.54,"dRB2102_CTD_021_01_F.csv","dRB2102","CTD","021","F.csv"
"E445",1,1,FALSE,"WCOA21","2021_WCOA_RonBrown","6/29/2021",NA,"3:33:45 AM","","E445","210119","19","Niskin; Sterivex 0.22µm filter","95% EtOH","West Coast","JF35",3.4,47.961,-125.333,1000,"Sean McAllister","","6/29/2021 3:33:45 AM","6/29/2021 ","2021/06/29 03:33:00","2021/06/29 00:00:00","2021/06/29 03:33:00",47.961,-125.333,"210119","19",3,"33RO20210613","WCOA2021","JF35","21","1","11028","2",3,"2021/06/29 00:00:00",2021,6,29,"03:33:45",180.148,47.961,-125.333,503,3.4,3.4,14.443,31.533,2,-999,9,374.5,2,-999,-999,9,-999,9,-999,9,-999,-999,9,-999,-999,9,-999,9,-999,9,-999,9,-999,9,-999,9,-999,9,-999,9,-999,9,-999,9,-999,9,-999,9,-999,9,-999,9,-999,9,11028,"2021/06/29 03:33:45",19,"11028","19","31.533","14.443","3.4","","","14.443","3.4","-999.0","-999.0","","","","Seawater scale (mol/kg-SW) "," K1, K2 from Mehrbach et al., 1973 refit by Dickson and Millero, 2327","Dickson ","Uppstrom, 2314","","","","","","","","","","","","","","","","","","","","","","","","","","","","","","","","","","","","","",3,2.97,13.8219,31.5354,23.5474,8.58,374.47,0.124,179.07,99.1,"dRB2102_CTD_021_01_F.csv","dRB2102","CTD","021","F.csv"
"E446.1B",1,1,FALSE,"WCOA21","2021_WCOA_RonBrown","6/29/2021",NA,"9:24:15 AM","","E446.1B","220101","1","Niskin; Sterivex 0.22µm filter","95% EtOH","West Coast","ChaBa",77.1,47.954,-124.907,1000,"Sean McAllister","","6/29/2021 9:24:15 AM","6/29/2021 ","2021/06/29 09:24:00","2021/06/29 00:00:00","2021/06/29 09:24:00",47.954,-124.907,"220101","1",77,"33RO20210613","WCOA2021","ChaBa","22","1","11031","2",0,"2021/06/29 00:00:00",2021,6,29,"09:24:15",180.392,47.954,-124.907,87,77.8,77.1,7.326,33.725,2,33.7138,2,75.7,2,75.3,2.473,6,2246.1,2,2255.2,6,7.3319,25,2,47.368493608299694,24.971666666666664,2,53.7,6,2.56,6,31.7,6,0.26,6,0.96,6,1.3,2,263.747,6,-999,9,-999,9,-999,9,-999,9,-999,9,-999,9,-999,9,11031,"2021/06/29 09:24:15",1,"11031","1","33.725","7.326","77.8","","","7.326","77.8","2255.2","2246.1","","","","Seawater scale (mol/kg-SW) "," K1, K2 from Mehrbach et al., 1973 refit by Dickson and Millero, 2328","Dickson ","Uppstrom, 2315","33.72499847","7.326000214","77.80000305","0","0","2255.199951","2246.100098","7.580531597","1206.699829","1211.529419","2142.984191","44.72780962","58.38798961","22.36923761","0.417634579","0","0","18.79932602","1.058078059","0.669301295","1223.664156","7.326000214","77.80000305","7.580531567","1206.699869","1211.529322","2142.984191","44.72780962","58.38798961","22.36923761","0.417634579","0","0","18.79932602","1.058078059","0.669301295","1223.664113",77,76.34,7.3332,33.7225,26.3674,1.74,75.73,0.05,144.83,11.29,"dRB2102_CTD_022_01_F.csv","dRB2102","CTD","022","F.csv"
"E446.2B",2,1,FALSE,"WCOA21","2021_WCOA_RonBrown","6/29/2021",NA,"9:24:20 AM","","E446.2B","220102","2","Niskin; Sterivex 0.22µm filter","95% EtOH","West Coast","ChaBa",76.2,47.954,-124.907,1000,"Sean McAllister","","6/29/2021 9:24:20 AM","6/29/2021 ","2021/06/29 09:24:00","2021/06/29 00:00:00","2021/06/29 09:24:00",47.954,-124.907,"220102","2",76,"33RO20210613","WCOA2021","ChaBa","22","1","11081","2",0,"2021/06/29 00:00:00",2021,6,29,"09:24:20",180.392,47.954,-124.907,87,76.9,76.2,7.347,33.719,2,-999,9,75.7,2,-999,-999,9,-999,9,-999,9,-999,-999,9,-999,-999,9,-999,9,-999,9,-999,9,-999,9,-999,9,-999,9,-999,9,1730,2,3270,2,321,2,0,2,1570000,2,1080000,2,317000,2,11081,"2021/06/29 09:24:20",2,"11081","2","33.719","7.347","76.9","","","7.347","76.9","-999.0","-999.0","","","","Seawater scale (mol/kg-SW) "," K1, K2 from Mehrbach et al., 1973 refit by Dickson and Millero, 2329","Dickson ","Uppstrom, 2316","","","","","","","","","","","","","","","","","","","","","","","","","","","","","","","","","","","","","",76,75.35,7.3694,33.7095,26.3521,1.79,77.73,0.051,144.86,12.23,"dRB2102_CTD_022_01_F.csv","dRB2102","CTD","022","F.csv"
"E446.3B",3,1,FALSE,"WCOA21","2021_WCOA_RonBrown","6/29/2021",NA,"9:24:24 AM","","E446.3B","220103","3","Niskin; Sterivex 0.22µm filter","95% EtOH","West Coast","ChaBa",76.5,47.954,-124.907,1000,"Sean McAllister","","6/29/2021 9:24:24 AM","6/29/2021 ","2021/06/29 09:24:00","2021/06/29 00:00:00","2021/06/29 09:24:00",47.954,-124.907,"220103","3",76,"33RO20210613","WCOA2021","ChaBa","22","1","11020","2",0,"2021/06/29 00:00:00",2021,6,29,"09:24:24",180.392,47.954,-124.907,87,77.2,76.5,7.338,33.722,2,-999,9,75.7,2,-999,-999,9,-999,9,-999,9,-999,-999,9,-999,-999,9,-999,9,-999,9,-999,9,-999,9,-999,9,-999,9,-999,9,-999,9,-999,9,-999,9,-999,9,-999,9,-999,9,-999,9,11020,"2021/06/29 09:24:24",3,"11020","3","33.722","7.338","77.2","","","7.338","77.2","-999.0","-999.0","","","","Seawater scale (mol/kg-SW) "," K1, K2 from Mehrbach et al., 1973 refit by Dickson and Millero, 2330","Dickson ","Uppstrom, 2317","","","","","","","","","","","","","","","","","","","","","","","","","","","","","","","","","","","","","",76,75.35,7.3694,33.7095,26.3521,1.79,77.73,0.051,144.86,12.23,"dRB2102_CTD_022_01_F.csv","dRB2102","CTD","022","F.csv"
"E447.1B",1,1,FALSE,"WCOA21","2021_WCOA_RonBrown","6/29/2021",NA,"9:39:40 AM","","E447.1B","220110","10","Niskin; Sterivex 0.22µm filter","95% EtOH","West Coast","ChaBa",10.8,47.954,-124.907,1000,"Sean McAllister","Mid samples changed to DCM. No deployed niskins at 50-20m range with enough water for replicates.","6/29/2021 9:39:40 AM","6/29/2021 ","2021/06/29 09:39:00","2021/06/29 00:00:00","2021/06/29 09:39:00",47.954,-124.907,"220110","10",11,"33RO20210613","WCOA2021","ChaBa","22","1","11067","2",0,"2021/06/29 00:00:00",2021,6,29,"09:39:40",180.403,47.954,-124.907,87,10.9,10.8,15.44,31.775,2,-999,9,278.5,2,271.1,8.878,2,1940.5,2,2165.3,2,7.952,25,2,153.26606685840758,24.971666666666664,2,-999,9,-999,9,-999,9,-999,9,-999,9,-999,9,-999,9,-999,9,-999,9,-999,9,-999,9,-999,9,-999,9,-999,9,11067,"2021/06/29 09:39:40",10,"11067","10","31.775","15.440","10.9","","","15.440","10.9","2165.3","1940.5","","","","Seawater scale (mol/kg-SW) "," K1, K2 from Mehrbach et al., 1973 refit by Dickson and Millero, 2337","Dickson ","Uppstrom, 2324","31.77499962","15.43999958","10.89999962","0","0","2165.300049","1940.5","8.10234642","322.0710449","323.231781","1767.757666","160.6207338","12.12159149","73.2809761","3.028020127","0","0","11.05775976","3.903942583","2.493392109","328.8214169","15.43999958","10.89999962","8.102346686","322.0710414","323.2317693","1767.757666","160.6207338","12.12159149","73.2809761","3.028020127","0","0","11.05775976","3.903942583","2.493392109","328.8214177",11,10.91,12.2854,31.9545,24.1718,6.49,282.93,0.069,143.18,77.36,"dRB2102_CTD_022_01_F.csv","dRB2102","CTD","022","F.csv"
"E447.2B",2,1,FALSE,"WCOA21","2021_WCOA_RonBrown","6/29/2021",NA,"9:39:43 AM","","E447.2B","220111","11","Niskin; Sterivex 0.22µm filter","95% EtOH","West Coast","ChaBa",10.8,47.954,-124.907,1000,"Sean McAllister","","6/29/2021 9:39:43 AM","6/29/2021 ","2021/06/29 09:39:00","2021/06/29 00:00:00","2021/06/29 09:39:00",47.954,-124.907,"220111","11",11,"33RO20210613","WCOA2021","ChaBa","22","1","11023","2",0,"2021/06/29 00:00:00",2021,6,29,"09:39:43",180.403,47.954,-124.907,87,10.9,10.8,15.477,31.772,2,31.8209,3,278.5,2,-999,-999,9,-999,9,-999,9,-999,-999,9,-999,-999,9,-999,9,-999,9,-999,9,-999,9,-999,9,-999,9,-999,9,-999,9,-999,9,-999,9,-999,9,-999,9,-999,9,-999,9,11023,"2021/06/29 09:39:43",11,"11023","11","31.772","15.477","10.9","","","15.477","10.9","-999.0","-999.0","","","","Seawater scale (mol/kg-SW) "," K1, K2 from Mehrbach et al., 1973 refit by Dickson and Millero, 2338","Dickson ","Uppstrom, 2325","","","","","","","","","","","","","","","","","","","","","","","","","","","","","","","","","","","","","",11,10.91,12.2854,31.9545,24.1718,6.49,282.93,0.069,143.18,77.36,"dRB2102_CTD_022_01_F.csv","dRB2102","CTD","022","F.csv"
"E447.3B",3,1,FALSE,"WCOA21","2021_WCOA_RonBrown","6/29/2021",NA,"9:39:48 AM","","E447.3B","220112","12","Niskin; Sterivex 0.22µm filter","95% EtOH","West Coast","ChaBa",10.8,47.954,-124.907,1000,"Sean McAllister","","6/29/2021 9:39:48 AM","6/29/2021 ","2021/06/29 09:39:00","2021/06/29 00:00:00","2021/06/29 09:39:00",47.954,-124.907,"220112","12",11,"33RO20210613","WCOA2021","ChaBa","22","1","11026","2",0,"2021/06/29 00:00:00",2021,6,29,"09:39:48",180.403,47.954,-124.907,87,10.9,10.8,15.449,31.775,2,-999,9,278.5,2,285.6,9.353,2,1946.7,2,2164.6,2,-999,-999,9,-999,-999,9,6.7,2,0.4,2,0.3,2,0.05,2,0.19,2,-999,9,32.597,2,-999,9,-999,9,-999,9,-999,9,-999,9,-999,9,-999,9,11026,"2021/06/29 09:39:48",12,"11026","12","31.775","15.449","10.9","","","15.449","10.9","2164.6","1946.7","","","","Seawater scale (mol/kg-SW) "," K1, K2 from Mehrbach et al., 1973 refit by Dickson and Millero, 2339","Dickson ","Uppstrom, 2326","31.77499962","15.44900036","10.89999962","0","0","2164.600098","1946.699951","8.087748528","335.0018005","336.2089844","1777.84328","156.2518053","12.60483692","71.33114344","2.930481515","0","0","11.24131547","3.797786006","2.42563908","342.0264734","15.44900036","10.89999962","8.087748661","335.0018032","336.208995","1777.84328","156.2518053","12.60483692","71.33114344","2.930481515","0","0","11.24131547","3.797786006","2.42563908","342.0264766",11,10.91,12.2854,31.9545,24.1718,6.49,282.93,0.069,143.18,77.36,"dRB2102_CTD_022_01_F.csv","dRB2102","CTD","022","F.csv"
"E448.1B",1,1,FALSE,"WCOA21","2021_WCOA_RonBrown","6/29/2021",NA,"9:41:52 AM","","E448.1B","220114","14","Niskin; Sterivex 0.22µm filter","95% EtOH","West Coast","ChaBa",3.3,47.954,-124.907,1000,"Sean McAllister","","6/29/2021 9:41:52 AM","6/29/2021 ","2021/06/29 09:41:00","2021/06/29 00:00:00","2021/06/29 09:41:00",47.954,-124.907,"220114","14",3,"33RO20210613","WCOA2021","ChaBa","22","1","11011","2",0,"2021/06/29 00:00:00",2021,6,29,"09:41:52",180.404,47.954,-124.907,87,3.3,3.3,15.506,31.77,2,-999,9,278.2,2,-999,-999,9,-999,9,-999,9,-999,-999,9,-999,-999,9,-999,9,-999,9,-999,9,-999,9,-999,9,-999,9,-999,9,281500,2,16700,2,459,2,39.1,2,6080000,2,2870000,2,4840000,2,11011,"2021/06/29 09:41:52",14,"11011","14","31.770","15.506","3.3","","","15.506","3.3","-999.0","-999.0","","","","Seawater scale (mol/kg-SW) "," K1, K2 from Mehrbach et al., 1973 refit by Dickson and Millero, 2341","Dickson ","Uppstrom, 2328","","","","","","","","","","","","","","","","","","","","","","","","","","","","","","","","","","","","","",3,2.97,15.4574,31.7793,23.3915,6.37,278.15,0.061,142.38,85.54,"dRB2102_CTD_022_01_F.csv","dRB2102","CTD","022","F.csv"
"E448.2B",2,1,FALSE,"WCOA21","2021_WCOA_RonBrown","6/29/2021",NA,"9:41:55 AM","","E448.2B","220115","15","Niskin; Sterivex 0.22µm filter","95% EtOH","West Coast","ChaBa",2.9,47.954,-124.907,1000,"Sean McAllister","","6/29/2021 9:41:55 AM","6/29/2021 ","2021/06/29 09:41:00","2021/06/29 00:00:00","2021/06/29 09:41:00",47.954,-124.907,"220115","15",3,"33RO20210613","WCOA2021","ChaBa","22","1","11053","2",0,"2021/06/29 00:00:00",2021,6,29,"09:41:55",180.404,47.954,-124.907,87,3,2.9,15.502,31.77,2,-999,9,278.2,2,-999,-999,9,-999,9,-999,9,-999,-999,9,-999,-999,9,-999,9,-999,9,-999,9,-999,9,-999,9,-999,9,-999,9,-999,9,-999,9,-999,9,-999,9,-999,9,-999,9,-999,9,11053,"2021/06/29 09:41:55",15,"11053","15","31.770","15.502","3.0","","","15.502","3.0","-999.0","-999.0","","","","Seawater scale (mol/kg-SW) "," K1, K2 from Mehrbach et al., 1973 refit by Dickson and Millero, 2342","Dickson ","Uppstrom, 2329","","","","","","","","","","","","","","","","","","","","","","","","","","","","","","","","","","","","","",3,2.97,15.4574,31.7793,23.3915,6.37,278.15,0.061,142.38,85.54,"dRB2102_CTD_022_01_F.csv","dRB2102","CTD","022","F.csv"
"E448.3B",3,1,FALSE,"WCOA21","2021_WCOA_RonBrown","6/29/2021",NA,"9:41:57 AM","","E448.3B","220116","16","Niskin; Sterivex 0.22µm filter","95% EtOH","West Coast","ChaBa",3.1,47.954,-124.907,1000,"Sean McAllister","","6/29/2021 9:41:57 AM","6/29/2021 ","2021/06/29 09:41:00","2021/06/29 00:00:00","2021/06/29 09:41:00",47.954,-124.907,"220116","16",3,"33RO20210613","WCOA2021","ChaBa","22","1","11032","2",0,"2021/06/29 00:00:00",2021,6,29,"09:41:57",180.404,47.954,-124.907,87,3.1,3.1,15.496,31.771,2,-999,9,278.2,2,-999,-999,9,-999,9,-999,9,-999,-999,9,-999,-999,9,-999,9,-999,9,-999,9,-999,9,-999,9,-999,9,-999,9,-999,9,-999,9,-999,9,-999,9,-999,9,-999,9,-999,9,11032,"2021/06/29 09:41:57",16,"11032","16","31.771","15.496","3.1","","","15.496","3.1","-999.0","-999.0","","","","Seawater scale (mol/kg-SW) "," K1, K2 from Mehrbach et al., 1973 refit by Dickson and Millero, 2343","Dickson ","Uppstrom, 2330","","","","","","","","","","","","","","","","","","","","","","","","","","","","","","","","","","","","","",3,2.97,15.4574,31.7793,23.3915,6.37,278.15,0.061,142.38,85.54,"dRB2102_CTD_022_01_F.csv","dRB2102","CTD","022","F.csv"
"E449.1B",1,1,FALSE,"WCOA21","2021_WCOA_RonBrown","6/29/2021",NA,"11:47:02 AM","","E449.1B","230101","1","Niskin; Sterivex 0.22µm filter","95% EtOH","West Coast","Sokul",25.7,47.946,-124.746,1000,"Sean McAllister","","6/29/2021 11:47:02 AM","6/29/2021 ","2021/06/29 11:47:00","2021/06/29 00:00:00","2021/06/29 11:47:00",47.946,-124.746,"230101","1",26,"33RO20210613","WCOA2021","Sokul","23","1","11031","2",0,"2021/06/29 00:00:00",2021,6,29,"11:47:02",180.491,47.946,-124.746,36,26,25.7,8.269,33.447,2,33.4379,2,50.3,2,49.2,1.614,6,2265.1,6,2251.8,6,7.2534,25.1,2,39.79331725733398,24.938333333333333,2,51.3,2,2.71,2,25.6,2,0.5,2,5.15,2,-999,9,65.973,6,-999,9,-999,9,-999,9,-999,9,-999,9,-999,9,-999,9,11031,"2021/06/29 11:47:02",1,"11031","1","33.447","8.269","26.0","","","8.269","26.0","2251.8","2265.1","","","","Seawater scale (mol/kg-SW) "," K1, K2 from Mehrbach et al., 1973 refit by Dickson and Millero, 2345","Dickson ","Uppstrom, 2332","33.4469986","8.269000053","26","0","0","2251.800049","2265.100098","7.494777203","1499.680054","1505.608276","2156.731073","38.00211987","70.36694206","18.72243354","0.37498766","0","0","18.43688344","0.90928261","0.575314728","1521.703462","8.269000053","26","7.494777034","1499.680097","1505.608332","2156.731073","38.00211987","70.36694206","18.72243354","0.37498766","0","0","18.43688344","0.90928261","0.575314728","1521.703473",26,25.78,8.265,33.452,26.0193,1.11,48.46,0.168,156.77,10.23,"dRB2102_CTD_023_01_F.csv","dRB2102","CTD","023","F.csv"
"E449.2B",2,1,FALSE,"WCOA21","2021_WCOA_RonBrown","6/29/2021",NA,"11:47:04 AM","","E449.2B","230102","2","Niskin; Sterivex 0.22µm filter","95% EtOH","West Coast","Sokul",25.3,47.946,-124.746,1000,"Sean McAllister","","6/29/2021 11:47:04 AM","6/29/2021 ","2021/06/29 11:47:00","2021/06/29 00:00:00","2021/06/29 11:47:00",47.946,-124.746,"230102","2",25,"33RO20210613","WCOA2021","Sokul","23","1","11081","2",0,"2021/06/29 00:00:00",2021,6,29,"11:47:04",180.491,47.946,-124.746,36,25.6,25.3,8.274,33.443,2,-999,9,50.3,2,-999,-999,9,-999,9,-999,9,-999,-999,9,-999,-999,9,-999,9,-999,9,-999,9,-999,9,-999,9,-999,9,-999,9,13200,2,8360,2,796,2,0,2,3900000,2,2270000,2,1390000,2,11081,"2021/06/29 11:47:04",2,"11081","2","33.443","8.274","25.6","","","8.274","25.6","-999.0","-999.0","","","","Seawater scale (mol/kg-SW) "," K1, K2 from Mehrbach et al., 1973 refit by Dickson and Millero, 2346","Dickson ","Uppstrom, 2333","","","","","","","","","","","","","","","","","","","","","","","","","","","","","","","","","","","","","",25,24.79,8.2735,33.443600000000004,26.0114,1.15,50.25,0.172,156.75,11.33,"dRB2102_CTD_023_01_F.csv","dRB2102","CTD","023","F.csv"
"E449.3B",3,1,FALSE,"WCOA21","2021_WCOA_RonBrown","6/29/2021",NA,"11:47:10 AM","","E449.3B","230103","3","Niskin; Sterivex 0.22µm filter","95% EtOH","West Coast","Sokul",26,47.946,-124.746,1000,"Sean McAllister","","6/29/2021 11:47:10 AM","6/29/2021 ","2021/06/29 11:47:00","2021/06/29 00:00:00","2021/06/29 11:47:00",47.946,-124.746,"230103","3",26,"33RO20210613","WCOA2021","Sokul","23","1","11020","2",0,"2021/06/29 00:00:00",2021,6,29,"11:47:10",180.491,47.946,-124.746,36,26.2,26,8.265,33.452,2,-999,9,48.5,2,-999,-999,9,-999,9,-999,9,-999,-999,9,-999,-999,9,-999,9,-999,9,-999,9,-999,9,-999,9,-999,9,-999,9,-999,9,-999,9,-999,9,-999,9,-999,9,-999,9,-999,9,11020,"2021/06/29 11:47:10",3,"11020","3","33.452","8.265","26.2","","","8.265","26.2","-999.0","-999.0","","","","Seawater scale (mol/kg-SW) "," K1, K2 from Mehrbach et al., 1973 refit by Dickson and Millero, 2347","Dickson ","Uppstrom, 2334","","","","","","","","","","","","","","","","","","","","","","","","","","","","","","","","","","","","","",26,25.78,8.265,33.452,26.0193,1.11,48.46,0.168,156.77,10.23,"dRB2102_CTD_023_01_F.csv","dRB2102","CTD","023","F.csv"
"E450.1B",1,1,FALSE,"WCOA21","2021_WCOA_RonBrown","6/29/2021",NA,"11:56:50 AM","","E450.1B","230110","10","Niskin; Sterivex 0.22µm filter","95% EtOH","West Coast","Sokul",3.1,47.946,-124.746,1000,"Sean McAllister","","6/29/2021 11:56:50 AM","6/29/2021 ","2021/06/29 11:56:00","2021/06/29 00:00:00","2021/06/29 11:56:00",47.946,-124.746,"230110","10",3,"33RO20210613","WCOA2021","Sokul","23","1","11067","2",0,"2021/06/29 00:00:00",2021,6,29,"11:56:50",180.498,47.946,-124.746,36,3.1,3.1,16.378,32.069,2,-999,9,418.5,2,-999,-999,9,-999,9,-999,9,-999,-999,9,-999,-999,9,-999,9,-999,9,-999,9,-999,9,-999,9,-999,9,-999,9,82450,2,7020,2,2000,2,0,2,8060000,2,4740000,2,2520000,2,11067,"2021/06/29 11:56:50",10,"11067","10","32.069","16.378","3.1","","","16.378","3.1","-999.0","-999.0","","","","Seawater scale (mol/kg-SW) "," K1, K2 from Mehrbach et al., 1973 refit by Dickson and Millero, 2354","Dickson ","Uppstrom, 2341","","","","","","","","","","","","","","","","","","","","","","","","","","","","","","","","","","","","","",3,2.97,16.4253,32.0554,23.3879,9.43,411.3,0.25,151.16,33.98,"dRB2102_CTD_023_01_F.csv","dRB2102","CTD","023","F.csv"
"E450.2B",2,1,FALSE,"WCOA21","2021_WCOA_RonBrown","6/29/2021",NA,"11:56:54 AM","","E450.2B","230111","11","Niskin; Sterivex 0.22µm filter","95% EtOH","West Coast","Sokul",3.6,47.946,-124.746,1000,"Sean McAllister","","6/29/2021 11:56:54 AM","6/29/2021 ","2021/06/29 11:56:00","2021/06/29 00:00:00","2021/06/29 11:56:00",47.946,-124.746,"230111","11",4,"33RO20210613","WCOA2021","Sokul","23","1","11023","2",0,"2021/06/29 00:00:00",2021,6,29,"11:56:54",180.498,47.946,-124.746,36,3.6,3.6,16.375,32.069,2,-999,9,418.5,2,-999,-999,9,-999,9,-999,9,-999,-999,9,-999,-999,9,-999,9,-999,9,-999,9,-999,9,-999,9,6.7,2,-999,9,-999,9,-999,9,-999,9,-999,9,-999,9,-999,9,-999,9,11023,"2021/06/29 11:56:54",11,"11023","11","32.069","16.375","3.6","","","16.375","3.6","-999.0","-999.0","","","","Seawater scale (mol/kg-SW) "," K1, K2 from Mehrbach et al., 1973 refit by Dickson and Millero, 2355","Dickson ","Uppstrom, 2342","","","","","","","","","","","","","","","","","","","","","","","","","","","","","","","","","","","","","",4,3.97,16.4178,32.0579,23.3916,9.47,413.4,0.247,151.4,32.7,"dRB2102_CTD_023_01_F.csv","dRB2102","CTD","023","F.csv"
"E450.3B",3,1,FALSE,"WCOA21","2021_WCOA_RonBrown","6/29/2021",NA,"11:56:57 AM","","E450.3B","230112","12","Niskin; Sterivex 0.22µm filter","95% EtOH","West Coast","Sokul",3.6,47.946,-124.746,1000,"Sean McAllister","","6/29/2021 11:56:57 AM","6/29/2021 ","2021/06/29 11:56:00","2021/06/29 00:00:00","2021/06/29 11:56:00",47.946,-124.746,"230112","12",4,"33RO20210613","WCOA2021","Sokul","23","1","11026","2",0,"2021/06/29 00:00:00",2021,6,29,"11:56:57",180.498,47.946,-124.746,36,3.6,3.6,16.371,32.071,2,-999,9,418.5,2,-999,-999,9,-999,9,-999,9,-999,-999,9,-999,-999,9,-999,9,-999,9,-999,9,-999,9,-999,9,-999,9,-999,9,-999,9,-999,9,-999,9,-999,9,-999,9,-999,9,-999,9,11026,"2021/06/29 11:56:57",12,"11026","12","32.071","16.371","3.6","","","16.371","3.6","-999.0","-999.0","","","","Seawater scale (mol/kg-SW) "," K1, K2 from Mehrbach et al., 1973 refit by Dickson and Millero, 2356","Dickson ","Uppstrom, 2343","","","","","","","","","","","","","","","","","","","","","","","","","","","","","","","","","","","","","",4,3.97,16.4178,32.0579,23.3916,9.47,413.4,0.247,151.4,32.7,"dRB2102_CTD_023_01_F.csv","dRB2102","CTD","023","F.csv"
"E451",1,1,FALSE,"WCOA21","2021_WCOA_RonBrown","6/29/2021",NA,"4:26:47 PM","","E451","240101","1","Niskin; Sterivex 0.22µm filter","95% EtOH","West Coast","JF54",1232.8,47.68,-125.579,1000,"Sean McAllister","","6/29/2021 4:26:47 PM","6/29/2021 ","2021/06/29 04:26:00","2021/06/29 00:00:00","2021/06/29 04:26:00",47.68,-125.579,"240101","1",1233,"33RO20210613","WCOA2021","JF54","24","1","11031","2",3,"2021/06/29 00:00:00",2021,6,29,"16:26:47",180.685,47.68,-125.579,1243,1246.9,1232.8,3.268,34.452,2,34.4496,2,19.4,2,17.3,0.568,6,2380,2,2379.4,6,7.312,25.1,2,48.17089626420919,25.035,2,140.2,2,3.23,2,43.5,2,0.02,2,0.04,2,-999,9,3.856,6,-999,9,-999,9,-999,9,-999,9,-999,9,-999,9,-999,9,11031,"2021/06/29 16:26:47",1,"11031","1","34.452","3.268","1246.9","","","3.268","1246.9","2379.4","2380.0","","","","Seawater scale (mol/kg-SW) "," K1, K2 from Mehrbach et al., 1973 refit by Dickson and Millero, 2357","Dickson ","Uppstrom, 2344","34.45199966","3.267999887","1246.900024","0","0","2379.399902","2380","7.553571224","1160.124512","1165.024292","2273.76968","41.60019396","64.63008802","22.17442101","0.283875135","0","0","19.32830031","0.775267396","0.495597112","1173.797351","3.267999887","1246.900024","7.553571175","1160.124553","1165.024224","2273.76968","41.60019396","64.63008802","22.17442101","0.283875135","0","0","19.32830031","0.775267396","0.495597112","1173.797337",1233,1219.08,3.2962,34.4483,27.4255,0.44,19.3,0.042,138.95,24.74,"dRB2102_CTD_024_01_F.csv","dRB2102","CTD","024","F.csv"
"E452",1,1,FALSE,"WCOA21","2021_WCOA_RonBrown","6/29/2021",NA,"4:33:31 PM","","E452","240103","3","Niskin; Sterivex 0.22µm filter","95% EtOH","West Coast","JF54",988.6,47.68,-125.578,1000,"Sean McAllister","","6/29/2021 4:33:31 PM","6/29/2021 ","2021/06/29 04:33:00","2021/06/29 00:00:00","2021/06/29 04:33:00",47.68,-125.578,"240103","3",989,"33RO20210613","WCOA2021","JF54","24","1","11020","2",3,"2021/06/29 00:00:00",2021,6,29,"16:33:31",180.69,47.68,-125.578,1243,999.3,988.6,3.728,34.387,2,-999,9,14,2,11.4,0.376,2,2369.2,2,2366.7,2,7.2912,25.1,6,46.32623183425707,25.035,6,126.6,2,3.24,2,43.6,2,0.01,2,0.04,2,-999,9,2.253,2,-999,9,-999,9,-999,9,-999,9,-999,9,-999,9,-999,9,11020,"2021/06/29 16:33:31",3,"11020","3","34.387","3.728","999.3","","","3.728","999.3","2366.7","2369.2","","","","Seawater scale (mol/kg-SW) "," K1, K2 from Mehrbach et al., 1973 refit by Dickson and Millero, 2359","Dickson ","Uppstrom, 2346","34.38700104","3.727999926","999.2999878","0","0","2366.699951","2369.199951","7.551179886","1197.189941","1202.215088","2262.415893","41.18491154","65.5990748","21.65246612","0.29036496","0","0","19.21287354","0.807496361","0.514828279","1211.569783","3.727999926","999.2999878","7.55118003","1197.189871","1202.215111","2262.415893","41.18491154","65.5990748","21.65246612","0.29036496","0","0","19.21287354","0.807496361","0.514828279","1211.569803",989,978.4,3.7434,34.3835,27.3291,0.32,13.98,0.041,140.05,100,"dRB2102_CTD_024_01_F.csv","dRB2102","CTD","024","F.csv"
"E453",1,1,FALSE,"WCOA21","2021_WCOA_RonBrown","6/29/2021",NA,"5:04:03 PM","","E453","240112","12","Niskin; Sterivex 0.22µm filter","95% EtOH","West Coast","JF54",99.4,47.68,-125.577,1000,"Sean McAllister","","6/29/2021 5:04:03 PM","6/29/2021 ","2021/06/29 05:04:00","2021/06/29 00:00:00","2021/06/29 05:04:00",47.68,-125.577,"240112","12",99,"33RO20210613","WCOA2021","JF54","24","1","11026","2",3,"2021/06/29 00:00:00",2021,6,29,"17:04:03",180.711,47.68,-125.577,1243,100.2,99.4,7.623,33.051,2,-999,9,200.1,2,-999,-999,9,-999,9,-999,9,-999,-999,9,-999,-999,9,-999,9,-999,9,-999,9,-999,9,-999,9,-999,9,-999,9,-999,9,-999,9,-999,9,-999,9,-999,9,-999,9,-999,9,11026,"2021/06/29 17:04:03",12,"11026","12","33.051","7.623","100.2","","","7.623","100.2","-999.0","-999.0","","","","Seawater scale (mol/kg-SW) "," K1, K2 from Mehrbach et al., 1973 refit by Dickson and Millero, 2368","Dickson ","Uppstrom, 2355","","","","","","","","","","","","","","","","","","","","","","","","","","","","","","","","","","","","","",99,98.15,7.6298,33.0363,25.7864,4.66,203.01,0.042,141.65,99.29,"dRB2102_CTD_024_01_F.csv","dRB2102","CTD","024","F.csv"
"E454",1,1,FALSE,"WCOA21","2021_WCOA_RonBrown","6/29/2021",NA,"5:25:37 PM","","E454","240123","23","Niskin; Sterivex 0.22µm filter","95% EtOH","West Coast","JF54",3.8,47.68,-125.576,1000,"Sean McAllister","","6/29/2021 5:25:37 PM","6/29/2021 ","2021/06/29 05:25:00","2021/06/29 00:00:00","2021/06/29 05:25:00",47.68,-125.576,"240123","23",4,"33RO20210613","WCOA2021","JF54","24","1","11061","2",3,"2021/06/29 00:00:00",2021,6,29,"17:25:37",180.726,47.68,-125.576,1243,3.8,3.8,16.546,31.893,2,-999,9,259.9,2,-999,-999,9,-999,9,-999,9,-999,-999,9,-999,-999,9,-999,9,-999,9,-999,9,-999,9,-999,9,-999,9,-999,9,-999,9,-999,9,-999,9,-999,9,-999,9,-999,9,-999,9,11061,"2021/06/29 17:25:37",23,"11061","23","31.893","16.546","3.8","","","16.546","3.8","-999.0","-999.0","","","","Seawater scale (mol/kg-SW) "," K1, K2 from Mehrbach et al., 1973 refit by Dickson and Millero, 2379","Dickson ","Uppstrom, 2366","","","","","","","","","","","","","","","","","","","","","","","","","","","","","","","","","","","","","",4,3.97,15.8405,31.8849,23.3885,5.98,260.99,0.048,140.84,99.77,"dRB2102_CTD_024_01_F.csv","dRB2102","CTD","024","F.csv"
"E455",1,1,FALSE,"WCOA21","2021_WCOA_RonBrown","6/29/2021",NA,"9:39:08 PM","","E455","250102","2","Niskin; Sterivex 0.22µm filter","95% EtOH","West Coast","Kalaloch",14,47.638,-124.487,1000,"Sean McAllister","","6/29/2021 9:39:08 PM","6/29/2021 ","2021/06/29 09:39:00","2021/06/29 00:00:00","2021/06/29 09:39:00",47.638,-124.487,"250102","2",14,"33RO20210613","WCOA2021","Kalaloch","25","1","11081","2",0,"2021/06/29 00:00:00",2021,6,29,"21:39:08",180.902,47.638,-124.487,24,14.1,14,12.333,32.278,2,-999,9,410.1,2,-999,-999,9,-999,9,-999,9,-999,-999,9,-999,-999,9,-999,9,-999,9,-999,9,-999,9,-999,9,-999,9,-999,9,16950,2,5240,2,1390,2,0,2,6110000,2,4150000,2,1520000,2,11081,"2021/06/29 21:39:08",2,"11081","2","32.278","12.333","14.1","","","12.333","14.1","-999.0","-999.0","","","","Seawater scale (mol/kg-SW) "," K1, K2 from Mehrbach et al., 1973 refit by Dickson and Millero, 2381","Dickson ","Uppstrom, 2368","","","","","","","","","","","","","","","","","","","","","","","","","","","","","","","","","","","","","",14,13.88,12.6135,32.2346,24.3266,9.41,410.25,0.204,132.51,10.53,"dRB2102_CTD_025_01_F.csv","dRB2102","CTD","025","F.csv"
"E456",1,1,FALSE,"WCOA21","2021_WCOA_RonBrown","6/29/2021",NA,"9:44:55 PM","","E456","250106","6","Niskin; Sterivex 0.22µm filter","95% EtOH","West Coast","Kalaloch",3.3,47.638,-124.487,1000,"Sean McAllister","","6/29/2021 9:44:55 PM","6/29/2021 ","2021/06/29 09:44:00","2021/06/29 00:00:00","2021/06/29 09:44:00",47.638,-124.487,"250106","6",3,"33RO20210613","WCOA2021","Kalaloch","25","1","11082","2",0,"2021/06/29 00:00:00",2021,6,29,"21:44:55",180.906,47.638,-124.487,24,3.4,3.3,15.632,31.757,2,-999,9,318.2,3,-999,-999,9,-999,9,-999,9,-999,-999,9,-999,-999,9,-999,9,-999,9,-999,9,-999,9,-999,9,-999,9,-999,9,22200,2,7330,2,1350,2,0,2,5030000,2,3320000,2,1210000,2,11082,"2021/06/29 21:44:55",6,"11082","6","31.757","15.632","3.4","","","15.632","3.4","-999.0","-999.0","","","","Seawater scale (mol/kg-SW) "," K1, K2 from Mehrbach et al., 1973 refit by Dickson and Millero, 2385","Dickson ","Uppstrom, 2372","","","","","","","","","","","","","","","","","","","","","","","","","","","","","","","","","","","","","",3,2.97,15.6002,31.5867,23.2122,7.34,320.23,0.099,131.68,21.69,"dRB2102_CTD_025_01_F.csv","dRB2102","CTD","025","F.csv"
"E458.1B",1,1,FALSE,"WCOA21","2021_WCOA_RonBrown","6/30/2021",NA,"10:14:03 AM","","E458.1B","260101","1","Niskin; Sterivex 0.22µm filter","95% EtOH","West Coast","CR40",1288.1,46.13,-124.909,1000,"Sean McAllister","","6/30/2021 10:14:03 AM","6/30/2021 ","2021/06/30 10:14:00","2021/06/30 00:00:00","2021/06/30 10:14:00",46.13,-124.909,"260101","1",1288,"33RO20210613","WCOA2021","CR40","26","1","11031","2",5,"2021/06/30 00:00:00",2021,6,30,"10:14:03",181.426,46.13,-124.909,1298,1302.8,1288.1,3.04,34.481,2,-999,9,25.4,2,24.4,0.801,6,2380.7,2,2386.7,6,7.3224,25.01,3,49.8787296216257,24.895,2,146.6,2,3.23,2,43.3,2,0.15,2,0.04,2,-999,9,12.332,6,-999,9,-999,9,-999,9,-999,9,-999,9,-999,9,-999,9,11031,"2021/06/30 10:14:03",1,"11031","1","34.481","3.040","1302.8","","","3.040","1302.8","2386.7","2380.7","","","","Seawater scale (mol/kg-SW) "," K1, K2 from Mehrbach et al., 1973 refit by Dickson and Millero, 2387","Dickson ","Uppstrom, 2374","34.48099899","3.039999962","1302.800049","0","0","2386.699951","2380.699951","7.576788902","1091.677002","1096.301758","2275.673318","43.70406319","61.32246941","23.3517224","0.293655114","0","0","19.42609309","0.804787339","0.51473035","1104.424009","3.039999962","1302.800049","7.576788875","1091.677052","1096.301726","2275.673318","43.70406319","61.32246941","23.3517224","0.293655114","0","0","19.42609309","0.804787339","0.51473035","1104.424022",1288,1273.47,3.0762,34.4768,27.4687,0.57,24.79,0.041,122.9,25.38,"dRB2102_CTD_026_01_F.csv","dRB2102","CTD","026","F.csv"
"E458.2T",2,2,FALSE,"WCOA21","2021_WCOA_RonBrown","6/30/2021",NA,"10:14:07 AM","","E458.2T","260102","2","Niskin; Sterivex 0.22µm filter","95% EtOH","West Coast","CR40",1286.3,46.13,-124.909,1000,"Sean McAllister","","6/30/2021 10:14:07 AM","6/30/2021 ","2021/06/30 10:14:00","2021/06/30 00:00:00","2021/06/30 10:14:00",46.13,-124.909,"260102","2",1286,"33RO20210613","WCOA2021","CR40","26","1","11081","2",5,"2021/06/30 00:00:00",2021,6,30,"10:14:07",181.426,46.13,-124.909,1298,1301,1286.3,3.043,34.481,2,-999,9,25.3,2,-999,-999,9,-999,9,-999,9,-999,-999,9,-999,-999,9,-999,9,-999,9,-999,9,-999,9,-999,9,-999,9,-999,9,-999,9,-999,9,-999,9,-999,9,-999,9,-999,9,-999,9,11081,"2021/06/30 10:14:07",2,"11081","2","34.481","3.043","1301.0","","","3.043","1301.0","-999.0","-999.0","","","","Seawater scale (mol/kg-SW) "," K1, K2 from Mehrbach et al., 1973 refit by Dickson and Millero, 2388","Dickson ","Uppstrom, 2375","","","","","","","","","","","","","","","","","","","","","","","","","","","","","","","","","","","","","",1286,1271.5,3.0802,34.4762,27.4679,0.57,24.75,0.04,122.86,26.9,"dRB2102_CTD_026_01_F.csv","dRB2102","CTD","026","F.csv"
"E458.3T",2,3,FALSE,"WCOA21","2021_WCOA_RonBrown","6/30/2021",NA,"10:14:07 AM","","E458.3T","260102","2","Niskin; Sterivex 0.22µm filter","95% EtOH","West Coast","CR40",1286.3,46.13,-124.909,1000,"Sean McAllister","","6/30/2021 10:14:07 AM","6/30/2021 ","2021/06/30 10:14:00","2021/06/30 00:00:00","2021/06/30 10:14:00",46.13,-124.909,"260102","2",1286,"33RO20210613","WCOA2021","CR40","26","1","11081","2",5,"2021/06/30 00:00:00",2021,6,30,"10:14:07",181.426,46.13,-124.909,1298,1301,1286.3,3.043,34.481,2,-999,9,25.3,2,-999,-999,9,-999,9,-999,9,-999,-999,9,-999,-999,9,-999,9,-999,9,-999,9,-999,9,-999,9,-999,9,-999,9,-999,9,-999,9,-999,9,-999,9,-999,9,-999,9,-999,9,11081,"2021/06/30 10:14:07",2,"11081","2","34.481","3.043","1301.0","","","3.043","1301.0","-999.0","-999.0","","","","Seawater scale (mol/kg-SW) "," K1, K2 from Mehrbach et al., 1973 refit by Dickson and Millero, 2388","Dickson ","Uppstrom, 2375","","","","","","","","","","","","","","","","","","","","","","","","","","","","","","","","","","","","","",1286,1271.5,3.0802,34.4762,27.4679,0.57,24.75,0.04,122.86,26.9,"dRB2102_CTD_026_01_F.csv","dRB2102","CTD","026","F.csv"
"E459",1,1,FALSE,"WCOA21","2021_WCOA_RonBrown","6/30/2021",NA,"10:20:41 AM","","E459","260103","3","Niskin; Sterivex 0.22µm filter","95% EtOH","West Coast","CR40",988.6,46.13,-124.908,1000,"Sean McAllister","","6/30/2021 10:20:41 AM","6/30/2021 ","2021/06/30 10:20:00","2021/06/30 00:00:00","2021/06/30 10:20:00",46.13,-124.908,"260103","3",989,"33RO20210613","WCOA2021","CR40","26","1","11020","2",5,"2021/06/30 00:00:00",2021,6,30,"10:20:41",181.431,46.13,-124.908,1298,999.2,988.6,3.83,34.37,2,-999,9,14.6,2,13.5,0.443,2,2367,2,2358.6,2,7.2924,25.01,6,46.251426207596026,24.895,2,125.1,2,3.27,2,43.3,2,0.15,2,0.02,2,-999,9,6.336,2,-999,9,-999,9,-999,9,-999,9,-999,9,-999,9,-999,9,11020,"2021/06/30 10:20:41",3,"11020","3","34.370","3.830","999.2","","","3.830","999.2","2358.6","2367.0","","","","Seawater scale (mol/kg-SW) "," K1, K2 from Mehrbach et al., 1973 refit by Dickson and Millero, 2389","Dickson ","Uppstrom, 2376","34.36999893","3.829999924","999.2000122","0","0","2358.600098","2367","7.529675484","1257.309326","1262.579834","2259.069273","39.28794884","68.64287322","20.7055646","0.279317298","0","0","19.09399654","0.770566633","0.491320656","1272.475707","3.829999924","999.2000122","7.529675314","1257.309306","1262.579721","2259.069273","39.28794884","68.64287322","20.7055646","0.279317298","0","0","19.09399654","0.770566633","0.491320656","1272.475616",989,978.54,3.8462,34.3677,27.3063,0.33,14.47,0.04,124.08,100,"dRB2102_CTD_026_01_F.csv","dRB2102","CTD","026","F.csv"
"E460",1,1,FALSE,"WCOA21","2021_WCOA_RonBrown","6/30/2021",NA,"10:26:39 AM","","E460","260104","4","Niskin; Sterivex 0.22µm filter","95% EtOH","West Coast","CR40",744.2,46.13,-124.908,1000,"Sean McAllister","","6/30/2021 10:26:39 AM","6/30/2021 ","2021/06/30 10:26:00","2021/06/30 00:00:00","2021/06/30 10:26:00",46.13,-124.908,"260104","4",744,"33RO20210613","WCOA2021","CR40","26","1","11058","2",5,"2021/06/30 00:00:00",2021,6,30,"10:26:39",181.435,46.13,-124.908,1298,751.7,744.2,4.443,34.258,2,-999,9,14.6,2,14.4,0.473,2,2347.1,2,2337.5,2,7.2785,25.01,2,42.76004979196027,24.895,2,106.7,2,3.22,2,43,2,0.14,2,0.02,2,-999,9,2.873,2,-999,9,-999,9,-999,9,-999,9,-999,9,-999,9,-999,9,11058,"2021/06/30 10:26:39",4,"11058","4","34.258","4.443","751.7","","","4.443","751.7","2337.5","2347.1","","","","Seawater scale (mol/kg-SW) "," K1, K2 from Mehrbach et al., 1973 refit by Dickson and Millero, 2390","Dickson ","Uppstrom, 2377","34.25799942","4.44299984","751.7000122","0","0","2337.5","2347.100098","7.527471542","1293.490967","1298.869019","2239.032706","38.96462561","69.10272872","20.27791768","0.290294925","0","0","18.96294498","0.804065875","0.511382043","1309.501578","4.44299984","751.7000122","7.527471677","1293.490981","1298.868965","2239.032706","38.96462561","69.10272872","20.27791768","0.290294925","0","0","18.96294498","0.804065875","0.511382043","1309.501514",744,736.56,4.4655,34.2554,27.1508,0.34,14.92,0.04,124.5,100,"dRB2102_CTD_026_01_F.csv","dRB2102","CTD","026","F.csv"
"E461",1,1,FALSE,"WCOA21","2021_WCOA_RonBrown","6/30/2021",NA,"10:35:55 AM","","E461","260106","6","Niskin; Sterivex 0.22µm filter","95% EtOH","West Coast","CR40",397,46.129,-124.907,1000,"Sean McAllister","","6/30/2021 10:35:55 AM","6/30/2021 ","2021/06/30 10:35:00","2021/06/30 00:00:00","2021/06/30 10:35:00",46.129,-124.907,"260106","6",397,"33RO20210613","WCOA2021","CR40","26","1","11082","2",5,"2021/06/30 00:00:00",2021,6,30,"10:35:55",181.442,46.129,-124.907,1298,400.7,397,5.644,34.035,2,-999,9,53.9,2,55,1.806,2,2286.8,2,2292.6,2,7.3202,25.01,2,46.259721880819605,24.895,2,72,2,2.84,2,38.3,2,0.14,2,0.02,2,-999,9,3.776,2,-999,9,-999,9,-999,9,-999,9,-999,9,-999,9,-999,9,11082,"2021/06/30 10:35:55",6,"11082","6","34.035","5.644","400.7","","","5.644","400.7","2292.6","2286.8","","","","Seawater scale (mol/kg-SW) "," K1, K2 from Mehrbach et al., 1973 refit by Dickson and Millero, 2392","Dickson ","Uppstrom, 2379","34.03499985","5.644000053","400.7000122","0","0","2292.600098","2286.800049","7.577940941","1178.100464","1182.921265","2182.900901","43.53968998","60.35935964","22.28780602","0.358791754","0","0","18.9857049","0.965238941","0.611916064","1193.459268","5.644000053","400.7000122","7.577940839","1178.100451","1182.92122","2182.900901","43.53968998","60.35935964","22.28780602","0.358791754","0","0","18.9857049","0.965238941","0.611916064","1193.459258",397,393.36,5.7032,34.0525,26.8448,1.18,51.53,0.041,124.73,99.89,"dRB2102_CTD_026_01_F.csv","dRB2102","CTD","026","F.csv"
"E462",1,1,FALSE,"WCOA21","2021_WCOA_RonBrown","6/30/2021",NA,"10:44:31 AM","","E462","260108","8","Niskin; Sterivex 0.22µm filter","95% EtOH","West Coast","CR40",199.2,46.129,-124.907,1000,"Sean McAllister","","6/30/2021 10:44:31 AM","6/30/2021 ","2021/06/30 10:44:00","2021/06/30 00:00:00","2021/06/30 10:44:00",46.129,-124.907,"260108","8",199,"33RO20210613","WCOA2021","CR40","26","1","11027","2",5,"2021/06/30 00:00:00",2021,6,30,"10:44:31",181.448,46.129,-124.907,1298,201,199.2,7.233,33.911,2,-999,9,125.6,2,123.9,4.07,2,2215.6,2,2262.6,2,7.4565,25.01,2,62.74208701344947,24.895,2,43.3,2,2.17,2,29.3,2,0.14,2,0.03,2,-999,9,3.146,6,-999,9,-999,9,-999,9,-999,9,-999,9,-999,9,-999,9,11027,"2021/06/30 10:44:31",8,"11027","8","33.911","7.233","201.0","","","7.233","201.0","2262.6","2215.6","","","","Seawater scale (mol/kg-SW) "," K1, K2 from Mehrbach et al., 1973 refit by Dickson and Millero, 2394","Dickson ","Uppstrom, 2381","33.9109993","7.232999802","201","0","0","2262.600098","2215.600098","7.705239773","880.4100952","883.9379883","2113.583414","59.32569386","42.69099908","29.8269268","0.558334536","0","0","18.27943435","1.369151343","0.867548932","892.7339285","7.232999802","201","7.705239825","880.4100683","883.937955","2113.583414","59.32569386","42.69099908","29.8269268","0.558334536","0","0","18.27943435","1.369151343","0.867548932","892.7338952",199,197.27,7.2439,33.912,26.5306,2.89,125.56,0.041,124.11,99.58,"dRB2102_CTD_026_01_F.csv","dRB2102","CTD","026","F.csv"
"E463",1,1,FALSE,"WCOA21","2021_WCOA_RonBrown","6/30/2021",NA,"10:53:26 AM","","E463","260111","11","Niskin; Sterivex 0.22µm filter","95% EtOH","West Coast","CR40",100.7,46.129,-124.906,1000,"Sean McAllister","","6/30/2021 10:53:26 AM","6/30/2021 ","2021/06/30 10:53:00","2021/06/30 00:00:00","2021/06/30 10:53:00",46.129,-124.906,"260111","11",101,"33RO20210613","WCOA2021","CR40","26","1","11023","2",5,"2021/06/30 00:00:00",2021,6,30,"10:53:26",181.454,46.129,-124.906,1298,101.6,100.7,8.057,33.067,2,-999,9,201,2,201.5,6.614,2,2124,2,2208.8,2,7.5852,25.01,2,78.35115637561458,24.895,2,21.5,6,1.64,6,18.9,6,0.16,6,0.02,6,-999,9,5.171,2,-999,9,-999,9,-999,9,-999,9,-999,9,-999,9,-999,9,11023,"2021/06/30 10:53:26",11,"11023","11","33.067","8.057","101.6","","","8.057","101.6","2208.8","2124.0","","","","Seawater scale (mol/kg-SW) "," K1, K2 from Mehrbach et al., 1973 refit by Dickson and Millero, 2397","Dickson ","Uppstrom, 2384","33.06700134","8.05700016","101.5999985","0","0","2208.800049","2124","7.831942081","640.1686401","642.7062378","2017.38776","76.2898924","30.32245584","38.04989465","0.797604701","0","0","16.73768957","1.803216253","1.140677698","649.4788902","8.05700016","101.5999985","7.831941952","640.1686127","642.706235","2017.38776","76.2898924","30.32245584","38.04989465","0.797604701","0","0","16.73768957","1.803216253","1.140677698","649.4788926",101,100.15,7.9441,33.193600000000004,25.8649,4.39,191.2,0.042,123.66,99.32,"dRB2102_CTD_026_01_F.csv","dRB2102","CTD","026","F.csv"
"E464",1,1,FALSE,"WCOA21","2021_WCOA_RonBrown","6/30/2021",NA,"11:03:16 AM","","E464","260117","17","Niskin; Sterivex 0.22µm filter","95% EtOH","West Coast","CR40",45,46.129,-124.906,1000,"Sean McAllister","","6/30/2021 11:03:16 AM","6/30/2021 ","2021/06/30 11:03:00","2021/06/30 00:00:00","2021/06/30 11:03:00",46.129,-124.906,"260117","17",45,"33RO20210613","WCOA2021","CR40","26","1","11052","2",5,"2021/06/30 00:00:00",2021,6,30,"11:03:16",181.461,46.129,-124.906,1298,45.4,45,9.553,32.295,2,-999,9,304.4,2,-999,-999,9,-999,9,-999,9,-999,-999,9,-999,-999,9,-999,9,-999,9,-999,9,-999,9,-999,9,-999,9,-999,9,-999,9,-999,9,-999,9,-999,9,-999,9,-999,9,-999,9,11052,"2021/06/30 11:03:16",17,"11052","17","32.295","9.553","45.4","","","9.553","45.4","-999.0","-999.0","","","","Seawater scale (mol/kg-SW) "," K1, K2 from Mehrbach et al., 1973 refit by Dickson and Millero, 2403","Dickson ","Uppstrom, 2390","","","","","","","","","","","","","","","","","","","","","","","","","","","","","","","","","","","","","",45,44.63,9.7729,32.2729,24.8612,7.2,313.61,0.208,123.08,95.4,"dRB2102_CTD_026_01_F.csv","dRB2102","CTD","026","F.csv"
"E465",1,1,FALSE,"WCOA21","2021_WCOA_RonBrown","6/30/2021",NA,"11:11:19 AM","","E465","260120","20","Niskin; Sterivex 0.22µm filter","95% EtOH","West Coast","CR40",10.4,46.129,-124.906,1000,"Sean McAllister","","6/30/2021 11:11:19 AM","6/30/2021 ","2021/06/30 11:11:00","2021/06/30 00:00:00","2021/06/30 11:11:00",46.129,-124.906,"260120","20",10,"33RO20210613","WCOA2021","CR40","26","1","11022","2",5,"2021/06/30 00:00:00",2021,6,30,"11:11:19",181.466,46.129,-124.906,1298,10.5,10.4,16.268,31.961,2,-999,9,255.4,2,259.9,8.509,2,1966.9,6,-999,9,7.8888,25.01,2,127.14428592923517,24.895,3,0.9,6,0.44,6,0,6,0.14,6,0.16,6,-999,9,3.288,2,-999,9,-999,9,-999,9,-999,9,-999,9,-999,9,-999,9,11022,"2021/06/30 11:11:19",20,"11022","20","31.961","16.268","10.5","","","16.268","10.5","-999.0","1966.9","","","","Seawater scale (mol/kg-SW) "," K1, K2 from Mehrbach et al., 1973 refit by Dickson and Millero, 2406","Dickson ","Uppstrom, 2393","","","","","","","","","","","","","","","","","","","","","","","","","","","","","","","","","","","","","",10,9.92,16.1708,31.9422,23.3589,5.89,257.2,0.046,121.62,99.76,"dRB2102_CTD_026_01_F.csv","dRB2102","CTD","026","F.csv"
"E466.1B",1,1,FALSE,"WCOA21","2021_WCOA_RonBrown","6/30/2021",NA,"11:13:59 AM","","E466.1B","260122","22","Niskin; Sterivex 0.22µm filter","95% EtOH","West Coast","CR40",3.1,46.129,-124.906,1000,"Sean McAllister","","6/30/2021 11:13:59 AM","6/30/2021 ","2021/06/30 11:13:00","2021/06/30 00:00:00","2021/06/30 11:13:00",46.129,-124.906,"260122","22",3,"33RO20210613","WCOA2021","CR40","26","1","11024","2",5,"2021/06/30 00:00:00",2021,6,30,"11:13:59",181.468,46.129,-124.906,1298,3.1,3.1,16.271,31.96,2,-999,9,255.1,2,-999,-999,9,-999,9,-999,9,-999,-999,9,-999,-999,9,-999,9,-999,9,-999,9,-999,9,-999,9,-999,9,-999,9,-999,9,-999,9,-999,9,-999,9,-999,9,-999,9,-999,9,11024,"2021/06/30 11:13:59",22,"11024","22","31.960","16.271","3.1","","","16.271","3.1","-999.0","-999.0","","","","Seawater scale (mol/kg-SW) "," K1, K2 from Mehrbach et al., 1973 refit by Dickson and Millero, 2408","Dickson ","Uppstrom, 2395","","","","","","","","","","","","","","","","","","","","","","","","","","","","","","","","","","","","","",3,2.98,16.1853,31.944,23.3568,5.85,255.09,0.047,121.44,99.75,"dRB2102_CTD_026_01_F.csv","dRB2102","CTD","026","F.csv"
"E466.2B",2,1,FALSE,"WCOA21","2021_WCOA_RonBrown","6/30/2021",NA,"11:14:03 AM","","E466.2B","260123","23","Niskin; Sterivex 0.22µm filter","95% EtOH","West Coast","CR40",3.3,46.129,-124.906,1000,"Sean McAllister","","6/30/2021 11:14:03 AM","6/30/2021 ","2021/06/30 11:14:00","2021/06/30 00:00:00","2021/06/30 11:14:00",46.129,-124.906,"260123","23",3,"33RO20210613","WCOA2021","CR40","26","1","11061","2",5,"2021/06/30 00:00:00",2021,6,30,"11:14:03",181.468,46.129,-124.906,1298,3.3,3.3,16.272,31.96,2,-999,9,255.1,2,-999,-999,9,-999,9,-999,9,-999,-999,9,-999,-999,9,-999,9,-999,9,-999,9,-999,9,-999,9,-999,9,-999,9,-999,9,-999,9,-999,9,-999,9,-999,9,-999,9,-999,9,11061,"2021/06/30 11:14:03",23,"11061","23","31.960","16.272","3.3","","","16.272","3.3","-999.0","-999.0","","","","Seawater scale (mol/kg-SW) "," K1, K2 from Mehrbach et al., 1973 refit by Dickson and Millero, 2409","Dickson ","Uppstrom, 2396","","","","","","","","","","","","","","","","","","","","","","","","","","","","","","","","","","","","","",3,2.98,16.1853,31.944,23.3568,5.85,255.09,0.047,121.44,99.75,"dRB2102_CTD_026_01_F.csv","dRB2102","CTD","026","F.csv"
"E466.3B",3,1,FALSE,"WCOA21","2021_WCOA_RonBrown","6/30/2021",NA,"11:14:06 AM","","E466.3B","260124","24","Niskin; Sterivex 0.22µm filter","95% EtOH","West Coast","CR40",3.8,46.129,-124.906,1000,"Sean McAllister","","6/30/2021 11:14:06 AM","6/30/2021 ","2021/06/30 11:14:00","2021/06/30 00:00:00","2021/06/30 11:14:00",46.129,-124.906,"260124","24",4,"33RO20210613","WCOA2021","CR40","26","1","11001","2",5,"2021/06/30 00:00:00",2021,6,30,"11:14:06",181.468,46.129,-124.906,1298,3.8,3.8,16.273,31.959,2,-999,9,255.1,2,-999,-999,9,-999,9,-999,9,-999,-999,9,-999,-999,9,-999,9,-999,9,-999,9,-999,9,-999,9,-999,9,-999,9,-999,9,-999,9,-999,9,-999,9,-999,9,-999,9,-999,9,11001,"2021/06/30 11:14:06",24,"11001","24","31.959","16.273","3.8","","","16.273","3.8","-999.0","-999.0","","","","Seawater scale (mol/kg-SW) "," K1, K2 from Mehrbach et al., 1973 refit by Dickson and Millero, 2410","Dickson ","Uppstrom, 2397","","","","","","","","","","","","","","","","","","","","","","","","","","","","","","","","","","","","","",4,3.97,16.1676,31.9422,23.3594,5.87,256.18,0.047,121.28,99.74,"dRB2102_CTD_026_01_F.csv","dRB2102","CTD","026","F.csv"
"E467",1,1,FALSE,"WCOA21","2021_WCOA_RonBrown","6/30/2021",NA,"6:30:35 PM","","E467","270103","3","Niskin; Sterivex 0.22µm filter","95% EtOH","West Coast","CR0",12.8,46.243,-124.118,1000,"Sean McAllister","","6/30/2021 6:30:35 PM","6/30/2021 ","2021/06/30 06:30:00","2021/06/30 00:00:00","2021/06/30 06:30:00",46.243,-124.118,"270103","3",13,"33RO20210613","WCOA2021","CR0","27","1","11020","2",5,"2021/06/30 00:00:00",2021,6,30,"18:30:35",181.771,46.243,-124.118,23,12.9,12.8,15.78,29.081,2,-999,9,296.6,2,-999,-999,9,-999,9,-999,9,-999,-999,9,-999,-999,9,-999,9,-999,9,-999,9,-999,9,-999,9,-999,9,-999,9,-999,9,-999,9,-999,9,-999,9,-999,9,-999,9,-999,9,11020,"2021/06/30 18:30:35",3,"11020","3","29.081","15.780","12.9","","","15.780","12.9","-999.0","-999.0","","","","Seawater scale (mol/kg-SW) "," K1, K2 from Mehrbach et al., 1973 refit by Dickson and Millero, 2413","Dickson ","Uppstrom, 2400","","","","","","","","","","","","","","","","","","","","","","","","","","","","","","","","","","","","","",13,12.89,15.8122,29.0467,21.2153,6.78,296.58,0.241,126.4,4.51,"dRB2102_CTD_027_01_F.csv","dRB2102","CTD","027","F.csv"
"E468",1,1,FALSE,"WCOA21","2021_WCOA_RonBrown","6/30/2021",NA,"6:33:21 PM","","E468","270106","6","Niskin; Sterivex 0.22µm filter","95% EtOH","West Coast","CR0",10,46.244,-124.118,1000,"Sean McAllister","","6/30/2021 6:33:21 PM","6/30/2021 ","2021/06/30 06:33:00","2021/06/30 00:00:00","2021/06/30 06:33:00",46.244,-124.118,"270106","6",10,"33RO20210613","WCOA2021","CR0","27","1","11082","2",5,"2021/06/30 00:00:00",2021,6,30,"18:33:21",181.773,46.244,-124.118,23,10,10,15.907,28.733,2,-999,9,294.9,2,295.7,9.66,2,1813.3,3,2053.6,2,8.045,24.99,2,117.65617932628737,24.95,3,9.1,2,0.18,2,0,2,0.16,2,0.05,2,-999,9,17.185,2,248000,2,22200,2,1220,2,71.1,2,5060000,2,2490000,2,1550000,2,11082,"2021/06/30 18:33:21",6,"11082","6","28.733","15.907","10.0","","","15.907","10.0","2053.6","1813.3","","","","Seawater scale (mol/kg-SW) "," K1, K2 from Mehrbach et al., 1973 refit by Dickson and Millero, 2416","Dickson ","Uppstrom, 2403","28.7329998","15.90699959","10","0","0","2053.600098","1813.300049","8.188742638","248.813385","249.7048187","1633.524581","170.3839248","9.391564494","75.66065486","3.653550691","0","0","10.42096138","4.222998059","2.675033995","254.1639541","15.90699959","10","8.188742574","248.8133778","249.7047938","1633.524581","170.3839248","9.391564494","75.66065486","3.653550691","0","0","10.42096138","4.222998059","2.675033995","254.1639358",10,9.92,16.0831,27.8275,20.2212,6.7,293.25,0.182,126.3,7.73,"dRB2102_CTD_027_01_F.csv","dRB2102","CTD","027","F.csv"
"E469",1,1,FALSE,"WCOA21","2021_WCOA_RonBrown","6/30/2021",NA,"6:38:52 PM","","E469","270111","11","Niskin; Sterivex 0.22µm filter","95% EtOH","West Coast","CR0",3.6,46.245,-124.119,1000,"Sean McAllister","Niskins 9-13 all deemed ""surface"" due to rough sampling water when tripping","6/30/2021 6:38:52 PM","6/30/2021 ","2021/06/30 06:38:00","2021/06/30 00:00:00","2021/06/30 06:38:00",46.245,-124.119,"270111","11",4,"33RO20210613","WCOA2021","CR0","27","1","11023","2",5,"2021/06/30 00:00:00",2021,6,30,"18:38:52",181.777,46.245,-124.119,23,3.6,3.6,17.179,17.463,2,-999,9,276.2,2,-999,-999,9,-999,9,1604.8,2,-999,-999,9,-999,-999,9,-999,9,-999,9,-999,9,-999,9,-999,9,10.3,3,-999,9,-999,9,-999,9,-999,9,-999,9,-999,9,-999,9,-999,9,11023,"2021/06/30 18:38:52",11,"11023","11","17.463","17.179","3.6","","","17.179","3.6","1604.8","-999.0","","","","Seawater scale (mol/kg-SW) "," K1, K2 from Mehrbach et al., 1973 refit by Dickson and Millero, 2421","Dickson ","Uppstrom, 2408","","","","","","","","","","","","","","","","","","","","","","","","","","","","","","","","","","","","","",4,3.97,17.3709,15.5276,10.5532,5.7,251.91,0.194,124.61,16.86,"dRB2102_CTD_027_01_F.csv","dRB2102","CTD","027","F.csv"
"E470",1,1,FALSE,"WCOA21","2021_WCOA_RonBrown","6/30/2021",NA,"7:52:24 PM","","E470","280110","10","Niskin; Sterivex 0.22µm filter","95% EtOH","West Coast","CR-1",2.9,46.252,-124.003,750,"Sean McAllister","Only 750 mL filtered until plugged","6/30/2021 7:52:24 PM","6/30/2021 ","2021/06/30 07:52:00","2021/06/30 00:00:00","2021/06/30 07:52:00",46.252,-124.003,"280110","10",3,"33RO20210613","WCOA2021","CR1","28","1","11067","2",5,"2021/06/30 00:00:00",2021,6,30,"19:52:24",181.828,46.252,-124.003,24,2.9,2.9,20.006,4.572,2,4.5623,6,257.6,2,-999,-999,9,-999,9,-999,9,-999,-999,9,-999,-999,9,-999,9,-999,9,-999,9,-999,9,-999,9,-999,9,-999,9,16850,2,23300,2,1980,2,57.4,2,4100000,2,1700000,2,1430000,2,11067,"2021/06/30 19:52:24",10,"11067","10","4.572","20.006","2.9","","","20.006","2.9","-999.0","-999.0","","","","Seawater scale (mol/kg-SW) "," K1, K2 from Mehrbach et al., 1973 refit by Dickson and Millero, 2433","Dickson ","Uppstrom, 2420","","","","","","","","","","","","","","","","","","","","","","","","","","","","","","","","","","","","","",3,2.98,20.3351,5.172,2.0642,6.54,291.29,0.082,128.78,15.5,"dRB2102_CTD_028_01_F.csv","dRB2102","CTD","028","F.csv"
"E471",1,1,FALSE,"WCOA21","2021_WCOA_RonBrown","6/30/2021",NA,"7:45:05 PM","","E471","280103","3","Niskin; Sterivex 0.22µm filter","95% EtOH","West Coast","CR-1",14.1,46.251,-124.003,750,"Sean McAllister","Only 750 mL filtered until plugged","6/30/2021 7:45:05 PM","6/30/2021 ","2021/06/30 07:45:00","2021/06/30 00:00:00","2021/06/30 07:45:00",46.251,-124.003,"280103","3",14,"33RO20210613","WCOA2021","CR1","28","1","11020","2",5,"2021/06/30 00:00:00",2021,6,30,"19:45:05",181.823,46.251,-124.003,24,14.2,14.1,18.775,9.736,2,-999,9,269.9,2,-999,-999,9,-999,9,-999,9,-999,-999,9,-999,-999,9,-999,9,-999,9,-999,9,-999,9,-999,9,-999,9,-999,9,-999,9,-999,9,-999,9,-999,9,-999,9,-999,9,-999,9,11020,"2021/06/30 19:45:05",3,"11020","3","9.736","18.775","14.2","","","18.775","14.2","-999.0","-999.0","","","","Seawater scale (mol/kg-SW) "," K1, K2 from Mehrbach et al., 1973 refit by Dickson and Millero, 2426","Dickson ","Uppstrom, 2413","","","","","","","","","","","","","","","","","","","","","","","","","","","","","","","","","","","","","",14,13.88,18.6526,10.3195,6.327,6.04,267.9,0.161,141.53,4.16,"dRB2102_CTD_028_01_F.csv","dRB2102","CTD","028","F.csv"
"E472",1,1,FALSE,"WCOA21","2021_WCOA_RonBrown","6/30/2021",NA,"10:17:03 PM","","E472","290103","3","Niskin; Sterivex 0.22µm filter","95% EtOH","West Coast","CR-2",10.6,46.193,-123.914,1000,"Sean McAllister","Filtered 500 mL onto each of two filters","6/30/2021 10:17:03 PM","6/30/2021 ","2021/06/30 10:17:00","2021/06/30 00:00:00","2021/06/30 10:17:00",46.193,-123.914,"290103","3",11,"33RO20210613","WCOA2021","CR2","29","1","11020","2",5,"2021/06/30 00:00:00",2021,6,30,"22:17:03",181.929,46.193,-123.914,21,10.7,10.6,20.082,5.311,2,-999,9,272.2,2,-999,-999,9,-999,9,-999,9,-999,-999,9,-999,-999,9,-999,9,-999,9,-999,9,-999,9,-999,9,-999,9,-999,9,-999,9,-999,9,-999,9,-999,9,-999,9,-999,9,-999,9,11020,"2021/06/30 22:17:03",3,"11020","3","5.311","20.082","10.7","","","20.082","10.7","-999.0","-999.0","","","","Seawater scale (mol/kg-SW) "," K1, K2 from Mehrbach et al., 1973 refit by Dickson and Millero, 2437","Dickson ","Uppstrom, 2424","","","","","","","","","","","","","","","","","","","","","","","","","","","","","","","","","","","","","",11,10.91,20.0324,5.4985,2.3776,6.11,272.13,0.098,143.57,3.75,"dRB2102_CTD_029_01_F.csv","dRB2102","CTD","029","F.csv"
"E473",1,1,FALSE,"WCOA21","2021_WCOA_RonBrown","6/30/2021",NA,"10:20:53 PM","","E473","290106","6","Niskin; Sterivex 0.22µm filter","95% EtOH","West Coast","CR-2",5.9,46.193,-123.914,1000,"Sean McAllister","Filtered 500 mL onto each of two filters","6/30/2021 10:20:53 PM","6/30/2021 ","2021/06/30 10:20:00","2021/06/30 00:00:00","2021/06/30 10:20:00",46.193,-123.914,"290106","6",6,"33RO20210613","WCOA2021","CR2","29","1","11082","2",5,"2021/06/30 00:00:00",2021,6,30,"22:20:53",181.931,46.193,-123.914,21,6,5.9,20.706,3.263,2,-999,9,260,2,258.7,8.282,2,1078.8,3,-999,5,7.6625,25.05,2,-999,-999,9,148.2,6,0.56,6,5,6,0.3,6,1.41,6,4.5,3,213.841,2,20350,2,31900,2,2750,2,17.9,2,4920000,2,1870000,2,1840000,2,11082,"2021/06/30 22:20:53",6,"11082","6","3.263","20.706","6.0","","","20.706","6.0","-999.0","1078.8","","","","Seawater scale (mol/kg-SW) "," K1, K2 from Mehrbach et al., 1973 refit by Dickson and Millero, 2440","Dickson ","Uppstrom, 2427","","","","","","","","","","","","","","","","","","","","","","","","","","","","","","","","","","","","","",6,5.95,20.7557,3.1793,0.4628,5.83,260.04,0.098,141.27,8.6,"dRB2102_CTD_029_01_F.csv","dRB2102","CTD","029","F.csv"
"E474",1,1,FALSE,"WCOA21","2021_WCOA_RonBrown","6/30/2021",NA,"10:24:36 PM","","E474","290110","10","Niskin; Sterivex 0.22µm filter","95% EtOH","West Coast","CR-2",2.8,46.193,-123.913,1000,"Sean McAllister","Filtered 500 mL onto each of two filters","6/30/2021 10:24:36 PM","6/30/2021 ","2021/06/30 10:24:00","2021/06/30 00:00:00","2021/06/30 10:24:00",46.193,-123.913,"290110","10",3,"33RO20210613","WCOA2021","CR2","29","1","11067","2",5,"2021/06/30 00:00:00",2021,6,30,"22:24:36",181.934,46.193,-123.913,21,2.9,2.8,20.877,2.752,2,-999,9,273.7,2,-999,-999,9,-999,9,-999,9,-999,-999,9,-999,-999,9,-999,9,-999,9,-999,9,-999,9,-999,9,-999,9,-999,9,17450,2,32400,2,3590,2,35.4,2,4190000,2,1600000,2,1500000,2,11067,"2021/06/30 22:24:36",10,"11067","10","2.752","20.877","2.9","","","20.877","2.9","-999.0","-999.0","","","","Seawater scale (mol/kg-SW) "," K1, K2 from Mehrbach et al., 1973 refit by Dickson and Millero, 2444","Dickson ","Uppstrom, 2431","","","","","","","","","","","","","","","","","","","","","","","","","","","","","","","","","","","","","",3,2.98,21.0513,2.3342,-0.2429,7.83,349.75,0.107,127.49,11.98,"dRB2102_CTD_029_01_F.csv","dRB2102","CTD","029","F.csv"
"E475",1,1,FALSE,"WCOA21","2021_WCOA_RonBrown","7/1/2021",NA,"12:45:52 AM","","E475","300102","2","Niskin; Sterivex 0.22µm filter","95% EtOH","West Coast","CR3",19.7,46.131,-124.031,1000,"Sean McAllister","","7/1/2021 12:45:52 AM","7/1/2021 ","2021/07/01 12:45:00","2021/07/01 00:00:00","2021/07/01 12:45:00",46.131,-124.031,"300102","2",20,"33RO20210613","WCOA2021","CR3","30","1","11081","2",5,"2021/07/01 00:00:00",2021,7,1,"00:45:52",182.032,46.131,-124.031,30,19.9,19.7,14.011,31.508,2,-999,9,323.9,2,-999,-999,9,-999,9,-999,9,-999,-999,9,-999,-999,9,-999,9,-999,9,-999,9,-999,9,-999,9,-999,9,-999,9,30600,2,2930,2,1170,2,23.2,2,1800000,2,790000,2,764000,2,11081,"2021/07/01 00:45:52",2,"11081","2","31.508","14.011","19.9","","","14.011","19.9","-999.0","-999.0","","","","Seawater scale (mol/kg-SW) "," K1, K2 from Mehrbach et al., 1973 refit by Dickson and Millero, 2447","Dickson ","Uppstrom, 2434","","","","","","","","","","","","","","","","","","","","","","","","","","","","","","","","","","","","","",20,19.83,13.995,31.5112,23.4941,7.42,323.87,0.275,166.43,9.1,"dRB2102_CTD_030_01_F.csv","dRB2102","CTD","030","F.csv"
"E476",1,1,FALSE,"WCOA21","2021_WCOA_RonBrown","7/1/2021",NA,"12:48:04 AM","","E476","300103","3","Niskin; Sterivex 0.22µm filter","95% EtOH","West Coast","CR3",14,46.131,-124.031,1000,"Sean McAllister","","7/1/2021 12:48:04 AM","7/1/2021 ","2021/07/01 12:48:00","2021/07/01 00:00:00","2021/07/01 12:48:00",46.131,-124.031,"300103","3",14,"33RO20210613","WCOA2021","CR3","30","1","11020","2",5,"2021/07/01 00:00:00",2021,7,1,"00:48:04",182.033,46.131,-124.031,30,14.1,14,15.264,30.511,2,-999,9,336.8,2,338.1,11.06,2,1842.7,2,2122.6,2,8.0928,25.03,6,186.90686998586304,25.080000000000002,2,0.5,2,0.17,2,0,2,0.16,2,0.04,2,-999,9,12.055,2,-999,9,-999,9,-999,9,-999,9,-999,9,-999,9,-999,9,11020,"2021/07/01 00:48:04",3,"11020","3","30.511","15.264","14.1","","","15.264","14.1","2122.6","1842.7","","","","Seawater scale (mol/kg-SW) "," K1, K2 from Mehrbach et al., 1973 refit by Dickson and Millero, 2448","Dickson ","Uppstrom, 2435","30.51099968","15.26399994","14.10000038","0","0","2122.600098","1842.699951","8.238495827","219.209259","220.0010529","1638.405415","195.9415553","8.352974626","88.33431848","3.983138919","0","0","9.733199447","4.796678389","3.051843985","223.7646626","15.26399994","14.10000038","8.23849591","219.2092631","220.00105","1638.405415","195.9415553","8.352974626","88.33431848","3.983138919","0","0","9.733199447","4.796678389","3.051843985","223.7646631",14,13.88,15.3823,30.4414,22.3794,7.71,336.83,0.153,166.6,15.27,"dRB2102_CTD_030_01_F.csv","dRB2102","CTD","030","F.csv"
"E477",1,1,FALSE,"WCOA21","2021_WCOA_RonBrown","7/1/2021",NA,"12:49:56 AM","","E477","300104","4","Niskin; Sterivex 0.22µm filter","95% EtOH","West Coast","CR3",9.7,46.131,-124.031,1000,"Sean McAllister","","7/1/2021 12:49:56 AM","7/1/2021 ","2021/07/01 12:49:00","2021/07/01 00:00:00","2021/07/01 12:49:00",46.131,-124.031,"300104","4",10,"33RO20210613","WCOA2021","CR3","30","1","11058","2",5,"2021/07/01 00:00:00",2021,7,1,"00:49:56",182.035,46.131,-124.031,30,9.7,9.7,16.483,29.239,2,-999,9,302.9,2,300.2,9.811,2,1820.3,2,2067.3,2,8.0695,25.03,2,152.57760446249335,25.080000000000002,3,9.4,2,0.11,2,0,2,0.16,2,0.03,2,-999,9,9.658,2,227500,2,11100,2,799,2,9.41,2,5010000,2,1880000,2,4110000,2,11058,"2021/07/01 00:49:56",4,"11058","4","29.239","16.483","9.7","","","16.483","9.7","2067.3","1820.3","","","","Seawater scale (mol/kg-SW) "," K1, K2 from Mehrbach et al., 1973 refit by Dickson and Millero, 2449","Dickson ","Uppstrom, 2436","29.23900032","16.4829998","9.699999809","0","0","2067.300049","1820.300049","8.183647156","252.3812256","253.2788544","1636.18874","174.7737536","9.337513317","77.71794798","3.852508191","0","0","10.28092155","4.322109817","2.746093955","257.9729674","16.4829998","9.699999809","8.183646943","252.3812174","253.2788495","1636.18874","174.7737536","9.337513317","77.71794798","3.852508191","0","0","10.28092155","4.322109817","2.746093955","257.9729675",10,9.92,16.3446,29.5761,21.5044,7.04,307.86,0.11,170.92,19.5,"dRB2102_CTD_030_01_F.csv","dRB2102","CTD","030","F.csv"
"E478",1,1,FALSE,"WCOA21","2021_WCOA_RonBrown","7/1/2021",NA,"12:52:00 AM","","E478","300106","6","Niskin; Sterivex 0.22µm filter","95% EtOH","West Coast","CR3",4.8,46.131,-124.031,1000,"Sean McAllister","","7/1/2021 12:52:00 AM","7/1/2021 ","2021/07/01 12:52:00","2021/07/01 00:00:00","2021/07/01 12:52:00",46.131,-124.031,"300106","6",5,"33RO20210613","WCOA2021","CR3","30","1","11082","2",5,"2021/07/01 00:00:00",2021,7,1,"00:52:00",182.036,46.131,-124.031,30,4.8,4.8,16.562,28.529,2,-999,9,289.3,2,290.9,9.501,2,1819.2,2,2053,2,8.0412,25.03,2,144.3792916111104,25.080000000000002,3,14.4,6,0.1,6,0,6,0.16,6,0.03,6,-999,9,10.065,2,-999,9,-999,9,-999,9,-999,9,-999,9,-999,9,-999,9,11082,"2021/07/01 00:52:00",6,"11082","6","28.529","16.562","4.8","","","16.562","4.8","2053.0","1819.2","","","","Seawater scale (mol/kg-SW) "," K1, K2 from Mehrbach et al., 1973 refit by Dickson and Millero, 2451","Dickson ","Uppstrom, 2438","28.52899933","16.56200027","4.800000191","0","0","2053","1819.199951","8.16830349","263.9337463","264.871521","1642.763674","166.655883","9.780442258","73.23727437","3.694236493","0","0","10.57583522","4.143395191","2.626375512","269.8076329","16.56200027","4.800000191","8.168303805","263.9337237","264.8715074","1642.763674","166.655883","9.780442258","73.23727437","3.694236493","0","0","10.57583522","4.143395191","2.626375512","269.8076239",5,4.96,16.5689,28.5026,20.6316,6.56,287.25,0.086,171.2,24.21,"dRB2102_CTD_030_01_F.csv","dRB2102","CTD","030","F.csv"
"E479",1,1,FALSE,"WCOA21","2021_WCOA_RonBrown","7/1/2021",NA,"12:53:57 AM","","E479","300108","8","Niskin; Sterivex 0.22µm filter","95% EtOH","West Coast","CR3",4.1,46.131,-124.031,1000,"Sean McAllister","","7/1/2021 12:53:57 AM","7/1/2021 ","2021/07/01 12:53:00","2021/07/01 00:00:00","2021/07/01 12:53:00",46.131,-124.031,"300108","8",4,"33RO20210613","WCOA2021","CR3","30","1","11027","2",5,"2021/07/01 00:00:00",2021,7,1,"00:53:57",182.037,46.131,-124.031,30,4.1,4.1,16.564,28.52,2,-999,9,289.2,2,-999,-999,9,-999,9,-999,9,-999,-999,9,-999,-999,9,-999,9,-999,9,-999,9,-999,9,-999,9,-999,9,10.154,2,269000,2,11100,2,693,2,0,2,7780000,2,2980000,2,6260000,2,11027,"2021/07/01 00:53:57",8,"11027","8","28.520","16.564","4.1","","","16.564","4.1","-999.0","-999.0","","","","Seawater scale (mol/kg-SW) "," K1, K2 from Mehrbach et al., 1973 refit by Dickson and Millero, 2453","Dickson ","Uppstrom, 2440","","","","","","","","","","","","","","","","","","","","","","","","","","","","","","","","","","","","","",4,3.97,16.5712,28.3989,20.5517,6.31,276.25,0.089,172.1,25.2,"dRB2102_CTD_030_01_F.csv","dRB2102","CTD","030","F.csv"
"E480",1,1,FALSE,"WCOA21","2021_WCOA_RonBrown","7/1/2021",NA,"1:53:51 AM","","E480","310102","2","Niskin; Sterivex 0.22µm filter","95% EtOH","West Coast","CR6",36,46.129,-124.09,1000,"Sean McAllister","","7/1/2021 1:53:51 AM","7/1/2021 ","2021/07/01 01:53:00","2021/07/01 00:00:00","2021/07/01 01:53:00",46.129,-124.09,"310102","2",36,"33RO20210613","WCOA2021","CR6","31","1","11081","2",5,"2021/07/01 00:00:00",2021,7,1,"01:53:51",182.079,46.129,-124.09,47,36.3,36,8.002,33.321,2,-999,9,104.4,2,-999,-999,9,-999,9,-999,9,-999,-999,9,-999,-999,9,-999,9,-999,9,-999,9,-999,9,-999,9,-999,9,-999,9,7060,2,2050,2,240,2,8.28,2,1480000,2,845000,2,406000,2,11081,"2021/07/01 01:53:51",2,"11081","2","33.321","8.002","36.3","","","8.002","36.3","-999.0","-999.0","","","","Seawater scale (mol/kg-SW) "," K1, K2 from Mehrbach et al., 1973 refit by Dickson and Millero, 2458","Dickson ","Uppstrom, 2445","","","","","","","","","","","","","","","","","","","","","","","","","","","","","","","","","","","","","",36,35.7,7.9381,33.3288,25.971,2.4,104.41,0.173,176.57,10.87,"dRB2102_CTD_031_01_F.csv","dRB2102","CTD","031","F.csv"
"E481",1,1,FALSE,"WCOA21","2021_WCOA_RonBrown","7/1/2021",NA,"1:57:01 AM","","E481","310103","3","Niskin; Sterivex 0.22µm filter","95% EtOH","West Coast","CR6",19.8,46.129,-124.09,1000,"Sean McAllister","","7/1/2021 1:57:01 AM","7/1/2021 ","2021/07/01 01:57:00","2021/07/01 00:00:00","2021/07/01 01:57:00",46.129,-124.09,"310103","3",20,"33RO20210613","WCOA2021","CR6","31","1","11020","2",5,"2021/07/01 00:00:00",2021,7,1,"01:57:01",182.081,46.129,-124.09,47,20,19.8,12.427,32.205,2,-999,9,321.5,2,317.5,10.406,2,1982.5,2,2201.6,2,7.9389,24.99,6,160.9849905586227,24.745,2,0.8,2,0.41,2,0.1,2,0.11,2,0.16,2,-999,9,22.119,2,12000,2,1140,2,325,2,9.29,2,1990000,2,953000,2,801000,2,11020,"2021/07/01 01:57:01",3,"11020","3","32.205","12.427","20.0","","","12.427","20.0","2201.6","1982.5","","","","Seawater scale (mol/kg-SW) "," K1, K2 from Mehrbach et al., 1973 refit by Dickson and Millero, 2459","Dickson ","Uppstrom, 2446","32.20500183","12.42700005","20","0","0","2201.600098","1982.500122","8.126011848","305.5033875","306.647583","1813.417698","156.4908674","12.59151291","72.80995304","2.398237689","0","0","11.36147209","3.779235541","2.401679487","310.9935067","12.42700005","20","8.126012267","305.5033854","306.6476153","1813.417698","156.4908674","12.59151291","72.80995304","2.398237689","0","0","11.36147209","3.779235541","2.401679487","310.9935313",20,19.83,12.4421,32.2815,24.3958,6.97,303.9,0.132,172.59,26.95,"dRB2102_CTD_031_01_F.csv","dRB2102","CTD","031","F.csv"
"E482",1,1,FALSE,"WCOA21","2021_WCOA_RonBrown","7/1/2021",NA,"1:59:04 AM","","E482","310104","4","Niskin; Sterivex 0.22µm filter","95% EtOH","West Coast","CR6",14.5,46.129,-124.09,1000,"Sean McAllister","","7/1/2021 1:59:04 AM","7/1/2021 ","2021/07/01 01:59:00","2021/07/01 00:00:00","2021/07/01 01:59:00",46.129,-124.09,"310104","4",14,"33RO20210613","WCOA2021","CR6","31","1","11058","3",5,"2021/07/01 00:00:00",2021,7,1,"01:59:04",182.083,46.129,-124.09,47,14.6,14.5,14.757,30.486,2,-999,9,359.6,2,326.1,10.669,3,1821.1,2,2090.4,2,8.0855,24.99,2,186.6692753076437,24.745,3,5.5,2,0.13,2,0,2,0.09,2,0.02,2,-999,9,12.563,2,-999,9,-999,9,-999,9,-999,9,-999,9,-999,9,-999,9,11058,"2021/07/01 01:59:04",4,"11058","4","30.486","14.757","14.6","","","14.757","14.6","2090.4","1821.1","","","","Seawater scale (mol/kg-SW) "," K1, K2 from Mehrbach et al., 1973 refit by Dickson and Millero, 2460","Dickson ","Uppstrom, 2447","30.48600006","14.75699997","14.60000038","0","0","2090.399902","1821.099976","8.232286453","219.7743988","220.5733643","1624.864757","187.7293557","8.505900326","86.34554369","3.736809399","0","0","9.850741961","4.593465669","2.91918639","224.2235886","14.75699997","14.60000038","8.232286369","219.7744017","220.5733649","1624.864757","187.7293557","8.505900326","86.34554369","3.736809399","0","0","9.850741961","4.593465669","2.91918639","224.2235919",14,13.88,14.7138,30.5512,22.6055,8.23,359.56,0.148,171.48,32.87,"dRB2102_CTD_031_01_F.csv","dRB2102","CTD","031","F.csv"
"E483",1,1,FALSE,"WCOA21","2021_WCOA_RonBrown","7/1/2021",NA,"2:00:38 AM","","E483","310106","6","Niskin; Sterivex 0.22µm filter","95% EtOH","West Coast","CR6",9.7,46.129,-124.09,1000,"Sean McAllister","","7/1/2021 2:00:38 AM","7/1/2021 ","2021/07/01 02:00:00","2021/07/01 00:00:00","2021/07/01 02:00:00",46.129,-124.09,"310106","6",10,"33RO20210613","WCOA2021","CR6","31","1","11082","2",5,"2021/07/01 00:00:00",2021,7,1,"02:00:38",182.084,46.129,-124.09,47,9.7,9.7,16.262,28.912,2,-999,9,301.7,2,302.7,9.889,2,1822.3,2,2068,2,8.055,24.99,2,146.69932137090717,24.745,3,10.6,2,0.12,2,0,2,0.09,2,0.02,2,-999,9,10.926,2,-999,9,-999,9,-999,9,-999,9,-999,9,-999,9,-999,9,11082,"2021/07/01 02:00:38",6,"11082","6","28.912","16.262","9.7","","","16.262","9.7","2068.0","1822.3","","","","Seawater scale (mol/kg-SW) "," K1, K2 from Mehrbach et al., 1973 refit by Dickson and Millero, 2462","Dickson ","Uppstrom, 2449","28.91200066","16.26199913","9.699999809","0","0","2068","1822.300049","8.189199448","249.6786804","250.5691986","1638.705364","174.2792877","9.315370508","76.94587448","3.796692836","0","0","10.32866264","4.317238085","2.738581509","255.1477993","16.26199913","9.699999809","8.189199017","249.6786832","250.5691883","1638.705364","174.2792877","9.315370508","76.94587448","3.796692836","0","0","10.32866264","4.317238085","2.738581509","255.147792",10,9.92,16.3556,28.8919,20.9775,6.9,301.79,0.087,171.39,36.88,"dRB2102_CTD_031_01_F.csv","dRB2102","CTD","031","F.csv"
"E484",1,1,FALSE,"WCOA21","2021_WCOA_RonBrown","7/1/2021",NA,"2:02:39 AM","","E484","310107","7","Niskin; Sterivex 0.22µm filter","95% EtOH","West Coast","CR6",5.5,46.129,-124.09,1000,"Sean McAllister","","7/1/2021 2:02:39 AM","7/1/2021 ","2021/07/01 02:02:00","2021/07/01 00:00:00","2021/07/01 02:02:00",46.129,-124.09,"310107","7",6,"33RO20210613","WCOA2021","CR6","31","1","11004","2",5,"2021/07/01 00:00:00",2021,7,1,"02:02:39",182.085,46.129,-124.09,47,5.6,5.5,16.444,28.873,2,-999,9,301.6,2,291.5,9.523,2,1826.9,2,2062.1,2,8.0444,24.99,2,134.0833897677577,24.745,3,11.8,6,0.11,6,0,6,0.1,6,0.02,6,-999,9,10.425,2,-999,9,-999,9,-999,9,-999,9,-999,9,-999,9,-999,9,11004,"2021/07/01 02:02:39",7,"11004","7","28.873","16.444","5.6","","","16.444","5.6","2062.1","1826.9","","","","Seawater scale (mol/kg-SW) "," K1, K2 from Mehrbach et al., 1973 refit by Dickson and Millero, 2463","Dickson ","Uppstrom, 2450","28.87299919","16.44400024","5.599999905","0","0","2062.100098","1826.900024","8.166384697","265.4015503","266.3459778","1649.641073","167.4084011","9.850583166","73.98750104","3.661557797","0","0","10.55912002","4.151969606","2.634335635","271.2707999","16.44400024","5.599999905","8.166384701","265.4015422","266.3459485","1649.641073","167.4084011","9.850583166","73.98750104","3.661557797","0","0","10.55912002","4.151969606","2.634335635","271.2707734",6,5.95,16.5661,28.8429,20.8929,6.6,288.71,0.086,171.63,40.82,"dRB2102_CTD_031_01_F.csv","dRB2102","CTD","031","F.csv"
"E485",1,1,FALSE,"WCOA21","2021_WCOA_RonBrown","7/1/2021",NA,"2:04:43 AM","","E485","310109","9","Niskin; Sterivex 0.22µm filter","95% EtOH","West Coast","CR6",3.3,46.129,-124.09,1000,"Sean McAllister","","7/1/2021 2:04:43 AM","7/1/2021 ","2021/07/01 02:04:00","2021/07/01 00:00:00","2021/07/01 02:04:00",46.129,-124.09,"310109","9",3,"33RO20210613","WCOA2021","CR6","31","1","12052","2",5,"2021/07/01 00:00:00",2021,7,1,"02:04:43",182.087,46.129,-124.09,47,3.3,3.3,16.489,28.862,2,-999,9,288.3,2,-999,-999,9,-999,9,-999,9,-999,-999,9,-999,-999,9,-999,9,-999,9,-999,9,-999,9,-999,9,-999,9,-999,9,-999,9,-999,9,-999,9,-999,9,-999,9,-999,9,-999,9,12052,"2021/07/01 02:04:43",9,"12052","9","28.862","16.489","3.3","","","16.489","3.3","-999.0","-999.0","","","","Seawater scale (mol/kg-SW) "," K1, K2 from Mehrbach et al., 1973 refit by Dickson and Millero, 2465","Dickson ","Uppstrom, 2452","","","","","","","","","","","","","","","","","","","","","","","","","","","","","","","","","","","","","",3,2.98,16.8419,28.7792,20.7821,6.37,278.9,0.08,172.02,43.37,"dRB2102_CTD_031_01_F.csv","dRB2102","CTD","031","F.csv"
"E486",1,1,FALSE,"WCOA21","2021_WCOA_RonBrown","7/1/2021",NA,"3:21:46 AM","","E486","320102","2","Niskin; Sterivex 0.22µm filter","95% EtOH","West Coast","CR13",87.7,46.129,-124.269,1000,"Sean McAllister","","7/1/2021 3:21:46 AM","7/1/2021 ","2021/07/01 03:21:00","2021/07/01 00:00:00","2021/07/01 03:21:00",46.129,-124.269,"320102","2",88,"33RO20210613","WCOA2021","CR13","32","1","11081","2",5,"2021/07/01 00:00:00",2021,7,1,"03:21:46",182.14,46.129,-124.269,98,88.5,87.7,7.339,33.924,2,-999,9,60.7,2,-999,-999,9,-999,9,-999,9,-999,-999,9,-999,-999,9,-999,9,-999,9,-999,9,-999,9,-999,9,-999,9,-999,9,-999,9,-999,9,-999,9,-999,9,-999,9,-999,9,-999,9,11081,"2021/07/01 03:21:46",2,"11081","2","33.924","7.339","88.5","","","7.339","88.5","-999.0","-999.0","","","","Seawater scale (mol/kg-SW) "," K1, K2 from Mehrbach et al., 1973 refit by Dickson and Millero, 2470","Dickson ","Uppstrom, 2457","","","","","","","","","","","","","","","","","","","","","","","","","","","","","","","","","","","","","",88,87.26,7.3355,33.9245,26.5262,1.37,59.7,0.042,164.57,10.7,"dRB2102_CTD_032_01_F.csv","dRB2102","CTD","032","F.csv"
"E487",1,1,FALSE,"WCOA21","2021_WCOA_RonBrown","7/1/2021",NA,"3:23:44 AM","","E487","320103","3","Niskin; Sterivex 0.22µm filter","95% EtOH","West Coast","CR13",78.2,46.129,-124.269,1000,"Sean McAllister","","7/1/2021 3:23:44 AM","7/1/2021 ","2021/07/01 03:23:00","2021/07/01 00:00:00","2021/07/01 03:23:00",46.129,-124.269,"320103","3",78,"33RO20210613","WCOA2021","CR13","32","1","11020","2",5,"2021/07/01 00:00:00",2021,7,1,"03:23:44",182.141,46.129,-124.269,98,78.9,78.2,7.337,33.924,2,33.9397,2,60.8,2,60.3,1.982,2,2263.5,2,-999,9,7.309,24.95,6,44.01245588321482,24.88,6,58.4,2,2.63,2,33,2,0.11,2,0.01,2,-999,9,8.174,2,-999,9,-999,9,-999,9,-999,9,-999,9,-999,9,-999,9,11020,"2021/07/01 03:23:44",3,"11020","3","33.924","7.337","78.9","","","7.337","78.9","-999.0","2263.5","","","","Seawater scale (mol/kg-SW) "," K1, K2 from Mehrbach et al., 1973 refit by Dickson and Millero, 2471","Dickson ","Uppstrom, 2458","","","","","","","","","","","","","","","","","","","","","","","","","","","","","","","","","","","","","",78,77.34,7.3362,33.9245,26.526,1.42,61.64,0.042,165.2,20.82,"dRB2102_CTD_032_01_F.csv","dRB2102","CTD","032","F.csv"
"E488",1,1,FALSE,"WCOA21","2021_WCOA_RonBrown","7/1/2021",NA,"3:29:12 AM","","E488","320106","6","Niskin; Sterivex 0.22µm filter","95% EtOH","West Coast","CR13",51,46.129,-124.27,1000,"Sean McAllister","","7/1/2021 3:29:12 AM","7/1/2021 ","2021/07/01 03:29:00","2021/07/01 00:00:00","2021/07/01 03:29:00",46.129,-124.27,"320106","6",51,"33RO20210613","WCOA2021","CR13","32","1","11082","2",5,"2021/07/01 00:00:00",2021,7,1,"03:29:12",182.145,46.129,-124.27,98,51.4,51,7.618,33.662,2,-999,9,88.1,2,89.7,2.947,2,2230,2,-999,9,7.3491,24.95,2,48.398827354753614,24.88,2,41.3,2,2.38,2,31,2,0.09,2,0.01,2,-999,9,11.059,2,-999,9,-999,9,-999,9,-999,9,-999,9,-999,9,-999,9,11082,"2021/07/01 03:29:12",6,"11082","6","33.662","7.618","51.4","","","7.618","51.4","-999.0","2230.0","","","","Seawater scale (mol/kg-SW) "," K1, K2 from Mehrbach et al., 1973 refit by Dickson and Millero, 2474","Dickson ","Uppstrom, 2461","","","","","","","","","","","","","","","","","","","","","","","","","","","","","","","","","","","","","",51,50.57,7.6225,33.6349,26.2573,2.21,96.34,0.042,165.05,48.11,"dRB2102_CTD_032_01_F.csv","dRB2102","CTD","032","F.csv"
"E489",1,1,FALSE,"WCOA21","2021_WCOA_RonBrown","7/1/2021",NA,"3:32:05 AM","","E489","320108","8","Niskin; Sterivex 0.22µm filter","95% EtOH","West Coast","CR13",32.6,46.129,-124.27,1000,"Sean McAllister","","7/1/2021 3:32:05 AM","7/1/2021 ","2021/07/01 03:32:00","2021/07/01 00:00:00","2021/07/01 03:32:00",46.129,-124.27,"320108","8",33,"33RO20210613","WCOA2021","CR13","32","1","11027","2",5,"2021/07/01 00:00:00",2021,7,1,"03:32:05",182.147,46.129,-124.27,98,32.9,32.6,7.861,33.18,2,-999,9,132.2,2,-999,-999,9,-999,9,-999,9,-999,-999,9,-999,-999,9,-999,9,-999,9,-999,9,-999,9,-999,9,-999,9,11.327,2,-999,9,-999,9,-999,9,-999,9,-999,9,-999,9,-999,9,11027,"2021/07/01 03:32:05",8,"11027","8","33.180","7.861","32.9","","","7.861","32.9","-999.0","-999.0","","","","Seawater scale (mol/kg-SW) "," K1, K2 from Mehrbach et al., 1973 refit by Dickson and Millero, 2476","Dickson ","Uppstrom, 2463","","","","","","","","","","","","","","","","","","","","","","","","","","","","","","","","","","","","","",33,32.73,7.8374,33.1999,25.8843,3.02,131.57,0.052,164.75,66.14,"dRB2102_CTD_032_01_F.csv","dRB2102","CTD","032","F.csv"
"E490",1,1,FALSE,"WCOA21","2021_WCOA_RonBrown","7/1/2021",NA,"3:38:09 AM","","E490","320111","11","Niskin; Sterivex 0.22µm filter","95% EtOH","West Coast","CR13",10.8,46.129,-124.27,1000,"Sean McAllister","","7/1/2021 3:38:09 AM","7/1/2021 ","2021/07/01 03:38:00","2021/07/01 00:00:00","2021/07/01 03:38:00",46.129,-124.27,"320111","11",11,"33RO20210613","WCOA2021","CR13","32","1","11023","2",5,"2021/07/01 00:00:00",2021,7,1,"03:38:09",182.151,46.129,-124.27,98,10.9,10.8,13.095,31.814,2,-999,9,263.4,2,298.6,9.784,2,1951.1,2,2173.2,2,7.9527,24.95,2,154.9379609682231,24.88,2,6.4,2,0.36,2,0.2,2,0.1,2,0.02,2,1.9,3,7.618,2,-999,9,-999,9,-999,9,-999,9,-999,9,-999,9,-999,9,11023,"2021/07/01 03:38:09",11,"11023","11","31.814","13.095","10.9","","","13.095","10.9","2173.2","1951.1","","","","Seawater scale (mol/kg-SW) "," K1, K2 from Mehrbach et al., 1973 refit by Dickson and Millero, 2479","Dickson ","Uppstrom, 2466","31.81399918","13.09500027","10.89999962","0","0","2173.199951","1951.099976","8.131604195","298.3718262","299.4797974","1780.870003","158.162403","12.06754978","73.43588615","2.576848229","0","0","11.19249923","3.836217642","2.43844801","303.9179066","13.09500027","10.89999962","8.131604011","298.371836","299.4798107","1780.870003","158.162403","12.06754978","73.43588615","2.576848229","0","0","11.19249923","3.836217642","2.43844801","303.9179049",11,10.91,13.6299,31.7141,23.7244,6.91,301.44,0.103,160.84,87.97,"dRB2102_CTD_032_01_F.csv","dRB2102","CTD","032","F.csv"
"E491",1,1,FALSE,"WCOA21","2021_WCOA_RonBrown","7/1/2021",NA,"3:40:23 AM","","E491","320113","13","Niskin; Sterivex 0.22µm filter","95% EtOH","West Coast","CR13",3.3,46.129,-124.27,1000,"Sean McAllister","","7/1/2021 3:40:23 AM","7/1/2021 ","2021/07/01 03:40:00","2021/07/01 00:00:00","2021/07/01 03:40:00",46.129,-124.27,"320113","13",3,"33RO20210613","WCOA2021","CR13","32","1","11054","2",5,"2021/07/01 00:00:00",2021,7,1,"03:40:23",182.153,46.129,-124.27,98,3.3,3.3,15.448,30.059,2,-999,9,288.8,2,-999,-999,9,-999,9,-999,9,-999,-999,9,-999,-999,9,-999,9,-999,9,-999,9,-999,9,-999,9,-999,9,-999,9,-999,9,-999,9,-999,9,-999,9,-999,9,-999,9,-999,9,11054,"2021/07/01 03:40:23",13,"11054","13","30.059","15.448","3.3","","","15.448","3.3","-999.0","-999.0","","","","Seawater scale (mol/kg-SW) "," K1, K2 from Mehrbach et al., 1973 refit by Dickson and Millero, 2481","Dickson ","Uppstrom, 2468","","","","","","","","","","","","","","","","","","","","","","","","","","","","","","","","","","","","","",3,2.98,15.4212,30.1308,22.1319,6.61,288.75,0.122,160.49,96.01,"dRB2102_CTD_032_01_F.csv","dRB2102","CTD","032","F.csv"
"E492.1B",1,1,FALSE,"WCOA21","2021_WCOA_RonBrown","7/1/2021",NA,"5:15:54 AM","","E492.1B","330101","1","Niskin; Sterivex 0.22µm filter","95% EtOH","West Coast","CR24",131,46.129,-124.526,1000,"Sean McAllister","","7/1/2021 5:15:54 AM","7/1/2021 ","2021/07/01 05:15:00","2021/07/01 00:00:00","2021/07/01 05:15:00",46.129,-124.526,"330101","1",131,"33RO20210613","WCOA2021","CR24","33","1","11031","2",5,"2021/07/01 00:00:00",2021,7,1,"05:15:54",182.219,46.129,-124.526,141,132.2,131,6.743,33.992,2,33.9984,2,37,2,37.9,1.246,6,2288.7,6,2275.9,6,7.2632,25.02,2,42.054075078171365,24.86,2,66.7,2,2.89,2,35.7,2,0.34,2,0.01,2,-999,9,10.881,2,-999,9,-999,9,-999,9,-999,9,-999,9,-999,9,-999,9,11031,"2021/07/01 05:15:54",1,"11031","1","33.992","6.743","132.2","","","6.743","132.2","2275.9","2288.7","","","","Seawater scale (mol/kg-SW) "," K1, K2 from Mehrbach et al., 1973 refit by Dickson and Millero, 2485","Dickson ","Uppstrom, 2472","33.99200058","6.743000031","132.1999969","0","0","2275.899902","2288.699951","7.509865284","1428.612183","1434.373779","2180.12568","38.143422","70.43074621","19.1822173","0.336702206","0","0","18.54122266","0.891571813","0.564164494","1448.169798","6.743000031","132.1999969","7.509865138","1428.612186","1434.37381","2180.12568","38.143422","70.43074621","19.1822173","0.336702206","0","0","18.54122266","0.891571813","0.564164494","1448.169823",131,129.88,6.7535,33.9909,26.6589,0.85,36.91,0.042,169.23,11.42,"dRB2102_CTD_033_01_F.csv","dRB2102","CTD","033","F.csv"
"E492.2B",2,1,FALSE,"WCOA21","2021_WCOA_RonBrown","7/1/2021",NA,"5:15:58 AM","","E492.2B","330102","2","Niskin; Sterivex 0.22µm filter","95% EtOH","West Coast","CR24",130.4,46.129,-124.526,1000,"Sean McAllister","","7/1/2021 5:15:58 AM","7/1/2021 ","2021/07/01 05:15:00","2021/07/01 00:00:00","2021/07/01 05:15:00",46.129,-124.526,"330102","2",130,"33RO20210613","WCOA2021","CR24","33","1","11081","2",5,"2021/07/01 00:00:00",2021,7,1,"05:15:58",182.219,46.129,-124.526,141,131.5,130.4,6.748,33.991,2,-999,9,36.9,2,-999,-999,9,-999,9,-999,9,-999,-999,9,-999,-999,9,-999,9,-999,9,-999,9,-999,9,-999,9,-999,9,-999,9,1200,2,283,2,17.7,2,0,2,1200000,2,817000,2,213000,2,11081,"2021/07/01 05:15:58",2,"11081","2","33.991","6.748","131.5","","","6.748","131.5","-999.0","-999.0","","","","Seawater scale (mol/kg-SW) "," K1, K2 from Mehrbach et al., 1973 refit by Dickson and Millero, 2486","Dickson ","Uppstrom, 2473","","","","","","","","","","","","","","","","","","","","","","","","","","","","","","","","","","","","","",130,128.89,6.763,33.9902,26.657,0.84,36.7,0.042,169.36,12.38,"dRB2102_CTD_033_01_F.csv","dRB2102","CTD","033","F.csv"
"E492.3B",3,1,FALSE,"WCOA21","2021_WCOA_RonBrown","7/1/2021",NA,"5:16:03 AM","","E492.3B","330103","3","Niskin; Sterivex 0.22µm filter","95% EtOH","West Coast","CR24",131,46.129,-124.526,1000,"Sean McAllister","","7/1/2021 5:16:03 AM","7/1/2021 ","2021/07/01 05:16:00","2021/07/01 00:00:00","2021/07/01 05:16:00",46.129,-124.526,"330103","3",131,"33RO20210613","WCOA2021","CR24","33","1","11020","2",5,"2021/07/01 00:00:00",2021,7,1,"05:16:03",182.219,46.129,-124.526,141,132.2,131,6.74,33.992,2,-999,9,37,2,-999,-999,9,-999,9,-999,9,-999,-999,9,-999,-999,9,-999,9,-999,9,-999,9,-999,9,-999,9,-999,9,-999,9,-999,9,-999,9,-999,9,-999,9,-999,9,-999,9,-999,9,11020,"2021/07/01 05:16:03",3,"11020","3","33.992","6.740","132.2","","","6.740","132.2","-999.0","-999.0","","","","Seawater scale (mol/kg-SW) "," K1, K2 from Mehrbach et al., 1973 refit by Dickson and Millero, 2487","Dickson ","Uppstrom, 2474","","","","","","","","","","","","","","","","","","","","","","","","","","","","","","","","","","","","","",131,129.88,6.7535,33.9909,26.6589,0.85,36.91,0.042,169.23,11.42,"dRB2102_CTD_033_01_F.csv","dRB2102","CTD","033","F.csv"
"E493",1,1,FALSE,"WCOA21","2021_WCOA_RonBrown","7/1/2021",NA,"5:20:58 AM","","E493","330106","6","Niskin; Sterivex 0.22µm filter","95% EtOH","West Coast","CR24",100.2,46.128,-124.526,1000,"Sean McAllister","","7/1/2021 5:20:58 AM","7/1/2021 ","2021/07/01 05:20:00","2021/07/01 00:00:00","2021/07/01 05:20:00",46.128,-124.526,"330106","6",100,"33RO20210613","WCOA2021","CR24","33","1","11082","2",5,"2021/07/01 00:00:00",2021,7,1,"05:20:58",182.223,46.128,-124.526,141,101.1,100.2,6.935,33.96,2,-999,9,45,2,45.2,1.485,2,2279.4,2,2269.9,2,7.2748,25.02,6,42.933626416822506,24.86,6,58.4,2,2.74,2,35.6,2,0.11,2,0.01,2,-999,9,8.391,2,-999,9,-999,9,-999,9,-999,9,-999,9,-999,9,-999,9,11082,"2021/07/01 05:20:58",6,"11082","6","33.960","6.935","101.1","","","6.935","101.1","2269.9","2279.4","","","","Seawater scale (mol/kg-SW) "," K1, K2 from Mehrbach et al., 1973 refit by Dickson and Millero, 2490","Dickson ","Uppstrom, 2477","33.95999908","6.934999943","101.0999985","0","0","2269.899902","2279.399902","7.519652367","1398.269165","1403.894165","2171.854116","39.05811445","68.4876639","19.61002702","0.350327339","0","0","18.58921512","0.918624171","0.58118626","1417.578351","6.934999943","101.0999985","7.519652145","1398.269231","1403.894239","2171.854116","39.05811445","68.4876639","19.61002702","0.350327339","0","0","18.58921512","0.918624171","0.58118626","1417.578432",100,99.15,6.9531,33.9574,26.6051,1.07,46.38,0.04,169.75,42.88,"dRB2102_CTD_033_01_F.csv","dRB2102","CTD","033","F.csv"
"E494",1,1,FALSE,"WCOA21","2021_WCOA_RonBrown","7/1/2021",NA,"5:23:57 AM","","E494","330107","7","Niskin; Sterivex 0.22µm filter","95% EtOH","West Coast","CR24",79.7,46.128,-124.526,1000,"Sean McAllister","","7/1/2021 5:23:57 AM","7/1/2021 ","2021/07/01 05:23:00","2021/07/01 00:00:00","2021/07/01 05:23:00",46.128,-124.526,"330107","7",80,"33RO20210613","WCOA2021","CR24","33","1","11004","2",5,"2021/07/01 00:00:00",2021,7,1,"05:23:57",182.225,46.128,-124.526,141,80.4,79.7,7.542,33.753,2,-999,9,74.2,2,69.4,2.28,2,2251,2,2249.6,2,7.3108,25.02,2,45.288880693301564,24.86,2,45.9,2,2.55,2,32.7,2,0.15,2,0.14,2,-999,9,7.508,2,-999,9,-999,9,-999,9,-999,9,-999,9,-999,9,-999,9,11004,"2021/07/01 05:23:57",7,"11004","7","33.753","7.542","80.4","","","7.542","80.4","2249.6","2251.0","","","","Seawater scale (mol/kg-SW) "," K1, K2 from Mehrbach et al., 1973 refit by Dickson and Millero, 2491","Dickson ","Uppstrom, 2478","33.75299835","7.541999817","80.40000153","0","0","2249.600098","2251","7.540672779","1326.278931","1331.571899","2146.052556","41.260595","63.68676021","20.66574133","0.389957347","0","0","18.67835915","0.975413351","0.61725736","1345.109293","7.541999817","80.40000153","7.540673003","1326.278908","1331.571899","2146.052556","41.260595","63.68676021","20.66574133","0.389957347","0","0","18.67835915","0.975413351","0.61725736","1345.109354",80,79.33,7.5485,33.7518,26.3601,1.71,74.21,0.04,169.74,63,"dRB2102_CTD_033_01_F.csv","dRB2102","CTD","033","F.csv"
"E495",1,1,FALSE,"WCOA21","2021_WCOA_RonBrown","7/1/2021",NA,"5:26:41 AM","","E495","330108","8","Niskin; Sterivex 0.22µm filter","95% EtOH","West Coast","CR24",60.4,46.128,-124.526,1000,"Sean McAllister","","7/1/2021 5:26:41 AM","7/1/2021 ","2021/07/01 05:26:00","2021/07/01 00:00:00","2021/07/01 05:26:00",46.128,-124.526,"330108","8",60,"33RO20210613","WCOA2021","CR24","33","1","11027","2",5,"2021/07/01 00:00:00",2021,7,1,"05:26:41",182.227,46.128,-124.526,141,60.9,60.4,7.729,33.262,2,-999,9,162.5,2,160.3,5.263,2,2167.5,2,2221.7,2,7.4879,25.02,2,64.44123381872978,24.86,2,29.8,2,1.96,2,24.4,2,0.1,2,0.01,2,-999,9,4.778,2,566,2,131,2,61,2,17.4,2,1020000,2,733000,2,176000,2,11027,"2021/07/01 05:26:41",8,"11027","8","33.262","7.729","60.9","","","7.729","60.9","2221.7","2167.5","","","","Seawater scale (mol/kg-SW) "," K1, K2 from Mehrbach et al., 1973 refit by Dickson and Millero, 2492","Dickson ","Uppstrom, 2479","33.26200104","7.729000092","60.90000153","0","0","2221.699951","2167.5","7.735636234","819.3842163","822.6462402","2066.400531","61.893954","39.20560471","30.91296989","0.617337216","0","0","18.01615252","1.472689899","0.931064166","831.1205763","7.729000092","60.90000153","7.735636002","819.3842269","822.6462566","2066.400531","61.893954","39.20560471","30.91296989","0.617337216","0","0","18.01615252","1.472689899","0.931064166","831.1205806",60,59.5,7.7086,33.2496,25.9423,3.73,162.47,0.044,168.93,83.23,"dRB2102_CTD_033_01_F.csv","dRB2102","CTD","033","F.csv"
"E496.1T",1,1,FALSE,"WCOA21","2021_WCOA_RonBrown","7/1/2021",NA,"5:36:10 AM","","E496.1T","330113","13","Niskin; Sterivex 0.22µm filter","95% EtOH","West Coast","CR24",20.5,46.128,-124.526,1000,"Sean McAllister","","7/1/2021 5:36:10 AM","7/1/2021 ","2021/07/01 05:36:00","2021/07/01 00:00:00","2021/07/01 05:36:00",46.128,-124.526,"330113","13",20,"33RO20210613","WCOA2021","CR24","33","1","11054","2",5,"2021/07/01 00:00:00",2021,7,1,"05:36:10",182.233,46.128,-124.526,141,20.7,20.5,13.362,31.8,2,-999,9,309.3,2,-999,-999,9,-999,9,-999,9,-999,-999,9,-999,-999,9,-999,9,-999,9,-999,9,-999,9,-999,9,2.3,2,-999,9,-999,9,-999,9,-999,9,-999,9,-999,9,-999,9,-999,9,11054,"2021/07/01 05:36:10",13,"11054","13","31.800","13.362","20.7","","","13.362","20.7","-999.0","-999.0","","","","Seawater scale (mol/kg-SW) "," K1, K2 from Mehrbach et al., 1973 refit by Dickson and Millero, 2497","Dickson ","Uppstrom, 2484","","","","","","","","","","","","","","","","","","","","","","","","","","","","","","","","","","","","","",20,19.83,13.0706,31.8273,23.9229,7.08,308.87,0.094,165.97,99.9,"dRB2102_CTD_033_01_F.csv","dRB2102","CTD","033","F.csv"
"E496.2T",1,2,FALSE,"WCOA21","2021_WCOA_RonBrown","7/1/2021",NA,"5:36:10 AM","","E496.2T","330113","13","Niskin; Sterivex 0.22µm filter","95% EtOH","West Coast","CR24",20.5,46.128,-124.526,1000,"Sean McAllister","","7/1/2021 5:36:10 AM","7/1/2021 ","2021/07/01 05:36:00","2021/07/01 00:00:00","2021/07/01 05:36:00",46.128,-124.526,"330113","13",20,"33RO20210613","WCOA2021","CR24","33","1","11054","2",5,"2021/07/01 00:00:00",2021,7,1,"05:36:10",182.233,46.128,-124.526,141,20.7,20.5,13.362,31.8,2,-999,9,309.3,2,-999,-999,9,-999,9,-999,9,-999,-999,9,-999,-999,9,-999,9,-999,9,-999,9,-999,9,-999,9,2.3,2,-999,9,-999,9,-999,9,-999,9,-999,9,-999,9,-999,9,-999,9,11054,"2021/07/01 05:36:10",13,"11054","13","31.800","13.362","20.7","","","13.362","20.7","-999.0","-999.0","","","","Seawater scale (mol/kg-SW) "," K1, K2 from Mehrbach et al., 1973 refit by Dickson and Millero, 2497","Dickson ","Uppstrom, 2484","","","","","","","","","","","","","","","","","","","","","","","","","","","","","","","","","","","","","",20,19.83,13.0706,31.8273,23.9229,7.08,308.87,0.094,165.97,99.9,"dRB2102_CTD_033_01_F.csv","dRB2102","CTD","033","F.csv"
"E496.3B",2,3,FALSE,"WCOA21","2021_WCOA_RonBrown","7/1/2021",NA,"5:36:15 AM","","E496.3B","330114","14","Niskin; Sterivex 0.22µm filter","95% EtOH","West Coast","CR24",20.3,46.128,-124.526,1000,"Sean McAllister","","7/1/2021 5:36:15 AM","7/1/2021 ","2021/07/01 05:36:00","2021/07/01 00:00:00","2021/07/01 05:36:00",46.128,-124.526,"330114","14",20,"33RO20210613","WCOA2021","CR24","33","1","11011","2",5,"2021/07/01 00:00:00",2021,7,1,"05:36:15",182.234,46.128,-124.526,141,20.5,20.3,13.555,31.779,2,-999,9,309.5,2,-999,-999,9,-999,9,2177.1,2,-999,-999,9,-999,-999,9,-999,9,-999,9,-999,9,-999,9,-999,9,-999,9,-999,9,-999,9,-999,9,-999,9,-999,9,-999,9,-999,9,-999,9,11011,"2021/07/01 05:36:15",14,"11011","14","31.779","13.555","20.5","","","13.555","20.5","2177.1","-999.0","","","","Seawater scale (mol/kg-SW) "," K1, K2 from Mehrbach et al., 1973 refit by Dickson and Millero, 2498","Dickson ","Uppstrom, 2485","","","","","","","","","","","","","","","","","","","","","","","","","","","","","","","","","","","","","",20,19.83,13.0706,31.8273,23.9229,7.08,308.87,0.094,165.97,99.9,"dRB2102_CTD_033_01_F.csv","dRB2102","CTD","033","F.csv"
"E497",1,1,FALSE,"WCOA21","2021_WCOA_RonBrown","7/1/2021",NA,"5:39:44 AM","","E497","330116","16","Niskin; Sterivex 0.22µm filter","95% EtOH","West Coast","CR24",10.7,46.128,-124.526,1000,"Sean McAllister","","7/1/2021 5:39:44 AM","7/1/2021 ","2021/07/01 05:39:00","2021/07/01 00:00:00","2021/07/01 05:39:00",46.128,-124.526,"330116","16",11,"33RO20210613","WCOA2021","CR24","33","1","11032","2",5,"2021/07/01 00:00:00",2021,7,1,"05:39:44",182.236,46.128,-124.526,141,10.8,10.7,16.525,31.589,2,-999,9,264.4,2,268.4,8.786,2,1923.7,2,2162.6,4,7.9885,25.02,2,157.91947019349107,24.86,2,1.1,2,0.26,2,0,2,0.07,2,0.01,2,-999,9,3.193,2,-999,9,-999,9,-999,9,-999,9,-999,9,-999,9,-999,9,11032,"2021/07/01 05:39:44",16,"11032","16","31.589","16.525","10.8","","","16.525","10.8","2162.6","1923.7","","","","Seawater scale (mol/kg-SW) "," K1, K2 from Mehrbach et al., 1973 refit by Dickson and Millero, 2500","Dickson ","Uppstrom, 2487","31.5890007","16.52499962","10.80000019","0","0","2162.600098","1923.699951","8.117489815","309.0951233","310.1938782","1742.321201","170.1049646","11.2738137","76.60757083","3.469252586","0","0","10.68237359","4.143981799","2.651823131","315.9510148","16.52499962","10.80000019","8.117490245","309.0951414","310.1939019","1742.321201","170.1049646","11.2738137","76.60757083","3.469252586","0","0","10.68237359","4.143981799","2.651823131","315.951024",11,10.91,16.529,31.6053,23.0193,6.19,270.17,0.06,165.56,99.82,"dRB2102_CTD_033_01_F.csv","dRB2102","CTD","033","F.csv"
"E498.1B",1,1,FALSE,"WCOA21","2021_WCOA_RonBrown","7/1/2021",NA,"5:41:53 AM","","E498.1B","330118","18","Niskin; Sterivex 0.22µm filter","95% EtOH","West Coast","CR24",3.2,46.128,-124.527,350,"Sean McAllister","Ran out; only ~350 mL total","7/1/2021 5:41:53 AM","7/1/2021 ","2021/07/01 05:41:00","2021/07/01 00:00:00","2021/07/01 05:41:00",46.128,-124.527,"330118","18",3,"33RO20210613","WCOA2021","CR24","33","1","11002","2",5,"2021/07/01 00:00:00",2021,7,1,"05:41:53",182.237,46.128,-124.527,141,3.2,3.2,16.532,31.587,2,-999,9,264.1,2,-999,-999,9,-999,9,-999,9,-999,-999,9,-999,-999,9,-999,9,-999,9,-999,9,-999,9,-999,9,-999,9,-999,9,851.5,2,191,2,91.1,2,0,2,943000,2,605000,2,206000,2,11002,"2021/07/01 05:41:53",18,"11002","18","31.587","16.532","3.2","","","16.532","3.2","-999.0","-999.0","","","","Seawater scale (mol/kg-SW) "," K1, K2 from Mehrbach et al., 1973 refit by Dickson and Millero, 2502","Dickson ","Uppstrom, 2489","","","","","","","","","","","","","","","","","","","","","","","","","","","","","","","","","","","","","",3,2.98,16.5277,31.6057,23.0196,6.03,263.25,0.062,166.05,99.82,"dRB2102_CTD_033_01_F.csv","dRB2102","CTD","033","F.csv"
"E498.2B",2,1,FALSE,"WCOA21","2021_WCOA_RonBrown","7/1/2021",NA,"5:41:57 AM","","E498.2B","330119","19","Niskin; Sterivex 0.22µm filter","95% EtOH","West Coast","CR24",3.2,46.128,-124.527,1000,"Sean McAllister","","7/1/2021 5:41:57 AM","7/1/2021 ","2021/07/01 05:41:00","2021/07/01 00:00:00","2021/07/01 05:41:00",46.128,-124.527,"330119","19",3,"33RO20210613","WCOA2021","CR24","33","1","11028","2",5,"2021/07/01 00:00:00",2021,7,1,"05:41:57",182.237,46.128,-124.527,141,3.2,3.2,16.531,31.588,2,-999,9,264.1,2,-999,-999,9,-999,9,-999,9,-999,-999,9,-999,-999,9,-999,9,-999,9,-999,9,-999,9,-999,9,-999,9,-999,9,-999,9,-999,9,-999,9,-999,9,-999,9,-999,9,-999,9,11028,"2021/07/01 05:41:57",19,"11028","19","31.588","16.531","3.2","","","16.531","3.2","-999.0","-999.0","","","","Seawater scale (mol/kg-SW) "," K1, K2 from Mehrbach et al., 1973 refit by Dickson and Millero, 2503","Dickson ","Uppstrom, 2490","","","","","","","","","","","","","","","","","","","","","","","","","","","","","","","","","","","","","",3,2.98,16.5277,31.6057,23.0196,6.03,263.25,0.062,166.05,99.82,"dRB2102_CTD_033_01_F.csv","dRB2102","CTD","033","F.csv"
"E498.3B",3,1,FALSE,"WCOA21","2021_WCOA_RonBrown","7/1/2021",NA,"5:42:01 AM","","E498.3B","330120","20","Niskin; Sterivex 0.22µm filter","95% EtOH","West Coast","CR24",3.2,46.128,-124.527,1000,"Sean McAllister","","7/1/2021 5:42:01 AM","7/1/2021 ","2021/07/01 05:42:00","2021/07/01 00:00:00","2021/07/01 05:42:00",46.128,-124.527,"330120","20",3,"33RO20210613","WCOA2021","CR24","33","1","11022","2",5,"2021/07/01 00:00:00",2021,7,1,"05:42:01",182.238,46.128,-124.527,141,3.2,3.2,16.532,31.587,2,-999,9,264.1,2,-999,-999,9,-999,9,-999,9,-999,-999,9,-999,-999,9,-999,9,-999,9,-999,9,-999,9,-999,9,-999,9,-999,9,-999,9,-999,9,-999,9,-999,9,-999,9,-999,9,-999,9,11022,"2021/07/01 05:42:01",20,"11022","20","31.587","16.532","3.2","","","16.532","3.2","-999.0","-999.0","","","","Seawater scale (mol/kg-SW) "," K1, K2 from Mehrbach et al., 1973 refit by Dickson and Millero, 2504","Dickson ","Uppstrom, 2491","","","","","","","","","","","","","","","","","","","","","","","","","","","","","","","","","","","","","",3,2.98,16.5277,31.6057,23.0196,6.03,263.25,0.062,166.05,99.82,"dRB2102_CTD_033_01_F.csv","dRB2102","CTD","033","F.csv"
"E499",1,1,FALSE,"WCOA21","2021_WCOA_RonBrown","7/1/2021",NA,"10:30:25 AM","","E499","340102","2","Niskin; Sterivex 0.22µm filter","95% EtOH","West Coast","CR30",345.2,46.128,-124.669,1000,"Sean McAllister","","7/1/2021 10:30:25 AM","7/1/2021 ","2021/07/01 10:30:00","2021/07/01 00:00:00","2021/07/01 10:30:00",46.128,-124.669,"340102","2",345,"33RO20210613","WCOA2021","CR30","34","1","11081","2",5,"2021/07/01 00:00:00",2021,7,1,"10:30:25",182.438,46.128,-124.669,355,348.4,345.2,6.461,34.014,2,34.0586,3,40.3,2,-999,-999,9,-999,9,-999,9,-999,-999,9,-999,-999,9,-999,9,-999,9,-999,9,-999,9,-999,9,-999,9,-999,9,-999,9,-999,9,-999,9,-999,9,-999,9,-999,9,-999,9,11081,"2021/07/01 10:30:25",2,"11081","2","34.014","6.461","348.4","","","6.461","348.4","-999.0","-999.0","","","","Seawater scale (mol/kg-SW) "," K1, K2 from Mehrbach et al., 1973 refit by Dickson and Millero, 2506","Dickson ","Uppstrom, 2493","","","","","","","","","","","","","","","","","","","","","","","","","","","","","","","","","","","","","",345,341.88,6.466,34.0135,26.7173,0.93,40.37,0.041,163.21,13.32,"dRB2102_CTD_034_01_F.csv","dRB2102","CTD","034","F.csv"
"E500",1,1,FALSE,"WCOA21","2021_WCOA_RonBrown","7/1/2021",NA,"10:34:39 AM","","E500","340104","4","Niskin; Sterivex 0.22µm filter","95% EtOH","West Coast","CR30",298.2,46.128,-124.67,1000,"Sean McAllister","","7/1/2021 10:34:39 AM","7/1/2021 ","2021/07/01 10:34:00","2021/07/01 00:00:00","2021/07/01 10:34:00",46.128,-124.67,"340104","4",298,"33RO20210613","WCOA2021","CR30","34","1","11058","2",5,"2021/07/01 00:00:00",2021,7,1,"10:34:39",182.441,46.128,-124.67,355,300.9,298.2,6.49,34.012,2,-999,9,40.1,2,-999,-999,9,-999,9,-999,9,-999,-999,9,-999,-999,9,-999,9,-999,9,-999,9,-999,9,-999,9,-999,9,-999,9,-999,9,-999,9,-999,9,-999,9,-999,9,-999,9,-999,9,11058,"2021/07/01 10:34:39",4,"11058","4","34.012","6.490","300.9","","","6.490","300.9","-999.0","-999.0","","","","Seawater scale (mol/kg-SW) "," K1, K2 from Mehrbach et al., 1973 refit by Dickson and Millero, 2508","Dickson ","Uppstrom, 2495","","","","","","","","","","","","","","","","","","","","","","","","","","","","","","","","","","","","","",298,295.34,6.506,34.01,26.7087,0.93,40.36,0.041,163.61,60.57,"dRB2102_CTD_034_01_F.csv","dRB2102","CTD","034","F.csv"
"E501",1,1,FALSE,"WCOA21","2021_WCOA_RonBrown","7/1/2021",NA,"10:38:53 AM","","E501","340106","6","Niskin; Sterivex 0.22µm filter","95% EtOH","West Coast","CR30",199.4,46.127,-124.67,1000,"Sean McAllister","","7/1/2021 10:38:53 AM","7/1/2021 ","2021/07/01 10:38:00","2021/07/01 00:00:00","2021/07/01 10:38:00",46.127,-124.67,"340106","6",199,"33RO20210613","WCOA2021","CR30","34","1","11082","2",5,"2021/07/01 00:00:00",2021,7,1,"10:38:53",182.444,46.127,-124.67,355,201.1,199.4,6.609,33.998,2,-999,9,39.1,2,36.1,1.186,2,2289.5,2,2279.1,2,7.2701,24.98,2,42.24564829243537,24.830000000000002,2,65.7,2,2.9,2,36.5,2,0.38,2,0.01,2,-999,9,26.73,2,-999,9,-999,9,-999,9,-999,9,-999,9,-999,9,-999,9,11082,"2021/07/01 10:38:53",6,"11082","6","33.998","6.609","201.1","","","6.609","201.1","2279.1","2289.5","","","","Seawater scale (mol/kg-SW) "," K1, K2 from Mehrbach et al., 1973 refit by Dickson and Millero, 2510","Dickson ","Uppstrom, 2497","33.9980011","6.609000206","201.1000061","0","0","2279.100098","2289.5","7.517062187","1394.424683","1400.05835","2181.650473","38.78388879","69.06572576","19.57320254","0.33949582","0","0","18.62233537","0.894478981","0.566375365","1413.399533","6.609000206","201.1000061","7.517062413","1394.424761","1400.058447","2181.650473","38.78388879","69.06572576","19.57320254","0.33949582","0","0","18.62233537","0.894478981","0.566375365","1413.39959",199,197.27,6.5909,34.0009,26.6892,0.89,38.53,0.041,164.64,99.93,"dRB2102_CTD_034_01_F.csv","dRB2102","CTD","034","F.csv"
"E502",1,1,FALSE,"WCOA21","2021_WCOA_RonBrown","7/1/2021",NA,"10:47:08 AM","","E502","340110","10","Niskin; Sterivex 0.22µm filter","95% EtOH","West Coast","CR30",99.7,46.127,-124.671,1000,"Sean McAllister","","7/1/2021 10:47:08 AM","7/1/2021 ","2021/07/01 10:47:00","2021/07/01 00:00:00","2021/07/01 10:47:00",46.127,-124.671,"340110","10",100,"33RO20210613","WCOA2021","CR30","34","1","11067","2",5,"2021/07/01 00:00:00",2021,7,1,"10:47:08",182.449,46.127,-124.671,355,100.5,99.7,7.681,33.708,2,-999,9,83.6,2,-999,-999,9,-999,9,-999,9,-999,-999,9,-999,-999,9,-999,9,-999,9,-999,9,-999,9,-999,9,-999,9,-999,9,-999,9,-999,9,-999,9,-999,9,-999,9,-999,9,-999,9,11067,"2021/07/01 10:47:08",10,"11067","10","33.708","7.681","100.5","","","7.681","100.5","-999.0","-999.0","","","","Seawater scale (mol/kg-SW) "," K1, K2 from Mehrbach et al., 1973 refit by Dickson and Millero, 2514","Dickson ","Uppstrom, 2501","","","","","","","","","","","","","","","","","","","","","","","","","","","","","","","","","","","","","",100,99.15,7.6474,33.7062,26.3104,1.92,83.61,0.042,164.99,99.71,"dRB2102_CTD_034_01_F.csv","dRB2102","CTD","034","F.csv"
"E503",1,1,FALSE,"WCOA21","2021_WCOA_RonBrown","7/1/2021",NA,"11:01:04 AM","","E503","340117","17","Niskin; Sterivex 0.22µm filter","95% EtOH","West Coast","CR30",25.7,46.126,-124.672,1000,"Sean McAllister","","7/1/2021 11:01:04 AM","7/1/2021 ","2021/07/01 11:01:00","2021/07/01 00:00:00","2021/07/01 11:01:00",46.126,-124.672,"340117","17",26,"33RO20210613","WCOA2021","CR30","34","1","11052","2",5,"2021/07/01 00:00:00",2021,7,1,"11:01:04",182.459,46.126,-124.672,355,25.9,25.7,10.651,31.991,2,-999,9,270.1,2,-999,-999,9,-999,9,-999,9,-999,-999,9,-999,-999,9,-999,9,-999,9,-999,9,-999,9,-999,9,-999,9,-999,9,-999,9,-999,9,-999,9,-999,9,-999,9,-999,9,-999,9,11052,"2021/07/01 11:01:04",17,"11052","17","31.991","10.651","25.9","","","10.651","25.9","-999.0","-999.0","","","","Seawater scale (mol/kg-SW) "," K1, K2 from Mehrbach et al., 1973 refit by Dickson and Millero, 2521","Dickson ","Uppstrom, 2508","","","","","","","","","","","","","","","","","","","","","","","","","","","","","","","","","","","","","",26,25.78,10.3971,32.012,24.5538,6,261.63,0.074,164.05,99.7,"dRB2102_CTD_034_01_F.csv","dRB2102","CTD","034","F.csv"
"E504",1,1,FALSE,"WCOA21","2021_WCOA_RonBrown","7/1/2021",NA,"11:05:04 AM","","E504","340119","19","Niskin; Sterivex 0.22µm filter","95% EtOH","West Coast","CR30",10.9,46.126,-124.673,1000,"Sean McAllister","","7/1/2021 11:05:04 AM","7/1/2021 ","2021/07/01 11:05:00","2021/07/01 00:00:00","2021/07/01 11:05:00",46.126,-124.673,"340119","19",11,"33RO20210613","WCOA2021","CR30","34","1","11028","2",5,"2021/07/01 00:00:00",2021,7,1,"11:05:04",182.462,46.126,-124.673,355,11,10.9,16.138,31.344,2,-999,9,271.7,2,272.9,8.931,2,1941.8,2,2145.1,2,7.9264,24.98,2,140.8268849838736,24.830000000000002,2,1.9,2,0.35,2,0,2,0.08,2,0.02,2,-999,9,3.776,2,-999,9,-999,9,-999,9,-999,9,-999,9,-999,9,-999,9,11028,"2021/07/01 11:05:04",19,"11028","19","31.344","16.138","11.0","","","16.138","11.0","2145.1","1941.8","","","","Seawater scale (mol/kg-SW) "," K1, K2 from Mehrbach et al., 1973 refit by Dickson and Millero, 2523","Dickson ","Uppstrom, 2510","31.34399986","16.13800049","11","0","0","2145.100098","1941.800049","8.054078102","365.1301575","366.4344788","1781.161451","147.1486523","13.4898978","66.7742779","2.876121821","0","0","11.6017372","3.588753284","2.293023843","373.0676082","16.13800049","11","8.05407794","365.1301661","366.4344858","1781.161451","147.1486523","13.4898978","66.7742779","2.876121821","0","0","11.6017372","3.588753284","2.293023843","373.06761",11,10.91,13.8893,31.8949,23.8116,6.54,285.36,0.048,163.16,99.88,"dRB2102_CTD_034_01_F.csv","dRB2102","CTD","034","F.csv"
"E505",1,1,FALSE,"WCOA21","2021_WCOA_RonBrown","7/1/2021",NA,"11:07:28 AM","","E505","340123","23","Niskin; Sterivex 0.22µm filter","95% EtOH","West Coast","CR30",3.5,46.126,-124.673,1000,"Sean McAllister","","7/1/2021 11:07:28 AM","7/1/2021 ","2021/07/01 11:07:00","2021/07/01 00:00:00","2021/07/01 11:07:00",46.126,-124.673,"340123","23",4,"33RO20210613","WCOA2021","CR30","34","1","11061","2",5,"2021/07/01 00:00:00",2021,7,1,"11:07:28",182.464,46.126,-124.673,355,3.6,3.5,17.03,31.126,2,-999,9,254.1,2,-999,-999,9,-999,9,-999,9,-999,-999,9,-999,-999,9,-999,9,-999,9,-999,9,-999,9,-999,9,0.2,2,-999,9,-999,9,-999,9,-999,9,-999,9,-999,9,-999,9,-999,9,11061,"2021/07/01 11:07:28",23,"11061","23","31.126","17.030","3.6","","","17.030","3.6","-999.0","-999.0","","","","Seawater scale (mol/kg-SW) "," K1, K2 from Mehrbach et al., 1973 refit by Dickson and Millero, 2527","Dickson ","Uppstrom, 2514","","","","","","","","","","","","","","","","","","","","","","","","","","","","","","","","","","","","","",4,3.97,16.9667,31.1409,22.5626,5.85,255.6,0.048,162.67,99.76,"dRB2102_CTD_034_01_F.csv","dRB2102","CTD","034","F.csv"
"E506",1,1,FALSE,"WCOA21","2021_WCOA_RonBrown","7/1/2021",NA,"2:06:19 PM","","E506","350102","2","Niskin; Sterivex 0.22µm filter","95% EtOH","West Coast","CR50",1350.6,46.128,-125.189,1000,"Sean McAllister","","7/1/2021 2:06:19 PM","7/1/2021 ","2021/07/01 02:06:00","2021/07/01 00:00:00","2021/07/01 02:06:00",46.128,-125.189,"350102","2",1351,"33RO20210613","WCOA2021","CR50","35","1","11081","2",5,"2021/07/01 00:00:00",2021,7,1,"14:06:19",182.588,46.128,-125.189,1361,1366.3,1350.6,2.923,34.488,2,34.5003,2,27.1,2,-999,-999,9,-999,9,-999,9,-999,-999,9,-999,-999,9,-999,9,-999,9,-999,9,-999,9,-999,9,-999,9,-999,9,-999,9,-999,9,-999,9,-999,9,-999,9,-999,9,-999,9,11081,"2021/07/01 14:06:19",2,"11081","2","34.488","2.923","1366.3","","","2.923","1366.3","-999.0","-999.0","","","","Seawater scale (mol/kg-SW) "," K1, K2 from Mehrbach et al., 1973 refit by Dickson and Millero, 2530","Dickson ","Uppstrom, 2517","","","","","","","","","","","","","","","","","","","","","","","","","","","","","","","","","","","","","",1351,1335.56,2.9342,34.4872,27.4902,0.62,26.77,0.04,137.45,23.77,"dRB2102_CTD_035_01_F.csv","dRB2102","CTD","035","F.csv"
"E507",1,1,FALSE,"WCOA21","2021_WCOA_RonBrown","7/1/2021",NA,"2:12:39 PM","","E507","350103","3","Niskin; Sterivex 0.22µm filter","95% EtOH","West Coast","CR50",1236.8,46.128,-125.189,1000,"Sean McAllister","","7/1/2021 2:12:39 PM","7/1/2021 ","2021/07/01 02:12:00","2021/07/01 00:00:00","2021/07/01 02:12:00",46.128,-125.189,"350103","3",1237,"33RO20210613","WCOA2021","CR50","35","1","11020","2",5,"2021/07/01 00:00:00",2021,7,1,"14:12:39",182.592,46.128,-125.189,1361,1250.8,1236.8,3.112,34.465,2,-999,9,22.1,2,22,0.723,2,2381.7,2,2384.8,2,7.3131,24.98,6,49.247386757661445,24.974999999999998,2,143.8,6,3.25,6,43.8,6,0.03,6,0.04,6,-999,9,2.974,2,-999,9,-999,9,-999,9,-999,9,-999,9,-999,9,-999,9,11020,"2021/07/01 14:12:39",3,"11020","3","34.465","3.112","1250.8","","","3.112","1250.8","2384.8","2381.7","","","","Seawater scale (mol/kg-SW) "," K1, K2 from Mehrbach et al., 1973 refit by Dickson and Millero, 2531","Dickson ","Uppstrom, 2518","34.46500015","3.111999989","1250.800049","0","0","2384.800049","2381.699951","7.568217754","1120.689819","1125.432739","2276.093882","42.81580673","62.79016948","22.81311411","0.288852157","0","0","19.38862286","0.796883231","0.50937323","1133.81394","3.111999989","1250.800049","7.568217629","1120.689769","1125.432777","2276.093882","42.81580673","62.79016948","22.81311411","0.288852157","0","0","19.38862286","0.796883231","0.50937323","1133.813933",1237,1223.19,3.1721,34.4608,27.4469,0.5,21.64,0.041,137.96,100,"dRB2102_CTD_035_01_F.csv","dRB2102","CTD","035","F.csv"
"E508",1,1,FALSE,"WCOA21","2021_WCOA_RonBrown","7/1/2021",NA,"2:24:31 PM","","E508","350104","4","Niskin; Sterivex 0.22µm filter","95% EtOH","West Coast","CR50",990.2,46.127,-125.189,1000,"Sean McAllister","","7/1/2021 2:24:31 PM","7/1/2021 ","2021/07/01 02:24:00","2021/07/01 00:00:00","2021/07/01 02:24:00",46.127,-125.189,"350104","4",990,"33RO20210613","WCOA2021","CR50","35","1","11058","2",5,"2021/07/01 00:00:00",2021,7,1,"14:24:31",182.6,46.127,-125.189,1361,1000.8,990.2,3.686,34.395,2,-999,9,14.4,2,12.7,0.416,2,2370.5,6,2364.7,2,7.2931,24.98,2,46.49830296037161,24.974999999999998,2,128,2,3.28,2,43.8,2,0.03,2,0.04,2,-999,9,0,2,-999,9,-999,9,-999,9,-999,9,-999,9,-999,9,-999,9,11058,"2021/07/01 14:24:31",4,"11058","4","34.395","3.686","1000.8","","","3.686","1000.8","2364.7","2370.5","","","","Seawater scale (mol/kg-SW) "," K1, K2 from Mehrbach et al., 1973 refit by Dickson and Millero, 2532","Dickson ","Uppstrom, 2519","34.39500046","3.686000109","1000.799988","0","0","2364.699951","2370.5","7.540450573","1226.7948","1231.947266","2263.045661","40.13250795","67.32183681","21.13650128","0.28206818","0","0","19.15991505","0.786519465","0.501448458","1241.504661","3.686000109","1000.799988","7.540450699","1226.794763","1231.947157","2263.045661","40.13250795","67.32183681","21.13650128","0.28206818","0","0","19.15991505","0.786519465","0.501448458","1241.504603",990,979.53,3.7228,34.388,27.3347,0.32,14.03,0.041,138.6,100,"dRB2102_CTD_035_01_F.csv","dRB2102","CTD","035","F.csv"
"E509",1,1,FALSE,"WCOA21","2021_WCOA_RonBrown","7/1/2021",NA,"2:46:04 PM","","E509","350107","7","Niskin; Sterivex 0.22µm filter","95% EtOH","West Coast","CR50",396.6,46.127,-125.19,1000,"Sean McAllister","","7/1/2021 2:46:04 PM","7/1/2021 ","2021/07/01 02:46:00","2021/07/01 00:00:00","2021/07/01 02:46:00",46.127,-125.19,"350107","7",397,"33RO20210613","WCOA2021","CR50","35","1","11004","2",5,"2021/07/01 00:00:00",2021,7,1,"14:46:04",182.615,46.127,-125.19,1361,400.2,396.6,5.305,33.981,2,-999,9,64.8,2,64.2,2.111,2,2285.6,2,2286.2,2,7.3232,24.98,2,47.44502179508656,24.974999999999998,2,73.2,2,2.81,2,38.4,2,0.02,2,0.05,2,-999,9,2.315,2,-999,9,-999,9,-999,9,-999,9,-999,9,-999,9,-999,9,11004,"2021/07/01 14:46:04",7,"11004","7","33.981","5.305","400.2","","","5.305","400.2","2286.2","2285.6","","","","Seawater scale (mol/kg-SW) "," K1, K2 from Mehrbach et al., 1973 refit by Dickson and Millero, 2535","Dickson ","Uppstrom, 2522","33.98099899","5.304999828","400.2000122","0","0","2286.199951","2285.600098","7.565177441","1209.266846","1214.237427","2181.265723","41.60455962","62.7298916","21.41698851","0.335798231","0","0","18.97064816","0.922478747","0.58449818","1224.800743","5.304999828","400.2000122","7.565177653","1209.266786","1214.237359","2181.265723","41.60455962","62.7298916","21.41698851","0.335798231","0","0","18.97064816","0.922478747","0.58449818","1224.800684",397,393.36,5.3856,33.9765,26.8228,1.56,67.77,0.041,139.34,99.84,"dRB2102_CTD_035_01_F.csv","dRB2102","CTD","035","F.csv"
"E510",1,1,FALSE,"WCOA21","2021_WCOA_RonBrown","7/1/2021",NA,"2:57:06 PM","","E510","350109","9","Niskin; Sterivex 0.22µm filter","95% EtOH","West Coast","CR50",198.6,46.126,-125.19,1000,"Sean McAllister","","7/1/2021 2:57:06 PM","7/1/2021 ","2021/07/01 02:57:00","2021/07/01 00:00:00","2021/07/01 02:57:00",46.126,-125.19,"350109","9",199,"33RO20210613","WCOA2021","CR50","35","1","12052","2",5,"2021/07/01 00:00:00",2021,7,1,"14:57:06",182.623,46.126,-125.19,1361,200.3,198.6,7.303,33.914,2,-999,9,132.3,2,130.2,4.278,2,2211.3,2,2263.9,2,7.4701,24.98,2,64.22243169903103,24.974999999999998,2,42.1,2,2.12,2,28.9,2,0.03,2,0.04,2,-999,9,3.375,2,-999,9,-999,9,-999,9,-999,9,-999,9,-999,9,-999,9,12052,"2021/07/01 14:57:06",9,"12052","9","33.914","7.303","200.3","","","7.303","200.3","2263.9","2211.3","","","","Seawater scale (mol/kg-SW) "," K1, K2 from Mehrbach et al., 1973 refit by Dickson and Millero, 2537","Dickson ","Uppstrom, 2524","33.91400146","7.302999973","200.3000031","0","0","2263.899902","2211.300049","7.72289896","843.8709717","847.2493286","2108.658954","61.82154372","40.81945983","31.0313439","0.585771865","0","0","18.10383998","1.4269492","0.9042602","855.7211134","7.302999973","200.3000031","7.722898911","843.8709621","847.2493228","2108.658954","61.82154372","40.81945983","31.0313439","0.585771865","0","0","18.10383998","1.4269492","0.9042602","855.7210858",199,197.27,7.2355,33.9085,26.529,3.03,131.69,0.042,138.67,99.56,"dRB2102_CTD_035_01_F.csv","dRB2102","CTD","035","F.csv"
"E511",1,1,FALSE,"WCOA21","2021_WCOA_RonBrown","7/1/2021",NA,"3:08:14 PM","","E511","350113","13","Niskin; Sterivex 0.22µm filter","95% EtOH","West Coast","CR50",99.6,46.126,-125.191,1000,"Sean McAllister","","7/1/2021 3:08:14 PM","7/1/2021 ","2021/07/01 03:08:00","2021/07/01 00:00:00","2021/07/01 03:08:00",46.126,-125.191,"350113","13",100,"33RO20210613","WCOA2021","CR50","35","1","11054","2",5,"2021/07/01 00:00:00",2021,7,1,"15:08:14",182.631,46.126,-125.191,1361,100.4,99.6,8.294,32.994,2,-999,9,201.5,2,-999,-999,9,-999,9,-999,9,-999,-999,9,-999,-999,9,-999,9,-999,9,-999,9,-999,9,-999,9,-999,9,-999,9,-999,9,-999,9,-999,9,-999,9,-999,9,-999,9,-999,9,11054,"2021/07/01 15:08:14",13,"11054","13","32.994","8.294","100.4","","","8.294","100.4","-999.0","-999.0","","","","Seawater scale (mol/kg-SW) "," K1, K2 from Mehrbach et al., 1973 refit by Dickson and Millero, 2541","Dickson ","Uppstrom, 2528","","","","","","","","","","","","","","","","","","","","","","","","","","","","","","","","","","","","","",100,99.15,8.3751,32.9122,25.5806,4.85,211.09,0.046,138.12,99.3,"dRB2102_CTD_035_01_F.csv","dRB2102","CTD","035","F.csv"
"E512",1,1,FALSE,"WCOA21","2021_WCOA_RonBrown","7/1/2021",NA,"3:17:11 PM","","E512","350116","16","Niskin; Sterivex 0.22µm filter","95% EtOH","West Coast","CR50",49.3,46.126,-125.191,1000,"Sean McAllister","","7/1/2021 3:17:11 PM","7/1/2021 ","2021/07/01 03:17:00","2021/07/01 00:00:00","2021/07/01 03:17:00",46.126,-125.191,"350116","16",49,"33RO20210613","WCOA2021","CR50","35","1","11032","2",5,"2021/07/01 00:00:00",2021,7,1,"15:17:11",182.637,46.126,-125.191,1361,49.7,49.3,9.095,32.261,2,-999,9,300.5,2,299.4,9.82,2,2017.9,2,2168.4,2,7.789,24.98,2,113.7962086480579,24.86,2,5,2,0.87,2,3.9,2,0.42,2,0.19,2,0.8,2,4.315,2,-999,9,-999,9,-999,9,-999,9,-999,9,-999,9,-999,9,11032,"2021/07/01 15:17:11",16,"11032","16","32.261","9.095","49.7","","","9.095","49.7","2168.4","2017.9","","","","Seawater scale (mol/kg-SW) "," K1, K2 from Mehrbach et al., 1973 refit by Dickson and Millero, 2544","Dickson ","Uppstrom, 2531","32.26100159","9.095000267","49.70000076","0","0","2168.399902","2017.900146","8.020320892","394.5874023","396.1304626","1887.560918","112.2107957","18.12840095","55.08025545","1.346930319","0","0","13.66243043","2.690928962","1.700828336","400.6144305","9.095000267","49.70000076","8.020320578","394.587406","396.1304645","1887.560918","112.2107957","18.12840095","55.08025545","1.346930319","0","0","13.66243043","2.690928962","1.700828336","400.6144341",49,48.59,9.2064,32.2573,24.9397,7.01,305.49,0.101,137.65,99.86,"dRB2102_CTD_035_01_F.csv","dRB2102","CTD","035","F.csv"
"E513",1,1,FALSE,"WCOA21","2021_WCOA_RonBrown","7/1/2021",NA,"3:26:50 PM","","E513","350121","21","Niskin; Sterivex 0.22µm filter","95% EtOH","West Coast","CR50",10.3,46.126,-125.191,1000,"Sean McAllister","","7/1/2021 3:26:50 PM","7/1/2021 ","2021/07/01 03:26:00","2021/07/01 00:00:00","2021/07/01 03:26:00",46.126,-125.191,"350121","21",10,"33RO20210613","WCOA2021","CR50","35","1","11062","2",5,"2021/07/01 00:00:00",2021,7,1,"15:26:50",182.644,46.126,-125.191,1361,10.4,10.3,15.846,31.892,2,-999,9,267.7,2,260.6,8.533,2,1956.5,2,2153.5,2,7.908,24.98,2,143.01153684835768,24.86,2,0.9,2,0.37,2,0,2,0.03,2,0.05,2,-999,9,4.803,2,-999,9,-999,9,-999,9,-999,9,-999,9,-999,9,-999,9,11062,"2021/07/01 15:26:50",21,"11062","21","31.892","15.846","10.4","","","15.846","10.4","2153.5","1956.5","","","","Seawater scale (mol/kg-SW) "," K1, K2 from Mehrbach et al., 1973 refit by Dickson and Millero, 2549","Dickson ","Uppstrom, 2536","31.8920002","15.84599972","10.39999962","0","0","2153.5","1956.500122","8.035899162","382.8961487","384.2689819","1799.352338","142.920969","14.22680644","65.60728432","2.707811708","0","0","11.80066839","3.472780673","2.220645292","391.0919907","15.84599972","10.39999962","8.035899174","382.8961463","384.2689972","1799.352338","142.920969","14.22680644","65.60728432","2.707811708","0","0","11.80066839","3.472780673","2.220645292","391.0919968",10,9.92,16.2936,31.7321,23.1699,5.99,261.67,0.046,135.48,99.77,"dRB2102_CTD_035_01_F.csv","dRB2102","CTD","035","F.csv"
"E514",1,1,FALSE,"WCOA21","2021_WCOA_RonBrown","7/1/2021",NA,"3:28:53 PM","","E514","350124","24","Niskin; Sterivex 0.22µm filter","95% EtOH","West Coast","CR50",4.1,46.126,-125.191,1000,"Sean McAllister","","7/1/2021 3:28:53 PM","7/1/2021 ","2021/07/01 03:28:00","2021/07/01 00:00:00","2021/07/01 03:28:00",46.126,-125.191,"350124","24",4,"33RO20210613","WCOA2021","CR50","35","1","11001","2",5,"2021/07/01 00:00:00",2021,7,1,"15:28:53",182.645,46.126,-125.191,1361,4.1,4.1,16.438,31.64,2,-999,9,260.1,2,-999,-999,9,-999,9,-999,9,-999,-999,9,-999,-999,9,-999,9,-999,9,-999,9,-999,9,-999,9,0.2,2,-999,9,-999,9,-999,9,-999,9,-999,9,-999,9,-999,9,-999,9,11001,"2021/07/01 15:28:53",24,"11001","24","31.640","16.438","4.1","","","16.438","4.1","-999.0","-999.0","","","","Seawater scale (mol/kg-SW) "," K1, K2 from Mehrbach et al., 1973 refit by Dickson and Millero, 2552","Dickson ","Uppstrom, 2539","","","","","","","","","","","","","","","","","","","","","","","","","","","","","","","","","","","","","",4,3.97,16.5319,31.4993,22.937,5.91,258.01,0.047,134.71,99.76,"dRB2102_CTD_035_01_F.csv","dRB2102","CTD","035","F.csv"
"E516",1,1,FALSE,"WCOA21","2021_WCOA_RonBrown","7/1/2021",NA,"11:21:33 PM","","E516","360102","2","Niskin; Sterivex 0.22µm filter","95% EtOH","West Coast","C77",2471.9,47.118,-126.087,1000,"Sean McAllister","","7/1/2021 11:21:33 PM","7/1/2021 ","2021/07/01 11:21:00","2021/07/01 00:00:00","2021/07/01 11:21:00",47.118,-126.087,"360102","2",2472,"33RO20210613","WCOA2021","C77","36","1","11081","2",4,"2021/07/01 00:00:00",2021,7,1,"23:21:33",182.973,47.118,-126.087,2482,2507.5,2471.9,1.762,34.637,2,-999,9,76.6,2,-999,-999,9,-999,9,-999,9,-999,-999,9,-999,-999,9,-999,9,-999,9,-999,9,-999,9,-999,9,-999,9,-999,9,-999,9,-999,9,-999,9,-999,9,-999,9,-999,9,-999,9,11081,"2021/07/01 23:21:33",2,"11081","2","34.637","1.762","2507.5","","","1.762","2507.5","-999.0","-999.0","","","","Seawater scale (mol/kg-SW) "," K1, K2 from Mehrbach et al., 1973 refit by Dickson and Millero, 2554","Dickson ","Uppstrom, 2541","","","","","","","","","","","","","","","","","","","","","","","","","","","","","","","","","","","","","",2472,2437.1,1.7633,34.635,27.7106,1.77,77.03,0.04,137.36,62.81,"dRB2102_CTD_036_01_F.csv","dRB2102","CTD","036","F.csv"
"E517",1,1,FALSE,"WCOA21","2021_WCOA_RonBrown","7/1/2021",NA,"11:37:26 PM","","E517","360103","3","Niskin; Sterivex 0.22µm filter","95% EtOH","West Coast","C77",1974.9,47.118,-126.087,1000,"Sean McAllister","","7/1/2021 11:37:26 PM","7/1/2021 ","2021/07/01 11:37:00","2021/07/01 00:00:00","2021/07/01 11:37:00",47.118,-126.087,"360103","3",1975,"33RO20210613","WCOA2021","C77","36","1","11020","2",4,"2021/07/01 00:00:00",2021,7,1,"23:37:26",182.984,47.118,-126.087,2482,2001,1974.9,1.952,34.595,2,-999,9,63,2,64.1,2.109,2,2386.7,2,2418.3,2,7.4052,24.96,6,-999,-999,9,176.6,6,3.02,6,41.3,6,0.04,6,0.04,6,-999,9,1.521,2,-999,9,-999,9,-999,9,-999,9,-999,9,-999,9,-999,9,11020,"2021/07/01 23:37:26",3,"11020","3","34.595","1.952","2001.0","","","1.952","2001.0","2418.3","2386.7","","","","Seawater scale (mol/kg-SW) "," K1, K2 from Mehrbach et al., 1973 refit by Dickson and Millero, 2555","Dickson ","Uppstrom, 2542","34.59500122","1.952000022","2001","0","0","2418.300049","2386.699951","7.649420738","850.84552","854.5029297","2284.780801","52.16996001","49.7491357","28.87486529","0.327315657","0","0","19.51419753","0.831836965","0.536175618","860.3584108","1.952000022","2001","7.649420529","850.8455627","854.5029912","2284.780801","52.16996001","49.7491357","28.87486529","0.327315657","0","0","19.51419753","0.831836965","0.536175618","860.3584464",1975,1949.38,1.9882,34.5909,27.6553,1.41,61.45,0.041,138.28,99.98,"dRB2102_CTD_036_01_F.csv","dRB2102","CTD","036","F.csv"
"E518",1,1,FALSE,"WCOA21","2021_WCOA_RonBrown","7/2/2021",NA,"12:34:50 AM","","E518","360113","13","Niskin; Sterivex 0.22µm filter","95% EtOH","West Coast","C77",99,47.118,-126.086,1000,"Sean McAllister","","7/2/2021 12:34:50 AM","7/2/2021 ","2021/07/02 12:34:00","2021/07/02 00:00:00","2021/07/02 12:34:00",47.118,-126.086,"360113","13",99,"33RO20210613","WCOA2021","C77","36","1","11054","2",4,"2021/07/02 00:00:00",2021,7,2,"00:34:50",183.024,47.118,-126.086,2482,99.9,99,7.762,32.959,2,-999,9,215.1,2,217.3,7.133,2,2112.7,2,2204.6,2,7.6066,24.96,2,-999,-999,9,20.8,2,1.59,2,18.6,2,0.04,2,0.04,2,-999,9,4.234,2,-999,9,-999,9,-999,9,-999,9,-999,9,-999,9,-999,9,11054,"2021/07/02 00:34:50",13,"11054","13","32.959","7.762","99.9","","","7.762","99.9","2204.6","2112.7","","","","Seawater scale (mol/kg-SW) "," K1, K2 from Mehrbach et al., 1973 refit by Dickson and Millero, 2565","Dickson ","Uppstrom, 2552","32.95899963","7.762000084","99.90000153","0","0","2204.600098","2112.699951","7.86027956","594.9047852","597.2721558","2004.488224","79.72897614","28.48270494","39.84369295","0.824195661","0","0","16.42717328","1.886143894","1.19230384","603.4398425","7.762000084","99.90000153","7.860279771","594.9047571","597.2720921","2004.488224","79.72897614","28.48270494","39.84369295","0.824195661","0","0","16.42717328","1.886143894","1.19230384","603.4398078",99,98.15,7.7109,33.0284,25.7686,4.79,208.67,0.042,141.59,99.3,"dRB2102_CTD_036_01_F.csv","dRB2102","CTD","036","F.csv"
"E519",1,1,FALSE,"WCOA21","2021_WCOA_RonBrown","7/2/2021",NA,"12:51:48 AM","","E519","360123","23","Niskin; Sterivex 0.22µm filter","95% EtOH","West Coast","C77",3.9,47.118,-126.085,1000,"Sean McAllister","","7/2/2021 12:51:48 AM","7/2/2021 ","2021/07/02 12:51:00","2021/07/02 00:00:00","2021/07/02 12:51:00",47.118,-126.085,"360123","23",4,"33RO20210613","WCOA2021","C77","36","1","11061","2",4,"2021/07/02 00:00:00",2021,7,2,"00:51:48",183.036,47.118,-126.085,2482,3.9,3.9,16.203,32.034,2,-999,9,263,2,-999,-999,9,-999,9,-999,9,-999,-999,9,-999,-999,9,-999,9,-999,9,-999,9,-999,9,-999,9,-999,9,-999,9,-999,9,-999,9,-999,9,-999,9,-999,9,-999,9,-999,9,11061,"2021/07/02 00:51:48",23,"11061","23","32.034","16.203","3.9","","","16.203","3.9","-999.0","-999.0","","","","Seawater scale (mol/kg-SW) "," K1, K2 from Mehrbach et al., 1973 refit by Dickson and Millero, 2575","Dickson ","Uppstrom, 2562","","","","","","","","","","","","","","","","","","","","","","","","","","","","","","","","","","","","","",4,3.97,16.3126,32.032,23.3956,6.02,262.84,0.051,140.56,100.73,"dRB2102_CTD_036_01_F.csv","dRB2102","CTD","036","F.csv"
"E520.1B",1,1,FALSE,"WCOA21","2021_WCOA_RonBrown","7/2/2021",NA,"5:34:19 AM","","E520.1B","370101","1","Niskin; Sterivex 0.22µm filter","95% EtOH","West Coast","C41",1548,47.116,-125.197,1000,"Sean McAllister","","7/2/2021 5:34:19 AM","7/2/2021 ","2021/07/02 05:34:00","2021/07/02 00:00:00","2021/07/02 05:34:00",47.116,-125.197,"370101","1",1548,"33RO20210613","WCOA2021","C41","37","1","11031","2",4,"2021/07/02 00:00:00",2021,7,2,"05:34:19",183.232,47.116,-125.197,1558,1566.8,1548,2.559,34.53,2,-999,9,37.8,2,38.4,1.262,6,2389.6,6,2401.5,6,7.3506,24.91,2,-999,-999,9,158.8,6,3.16,6,43,6,0,6,0.05,6,-999,9,3.165,6,-999,9,-999,9,-999,9,-999,9,-999,9,-999,9,-999,9,11031,"2021/07/02 05:34:19",1,"11031","1","34.530","2.559","1566.8","","","2.559","1566.8","2401.5","2389.6","","","","Seawater scale (mol/kg-SW) "," K1, K2 from Mehrbach et al., 1973 refit by Dickson and Millero, 2577","Dickson ","Uppstrom, 2564","34.52999878","2.559000015","1566.800049","0","0","2401.5","2389.600098","7.592514515","1023.039429","1027.401367","2285.623746","45.4866113","58.48967729","24.63337657","0.295625007","0","0","19.54709794","0.793159767","0.508746177","1034.755633","2.559000015","1566.800049","7.592514715","1023.039478","1027.401399","2285.623746","45.4866113","58.48967729","24.63337657","0.295625007","0","0","19.54709794","0.793159767","0.508746177","1034.755612",1548,1529.46,2.5914,34.5244,27.5509,0.84,36.64,0.041,151.89,29.81,"dRB2102_CTD_037_01_F.csv","dRB2102","CTD","037","F.csv"
"E520.2B",2,1,FALSE,"WCOA21","2021_WCOA_RonBrown","7/2/2021",NA,"5:34:22 AM","","E520.2B","370102","2","Niskin; Sterivex 0.22µm filter","95% EtOH","West Coast","C41",1546.7,47.116,-125.197,1000,"Sean McAllister","","7/2/2021 5:34:22 AM","7/2/2021 ","2021/07/02 05:34:00","2021/07/02 00:00:00","2021/07/02 05:34:00",47.116,-125.197,"370102","2",1547,"33RO20210613","WCOA2021","C41","37","1","11081","2",4,"2021/07/02 00:00:00",2021,7,2,"05:34:22",183.232,47.116,-125.197,1558,1565.5,1546.7,2.559,34.53,2,-999,9,37.7,2,-999,-999,9,-999,9,-999,9,-999,-999,9,-999,-999,9,-999,9,-999,9,-999,9,-999,9,-999,9,-999,9,-999,9,-999,9,-999,9,-999,9,-999,9,-999,9,-999,9,-999,9,11081,"2021/07/02 05:34:22",2,"11081","2","34.530","2.559","1565.5","","","2.559","1565.5","-999.0","-999.0","","","","Seawater scale (mol/kg-SW) "," K1, K2 from Mehrbach et al., 1973 refit by Dickson and Millero, 2578","Dickson ","Uppstrom, 2565","","","","","","","","","","","","","","","","","","","","","","","","","","","","","","","","","","","","","",1547,1528.47,2.6108,34.5235,27.5485,0.83,36.26,0.04,151.85,30.76,"dRB2102_CTD_037_01_F.csv","dRB2102","CTD","037","F.csv"
"E520.3B",3,1,FALSE,"WCOA21","2021_WCOA_RonBrown","7/2/2021",NA,"5:34:36 AM","","E520.3B","370103","3","Niskin; Sterivex 0.22µm filter","95% EtOH","West Coast","C41",1548,47.116,-125.197,1000,"Sean McAllister","","7/2/2021 5:34:36 AM","7/2/2021 ","2021/07/02 05:34:00","2021/07/02 00:00:00","2021/07/02 05:34:00",47.116,-125.197,"370103","3",1548,"33RO20210613","WCOA2021","C41","37","1","11020","2",4,"2021/07/02 00:00:00",2021,7,2,"05:34:36",183.232,47.116,-125.197,1558,1566.8,1548,2.558,34.53,2,-999,9,37.8,2,-999,-999,9,-999,9,-999,9,-999,-999,9,-999,-999,9,-999,9,-999,9,-999,9,-999,9,-999,9,-999,9,-999,9,-999,9,-999,9,-999,9,-999,9,-999,9,-999,9,-999,9,11020,"2021/07/02 05:34:36",3,"11020","3","34.530","2.558","1566.8","","","2.558","1566.8","-999.0","-999.0","","","","Seawater scale (mol/kg-SW) "," K1, K2 from Mehrbach et al., 1973 refit by Dickson and Millero, 2579","Dickson ","Uppstrom, 2566","","","","","","","","","","","","","","","","","","","","","","","","","","","","","","","","","","","","","",1548,1529.46,2.5914,34.5244,27.5509,0.84,36.64,0.041,151.89,29.81,"dRB2102_CTD_037_01_F.csv","dRB2102","CTD","037","F.csv"
"E521",1,1,FALSE,"WCOA21","2021_WCOA_RonBrown","7/2/2021",NA,"5:46:44 AM","","E521","370104","4","Niskin; Sterivex 0.22µm filter","95% EtOH","West Coast","C41",989.4,47.116,-125.197,1000,"Sean McAllister","","7/2/2021 5:46:44 AM","7/2/2021 ","2021/07/02 05:46:00","2021/07/02 00:00:00","2021/07/02 05:46:00",47.116,-125.197,"370104","4",989,"33RO20210613","WCOA2021","C41","37","1","11058","2",4,"2021/07/02 00:00:00",2021,7,2,"05:46:44",183.241,47.116,-125.197,1558,1000.1,989.4,3.734,34.38,2,34.3821,2,15.5,2,14.4,0.473,2,2370.1,2,2364.5,2,7.2948,24.91,6,-999,-999,9,126.6,6,3.26,6,43.7,6,0,6,0.04,6,-999,9,3.219,2,-999,9,-999,9,-999,9,-999,9,-999,9,-999,9,-999,9,11058,"2021/07/02 05:46:44",4,"11058","4","34.380","3.734","1000.1","","","3.734","1000.1","2364.5","2370.1","","","","Seawater scale (mol/kg-SW) "," K1, K2 from Mehrbach et al., 1973 refit by Dickson and Millero, 2580","Dickson ","Uppstrom, 2567","34.38000107","3.733999968","1000.099976","0","0","2364.5","2370.100098","7.540584564","1226.885986","1232.0354","2262.683119","40.20265858","67.21422506","21.15725908","0.283540805","0","0","19.16150662","0.788152498","0.50249724","1241.626311","3.733999968","1000.099976","7.540584616","1226.885912","1232.035389","2262.683119","40.20265858","67.21422506","21.15725908","0.283540805","0","0","19.16150662","0.788152498","0.50249724","1241.626242",989,978.45,3.7623,34.3742,27.3198,0.35,15.23,0.042,154.97,100,"dRB2102_CTD_037_01_F.csv","dRB2102","CTD","037","F.csv"
"E522.1B",1,1,FALSE,"WCOA21","2021_WCOA_RonBrown","7/2/2021",NA,"6:25:06 AM","","E522.1B","370112","12","Niskin; Sterivex 0.22µm filter","95% EtOH","West Coast","C41",99.4,47.116,-125.197,1000,"Sean McAllister","","7/2/2021 6:25:06 AM","7/2/2021 ","2021/07/02 06:25:00","2021/07/02 00:00:00","2021/07/02 06:25:00",47.116,-125.197,"370112","12",99,"33RO20210613","WCOA2021","C41","37","1","11026","2",4,"2021/07/02 00:00:00",2021,7,2,"06:25:06",183.267,47.116,-125.197,1558,100.3,99.4,7.645,33.582,2,-999,9,149.2,2,150.5,4.941,2,2184.2,2,2239.3,2,7.4889,24.91,2,-999,-999,9,33.4,2,2.01,2,26.2,2,0.01,2,0.05,2,-999,9,1.042,2,-999,9,-999,9,-999,9,-999,9,-999,9,-999,9,-999,9,11026,"2021/07/02 06:25:06",12,"11026","12","33.582","7.645","100.3","","","7.645","100.3","2239.3","2184.2","","","","Seawater scale (mol/kg-SW) "," K1, K2 from Mehrbach et al., 1973 refit by Dickson and Millero, 2588","Dickson ","Uppstrom, 2575","33.58200073","7.644999981","100.3000031","0","0","2239.300049","2184.199951","7.734366417","823.1816406","826.4624023","2082.150117","62.62200643","39.42774409","31.30943712","0.615135244","0","0","17.98303889","1.476198585","0.934214716","834.9253795","7.644999981","100.3000031","7.734366591","823.1816737","826.4624359","2082.150117","62.62200643","39.42774409","31.30943712","0.615135244","0","0","17.98303889","1.476198585","0.934214716","834.9254109",99,98.15,7.775,33.5713,26.186,3.46,150.56,0.041,157.99,99.49,"dRB2102_CTD_037_01_F.csv","dRB2102","CTD","037","F.csv"
"E522.2T",2,2,FALSE,"WCOA21","2021_WCOA_RonBrown","7/2/2021",NA,"6:25:11 AM","","E522.2T","370113","13","Niskin; Sterivex 0.22µm filter","95% EtOH","West Coast","C41",99.8,47.116,-125.197,1000,"Sean McAllister","","7/2/2021 6:25:11 AM","7/2/2021 ","2021/07/02 06:25:00","2021/07/02 00:00:00","2021/07/02 06:25:00",47.116,-125.197,"370113","13",100,"33RO20210613","WCOA2021","C41","37","1","11054","2",4,"2021/07/02 00:00:00",2021,7,2,"06:25:11",183.267,47.116,-125.197,1558,100.7,99.8,7.655,33.577,2,-999,9,149.7,2,-999,-999,9,-999,9,-999,9,-999,-999,9,-999,-999,9,-999,9,-999,9,-999,9,-999,9,-999,9,-999,9,-999,9,-999,9,-999,9,-999,9,-999,9,-999,9,-999,9,-999,9,11054,"2021/07/02 06:25:11",13,"11054","13","33.577","7.655","100.7","","","7.655","100.7","-999.0","-999.0","","","","Seawater scale (mol/kg-SW) "," K1, K2 from Mehrbach et al., 1973 refit by Dickson and Millero, 2589","Dickson ","Uppstrom, 2576","","","","","","","","","","","","","","","","","","","","","","","","","","","","","","","","","","","","","",100,99.14,7.7833,33.5761,26.1886,3.46,150.53,0.041,157.99,99.49,"dRB2102_CTD_037_01_F.csv","dRB2102","CTD","037","F.csv"
"E522.3T",2,3,FALSE,"WCOA21","2021_WCOA_RonBrown","7/2/2021",NA,"6:25:11 AM","","E522.3T","370113","13","Niskin; Sterivex 0.22µm filter","95% EtOH","West Coast","C41",99.8,47.116,-125.197,1000,"Sean McAllister","","7/2/2021 6:25:11 AM","7/2/2021 ","2021/07/02 06:25:00","2021/07/02 00:00:00","2021/07/02 06:25:00",47.116,-125.197,"370113","13",100,"33RO20210613","WCOA2021","C41","37","1","11054","2",4,"2021/07/02 00:00:00",2021,7,2,"06:25:11",183.267,47.116,-125.197,1558,100.7,99.8,7.655,33.577,2,-999,9,149.7,2,-999,-999,9,-999,9,-999,9,-999,-999,9,-999,-999,9,-999,9,-999,9,-999,9,-999,9,-999,9,-999,9,-999,9,-999,9,-999,9,-999,9,-999,9,-999,9,-999,9,-999,9,11054,"2021/07/02 06:25:11",13,"11054","13","33.577","7.655","100.7","","","7.655","100.7","-999.0","-999.0","","","","Seawater scale (mol/kg-SW) "," K1, K2 from Mehrbach et al., 1973 refit by Dickson and Millero, 2589","Dickson ","Uppstrom, 2576","","","","","","","","","","","","","","","","","","","","","","","","","","","","","","","","","","","","","",100,99.14,7.7833,33.5761,26.1886,3.46,150.53,0.041,157.99,99.49,"dRB2102_CTD_037_01_F.csv","dRB2102","CTD","037","F.csv"
"E523.1B",1,1,FALSE,"WCOA21","2021_WCOA_RonBrown","7/2/2021",NA,"6:42:43 AM","","E523.1B","370122","22","Niskin; Sterivex 0.22µm filter","95% EtOH","West Coast","C41",3.8,47.116,-125.198,1000,"Sean McAllister","","7/2/2021 6:42:43 AM","7/2/2021 ","2021/07/02 06:42:00","2021/07/02 00:00:00","2021/07/02 06:42:00",47.116,-125.198,"370122","22",4,"33RO20210613","WCOA2021","C41","37","1","11024","2",4,"2021/07/02 00:00:00",2021,7,2,"06:42:43",183.28,47.116,-125.198,1558,3.9,3.8,15.921,31.808,2,-999,9,273.4,2,271.4,8.888,6,1935.1,2,2152.8,2,7.9548,24.91,2,-999,-999,9,2.5,2,0.35,2,0,2,0,2,0.03,2,0.4,2,3.733,6,-999,9,-999,9,-999,9,-999,9,-999,9,-999,9,-999,9,11024,"2021/07/02 06:42:43",22,"11024","22","31.808","15.921","3.9","","","15.921","3.9","2152.8","1935.1","","","","Seawater scale (mol/kg-SW) "," K1, K2 from Mehrbach et al., 1973 refit by Dickson and Millero, 2598","Dickson ","Uppstrom, 2585","31.80800056","15.92099953","3.900000095","0","0","2152.800049","1935.099976","8.081551552","338.9342041","340.1482849","1766.602719","155.9262217","12.57100908","71.32959529","3.023788201","0","0","11.1985027","3.795239421","2.426541711","346.2177281","15.92099953","3.900000095","8.081551722","338.9342231","340.1482969","1766.602719","155.9262217","12.57100908","71.32959529","3.023788201","0","0","11.1985027","3.795239421","2.426541711","346.2177426",4,3.97,15.8813,31.7871,23.3043,6.18,269.91,0.049,156.34,99.73,"dRB2102_CTD_037_01_F.csv","dRB2102","CTD","037","F.csv"
"E523.2B",2,1,FALSE,"WCOA21","2021_WCOA_RonBrown","7/2/2021",NA,"6:42:47 AM","","E523.2B","370123","23","Niskin; Sterivex 0.22µm filter","95% EtOH","West Coast","C41",4,47.116,-125.198,1000,"Sean McAllister","","7/2/2021 6:42:47 AM","7/2/2021 ","2021/07/02 06:42:00","2021/07/02 00:00:00","2021/07/02 06:42:00",47.116,-125.198,"370123","23",4,"33RO20210613","WCOA2021","C41","37","1","11061","2",4,"2021/07/02 00:00:00",2021,7,2,"06:42:47",183.28,47.116,-125.198,1558,4,4,15.924,31.807,2,-999,9,272,2,-999,-999,9,-999,9,-999,9,-999,-999,9,-999,-999,9,-999,9,-999,9,-999,9,-999,9,-999,9,-999,9,-999,9,-999,9,-999,9,-999,9,-999,9,-999,9,-999,9,-999,9,11061,"2021/07/02 06:42:47",23,"11061","23","31.807","15.924","4.0","","","15.924","4.0","-999.0","-999.0","","","","Seawater scale (mol/kg-SW) "," K1, K2 from Mehrbach et al., 1973 refit by Dickson and Millero, 2599","Dickson ","Uppstrom, 2586","","","","","","","","","","","","","","","","","","","","","","","","","","","","","","","","","","","","","",4,3.97,15.8813,31.7871,23.3043,6.18,269.91,0.049,156.34,99.73,"dRB2102_CTD_037_01_F.csv","dRB2102","CTD","037","F.csv"
"E523.3B",3,1,FALSE,"WCOA21","2021_WCOA_RonBrown","7/2/2021",NA,"6:42:50 AM","","E523.3B","370124","24","Niskin; Sterivex 0.22µm filter","95% EtOH","West Coast","C41",3.9,47.115,-125.198,1000,"Sean McAllister","","7/2/2021 6:42:50 AM","7/2/2021 ","2021/07/02 06:42:00","2021/07/02 00:00:00","2021/07/02 06:42:00",47.115,-125.198,"370124","24",4,"33RO20210613","WCOA2021","C41","37","1","11001","2",4,"2021/07/02 00:00:00",2021,7,2,"06:42:50",183.28,47.115,-125.198,1558,3.9,3.9,15.924,31.807,2,-999,9,272,2,-999,-999,9,-999,9,-999,9,-999,-999,9,-999,-999,9,-999,9,-999,9,-999,9,-999,9,-999,9,-999,9,-999,9,-999,9,-999,9,-999,9,-999,9,-999,9,-999,9,-999,9,11001,"2021/07/02 06:42:50",24,"11001","24","31.807","15.924","3.9","","","15.924","3.9","-999.0","-999.0","","","","Seawater scale (mol/kg-SW) "," K1, K2 from Mehrbach et al., 1973 refit by Dickson and Millero, 2600","Dickson ","Uppstrom, 2587","","","","","","","","","","","","","","","","","","","","","","","","","","","","","","","","","","","","","",4,3.97,15.8813,31.7871,23.3043,6.18,269.91,0.049,156.34,99.73,"dRB2102_CTD_037_01_F.csv","dRB2102","CTD","037","F.csv"
"E524",1,1,FALSE,"WCOA21","2021_WCOA_RonBrown","7/2/2021",NA,"11:04:03 AM","","E524","380102","2","Niskin; Sterivex 0.22µm filter","95% EtOH","West Coast","C35",1077,47.116,-125.054,1000,"Sean McAllister","","7/2/2021 11:04:03 AM","7/2/2021 ","2021/07/02 11:04:00","2021/07/02 00:00:00","2021/07/02 11:04:00",47.116,-125.054,"380102","2",1077,"33RO20210613","WCOA2021","C35","38","1","11081","2",4,"2021/07/02 00:00:00",2021,7,2,"11:04:03",183.461,47.116,-125.054,1089,1088.8,1077,3.558,34.408,2,34.4092,2,18,2,-999,-999,9,-999,9,-999,9,-999,-999,9,-999,-999,9,-999,9,-999,9,-999,9,-999,9,-999,9,-999,9,-999,9,-999,9,-999,9,-999,9,-999,9,-999,9,-999,9,-999,9,11081,"2021/07/02 11:04:03",2,"11081","2","34.408","3.558","1088.8","","","3.558","1088.8","-999.0","-999.0","","","","Seawater scale (mol/kg-SW) "," K1, K2 from Mehrbach et al., 1973 refit by Dickson and Millero, 2602","Dickson ","Uppstrom, 2589","","","","","","","","","","","","","","","","","","","","","","","","","","","","","","","","","","","","","",1077,1065.29,3.5865,34.4036,27.3611,0.41,17.92,0.04,165.68,23.99,"dRB2102_CTD_038_01_F.csv","dRB2102","CTD","038","F.csv"
"E525",1,1,FALSE,"WCOA21","2021_WCOA_RonBrown","7/2/2021",NA,"11:08:39 AM","","E525","380103","3","Niskin; Sterivex 0.22µm filter","95% EtOH","West Coast","C35",990.2,47.115,-125.054,1000,"Sean McAllister","","7/2/2021 11:08:39 AM","7/2/2021 ","2021/07/02 11:08:00","2021/07/02 00:00:00","2021/07/02 11:08:00",47.115,-125.054,"380103","3",990,"33RO20210613","WCOA2021","C35","38","1","11020","2",4,"2021/07/02 00:00:00",2021,7,2,"11:08:39",183.464,47.115,-125.054,1089,1000.9,990.2,3.685,34.386,2,-999,9,17.1,2,12.9,0.424,2,2369.2,6,2366.9,2,7.298,24.88,6,-999,-999,9,127.5,6,3.25,6,43.6,6,0,6,0.02,6,-999,9,4.726,2,-999,9,-999,9,-999,9,-999,9,-999,9,-999,9,-999,9,11020,"2021/07/02 11:08:39",3,"11020","3","34.386","3.685","1000.9","","","3.685","1000.9","2366.9","2369.2","","","","Seawater scale (mol/kg-SW) "," K1, K2 from Mehrbach et al., 1973 refit by Dickson and Millero, 2603","Dickson ","Uppstrom, 2590","34.38600159","3.684999943","1000.900024","0","0","2366.899902","2369.199951","7.552418709","1193.161011","1198.172241","2262.484469","41.23336654","65.48204361","21.68738077","0.289883929","0","0","19.22038896","0.808114924","0.515208672","1207.467025","3.684999943","1000.900024","7.552418554","1193.161059","1198.172262","2262.484469","41.23336654","65.48204361","21.68738077","0.289883929","0","0","19.22038896","0.808114924","0.515208672","1207.467068",990,979.44,3.691,34.3852,27.3356,0.39,17,0.041,166.24,100,"dRB2102_CTD_038_01_F.csv","dRB2102","CTD","038","F.csv"
"E526",1,1,FALSE,"WCOA21","2021_WCOA_RonBrown","7/2/2021",NA,"11:49:23 AM","","E526","380113","13","Niskin; Sterivex 0.22µm filter","95% EtOH","West Coast","C35",100,47.115,-125.056,1000,"Sean McAllister","","7/2/2021 11:49:23 AM","7/2/2021 ","2021/07/02 11:49:00","2021/07/02 00:00:00","2021/07/02 11:49:00",47.115,-125.056,"380113","13",100,"33RO20210613","WCOA2021","C35","38","1","11054","2",4,"2021/07/02 00:00:00",2021,7,2,"11:49:23",183.493,47.115,-125.056,1089,100.9,100,7.553,33.77,2,-999,9,119.3,2,-999,-999,9,-999,9,-999,9,-999,-999,9,-999,-999,9,-999,9,-999,9,-999,9,-999,9,-999,9,-999,9,-999,9,-999,9,-999,9,-999,9,-999,9,-999,9,-999,9,-999,9,11054,"2021/07/02 11:49:23",13,"11054","13","33.770","7.553","100.9","","","7.553","100.9","-999.0","-999.0","","","","Seawater scale (mol/kg-SW) "," K1, K2 from Mehrbach et al., 1973 refit by Dickson and Millero, 2613","Dickson ","Uppstrom, 2600","","","","","","","","","","","","","","","","","","","","","","","","","","","","","","","","","","","","","",100,99.14,7.5637,33.6979,26.3159,3.13,136,0.041,169.2,99.56,"dRB2102_CTD_038_01_F.csv","dRB2102","CTD","038","F.csv"
"E527",1,1,FALSE,"WCOA21","2021_WCOA_RonBrown","7/2/2021",NA,"12:09:17 PM","","E527","380123","23","Niskin; Sterivex 0.22µm filter","95% EtOH","West Coast","C35",3.8,47.114,-125.057,1000,"Sean McAllister","","7/2/2021 12:09:17 PM","7/2/2021 ","2021/07/02 12:09:00","2021/07/02 00:00:00","2021/07/02 12:09:00",47.114,-125.057,"380123","23",4,"33RO20210613","WCOA2021","C35","38","1","11061","2",4,"2021/07/02 00:00:00",2021,7,2,"12:09:17",183.506,47.114,-125.057,1089,3.9,3.8,16.114,31.575,2,-999,9,281.7,2,-999,-999,9,-999,9,-999,9,-999,-999,9,-999,-999,9,-999,9,-999,9,-999,9,-999,9,-999,9,-999,9,-999,9,-999,9,-999,9,-999,9,-999,9,-999,9,-999,9,-999,9,11061,"2021/07/02 12:09:17",23,"11061","23","31.575","16.114","3.9","","","16.114","3.9","-999.0","-999.0","","","","Seawater scale (mol/kg-SW) "," K1, K2 from Mehrbach et al., 1973 refit by Dickson and Millero, 2623","Dickson ","Uppstrom, 2610","","","","","","","","","","","","","","","","","","","","","","","","","","","","","","","","","","","","","",4,3.97,16.1322,31.5735,23.0842,6.47,282.55,0.067,165.8,99.79,"dRB2102_CTD_038_01_F.csv","dRB2102","CTD","038","F.csv"
"E528",1,1,FALSE,"WCOA21","2021_WCOA_RonBrown","7/2/2021",NA,"1:29:39 PM","","E528","390102","2","Niskin; Sterivex 0.22µm filter","95% EtOH","West Coast","C32",391.6,47.115,-124.982,1000,"Sean McAllister","","7/2/2021 1:29:39 PM","7/2/2021 ","2021/07/02 01:29:00","2021/07/02 00:00:00","2021/07/02 01:29:00",47.115,-124.982,"390102","2",392,"33RO20210613","WCOA2021","C32","39","1","11081","2",4,"2021/07/02 00:00:00",2021,7,2,"13:29:39",183.562,47.115,-124.982,403,395.2,391.6,6.161,34.028,2,34.0374,2,58.8,2,-999,-999,9,-999,9,-999,9,-999,-999,9,-999,-999,9,-999,9,-999,9,-999,9,-999,9,-999,9,-999,9,-999,9,-999,9,-999,9,-999,9,-999,9,-999,9,-999,9,-999,9,11081,"2021/07/02 13:29:39",2,"11081","2","34.028","6.161","395.2","","","6.161","395.2","-999.0","-999.0","","","","Seawater scale (mol/kg-SW) "," K1, K2 from Mehrbach et al., 1973 refit by Dickson and Millero, 2625","Dickson ","Uppstrom, 2612","","","","","","","","","","","","","","","","","","","","","","","","","","","","","","","","","","","","","",392,388.37,6.1605,34.0279,26.7685,1.35,58.88,0.041,159.22,17.67,"dRB2102_CTD_039_01_F.csv","dRB2102","CTD","039","F.csv"
"E529",1,1,FALSE,"WCOA21","2021_WCOA_RonBrown","7/2/2021",NA,"1:33:21 PM","","E529","390104","4","Niskin; Sterivex 0.22µm filter","95% EtOH","West Coast","C32",298.4,47.115,-124.982,1000,"Sean McAllister","","7/2/2021 1:33:21 PM","7/2/2021 ","2021/07/02 01:33:00","2021/07/02 00:00:00","2021/07/02 01:33:00",47.115,-124.982,"390104","4",298,"33RO20210613","WCOA2021","C32","39","1","11058","2",4,"2021/07/02 00:00:00",2021,7,2,"13:33:21",183.565,47.115,-124.982,403,301.1,298.4,6.594,33.992,2,-999,9,65.9,2,65.6,2.154,2,2266.6,2,2277.2,2,7.3389,24.86,6,-999,-999,9,60.4,2,2.64,2,34.8,2,0.1,2,0.08,2,-999,9,12.396,2,-999,9,-999,9,-999,9,-999,9,-999,9,-999,9,-999,9,11058,"2021/07/02 13:33:21",4,"11058","4","33.992","6.594","301.1","","","6.594","301.1","2277.2","2266.6","","","","Seawater scale (mol/kg-SW) "," K1, K2 from Mehrbach et al., 1973 refit by Dickson and Millero, 2627","Dickson ","Uppstrom, 2614","33.99200058","6.593999863","301.1000061","0","0","2277.199951","2266.600098","7.585037708","1169.85144","1174.578735","2163.374246","45.25068369","57.97510002","22.95107433","0.399646008","0","0","18.88837286","1.023644855","0.648922128","1185.759597","6.593999863","301.1000061","7.585037506","1169.851405","1174.578717","2163.374246","45.25068369","57.97510002","22.95107433","0.399646008","0","0","18.88837286","1.023644855","0.648922128","1185.759638",298,295.31,6.5898,33.9922,26.6837,1.51,65.81,0.041,160.09,83.17,"dRB2102_CTD_039_01_F.csv","dRB2102","CTD","039","F.csv"
"E530",1,1,FALSE,"WCOA21","2021_WCOA_RonBrown","7/2/2021",NA,"1:47:38 PM","","E530","390110","10","Niskin; Sterivex 0.22µm filter","95% EtOH","West Coast","C32",101.9,47.115,-124.982,1000,"Sean McAllister","","7/2/2021 1:47:38 PM","7/2/2021 ","2021/07/02 01:47:00","2021/07/02 00:00:00","2021/07/02 01:47:00",47.115,-124.982,"390110","10",102,"33RO20210613","WCOA2021","C32","39","1","11067","2",4,"2021/07/02 00:00:00",2021,7,2,"13:47:38",183.575,47.115,-124.982,403,102.8,101.9,7.464,33.853,2,-999,9,100.6,2,-999,-999,9,-999,9,-999,9,-999,-999,9,-999,-999,9,-999,9,-999,9,-999,9,-999,9,-999,9,-999,9,-999,9,-999,9,-999,9,-999,9,-999,9,-999,9,-999,9,-999,9,11067,"2021/07/02 13:47:38",10,"11067","10","33.853","7.464","102.8","","","7.464","102.8","-999.0","-999.0","","","","Seawater scale (mol/kg-SW) "," K1, K2 from Mehrbach et al., 1973 refit by Dickson and Millero, 2633","Dickson ","Uppstrom, 2620","","","","","","","","","","","","","","","","","","","","","","","","","","","","","","","","","","","","","",102,101.13,7.4959,33.8077,26.4119,2.35,102.42,0.041,161.05,99.71,"dRB2102_CTD_039_01_F.csv","dRB2102","CTD","039","F.csv"
"E531",1,1,FALSE,"WCOA21","2021_WCOA_RonBrown","7/2/2021",NA,"2:09:12 PM","","E531","390121","21","Niskin; Sterivex 0.22µm filter","95% EtOH","West Coast","C32",3.6,47.115,-124.982,1000,"Sean McAllister","","7/2/2021 2:09:12 PM","7/2/2021 ","2021/07/02 02:09:00","2021/07/02 00:00:00","2021/07/02 02:09:00",47.115,-124.982,"390121","21",4,"33RO20210613","WCOA2021","C32","39","1","11062","2",4,"2021/07/02 00:00:00",2021,7,2,"14:09:12",183.59,47.115,-124.982,403,3.7,3.6,16.213,31.557,2,31.9959,2,279.8,2,-999,-999,9,-999,9,-999,9,-999,-999,9,-999,-999,9,-999,9,-999,9,-999,9,-999,9,-999,9,-999,9,-999,9,-999,9,-999,9,-999,9,-999,9,-999,9,-999,9,-999,9,11062,"2021/07/02 14:09:12",21,"11062","21","31.557","16.213","3.7","","","16.213","3.7","-999.0","-999.0","","","","Seawater scale (mol/kg-SW) "," K1, K2 from Mehrbach et al., 1973 refit by Dickson and Millero, 2644","Dickson ","Uppstrom, 2631","","","","","","","","","","","","","","","","","","","","","","","","","","","","","","","","","","","","","",4,3.97,16.1731,31.6024,23.0972,6.4,279.18,0.073,157.83,99.78,"dRB2102_CTD_039_01_F.csv","dRB2102","CTD","039","F.csv"
"E532",1,1,FALSE,"WCOA21","2021_WCOA_RonBrown","7/2/2021",NA,"3:27:29 PM","","E532","400102","2","Niskin; Sterivex 0.22µm filter","95% EtOH","West Coast","C26",130.1,47.113,-124.824,1000,"Sean McAllister","","7/2/2021 3:27:29 PM","7/2/2021 ","2021/07/02 03:27:00","2021/07/02 00:00:00","2021/07/02 03:27:00",47.113,-124.824,"400102","2",130,"33RO20210613","WCOA2021","C26","40","1","11081","2",4,"2021/07/02 00:00:00",2021,7,2,"15:27:29",183.644,47.113,-124.824,140,131.2,130.1,6.734,33.972,2,33.9865,2,44.3,2,-999,-999,9,-999,9,-999,9,-999,-999,9,-999,-999,9,-999,9,-999,9,-999,9,-999,9,-999,9,-999,9,-999,9,926,2,808,2,61.4,2,0,2,1210000,2,875000,2,174000,2,11081,"2021/07/02 15:27:29",2,"11081","2","33.972","6.734","131.2","","","6.734","131.2","-999.0","-999.0","","","","Seawater scale (mol/kg-SW) "," K1, K2 from Mehrbach et al., 1973 refit by Dickson and Millero, 2646","Dickson ","Uppstrom, 2633","","","","","","","","","","","","","","","","","","","","","","","","","","","","","","","","","","","","","",130,128.88,6.7332,33.9728,26.6473,1.02,44.31,0.042,161.07,10.87,"dRB2102_CTD_040_01_F.csv","dRB2102","CTD","040","F.csv"
"E533",1,1,FALSE,"WCOA21","2021_WCOA_RonBrown","7/2/2021",NA,"3:31:03 PM","","E533","400103","3","Niskin; Sterivex 0.22µm filter","95% EtOH","West Coast","C26",99.1,47.113,-124.824,1000,"Sean McAllister","","7/2/2021 3:31:03 PM","7/2/2021 ","2021/07/02 03:31:00","2021/07/02 00:00:00","2021/07/02 03:31:00",47.113,-124.824,"400103","3",99,"33RO20210613","WCOA2021","C26","40","1","11020","2",4,"2021/07/02 00:00:00",2021,7,2,"15:31:03",183.647,47.113,-124.824,140,99.9,99.1,7.109,33.923,2,-999,9,50.9,2,48.8,1.602,2,2271.6,2,2263.5,2,7.2749,24.95,6,-999,-999,9,56.9,2,2.69,2,34.9,2,0.09,2,0.07,2,-999,9,19.98,2,-999,9,-999,9,-999,9,-999,9,-999,9,-999,9,-999,9,11020,"2021/07/02 15:31:03",3,"11020","3","33.923","7.109","99.9","","","7.109","99.9","2263.5","2271.6","","","","Seawater scale (mol/kg-SW) "," K1, K2 from Mehrbach et al., 1973 refit by Dickson and Millero, 2647","Dickson ","Uppstrom, 2634","33.92300034","7.109000206","99.90000153","0","0","2263.5","2271.600098","7.522061348","1388.095459","1393.666748","2164.620163","39.38597479","67.59392983","19.77983407","0.358534752","0","0","18.59895308","0.926737497","0.586414566","1407.416289","7.109000206","99.90000153","7.522061152","1388.095441","1393.66675","2164.620163","39.38597479","67.59392983","19.77983407","0.358534752","0","0","18.59895308","0.926737497","0.586414566","1407.416315",99,98.15,7.1709,33.9081,26.5364,1.15,50.02,0.041,161.66,42.26,"dRB2102_CTD_040_01_F.csv","dRB2102","CTD","040","F.csv"
"E534",1,1,FALSE,"WCOA21","2021_WCOA_RonBrown","7/2/2021",NA,"3:37:39 PM","","E534","400106","6","Niskin; Sterivex 0.22µm filter","95% EtOH","West Coast","C26",59.7,47.113,-124.824,1000,"Sean McAllister","","7/2/2021 3:37:39 PM","7/2/2021 ","2021/07/02 03:37:00","2021/07/02 00:00:00","2021/07/02 03:37:00",47.113,-124.824,"400106","6",60,"33RO20210613","WCOA2021","C26","40","1","11082","2",4,"2021/07/02 00:00:00",2021,7,2,"15:37:39",183.651,47.113,-124.824,140,60.3,59.7,7.592,33.539,2,-999,9,124.9,2,130.9,4.299,2,2199.4,2,2235.7,2,7.4301,24.95,2,-999,-999,9,36.4,2,2.15,2,27.8,2,0.25,2,0.24,2,-999,9,7.117,2,-999,9,-999,9,-999,9,-999,9,-999,9,-999,9,-999,9,11082,"2021/07/02 15:37:39",6,"11082","6","33.539","7.592","60.3","","","7.592","60.3","2235.7","2199.4","","","","Seawater scale (mol/kg-SW) "," K1, K2 from Mehrbach et al., 1973 refit by Dickson and Millero, 2650","Dickson ","Uppstrom, 2637","33.53900146","7.592000008","60.29999924","0","0","2235.699951","2199.399902","7.673373699","958.6777954","962.5012207","2098.858071","54.52896525","46.01294717","27.27600413","0.529498702","0","0","18.51684812","1.295601455","0.81939613","972.3214879","7.592000008","60.29999924","7.673373532","958.6777627","962.501199","2098.858071","54.52896525","46.01294717","27.27600413","0.529498702","0","0","18.51684812","1.295601455","0.81939613","972.3214696",60,59.49,7.5846,33.5216,26.1737,2.76,120,0.043,162.07,81.46,"dRB2102_CTD_040_01_F.csv","dRB2102","CTD","040","F.csv"
"E535",1,1,FALSE,"WCOA21","2021_WCOA_RonBrown","7/2/2021",NA,"3:53:25 PM","","E535","400116","16","Niskin; Sterivex 0.22µm filter","95% EtOH","West Coast","C26",3.6,47.113,-124.824,1000,"Sean McAllister","","7/2/2021 3:53:25 PM","7/2/2021 ","2021/07/02 03:53:00","2021/07/02 00:00:00","2021/07/02 03:53:00",47.113,-124.824,"400116","16",4,"33RO20210613","WCOA2021","C26","40","1","11032","2",4,"2021/07/02 00:00:00",2021,7,2,"15:53:25",183.662,47.113,-124.824,140,3.6,3.6,15.754,31.845,2,31.8537,2,291,2,-999,-999,9,-999,9,-999,9,-999,-999,9,-999,-999,9,-999,9,-999,9,-999,9,-999,9,-999,9,-999,9,-999,9,-999,9,-999,9,-999,9,-999,9,-999,9,-999,9,-999,9,11032,"2021/07/02 15:53:25",16,"11032","16","31.845","15.754","3.6","","","15.754","3.6","-999.0","-999.0","","","","Seawater scale (mol/kg-SW) "," K1, K2 from Mehrbach et al., 1973 refit by Dickson and Millero, 2660","Dickson ","Uppstrom, 2647","","","","","","","","","","","","","","","","","","","","","","","","","","","","","","","","","","","","","",4,3.97,15.775,31.849,23.3754,6.67,291.04,0.069,158.68,99.83,"dRB2102_CTD_040_01_F.csv","dRB2102","CTD","040","F.csv"
"E536",1,1,FALSE,"WCOA21","2021_WCOA_RonBrown","7/2/2021",NA,"5:24:44 PM","","E536","410102","2","Niskin; Sterivex 0.22µm filter","95% EtOH","West Coast","C19",82.8,47.116,-124.645,1000,"Sean McAllister","","7/2/2021 5:24:44 PM","7/2/2021 ","2021/07/02 05:24:00","2021/07/02 00:00:00","2021/07/02 05:24:00",47.116,-124.645,"410102","2",83,"33RO20210613","WCOA2021","C19","41","1","11081","2",4,"2021/07/02 00:00:00",2021,7,2,"17:24:44",183.726,47.116,-124.645,93,83.5,82.8,7.141,33.923,2,33.9283,2,47.5,2,-999,-999,9,-999,9,-999,9,-999,-999,9,-999,-999,9,-999,9,-999,9,-999,9,-999,9,-999,9,-999,9,-999,9,5420,2,695,2,145,2,0,2,1240000,2,872000,2,203000,2,11081,"2021/07/02 17:24:44",2,"11081","2","33.923","7.141","83.5","","","7.141","83.5","-999.0","-999.0","","","","Seawater scale (mol/kg-SW) "," K1, K2 from Mehrbach et al., 1973 refit by Dickson and Millero, 2662","Dickson ","Uppstrom, 2649","","","","","","","","","","","","","","","","","","","","","","","","","","","","","","","","","","","","","",83,82.29,7.1351,33.923,26.5528,1.08,46.98,0.048,160.13,10.94,"dRB2102_CTD_041_01_F.csv","dRB2102","CTD","041","F.csv"
"E537",1,1,FALSE,"WCOA21","2021_WCOA_RonBrown","7/2/2021",NA,"5:28:33 PM","","E537","410103","3","Niskin; Sterivex 0.22µm filter","95% EtOH","West Coast","C19",59.1,47.116,-124.645,1000,"Sean McAllister","","7/2/2021 5:28:33 PM","7/2/2021 ","2021/07/02 05:28:00","2021/07/02 00:00:00","2021/07/02 05:28:00",47.116,-124.645,"410103","3",59,"33RO20210613","WCOA2021","C19","41","1","11020","2",4,"2021/07/02 00:00:00",2021,7,2,"17:28:33",183.728,47.116,-124.645,93,59.6,59.1,7.409,33.844,2,-999,9,82.3,2,81,2.662,2,2245.6,2,2258.2,2,7.3485,24.96,6,-999,-999,9,47.5,6,2.44,6,32.3,6,0.11,6,0.07,6,-999,9,34.276,2,-999,9,-999,9,-999,9,-999,9,-999,9,-999,9,-999,9,11020,"2021/07/02 17:28:33",3,"11020","3","33.844","7.409","59.6","","","7.409","59.6","2258.2","2245.6","","","","Seawater scale (mol/kg-SW) "," K1, K2 from Mehrbach et al., 1973 refit by Dickson and Millero, 2663","Dickson ","Uppstrom, 2650","33.84400177","7.40899992","59.59999847","0","0","2258.199951","2245.600098","7.591200352","1179.776855","1184.493408","2142.655105","46.06273582","56.88226215","23.01360769","0.431873618","0","0","18.77647514","1.092737586","0.691315568","1196.424894","7.40899992","59.59999847","7.591200431","1179.776899","1184.493454","2142.655105","46.06273582","56.88226215","23.01360769","0.431873618","0","0","18.77647514","1.092737586","0.691315568","1196.424928",59,58.5,7.424,33.8361,26.4438,1.97,85.51,0.04,160.92,35.31,"dRB2102_CTD_041_01_F.csv","dRB2102","CTD","041","F.csv"
"E538",1,1,FALSE,"WCOA21","2021_WCOA_RonBrown","7/2/2021",NA,"5:33:21 PM","","E538","410106","6","Niskin; Sterivex 0.22µm filter","95% EtOH","West Coast","C19",40.8,47.116,-124.645,1000,"Sean McAllister","","7/2/2021 5:33:21 PM","7/2/2021 ","2021/07/02 05:33:00","2021/07/02 00:00:00","2021/07/02 05:33:00",47.116,-124.645,"410106","6",41,"33RO20210613","WCOA2021","C19","41","1","11082","2",4,"2021/07/02 00:00:00",2021,7,2,"17:33:21",183.731,47.116,-124.645,93,41.2,40.8,7.636,33.497,2,-999,9,99.1,2,97.8,3.211,2,2219.2,2,2234.1,2,7.3539,24.96,2,-999,-999,9,36.2,2,2.33,2,29.8,2,0.46,2,0.09,2,-999,9,20.884,2,-999,9,-999,9,-999,9,-999,9,-999,9,-999,9,-999,9,11082,"2021/07/02 17:33:21",6,"11082","6","33.497","7.636","41.2","","","7.636","41.2","2234.1","2219.2","","","","Seawater scale (mol/kg-SW) "," K1, K2 from Mehrbach et al., 1973 refit by Dickson and Millero, 2666","Dickson ","Uppstrom, 2653","33.49700165","7.636000156","41.20000076","0","0","2234.100098","2219.199951","7.599484444","1149.540161","1154.122192","2117.709866","46.38645441","55.10358152","23.19523263","0.447723392","0","0","18.78007865","1.106428756","0.69958118","1165.933603","7.636000156","41.20000076","7.599484364","1149.540189","1154.122183","2117.709866","46.38645441","55.10358152","23.19523263","0.447723392","0","0","18.78007865","1.106428756","0.69958118","1165.933611",41,40.66,7.6282,33.4993,26.1497,2.28,99.1,0.043,161.08,53.27,"dRB2102_CTD_041_01_F.csv","dRB2102","CTD","041","F.csv"
"E539",1,1,FALSE,"WCOA21","2021_WCOA_RonBrown","7/2/2021",NA,"5:45:25 PM","","E539","410114","14","Niskin; Sterivex 0.22µm filter","95% EtOH","West Coast","C19",3.2,47.116,-124.645,1000,"Sean McAllister","","7/2/2021 5:45:25 PM","7/2/2021 ","2021/07/02 05:45:00","2021/07/02 00:00:00","2021/07/02 05:45:00",47.116,-124.645,"410114","14",3,"33RO20210613","WCOA2021","C19","41","1","11011","2",4,"2021/07/02 00:00:00",2021,7,2,"17:45:25",183.74,47.116,-124.645,93,3.2,3.2,16.834,31.591,2,31.5996,2,282.5,2,-999,-999,9,-999,9,-999,9,-999,-999,9,-999,-999,9,-999,9,-999,9,-999,9,-999,9,-999,9,0.6,2,-999,9,-999,9,-999,9,-999,9,-999,9,-999,9,-999,9,-999,9,11011,"2021/07/02 17:45:25",14,"11011","14","31.591","16.834","3.2","","","16.834","3.2","-999.0","-999.0","","","","Seawater scale (mol/kg-SW) "," K1, K2 from Mehrbach et al., 1973 refit by Dickson and Millero, 2674","Dickson ","Uppstrom, 2661","","","","","","","","","","","","","","","","","","","","","","","","","","","","","","","","","","","","","",3,2.98,16.8709,31.5841,22.9243,6.35,277.42,0.059,156.55,90.35,"dRB2102_CTD_041_01_F.csv","dRB2102","CTD","041","F.csv"
"E540",1,1,FALSE,"WCOA21","2021_WCOA_RonBrown","7/2/2021",NA,"7:32:52 PM","","E540","420102","2","Niskin; Sterivex 0.22µm filter","95% EtOH","West Coast","C8",40.5,47.118,-124.382,1000,"Sean McAllister","","7/2/2021 7:32:52 PM","7/2/2021 ","2021/07/02 07:32:00","2021/07/02 00:00:00","2021/07/02 07:32:00",47.118,-124.382,"420102","2",40,"33RO20210613","WCOA2021","C8","42","1","11081","2",4,"2021/07/02 00:00:00",2021,7,2,"19:32:52",183.814,47.118,-124.382,50,40.8,40.5,7.456,33.718,2,-999,9,45.2,2,-999,-999,9,-999,9,-999,9,-999,-999,9,-999,-999,9,-999,9,-999,9,-999,9,-999,9,-999,9,3.3,2,-999,9,13150,2,2150,2,458,2,0,2,2470000,2,1730000,2,475000,2,11081,"2021/07/02 19:32:52",2,"11081","2","33.718","7.456","40.8","","","7.456","40.8","-999.0","-999.0","","","","Seawater scale (mol/kg-SW) "," K1, K2 from Mehrbach et al., 1973 refit by Dickson and Millero, 2676","Dickson ","Uppstrom, 2663","","","","","","","","","","","","","","","","","","","","","","","","","","","","","","","","","","","","","",40,39.66,7.4648,33.714,26.3417,1.08,47.05,0.121,156.48,10.85,"dRB2102_CTD_042_01_F.csv","dRB2102","CTD","042","F.csv"
"E541",1,1,FALSE,"WCOA21","2021_WCOA_RonBrown","7/2/2021",NA,"7:38:08 PM","","E541","420106","6","Niskin; Sterivex 0.22µm filter","95% EtOH","West Coast","C8",20,47.118,-124.382,1000,"Sean McAllister","","7/2/2021 7:38:08 PM","7/2/2021 ","2021/07/02 07:38:00","2021/07/02 00:00:00","2021/07/02 07:38:00",47.118,-124.382,"420106","6",20,"33RO20210613","WCOA2021","C8","42","1","11082","2",4,"2021/07/02 00:00:00",2021,7,2,"19:38:08",183.818,47.118,-124.382,50,20.2,20,11.838,32.276,2,-999,9,230.5,2,-999,-999,9,-999,9,-999,9,-999,-999,9,-999,-999,9,-999,9,-999,9,-999,9,-999,9,-999,9,-999,9,-999,9,175500,2,6340,2,561,2,105,2,7630000,2,4480000,2,2250000,2,11082,"2021/07/02 19:38:08",6,"11082","6","32.276","11.838","20.2","","","11.838","20.2","-999.0","-999.0","","","","Seawater scale (mol/kg-SW) "," K1, K2 from Mehrbach et al., 1973 refit by Dickson and Millero, 2680","Dickson ","Uppstrom, 2667","","","","","","","","","","","","","","","","","","","","","","","","","","","","","","","","","","","","","",20,19.83,12.9731,31.9483,24.0355,5.54,241.53,0.099,154.02,30.84,"dRB2102_CTD_042_01_F.csv","dRB2102","CTD","042","F.csv"
"E542",1,1,FALSE,"WCOA21","2021_WCOA_RonBrown","7/2/2021",NA,"7:43:33 PM","","E542","420110","10","Niskin; Sterivex 0.22µm filter","95% EtOH","West Coast","C8",4.2,47.118,-124.381,1000,"Sean McAllister","","7/2/2021 7:43:33 PM","7/2/2021 ","2021/07/02 07:43:00","2021/07/02 00:00:00","2021/07/02 07:43:00",47.118,-124.381,"420110","10",4,"33RO20210613","WCOA2021","C8","42","1","11067","2",4,"2021/07/02 00:00:00",2021,7,2,"19:43:33",183.822,47.118,-124.381,50,4.2,4.2,16.831,27.149,2,-999,9,330.1,2,-999,-999,9,-999,9,-999,9,-999,-999,9,-999,-999,9,-999,9,-999,9,-999,9,-999,9,-999,9,-999,9,-999,9,35300,2,7190,2,3010,2,0,2,2780000,2,1340000,2,891000,2,11067,"2021/07/02 19:43:33",10,"11067","10","27.149","16.831","4.2","","","16.831","4.2","-999.0","-999.0","","","","Seawater scale (mol/kg-SW) "," K1, K2 from Mehrbach et al., 1973 refit by Dickson and Millero, 2684","Dickson ","Uppstrom, 2671","","","","","","","","","","","","","","","","","","","","","","","","","","","","","","","","","","","","","",4,3.97,16.6029,29.4498,21.3496,7.46,326.17,0.185,152.29,46.42,"dRB2102_CTD_042_01_F.csv","dRB2102","CTD","042","F.csv"
"E543",1,1,FALSE,"WCOA21","2021_WCOA_RonBrown","7/2/2021",NA,"8:48:14 PM","","E543","430102","2","Niskin; Sterivex 0.22µm filter","95% EtOH","West Coast","C2.5",17.4,47.115,-124.247,1000,"Sean McAllister","","7/2/2021 8:48:14 PM","7/2/2021 ","2021/07/02 08:48:00","2021/07/02 00:00:00","2021/07/02 08:48:00",47.115,-124.247,"430102","2",17,"33RO20210613","WCOA2021","C2.5","43","1","11081","2",4,"2021/07/02 00:00:00",2021,7,2,"20:48:14",183.867,47.115,-124.247,27,17.6,17.4,14.855,31.377,2,-999,9,283,2,-999,-999,9,-999,9,-999,9,-999,-999,9,-999,-999,9,-999,9,-999,9,-999,9,-999,9,-999,9,-999,9,-999,9,39700,2,2680,2,665,2,0,2,3980000,2,2100000,2,1080000,2,11081,"2021/07/02 20:48:14",2,"11081","2","31.377","14.855","17.6","","","14.855","17.6","-999.0","-999.0","","","","Seawater scale (mol/kg-SW) "," K1, K2 from Mehrbach et al., 1973 refit by Dickson and Millero, 2687","Dickson ","Uppstrom, 2674","","","","","","","","","","","","","","","","","","","","","","","","","","","","","","","","","","","","","",17,16.86,14.9746,31.3521,23.1673,6.49,283.1,0.133,157.45,5.31,"dRB2102_CTD_043_01_F.csv","dRB2102","CTD","043","F.csv"
"E544",1,1,FALSE,"WCOA21","2021_WCOA_RonBrown","7/2/2021",NA,"8:51:42 PM","","E544","430104","4","Niskin; Sterivex 0.22µm filter","95% EtOH","West Coast","C2.5",10.3,47.114,-124.247,1000,"Sean McAllister","","7/2/2021 8:51:42 PM","7/2/2021 ","2021/07/02 08:51:00","2021/07/02 00:00:00","2021/07/02 08:51:00",47.114,-124.247,"430104","4",10,"33RO20210613","WCOA2021","C2.5","43","1","11058","2",4,"2021/07/02 00:00:00",2021,7,2,"20:51:42",183.869,47.114,-124.247,27,10.4,10.3,16.847,28.428,2,-999,9,337,2,-999,-999,9,-999,9,-999,9,-999,-999,9,-999,-999,9,-999,9,-999,9,-999,9,-999,9,-999,9,-999,9,-999,9,28550,2,3000,2,1790,2,11.3,2,2770000,2,1580000,2,826000,2,11058,"2021/07/02 20:51:42",4,"11058","4","28.428","16.847","10.4","","","16.847","10.4","-999.0","-999.0","","","","Seawater scale (mol/kg-SW) "," K1, K2 from Mehrbach et al., 1973 refit by Dickson and Millero, 2689","Dickson ","Uppstrom, 2676","","","","","","","","","","","","","","","","","","","","","","","","","","","","","","","","","","","","","",10,9.92,16.6981,29.2444,21.1711,7.17,313.55,0.211,156.5,12.4,"dRB2102_CTD_043_01_F.csv","dRB2102","CTD","043","F.csv"
"E545",1,1,FALSE,"WCOA21","2021_WCOA_RonBrown","7/2/2021",NA,"8:56:13 PM","","E545","430109","9","Niskin; Sterivex 0.22µm filter","95% EtOH","West Coast","C2.5",3.8,47.114,-124.247,1000,"Sean McAllister","","7/2/2021 8:56:13 PM","7/2/2021 ","2021/07/02 08:56:00","2021/07/02 00:00:00","2021/07/02 08:56:00",47.114,-124.247,"430109","9",4,"33RO20210613","WCOA2021","C2.5","43","1","12052","2",4,"2021/07/02 00:00:00",2021,7,2,"20:56:13",183.872,47.114,-124.247,27,3.8,3.8,17.025,27.743,2,-999,9,311.8,2,-999,-999,9,-999,9,-999,9,-999,-999,9,-999,-999,9,-999,9,-999,9,-999,9,-999,9,-999,9,8.8,2,-999,9,21800,2,4970,2,3410,2,0,2,2060000,2,1010000,2,759000,2,12052,"2021/07/02 20:56:13",9,"12052","9","27.743","17.025","3.8","","","17.025","3.8","-999.0","-999.0","","","","Seawater scale (mol/kg-SW) "," K1, K2 from Mehrbach et al., 1973 refit by Dickson and Millero, 2694","Dickson ","Uppstrom, 2681","","","","","","","","","","","","","","","","","","","","","","","","","","","","","","","","","","","","","",4,3.97,16.7607,28.0913,20.2738,7.12,311.51,0.229,158.91,18.47,"dRB2102_CTD_043_01_F.csv","dRB2102","CTD","043","F.csv"
"E547.1B",1,1,FALSE,"WCOA21","2021_WCOA_RonBrown","7/3/2021",NA,"4:37:49 AM","","E547.1B","440101","1","Niskin; Sterivex 0.22µm filter","95% EtOH","West Coast","Ecola",68.3,45.916,-124.087,1000,"Sean McAllister","","7/3/2021 4:37:49 AM","7/3/2021 ","2021/07/03 04:37:00","2021/07/03 00:00:00","2021/07/03 04:37:00",45.916,-124.087,"440101","1",68,"33RO20210613","WCOA2021","ECOLA","44","1","11031","2",0,"2021/07/03 00:00:00",2021,7,3,"04:37:49",184.193,45.916,-124.087,78,68.9,68.3,7.611,33.781,2,33.7772,2,58.6,2,59.3,1.946,4,2263.5,6,2255,6,7.282,25.03,2,-999,-999,9,56.7,2,2.65,2,32.1,2,0.25,2,0.18,2,-999,9,9.573,6,-999,9,-999,9,-999,9,-999,9,-999,9,-999,9,-999,9,11031,"2021/07/03 04:37:49",1,"11031","1","33.781","7.611","68.9","","","7.611","68.9","2255.0","2263.5","","","","Seawater scale (mol/kg-SW) "," K1, K2 from Mehrbach et al., 1973 refit by Dickson and Millero, 2696","Dickson ","Uppstrom, 2683","33.78099823","7.611000061","68.90000153","0","0","2255","2263.5","7.515808105","1413.602539","1419.238892","2156.531512","39.26059809","67.70777976","19.60754807","0.370724662","0","0","18.55393604","0.930029924","0.58854816","1433.736234","7.611000061","68.90000153","7.515808171","1413.602525","1419.238904","2156.531512","39.26059809","67.70777976","19.60754807","0.370724662","0","0","18.55393604","0.930029924","0.58854816","1433.736276",68,67.43,7.6137,33.7813,26.3738,1.36,59.19,0.056,172.31,11.42,"dRB2102_CTD_044_01_F.csv","dRB2102","CTD","044","F.csv"
"E547.2B",2,1,FALSE,"WCOA21","2021_WCOA_RonBrown","7/3/2021",NA,"4:37:52 AM","","E547.2B","440102","2","Niskin; Sterivex 0.22µm filter","95% EtOH","West Coast","Ecola",68.3,45.916,-124.087,1000,"Sean McAllister","","7/3/2021 4:37:52 AM","7/3/2021 ","2021/07/03 04:37:00","2021/07/03 00:00:00","2021/07/03 04:37:00",45.916,-124.087,"440102","2",68,"33RO20210613","WCOA2021","ECOLA","44","1","11081","2",0,"2021/07/03 00:00:00",2021,7,3,"04:37:52",184.193,45.916,-124.087,78,68.9,68.3,7.611,33.781,2,-999,9,58.6,2,-999,-999,9,-999,9,-999,9,-999,-999,9,-999,-999,9,-999,9,-999,9,-999,9,-999,9,-999,9,-999,9,-999,9,-999,9,-999,9,-999,9,-999,9,-999,9,-999,9,-999,9,11081,"2021/07/03 04:37:52",2,"11081","2","33.781","7.611","68.9","","","7.611","68.9","-999.0","-999.0","","","","Seawater scale (mol/kg-SW) "," K1, K2 from Mehrbach et al., 1973 refit by Dickson and Millero, 2697","Dickson ","Uppstrom, 2684","","","","","","","","","","","","","","","","","","","","","","","","","","","","","","","","","","","","","",68,67.43,7.6137,33.7813,26.3738,1.36,59.19,0.056,172.31,11.42,"dRB2102_CTD_044_01_F.csv","dRB2102","CTD","044","F.csv"
"E547.3B",3,1,FALSE,"WCOA21","2021_WCOA_RonBrown","7/3/2021",NA,"4:37:55 AM","","E547.3B","440103","3","Niskin; Sterivex 0.22µm filter","95% EtOH","West Coast","Ecola",68.1,45.916,-124.087,1000,"Sean McAllister","","7/3/2021 4:37:55 AM","7/3/2021 ","2021/07/03 04:37:00","2021/07/03 00:00:00","2021/07/03 04:37:00",45.916,-124.087,"440103","3",68,"33RO20210613","WCOA2021","ECOLA","44","1","11020","2",0,"2021/07/03 00:00:00",2021,7,3,"04:37:55",184.193,45.916,-124.087,78,68.7,68.1,7.612,33.781,2,-999,9,58.5,2,-999,-999,9,-999,9,-999,9,-999,-999,9,-999,-999,9,-999,9,-999,9,-999,9,-999,9,-999,9,-999,9,-999,9,-999,9,-999,9,-999,9,-999,9,-999,9,-999,9,-999,9,11020,"2021/07/03 04:37:55",3,"11020","3","33.781","7.612","68.7","","","7.612","68.7","-999.0","-999.0","","","","Seawater scale (mol/kg-SW) "," K1, K2 from Mehrbach et al., 1973 refit by Dickson and Millero, 2698","Dickson ","Uppstrom, 2685","","","","","","","","","","","","","","","","","","","","","","","","","","","","","","","","","","","","","",68,67.43,7.6137,33.7813,26.3738,1.36,59.19,0.056,172.31,11.42,"dRB2102_CTD_044_01_F.csv","dRB2102","CTD","044","F.csv"
"E548",1,1,FALSE,"WCOA21","2021_WCOA_RonBrown","7/3/2021",NA,"4:40:59 AM","","E548","440104","4","Niskin; Sterivex 0.22µm filter","95% EtOH","West Coast","Ecola",50.3,45.916,-124.087,1000,"Sean McAllister","","7/3/2021 4:40:59 AM","7/3/2021 ","2021/07/03 04:40:00","2021/07/03 00:00:00","2021/07/03 04:40:00",45.916,-124.087,"440104","4",50,"33RO20210613","WCOA2021","ECOLA","44","1","11058","2",0,"2021/07/03 00:00:00",2021,7,3,"04:40:59",184.195,45.916,-124.087,78,50.7,50.3,7.839,33.755,2,-999,9,67.7,2,62.2,2.043,4,2261.6,6,2255.5,2,7.2934,25.03,6,-999,-999,9,54.8,2,2.67,2,31.7,2,0.28,2,0.88,2,-999,9,9.422,2,-999,9,-999,9,-999,9,-999,9,-999,9,-999,9,-999,9,11058,"2021/07/03 04:40:59",4,"11058","4","33.755","7.839","50.7","","","7.839","50.7","2255.5","2261.6","","","","Seawater scale (mol/kg-SW) "," K1, K2 from Mehrbach et al., 1973 refit by Dickson and Millero, 2699","Dickson ","Uppstrom, 2686","33.75500107","7.839000225","50.70000076","0","0","2255.5","2261.600098","7.521832466","1398.37146","1403.93042","2155.056763","40.07757974","66.46564844","19.93453419","0.384218266","0","0","18.58075282","0.952817273","0.603010997","1418.498761","7.839000225","50.70000076","7.521832293","1398.371414","1403.930408","2155.056763","40.07757974","66.46564844","19.93453419","0.384218266","0","0","18.58075282","0.952817273","0.603010997","1418.498805",50,49.58,7.8672,33.7551,26.3164,1.62,70.35,0.054,174.52,29.74,"dRB2102_CTD_044_01_F.csv","dRB2102","CTD","044","F.csv"
"E549.1B",1,1,FALSE,"WCOA21","2021_WCOA_RonBrown","7/3/2021",NA,"4:47:09 AM","","E549.1B","440107","7","Niskin; Sterivex 0.22µm filter","95% EtOH","West Coast","Ecola",25.6,45.916,-124.087,1000,"Sean McAllister","","7/3/2021 4:47:09 AM","7/3/2021 ","2021/07/03 04:47:00","2021/07/03 00:00:00","2021/07/03 04:47:00",45.916,-124.087,"440107","7",26,"33RO20210613","WCOA2021","ECOLA","44","1","11004","2",0,"2021/07/03 00:00:00",2021,7,3,"04:47:09",184.199,45.916,-124.087,78,25.8,25.6,10.021,33.104,2,-999,9,170.4,2,168.7,5.536,4,2163.4,2,2236.6,2,7.5394,25.03,2,-999,-999,9,25.7,2,1.94,2,18.8,2,0.28,2,1.62,2,21,2,11.226,2,-999,9,-999,9,-999,9,-999,9,-999,9,-999,9,-999,9,11004,"2021/07/03 04:47:09",7,"11004","7","33.104","10.021","25.8","","","10.021","25.8","2236.6","2163.4","","","","Seawater scale (mol/kg-SW) "," K1, K2 from Mehrbach et al., 1973 refit by Dickson and Millero, 2702","Dickson ","Uppstrom, 2689","33.10400009","10.02099991","25.79999924","0","0","2236.600098","2163.399902","7.766232014","776.513855","779.5140381","2056.913052","72.06414951","34.42274061","34.74171454","0.834415104","0","0","17.1770019","1.727898545","1.095592956","788.9070361","10.02099991","25.79999924","7.766232146","776.5138061","779.5140246","2056.913052","72.06414951","34.42274061","34.74171454","0.834415104","0","0","17.1770019","1.727898545","1.095592956","788.9070343",26,25.79,9.6252,33.1664,25.5828,3.59,156.38,0.374,172.82,53.93,"dRB2102_CTD_044_01_F.csv","dRB2102","CTD","044","F.csv"
"E549.2B",2,1,FALSE,"WCOA21","2021_WCOA_RonBrown","7/3/2021",NA,"4:47:13 AM","","E549.2B","440108","8","Niskin; Sterivex 0.22µm filter","95% EtOH","West Coast","Ecola",25.5,45.916,-124.087,1000,"Sean McAllister","","7/3/2021 4:47:13 AM","7/3/2021 ","2021/07/03 04:47:00","2021/07/03 00:00:00","2021/07/03 04:47:00",45.916,-124.087,"440108","8",26,"33RO20210613","WCOA2021","ECOLA","44","1","11027","2",0,"2021/07/03 00:00:00",2021,7,3,"04:47:13",184.199,45.916,-124.087,78,25.7,25.5,10.04,33.101,2,-999,9,170.4,2,-999,-999,9,-999,9,-999,9,-999,-999,9,-999,-999,9,-999,9,-999,9,-999,9,-999,9,-999,9,-999,9,-999,9,-999,9,-999,9,-999,9,-999,9,-999,9,-999,9,-999,9,11027,"2021/07/03 04:47:13",8,"11027","8","33.101","10.040","25.7","","","10.040","25.7","-999.0","-999.0","","","","Seawater scale (mol/kg-SW) "," K1, K2 from Mehrbach et al., 1973 refit by Dickson and Millero, 2703","Dickson ","Uppstrom, 2690","","","","","","","","","","","","","","","","","","","","","","","","","","","","","","","","","","","","","",26,25.79,9.6252,33.1664,25.5828,3.59,156.38,0.374,172.82,53.93,"dRB2102_CTD_044_01_F.csv","dRB2102","CTD","044","F.csv"
"E549.3B",3,1,FALSE,"WCOA21","2021_WCOA_RonBrown","7/3/2021",NA,"4:47:17 AM","","E549.3B","440109","9","Niskin; Sterivex 0.22µm filter","95% EtOH","West Coast","Ecola",25.5,45.916,-124.087,1000,"Sean McAllister","","7/3/2021 4:47:17 AM","7/3/2021 ","2021/07/03 04:47:00","2021/07/03 00:00:00","2021/07/03 04:47:00",45.916,-124.087,"440109","9",26,"33RO20210613","WCOA2021","ECOLA","44","1","12052","2",0,"2021/07/03 00:00:00",2021,7,3,"04:47:17",184.2,45.916,-124.087,78,25.7,25.5,10.051,33.099,2,-999,9,170.5,2,-999,-999,9,-999,9,-999,9,-999,-999,9,-999,-999,9,-999,9,-999,9,-999,9,-999,9,-999,9,-999,9,-999,9,-999,9,-999,9,-999,9,-999,9,-999,9,-999,9,-999,9,12052,"2021/07/03 04:47:17",9,"12052","9","33.099","10.051","25.7","","","10.051","25.7","-999.0","-999.0","","","","Seawater scale (mol/kg-SW) "," K1, K2 from Mehrbach et al., 1973 refit by Dickson and Millero, 2704","Dickson ","Uppstrom, 2691","","","","","","","","","","","","","","","","","","","","","","","","","","","","","","","","","","","","","",26,25.79,9.6252,33.1664,25.5828,3.59,156.38,0.374,172.82,53.93,"dRB2102_CTD_044_01_F.csv","dRB2102","CTD","044","F.csv"
"E550",1,1,FALSE,"WCOA21","2021_WCOA_RonBrown","7/3/2021",NA,"4:51:12 AM","","E550","440112","12","Niskin; Sterivex 0.22µm filter","95% EtOH","West Coast","Ecola",10.9,45.916,-124.088,1000,"Sean McAllister","","7/3/2021 4:51:12 AM","7/3/2021 ","2021/07/03 04:51:00","2021/07/03 00:00:00","2021/07/03 04:51:00",45.916,-124.088,"440112","12",11,"33RO20210613","WCOA2021","ECOLA","44","1","11026","2",0,"2021/07/03 00:00:00",2021,7,3,"04:51:12",184.202,45.916,-124.088,78,11,10.9,11.398,32.243,2,-999,9,272.4,2,270.7,8.874,4,1994.3,2,2184.3,2,7.8808,25.03,2,-999,-999,9,2.3,2,0.62,2,1.7,2,0.11,2,0.46,2,-999,9,10.759,2,-999,9,-999,9,-999,9,-999,9,-999,9,-999,9,-999,9,11026,"2021/07/03 04:51:12",12,"11026","12","32.243","11.398","11.0","","","11.398","11.0","2184.3","1994.3","","","","Seawater scale (mol/kg-SW) "," K1, K2 from Mehrbach et al., 1973 refit by Dickson and Millero, 2707","Dickson ","Uppstrom, 2694","32.24300003","11.39799976","11","0","0","2184.300049","1994.299927","8.080270767","342.5640259","343.8641663","1842.278336","137.4324775","14.58912185","65.21797073","1.947191147","0","0","12.20228424","3.322011237","2.107012554","348.4132441","11.39799976","11","8.080270311","342.5640219","343.8641867","1842.278336","137.4324775","14.58912185","65.21797073","1.947191147","0","0","12.20228424","3.322011237","2.107012554","348.4132586",11,10.91,15.574,30.9325,22.7153,7.23,315.76,0.212,169.22,68.9,"dRB2102_CTD_044_01_F.csv","dRB2102","CTD","044","F.csv"
"E551.1B",1,1,FALSE,"WCOA21","2021_WCOA_RonBrown","7/3/2021",NA,"4:53:32 AM","","E551.1B","440113","13","Niskin; Sterivex 0.22µm filter","95% EtOH","West Coast","Ecola",3.1,45.916,-124.088,1000,"Sean McAllister","","7/3/2021 4:53:32 AM","7/3/2021 ","2021/07/03 04:53:00","2021/07/03 00:00:00","2021/07/03 04:53:00",45.916,-124.088,"440113","13",3,"33RO20210613","WCOA2021","ECOLA","44","1","11054","2",0,"2021/07/03 00:00:00",2021,7,3,"04:53:32",184.204,45.916,-124.088,78,3.2,3.1,17,29.391,2,29.4271,2,313,2,307.9,10.06,4,1798.7,2,-999,9,8.126,25.03,2,-999,-999,9,0.1,2,0.09,2,0,2,0.04,2,0.05,2,2.5,2,-999,9,-999,9,-999,9,-999,9,-999,9,-999,9,-999,9,-999,9,11054,"2021/07/03 04:53:32",13,"11054","13","29.391","17.000","3.2","","","17.000","3.2","-999.0","1798.7","","","","Seawater scale (mol/kg-SW) "," K1, K2 from Mehrbach et al., 1973 refit by Dickson and Millero, 2708","Dickson ","Uppstrom, 2695","","","","","","","","","","","","","","","","","","","","","","","","","","","","","","","","","","","","","",3,2.98,16.9981,29.4185,21.2362,7.15,312.58,0.141,169.1,76.91,"dRB2102_CTD_044_01_F.csv","dRB2102","CTD","044","F.csv"
"E551.2B",2,1,FALSE,"WCOA21","2021_WCOA_RonBrown","7/3/2021",NA,"4:53:34 AM","","E551.2B","440114","14","Niskin; Sterivex 0.22µm filter","95% EtOH","West Coast","Ecola",3.4,45.916,-124.088,1000,"Sean McAllister","","7/3/2021 4:53:34 AM","7/3/2021 ","2021/07/03 04:53:00","2021/07/03 00:00:00","2021/07/03 04:53:00",45.916,-124.088,"440114","14",3,"33RO20210613","WCOA2021","ECOLA","44","1","11011","2",0,"2021/07/03 00:00:00",2021,7,3,"04:53:34",184.204,45.916,-124.088,78,3.4,3.4,17.006,29.397,2,-999,9,313,2,-999,-999,9,-999,9,-999,9,-999,-999,9,-999,-999,9,-999,9,-999,9,-999,9,-999,9,-999,9,-999,9,-999,9,-999,9,-999,9,-999,9,-999,9,-999,9,-999,9,-999,9,11011,"2021/07/03 04:53:34",14,"11011","14","29.397","17.006","3.4","","","17.006","3.4","-999.0","-999.0","","","","Seawater scale (mol/kg-SW) "," K1, K2 from Mehrbach et al., 1973 refit by Dickson and Millero, 2709","Dickson ","Uppstrom, 2696","","","","","","","","","","","","","","","","","","","","","","","","","","","","","","","","","","","","","",3,2.98,16.9981,29.4185,21.2362,7.15,312.58,0.141,169.1,76.91,"dRB2102_CTD_044_01_F.csv","dRB2102","CTD","044","F.csv"
"E551.3B",3,1,FALSE,"WCOA21","2021_WCOA_RonBrown","7/3/2021",NA,"4:53:37 AM","","E551.3B","440115","15","Niskin; Sterivex 0.22µm filter","95% EtOH","West Coast","Ecola",3.4,45.916,-124.088,1000,"Sean McAllister","","7/3/2021 4:53:37 AM","7/3/2021 ","2021/07/03 04:53:00","2021/07/03 00:00:00","2021/07/03 04:53:00",45.916,-124.088,"440115","15",3,"33RO20210613","WCOA2021","ECOLA","44","1","11053","2",0,"2021/07/03 00:00:00",2021,7,3,"04:53:37",184.204,45.916,-124.088,78,3.5,3.4,17.006,29.399,2,-999,9,313,2,-999,-999,9,-999,9,-999,9,-999,-999,9,-999,-999,9,-999,9,-999,9,-999,9,-999,9,-999,9,-999,9,-999,9,-999,9,-999,9,-999,9,-999,9,-999,9,-999,9,-999,9,11053,"2021/07/03 04:53:37",15,"11053","15","29.399","17.006","3.5","","","17.006","3.5","-999.0","-999.0","","","","Seawater scale (mol/kg-SW) "," K1, K2 from Mehrbach et al., 1973 refit by Dickson and Millero, 2710","Dickson ","Uppstrom, 2697","","","","","","","","","","","","","","","","","","","","","","","","","","","","","","","","","","","","","",3,2.98,16.9981,29.4185,21.2362,7.15,312.58,0.141,169.1,76.91,"dRB2102_CTD_044_01_F.csv","dRB2102","CTD","044","F.csv"
"E552",1,1,FALSE,"WCOA21","2021_WCOA_RonBrown","7/3/2021",NA,"4:10:56 PM","","E552","450102","2","Niskin; Sterivex 0.22µm filter","95% EtOH","West Coast","NH55",2848.8,44.651,-125.365,1000,"Sean McAllister","","7/3/2021 4:10:56 PM","7/3/2021 ","2021/07/03 04:10:00","2021/07/03 00:00:00","2021/07/03 04:10:00",44.651,-125.365,"450102","2",2849,"33RO20210613","WCOA2021","NH55","45","1","11081","2",6,"2021/07/03 00:00:00",2021,7,3,"16:10:56",184.674,44.651,-125.365,2860,2891.8,2848.8,1.723,34.645,2,34.659,2,85.4,2,-999,-999,9,-999,9,-999,9,-999,-999,9,-999,-999,9,-999,9,-999,9,-999,9,-999,9,-999,9,-999,9,-999,9,-999,9,-999,9,-999,9,-999,9,-999,9,-999,9,-999,9,11081,"2021/07/03 16:10:56",2,"11081","2","34.645","1.723","2891.8","","","1.723","2891.8","-999.0","-999.0","","","","Seawater scale (mol/kg-SW) "," K1, K2 from Mehrbach et al., 1973 refit by Dickson and Millero, 2721","Dickson ","Uppstrom, 2708","","","","","","","","","","","","","","","","","","","","","","","","","","","","","","","","","","","","","",2849,2806.97,1.7192,34.6447,27.7241,1.97,85.39,0.04,175.29,53.1,"dRB2102_CTD_045_01_F.csv","dRB2102","CTD","045","F.csv"
"E553",1,1,FALSE,"WCOA21","2021_WCOA_RonBrown","7/3/2021",NA,"5:27:02 PM","","E553","450114","14","Niskin; Sterivex 0.22µm filter","95% EtOH","West Coast","NH55",100.2,44.65,-125.367,1000,"Sean McAllister","","7/3/2021 5:27:02 PM","7/3/2021 ","2021/07/03 05:27:00","2021/07/03 00:00:00","2021/07/03 05:27:00",44.65,-125.367,"450114","14",100,"33RO20210613","WCOA2021","NH55","45","1","11011","2",6,"2021/07/03 00:00:00",2021,7,3,"17:27:02",184.727,44.65,-125.367,2860,101,100.2,8.029,33.452,2,-999,9,141.6,2,-999,-999,9,-999,9,-999,9,-999,-999,9,-999,-999,9,-999,9,-999,9,-999,9,-999,9,-999,9,-999,9,-999,9,-999,9,-999,9,-999,9,-999,9,-999,9,-999,9,-999,9,11011,"2021/07/03 17:27:02",14,"11011","14","33.452","8.029","101.0","","","8.029","101.0","-999.0","-999.0","","","","Seawater scale (mol/kg-SW) "," K1, K2 from Mehrbach et al., 1973 refit by Dickson and Millero, 2733","Dickson ","Uppstrom, 2720","","","","","","","","","","","","","","","","","","","","","","","","","","","","","","","","","","","","","",100,99.17,7.9933,33.4281,26.0419,3.29,143.33,0.042,187.77,99.51,"dRB2102_CTD_045_01_F.csv","dRB2102","CTD","045","F.csv"
"E554",1,1,FALSE,"WCOA21","2021_WCOA_RonBrown","7/3/2021",NA,"5:45:34 PM","","E554","450124","24","Niskin; Sterivex 0.22µm filter","95% EtOH","West Coast","NH55",4.2,44.65,-125.368,1000,"Sean McAllister","","7/3/2021 5:45:34 PM","7/3/2021 ","2021/07/03 05:45:00","2021/07/03 00:00:00","2021/07/03 05:45:00",44.65,-125.368,"450124","24",4,"33RO20210613","WCOA2021","NH55","45","1","11001","2",6,"2021/07/03 00:00:00",2021,7,3,"17:45:34",184.74,44.65,-125.368,2860,4.2,4.2,15.942,31.406,2,-999,9,267.9,2,-999,-999,9,-999,9,-999,9,-999,-999,9,-999,-999,9,-999,9,-999,9,-999,9,-999,9,-999,9,0.4,2,-999,9,-999,9,-999,9,-999,9,-999,9,-999,9,-999,9,-999,9,11001,"2021/07/03 17:45:34",24,"11001","24","31.406","15.942","4.2","","","15.942","4.2","-999.0","-999.0","","","","Seawater scale (mol/kg-SW) "," K1, K2 from Mehrbach et al., 1973 refit by Dickson and Millero, 2743","Dickson ","Uppstrom, 2730","","","","","","","","","","","","","","","","","","","","","","","","","","","","","","","","","","","","","",4,3.97,15.8559,31.3744,22.9928,6.06,264.51,0.055,187.04,98.53,"dRB2102_CTD_045_01_F.csv","dRB2102","CTD","045","F.csv"
"E555",1,1,FALSE,"WCOA21","2021_WCOA_RonBrown","7/3/2021",NA,"7:46:22 PM","","E555","460102","2","Niskin; Sterivex 0.22µm filter","95% EtOH","West Coast","NH45",710.2,44.653,-125.12,1000,"Sean McAllister","","7/3/2021 7:46:22 PM","7/3/2021 ","2021/07/03 07:46:00","2021/07/03 00:00:00","2021/07/03 07:46:00",44.653,-125.12,"460102","2",710,"33RO20210613","WCOA2021","NH45","46","1","11081","2",6,"2021/07/03 00:00:00",2021,7,3,"19:46:22",184.824,44.653,-125.12,720,717.3,710.2,4.427,34.283,2,-999,9,16.3,2,-999,-999,9,-999,9,-999,9,-999,-999,9,-999,-999,9,-999,9,-999,9,-999,9,-999,9,-999,9,-999,9,-999,9,-999,9,-999,9,-999,9,-999,9,-999,9,-999,9,-999,9,11081,"2021/07/03 19:46:22",2,"11081","2","34.283","4.427","717.3","","","4.427","717.3","-999.0","-999.0","","","","Seawater scale (mol/kg-SW) "," K1, K2 from Mehrbach et al., 1973 refit by Dickson and Millero, 2745","Dickson ","Uppstrom, 2732","","","","","","","","","","","","","","","","","","","","","","","","","","","","","","","","","","","","","",710,703.05,4.4244,34.2829,27.1767,0.37,16.15,0.041,154.82,17.55,"dRB2102_CTD_046_01_F.csv","dRB2102","CTD","046","F.csv"
"E556",1,1,FALSE,"WCOA21","2021_WCOA_RonBrown","7/3/2021",NA,"8:12:26 PM","","E556","460110","10","Niskin; Sterivex 0.22µm filter","95% EtOH","West Coast","NH45",98.9,44.652,-125.122,1000,"Sean McAllister","","7/3/2021 8:12:26 PM","7/3/2021 ","2021/07/03 08:12:00","2021/07/03 00:00:00","2021/07/03 08:12:00",44.652,-125.122,"460110","10",99,"33RO20210613","WCOA2021","NH45","46","1","11067","2",6,"2021/07/03 00:00:00",2021,7,3,"20:12:26",184.842,44.652,-125.122,720,99.7,98.9,8.176,33.595,2,-999,9,137.9,2,-999,-999,9,-999,9,-999,9,-999,-999,9,-999,-999,9,-999,9,-999,9,-999,9,-999,9,-999,9,-999,9,-999,9,-999,9,-999,9,-999,9,-999,9,-999,9,-999,9,-999,9,11067,"2021/07/03 20:12:26",10,"11067","10","33.595","8.176","99.7","","","8.176","99.7","-999.0","-999.0","","","","Seawater scale (mol/kg-SW) "," K1, K2 from Mehrbach et al., 1973 refit by Dickson and Millero, 2753","Dickson ","Uppstrom, 2740","","","","","","","","","","","","","","","","","","","","","","","","","","","","","","","","","","","","","",99,98.18,8.2003,33.575,26.1266,3.21,139.7,0.04,157.16,99.54,"dRB2102_CTD_046_01_F.csv","dRB2102","CTD","046","F.csv"
"E557",1,1,FALSE,"WCOA21","2021_WCOA_RonBrown","7/3/2021",NA,"8:30:33 PM","","E557","460120","20","Niskin; Sterivex 0.22µm filter","95% EtOH","West Coast","NH45",3.4,44.652,-125.123,1000,"Sean McAllister","","7/3/2021 8:30:33 PM","7/3/2021 ","2021/07/03 08:30:00","2021/07/03 00:00:00","2021/07/03 08:30:00",44.652,-125.123,"460120","20",3,"33RO20210613","WCOA2021","NH45","46","1","11022","2",6,"2021/07/03 00:00:00",2021,7,3,"20:30:33",184.855,44.652,-125.123,720,3.4,3.4,15.897,31.342,2,-999,9,265,2,-999,-999,9,-999,9,-999,9,-999,-999,9,-999,-999,9,-999,9,-999,9,-999,9,-999,9,-999,9,0.5,2,-999,9,-999,9,-999,9,-999,9,-999,9,-999,9,-999,9,-999,9,11022,"2021/07/03 20:30:33",20,"11022","20","31.342","15.897","3.4","","","15.897","3.4","-999.0","-999.0","","","","Seawater scale (mol/kg-SW) "," K1, K2 from Mehrbach et al., 1973 refit by Dickson and Millero, 2763","Dickson ","Uppstrom, 2750","","","","","","","","","","","","","","","","","","","","","","","","","","","","","","","","","","","","","",3,NA,NA,NA,NA,NA,NA,NA,NA,NA,NA,NA,NA,NA,NA
"E558",1,1,FALSE,"WCOA21","2021_WCOA_RonBrown","7/3/2021",NA,"7:52:09 PM","","E558","460103","3","Niskin; Sterivex 0.22µm filter","95% EtOH","West Coast","NH45",495.8,44.653,-125.121,1000,"Sean McAllister","","7/3/2021 7:52:09 PM","7/3/2021 ","2021/07/03 07:52:00","2021/07/03 00:00:00","2021/07/03 07:52:00",44.653,-125.121,"460103","3",496,"33RO20210613","WCOA2021","NH45","46","1","11020","2",6,"2021/07/03 00:00:00",2021,7,3,"19:52:09",184.828,44.653,-125.121,720,500.5,495.8,5.438,34.136,2,-999,9,33.6,2,34.3,1.126,2,2309.6,6,2305.1,2,7.3006,24.96,6,46.0028836912429,25.01833333333333,6,82.8,6,3.04,6,40.2,6,0.03,6,0.05,6,-999,9,7.167,2,-999,9,-999,9,-999,9,-999,9,-999,9,-999,9,-999,9,11020,"2021/07/03 19:52:09",3,"11020","3","34.136","5.438","500.5","","","5.438","500.5","2305.1","2309.6","","","","Seawater scale (mol/kg-SW) "," K1, K2 from Mehrbach et al., 1973 refit by Dickson and Millero, 2746","Dickson ","Uppstrom, 2733","34.13600159","5.438000202","500.5","0","0","2305.100098","2309.600098","7.540951252","1278.56665","1283.812744","2203.260758","40.38922602","65.9501406","20.764741","0.32552706","0","0","18.90191739","0.877426688","0.556877898","1295.085132","5.438000202","500.5","7.540951155","1278.566626","1283.812794","2203.260758","40.38922602","65.9501406","20.764741","0.32552706","0","0","18.90191739","0.877426688","0.556877898","1295.085123",496,491.4,5.4597,34.1347,26.9403,0.78,34.1,0.04,155.83,99.97,"dRB2102_CTD_046_01_F.csv","dRB2102","CTD","046","F.csv"
"E559",1,1,FALSE,"WCOA21","2021_WCOA_RonBrown","7/3/2021",NA,"8:02:57 PM","","E559","460106","6","Niskin; Sterivex 0.22µm filter","95% EtOH","West Coast","NH45",198,44.653,-125.122,1000,"Sean McAllister","","7/3/2021 8:02:57 PM","7/3/2021 ","2021/07/03 08:02:00","2021/07/03 00:00:00","2021/07/03 08:02:00",44.653,-125.122,"460106","6",198,"33RO20210613","WCOA2021","NH45","46","1","11082","2",6,"2021/07/03 00:00:00",2021,7,3,"20:02:57",184.835,44.653,-125.122,720,199.7,198,7.264,33.953,2,-999,9,116.7,2,116.5,3.826,2,2221.3,2,2263.2,2,7.4473,24.96,2,62.358530834617746,25.01833333333333,2,45.3,2,2.23,2,30.4,2,0.04,2,0.04,2,-999,9,5.246,2,-999,9,-999,9,-999,9,-999,9,-999,9,-999,9,-999,9,11082,"2021/07/03 20:02:57",6,"11082","6","33.953","7.264","199.7","","","7.264","199.7","2263.2","2221.3","","","","Seawater scale (mol/kg-SW) "," K1, K2 from Mehrbach et al., 1973 refit by Dickson and Millero, 2749","Dickson ","Uppstrom, 2736","33.95299911","7.263999939","199.6999969","0","0","2263.199951","2221.300049","7.687183857","920.5876465","924.2750244","2119.525257","57.19439332","44.58038306","28.76925937","0.537616154","0","0","18.40956638","1.319994024","0.836490699","933.4918853","7.263999939","199.6999969","7.687183998","920.5876093","924.2749881","2119.525257","57.19439332","44.58038306","28.76925937","0.537616154","0","0","18.40956638","1.319994024","0.836490699","933.4918491",198,196.3,7.3463,33.9494,26.5457,2.6,113.23,0.04,156.49,99.71,"dRB2102_CTD_046_01_F.csv","dRB2102","CTD","046","F.csv"
"E560",1,1,FALSE,"WCOA21","2021_WCOA_RonBrown","7/3/2021",NA,"10:20:25 PM","","E560","470102","2","Niskin; Sterivex 0.22µm filter","95% EtOH","West Coast","NH35",425.5,44.652,-124.883,1000,"Sean McAllister","","7/3/2021 10:20:25 PM","7/3/2021 ","2021/07/03 10:20:00","2021/07/03 00:00:00","2021/07/03 10:20:00",44.652,-124.883,"470102","2",426,"33RO20210613","WCOA2021","NH35","47","1","11081","2",6,"2021/07/03 00:00:00",2021,7,3,"22:20:25",184.931,44.652,-124.883,436,429.4,425.5,6.289,34.081,2,-999,9,50,2,-999,-999,9,-999,9,-999,9,-999,-999,9,-999,-999,9,-999,9,-999,9,-999,9,-999,9,-999,9,-999,9,-999,9,-999,9,-999,9,-999,9,-999,9,-999,9,-999,9,-999,9,11081,"2021/07/03 22:20:25",2,"11081","2","34.081","6.289","429.4","","","6.289","429.4","-999.0","-999.0","","","","Seawater scale (mol/kg-SW) "," K1, K2 from Mehrbach et al., 1973 refit by Dickson and Millero, 2766","Dickson ","Uppstrom, 2753","","","","","","","","","","","","","","","","","","","","","","","","","","","","","","","","","","","","","",426,422.12,6.3295,34.0747,26.7842,1.21,52.71,0.041,157.42,11.42,"dRB2102_CTD_047_01_F.csv","dRB2102","CTD","047","F.csv"
"E561",1,1,FALSE,"WCOA21","2021_WCOA_RonBrown","7/3/2021",NA,"10:25:44 PM","","E561","470104","4","Niskin; Sterivex 0.22µm filter","95% EtOH","West Coast","NH35",297,44.652,-124.883,1000,"Sean McAllister","","7/3/2021 10:25:44 PM","7/3/2021 ","2021/07/03 10:25:00","2021/07/03 00:00:00","2021/07/03 10:25:00",44.652,-124.883,"470104","4",297,"33RO20210613","WCOA2021","NH35","47","1","11058","2",6,"2021/07/03 00:00:00",2021,7,3,"22:25:44",184.935,44.652,-124.883,436,299.7,297,6.827,34.033,2,34.0286,2,64.9,2,63.3,2.08,2,2266,2,2278.6,2,7.3463,25,6,48.93332748181512,24.925,6,59.2,2,2.67,2,35.1,2,0.08,2,0.05,2,-999,9,19.68,2,-999,9,-999,9,-999,9,-999,9,-999,9,-999,9,-999,9,11058,"2021/07/03 22:25:44",4,"11058","4","34.033","6.827","299.7","","","6.827","299.7","2278.6","2266.0","","","","Seawater scale (mol/kg-SW) "," K1, K2 from Mehrbach et al., 1973 refit by Dickson and Millero, 2768","Dickson ","Uppstrom, 2755","34.03300095","6.827000141","299.7000122","0","0","2278.600098","2266","7.588314056","1162.90332","1167.588013","2162.791503","46.05878435","57.14973761","23.30445041","0.412857891","0","0","18.86281791","1.042096678","0.660869954","1178.8835","6.827000141","299.7000122","7.588314047","1162.903244","1167.588072","2162.791503","46.05878435","57.14973761","23.30445041","0.412857891","0","0","18.86281791","1.042096678","0.660869954","1178.88352",297,294.39,6.8292,34.0331,26.684,1.49,64.9,0.04,157.83,99.85,"dRB2102_CTD_047_01_F.csv","dRB2102","CTD","047","F.csv"
"E562",1,1,FALSE,"WCOA21","2021_WCOA_RonBrown","7/3/2021",NA,"10:29:04 PM","","E562","470105","5","Niskin; Sterivex 0.22µm filter","95% EtOH","West Coast","NH35",197.9,44.652,-124.883,1000,"Sean McAllister","","7/3/2021 10:29:04 PM","7/3/2021 ","2021/07/03 10:29:00","2021/07/03 00:00:00","2021/07/03 10:29:00",44.652,-124.883,"470105","5",198,"33RO20210613","WCOA2021","NH35","47","1","11008","2",6,"2021/07/03 00:00:00",2021,7,3,"22:29:04",184.937,44.652,-124.883,436,199.6,197.9,7.114,33.993,2,-999,9,74.6,2,74.3,2.44,2,2253,2,2267,2,7.355,25,2,45.03600071844439,24.925,2,54.6,2,2.56,2,33.9,2,0.1,2,0.04,2,-999,9,18.634,2,-999,9,-999,9,-999,9,-999,9,-999,9,-999,9,-999,9,11008,"2021/07/03 22:29:04",5,"11008","5","33.993","7.114","199.6","","","7.114","199.6","2267.0","2253.0","","","","Seawater scale (mol/kg-SW) "," K1, K2 from Mehrbach et al., 1973 refit by Dickson and Millero, 2769","Dickson ","Uppstrom, 2756","33.99300003","7.113999844","199.6000061","0","0","2267","2253","7.593315125","1157.735718","1162.38208","2150.154647","46.50162732","56.3436514","23.44147693","0.426615447","0","0","18.81012378","1.072949371","0.679840873","1173.853374","7.113999844","199.6000061","7.593315206","1157.73569","1162.382113","2150.154647","46.50162732","56.3436514","23.44147693","0.426615447","0","0","18.81012378","1.072949371","0.679840873","1173.853412",198,196.3,7.1033,33.9951,26.6155,1.7,73.85,0.041,158.22,99.8,"dRB2102_CTD_047_01_F.csv","dRB2102","CTD","047","F.csv"
"E563",1,1,FALSE,"WCOA21","2021_WCOA_RonBrown","7/3/2021",NA,"10:37:19 PM","","E563","470109","9","Niskin; Sterivex 0.22µm filter","95% EtOH","West Coast","NH35",100,44.652,-124.883,1000,"Sean McAllister","","7/3/2021 10:37:19 PM","7/3/2021 ","2021/07/03 10:37:00","2021/07/03 00:00:00","2021/07/03 10:37:00",44.652,-124.883,"470109","9",100,"33RO20210613","WCOA2021","NH35","47","1","12052","2",6,"2021/07/03 00:00:00",2021,7,3,"22:37:19",184.943,44.652,-124.883,436,100.9,100,7.959,33.727,2,-999,9,122.3,2,-999,-999,9,-999,9,-999,9,-999,-999,9,-999,-999,9,-999,9,-999,9,-999,9,-999,9,-999,9,-999,9,-999,9,-999,9,-999,9,-999,9,-999,9,-999,9,-999,9,-999,9,12052,"2021/07/03 22:37:19",9,"12052","9","33.727","7.959","100.9","","","7.959","100.9","-999.0","-999.0","","","","Seawater scale (mol/kg-SW) "," K1, K2 from Mehrbach et al., 1973 refit by Dickson and Millero, 2773","Dickson ","Uppstrom, 2760","","","","","","","","","","","","","","","","","","","","","","","","","","","","","","","","","","","","","",100,99.17,7.8989,33.6535,26.2326,2.82,122.89,0.04,158.57,99.6,"dRB2102_CTD_047_01_F.csv","dRB2102","CTD","047","F.csv"
"E564",1,1,FALSE,"WCOA21","2021_WCOA_RonBrown","7/3/2021",NA,"10:55:02 PM","","E564","470119","19","Niskin; Sterivex 0.22µm filter","95% EtOH","West Coast","NH35",3.4,44.652,-124.884,1000,"Sean McAllister","","7/3/2021 10:55:02 PM","7/3/2021 ","2021/07/03 10:55:00","2021/07/03 00:00:00","2021/07/03 10:55:00",44.652,-124.884,"470119","19",3,"33RO20210613","WCOA2021","NH35","47","1","11028","2",6,"2021/07/03 00:00:00",2021,7,3,"22:55:02",184.955,44.652,-124.884,436,3.4,3.4,15.9,31.223,2,-999,9,271.6,2,-999,-999,9,-999,9,-999,9,-999,-999,9,-999,-999,9,-999,9,-999,9,-999,9,-999,9,-999,9,0.7,2,-999,9,-999,9,-999,9,-999,9,-999,9,-999,9,-999,9,-999,9,11028,"2021/07/03 22:55:02",19,"11028","19","31.223","15.900","3.4","","","15.900","3.4","-999.0","-999.0","","","","Seawater scale (mol/kg-SW) "," K1, K2 from Mehrbach et al., 1973 refit by Dickson and Millero, 2783","Dickson ","Uppstrom, 2770","","","","","","","","","","","","","","","","","","","","","","","","","","","","","","","","","","","","","",3,NA,NA,NA,NA,NA,NA,NA,NA,NA,NA,NA,NA,NA,NA
"E565",1,1,FALSE,"WCOA21","2021_WCOA_RonBrown","7/4/2021",NA,"1:26:49 AM","","E565","480102","2","Niskin; Sterivex 0.22µm filter","95% EtOH","West Coast","NH30",245.4,44.651,-124.777,1000,"Sean McAllister","","7/4/2021 1:26:49 AM","7/4/2021 ","2021/07/04 01:26:00","2021/07/04 00:00:00","2021/07/04 01:26:00",44.651,-124.777,"480102","2",245,"33RO20210613","WCOA2021","NH30","48","1","11081","2",6,"2021/07/04 00:00:00",2021,7,4,"01:26:49",185.06,44.651,-124.777,257,247.5,245.4,6.94,34.014,2,-999,9,67.3,2,-999,-999,9,-999,9,-999,9,-999,-999,9,-999,-999,9,-999,9,-999,9,-999,9,-999,9,-999,9,-999,9,-999,9,-999,9,-999,9,-999,9,-999,9,-999,9,-999,9,-999,9,11081,"2021/07/04 01:26:49",2,"11081","2","34.014","6.940","247.5","","","6.940","247.5","-999.0","-999.0","","","","Seawater scale (mol/kg-SW) "," K1, K2 from Mehrbach et al., 1973 refit by Dickson and Millero, 2786","Dickson ","Uppstrom, 2773","","","","","","","","","","","","","","","","","","","","","","","","","","","","","","","","","","","","","",245,242.88,6.9323,34.0151,26.6553,1.54,66.95,0.04,190.36,14.13,"dRB2102_CTD_048_01_F.csv","dRB2102","CTD","048","F.csv"
"E566",1,1,FALSE,"WCOA21","2021_WCOA_RonBrown","7/4/2021",NA,"1:31:20 AM","","E566","480104","4","Niskin; Sterivex 0.22µm filter","95% EtOH","West Coast","NH30",197.9,44.651,-124.777,1000,"Sean McAllister","","7/4/2021 1:31:20 AM","7/4/2021 ","2021/07/04 01:31:00","2021/07/04 00:00:00","2021/07/04 01:31:00",44.651,-124.777,"480104","4",198,"33RO20210613","WCOA2021","NH30","48","1","11058","2",6,"2021/07/04 00:00:00",2021,7,4,"01:31:20",185.063,44.651,-124.777,257,199.6,197.9,7.012,34.004,2,-999,9,69.9,2,71.7,2.354,2,2260.5,6,2269.5,2,7.3525,24.93,2,50.15321107522027,25.075,6,56.4,6,2.6,6,34.3,6,0.1,6,0.05,6,-999,9,28.473,2,-999,9,-999,9,-999,9,-999,9,-999,9,-999,9,-999,9,11058,"2021/07/04 01:31:20",4,"11058","4","34.004","7.012","199.6","","","7.012","199.6","2269.5","2260.5","","","","Seawater scale (mol/kg-SW) "," K1, K2 from Mehrbach et al., 1973 refit by Dickson and Millero, 2788","Dickson ","Uppstrom, 2775","34.00400162","7.012000084","199.6000061","0","0","2269.5","2260.5","7.577477455","1203.519653","1208.356323","2156.922011","44.8021326","58.77595613","22.59355557","0.407028955","0","0","18.815788","1.033644634","0.65485558","1220.197322","7.012000084","199.6000061","7.577477223","1203.519677","1208.356335","2156.922011","44.8021326","58.77595613","22.59355557","0.407028955","0","0","18.815788","1.033644634","0.65485558","1220.197309",198,196.3,7.0316,34.0017,26.6305,1.57,68.34,0.04,191.12,60.71,"dRB2102_CTD_048_01_F.csv","dRB2102","CTD","048","F.csv"
"E567",1,1,FALSE,"WCOA21","2021_WCOA_RonBrown","7/4/2021",NA,"1:40:41 AM","","E567","480108","8","Niskin; Sterivex 0.22µm filter","95% EtOH","West Coast","NH30",99.5,44.651,-124.777,1000,"Sean McAllister","","7/4/2021 1:40:41 AM","7/4/2021 ","2021/07/04 01:40:00","2021/07/04 00:00:00","2021/07/04 01:40:00",44.651,-124.777,"480108","8",100,"33RO20210613","WCOA2021","NH30","48","1","11027","2",6,"2021/07/04 00:00:00",2021,7,4,"01:40:41",185.07,44.651,-124.777,257,100.3,99.5,7.615,33.832,2,-999,9,93.3,2,-999,-999,9,-999,9,-999,9,-999,-999,9,-999,-999,9,-999,9,-999,9,-999,9,-999,9,-999,9,-999,9,-999,9,-999,9,-999,9,-999,9,-999,9,-999,9,-999,9,-999,9,11027,"2021/07/04 01:40:41",8,"11027","8","33.832","7.615","100.3","","","7.615","100.3","-999.0","-999.0","","","","Seawater scale (mol/kg-SW) "," K1, K2 from Mehrbach et al., 1973 refit by Dickson and Millero, 2792","Dickson ","Uppstrom, 2779","","","","","","","","","","","","","","","","","","","","","","","","","","","","","","","","","","","","","",100,99.17,7.6132,33.8466,26.4257,2.15,93.47,0.04,192.91,99.73,"dRB2102_CTD_048_01_F.csv","dRB2102","CTD","048","F.csv"
"E568",1,1,FALSE,"WCOA21","2021_WCOA_RonBrown","7/4/2021",NA,"1:59:07 AM","","E568","480118","18","Niskin; Sterivex 0.22µm filter","95% EtOH","West Coast","NH30",4.1,44.651,-124.777,1000,"Sean McAllister","","7/4/2021 1:59:07 AM","7/4/2021 ","2021/07/04 01:59:00","2021/07/04 00:00:00","2021/07/04 01:59:00",44.651,-124.777,"480118","18",4,"33RO20210613","WCOA2021","NH30","48","1","11002","2",6,"2021/07/04 00:00:00",2021,7,4,"01:59:07",185.083,44.651,-124.777,257,4.1,4.1,15.775,30.973,2,-999,9,279.2,2,-999,-999,9,-999,9,-999,9,-999,-999,9,-999,-999,9,-999,9,-999,9,-999,9,-999,9,-999,9,-999,9,4.745,2,-999,9,-999,9,-999,9,-999,9,-999,9,-999,9,-999,9,11002,"2021/07/04 01:59:07",18,"11002","18","30.973","15.775","4.1","","","15.775","4.1","-999.0","-999.0","","","","Seawater scale (mol/kg-SW) "," K1, K2 from Mehrbach et al., 1973 refit by Dickson and Millero, 2802","Dickson ","Uppstrom, 2789","","","","","","","","","","","","","","","","","","","","","","","","","","","","","","","","","","","","","",4,3.97,15.8347,30.966,22.6837,6.34,276.79,0.071,191.42,99.76,"dRB2102_CTD_048_01_F.csv","dRB2102","CTD","048","F.csv"
"E569",1,1,FALSE,"WCOA21","2021_WCOA_RonBrown","7/4/2021",NA,"3:35:34 AM","","E569","490102","2","Niskin; Sterivex 0.22µm filter","95% EtOH","West Coast","NH25",283.1,44.653,-124.653,1000,"Sean McAllister","","7/4/2021 3:35:34 AM","7/4/2021 ","2021/07/04 03:35:00","2021/07/04 00:00:00","2021/07/04 03:35:00",44.653,-124.653,"490102","2",283,"33RO20210613","WCOA2021","NH25","49","1","11081","2",6,"2021/07/04 00:00:00",2021,7,4,"03:35:34",185.15,44.653,-124.653,293,285.6,283.1,6.888,34.017,2,-999,9,67.6,2,-999,-999,9,-999,9,-999,9,-999,-999,9,-999,-999,9,-999,9,-999,9,-999,9,-999,9,-999,9,-999,9,-999,9,-999,9,-999,9,-999,9,-999,9,-999,9,-999,9,-999,9,11081,"2021/07/04 03:35:34",2,"11081","2","34.017","6.888","285.6","","","6.888","285.6","-999.0","-999.0","","","","Seawater scale (mol/kg-SW) "," K1, K2 from Mehrbach et al., 1973 refit by Dickson and Millero, 2806","Dickson ","Uppstrom, 2793","","","","","","","","","","","","","","","","","","","","","","","","","","","","","","","","","","","","","",283,280.52,6.8861,34.0169,26.6634,1.55,67.56,0.04,170.66,13.27,"dRB2102_CTD_049_01_F.csv","dRB2102","CTD","049","F.csv"
"E570",1,1,FALSE,"WCOA21","2021_WCOA_RonBrown","7/4/2021",NA,"3:41:49 AM","","E570","490103","3","Niskin; Sterivex 0.22µm filter","95% EtOH","West Coast","NH25",199.4,44.653,-124.654,1000,"Sean McAllister","","7/4/2021 3:41:49 AM","7/4/2021 ","2021/07/04 03:41:00","2021/07/04 00:00:00","2021/07/04 03:41:00",44.653,-124.654,"490103","3",199,"33RO20210613","WCOA2021","NH25","49","1","11020","2",6,"2021/07/04 00:00:00",2021,7,4,"03:41:49",185.154,44.653,-124.654,293,201.1,199.4,7.036,34.002,2,-999,9,74.2,2,80.1,2.63,2,2254.1,6,2269.2,2,7.3613,25.04,6,51.73674860844673,24.89,6,54.7,2,2.56,2,34.1,2,0.09,2,0.04,2,-999,9,15.035,2,-999,9,-999,9,-999,9,-999,9,-999,9,-999,9,-999,9,11020,"2021/07/04 03:41:49",3,"11020","3","34.002","7.036","201.1","","","7.036","201.1","2269.2","2254.1","","","","Seawater scale (mol/kg-SW) "," K1, K2 from Mehrbach et al., 1973 refit by Dickson and Millero, 2807","Dickson ","Uppstrom, 2794","34.0019989","7.035999775","201.1000061","0","0","2269.199951","2254.100098","7.598115921","1144.728638","1149.327637","2151.331784","46.90944201","55.85882511","23.64710265","0.427954806","0","0","18.81694256","1.081969507","0.685504345","1160.608905","7.035999775","201.1000061","7.59811587","1144.728569","1149.327507","2151.331784","46.90944201","55.85882511","23.64710265","0.427954806","0","0","18.81694256","1.081969507","0.685504345","1160.608801",199,197.3,7.0241,34.0032,26.6327,1.7,73.97,0.04,171.46,97.49,"dRB2102_CTD_049_01_F.csv","dRB2102","CTD","049","F.csv"
"E571",1,1,FALSE,"WCOA21","2021_WCOA_RonBrown","7/4/2021",NA,"3:51:35 AM","","E571","490107","7","Niskin; Sterivex 0.22µm filter","95% EtOH","West Coast","NH25",99.7,44.653,-124.654,1000,"Sean McAllister","","7/4/2021 3:51:35 AM","7/4/2021 ","2021/07/04 03:51:00","2021/07/04 00:00:00","2021/07/04 03:51:00",44.653,-124.654,"490107","7",100,"33RO20210613","WCOA2021","NH25","49","1","11004","2",6,"2021/07/04 00:00:00",2021,7,4,"03:51:35",185.161,44.653,-124.654,293,100.5,99.7,7.481,33.89,2,-999,9,85.4,2,-999,-999,9,-999,9,-999,9,-999,-999,9,-999,-999,9,-999,9,-999,9,-999,9,-999,9,-999,9,-999,9,-999,9,-999,9,-999,9,-999,9,-999,9,-999,9,-999,9,-999,9,11004,"2021/07/04 03:51:35",7,"11004","7","33.890","7.481","100.5","","","7.481","100.5","-999.0","-999.0","","","","Seawater scale (mol/kg-SW) "," K1, K2 from Mehrbach et al., 1973 refit by Dickson and Millero, 2811","Dickson ","Uppstrom, 2798","","","","","","","","","","","","","","","","","","","","","","","","","","","","","","","","","","","","","",100,99.17,7.5026,33.881100000000004,26.4686,1.94,84.38,0.04,172.51,99.78,"dRB2102_CTD_049_01_F.csv","dRB2102","CTD","049","F.csv"
"E572",1,1,FALSE,"WCOA21","2021_WCOA_RonBrown","7/4/2021",NA,"4:12:03 AM","","E572","490117","17","Niskin; Sterivex 0.22µm filter","95% EtOH","West Coast","NH25",3.4,44.653,-124.655,1000,"Sean McAllister","","7/4/2021 4:12:03 AM","7/4/2021 ","2021/07/04 04:12:00","2021/07/04 00:00:00","2021/07/04 04:12:00",44.653,-124.655,"490117","17",3,"33RO20210613","WCOA2021","NH25","49","1","11052","2",6,"2021/07/04 00:00:00",2021,7,4,"04:12:03",185.175,44.653,-124.655,293,3.4,3.4,15.483,31.286,2,-999,9,290.7,2,-999,-999,9,-999,9,-999,9,-999,-999,9,-999,-999,9,-999,9,-999,9,-999,9,-999,9,-999,9,-999,9,-999,9,-999,9,-999,9,-999,9,-999,9,-999,9,-999,9,-999,9,11052,"2021/07/04 04:12:03",17,"11052","17","31.286","15.483","3.4","","","15.483","3.4","-999.0","-999.0","","","","Seawater scale (mol/kg-SW) "," K1, K2 from Mehrbach et al., 1973 refit by Dickson and Millero, 2821","Dickson ","Uppstrom, 2808","","","","","","","","","","","","","","","","","","","","","","","","","","","","","","","","","","","","","",3,2.98,15.6608,31.2241,22.9202,6.55,286.12,0.081,169.63,4.23,"dRB2102_CTD_049_01_F.csv","dRB2102","CTD","049","F.csv"
"E573.1B",1,1,FALSE,"WCOA21","2021_WCOA_RonBrown","7/4/2021",NA,"9:46:00 AM","","E573.1B","500101","1","Niskin; Sterivex 0.22µm filter","95% EtOH","West Coast","NH10",70.4,44.652,-124.297,1000,"Sean McAllister","","7/4/2021 9:46:00 AM","7/4/2021 ","2021/07/04 09:46:00","2021/07/04 00:00:00","2021/07/04 09:46:00",44.652,-124.297,"500101","1",70,"33RO20210613","WCOA2021","NH10","50","1","11031","2",6,"2021/07/04 00:00:00",2021,7,4,"09:46:00",185.407,44.652,-124.297,81,71,70.4,7.345,33.91,2,-999,9,40.3,2,40.1,1.316,6,2280.7,2,2267.1,6,7.2555,24.92,2,40.563047795884046,24.87,2,64.9,2,2.84,2,34.1,2,0.08,2,0.05,2,-999,9,12.114,6,-999,9,-999,9,-999,9,-999,9,-999,9,-999,9,-999,9,11031,"2021/07/04 09:46:00",1,"11031","1","33.910","7.345","71.0","","","7.345","71.0","2267.1","2280.7","","","","Seawater scale (mol/kg-SW) "," K1, K2 from Mehrbach et al., 1973 refit by Dickson and Millero, 2823","Dickson ","Uppstrom, 2810","33.90999985","7.34499979","71","0","0","2267.100098","2280.699951","7.501606464","1467.059692","1472.929688","2171.859656","37.97757772","70.86278674","18.96771122","0.349696705","0","0","18.45991694","0.898636523","0.568614291","1487.700617","7.34499979","71","7.501606507","1467.059699","1472.929698","2171.859656","37.97757772","70.86278674","18.96771122","0.349696705","0","0","18.45991694","0.898636523","0.568614291","1487.700589",70,69.42,7.3437,33.9142,26.5167,0.91,39.39,0.055,174.69,11.83,"dRB2102_CTD_050_01_F.csv","dRB2102","CTD","050","F.csv"
"E573.2B",2,1,FALSE,"WCOA21","2021_WCOA_RonBrown","7/4/2021",NA,"9:46:05 AM","","E573.2B","500102","2","Niskin; Sterivex 0.22µm filter","95% EtOH","West Coast","NH10",71.1,44.652,-124.297,1000,"Sean McAllister","","7/4/2021 9:46:05 AM","7/4/2021 ","2021/07/04 09:46:00","2021/07/04 00:00:00","2021/07/04 09:46:00",44.652,-124.297,"500102","2",71,"33RO20210613","WCOA2021","NH10","50","1","11081","2",6,"2021/07/04 00:00:00",2021,7,4,"09:46:05",185.407,44.652,-124.297,81,71.7,71.1,7.343,33.914,2,-999,9,39.2,2,-999,-999,9,-999,9,-999,9,-999,-999,9,-999,-999,9,-999,9,-999,9,-999,9,-999,9,-999,9,-999,9,-999,9,657,2,870,2,60.9,2,0,2,1520000,2,1010000,2,311000,2,11081,"2021/07/04 09:46:05",2,"11081","2","33.914","7.343","71.7","","","7.343","71.7","-999.0","-999.0","","","","Seawater scale (mol/kg-SW) "," K1, K2 from Mehrbach et al., 1973 refit by Dickson and Millero, 2824","Dickson ","Uppstrom, 2811","","","","","","","","","","","","","","","","","","","","","","","","","","","","","","","","","","","","","",71,70.41,7.3429,33.9146,26.5171,0.9,39.18,0.054,174.36,10.8,"dRB2102_CTD_050_01_F.csv","dRB2102","CTD","050","F.csv"
"E573.3B",3,1,FALSE,"WCOA21","2021_WCOA_RonBrown","7/4/2021",NA,"9:46:09 AM","","E573.3B","500103","3","Niskin; Sterivex 0.22µm filter","95% EtOH","West Coast","NH10",70.5,44.652,-124.297,1000,"Sean McAllister","","7/4/2021 9:46:09 AM","7/4/2021 ","2021/07/04 09:46:00","2021/07/04 00:00:00","2021/07/04 09:46:00",44.652,-124.297,"500103","3",70,"33RO20210613","WCOA2021","NH10","50","1","11020","2",6,"2021/07/04 00:00:00",2021,7,4,"09:46:09",185.407,44.652,-124.297,81,71.1,70.5,7.343,33.914,2,33.9222,2,39.2,2,-999,-999,9,-999,9,-999,9,-999,-999,9,-999,-999,9,-999,9,-999,9,-999,9,-999,9,-999,9,-999,9,-999,9,-999,9,-999,9,-999,9,-999,9,-999,9,-999,9,-999,9,11020,"2021/07/04 09:46:09",3,"11020","3","33.914","7.343","71.1","","","7.343","71.1","-999.0","-999.0","","","","Seawater scale (mol/kg-SW) "," K1, K2 from Mehrbach et al., 1973 refit by Dickson and Millero, 2825","Dickson ","Uppstrom, 2812","","","","","","","","","","","","","","","","","","","","","","","","","","","","","","","","","","","","","",70,69.42,7.3437,33.9142,26.5167,0.91,39.39,0.055,174.69,11.83,"dRB2102_CTD_050_01_F.csv","dRB2102","CTD","050","F.csv"
"E574.1B",1,1,FALSE,"WCOA21","2021_WCOA_RonBrown","7/4/2021",NA,"9:53:39 AM","","E574.1B","500106","6","Niskin; Sterivex 0.22µm filter","95% EtOH","West Coast","NH10",40.6,44.652,-124.298,1000,"Sean McAllister","","7/4/2021 9:53:39 AM","7/4/2021 ","2021/07/04 09:53:00","2021/07/04 00:00:00","2021/07/04 09:53:00",44.652,-124.298,"500106","6",41,"33RO20210613","WCOA2021","NH10","50","1","11082","2",6,"2021/07/04 00:00:00",2021,7,4,"09:53:39",185.412,44.652,-124.298,81,40.9,40.6,7.595,33.738,2,-999,9,80.9,2,80.6,2.646,2,2241.5,6,2249.3,3,7.3326,24.92,2,47.43880807088789,24.87,2,46.1,2,2.46,2,32.4,2,0.09,2,0.07,2,-999,9,10.822,2,-999,9,-999,9,-999,9,-999,9,-999,9,-999,9,-999,9,11082,"2021/07/04 09:53:39",6,"11082","6","33.738","7.595","40.9","","","7.595","40.9","2249.3","2241.5","","","","Seawater scale (mol/kg-SW) "," K1, K2 from Mehrbach et al., 1973 refit by Dickson and Millero, 2828","Dickson ","Uppstrom, 2815","33.73799896","7.59499979","40.90000153","0","0","2249.300049","2241.5","7.573478699","1230.936646","1235.845703","2138.199062","44.2950595","59.00583306","22.11659303","0.421419593","0","0","18.75253683","1.055184237","0.667453998","1248.456131","7.59499979","40.90000153","7.573478675","1230.936618","1235.845694","2138.199062","44.2950595","59.00583306","22.11659303","0.421419593","0","0","18.75253683","1.055184237","0.667453998","1248.456093",41,40.66,7.6617,33.6985,26.3015,2.07,90.29,0.055,175.93,40.89,"dRB2102_CTD_050_01_F.csv","dRB2102","CTD","050","F.csv"
"E574.2B",2,1,FALSE,"WCOA21","2021_WCOA_RonBrown","7/4/2021",NA,"9:53:43 AM","","E574.2B","500107","7","Niskin; Sterivex 0.22µm filter","95% EtOH","West Coast","NH10",39.6,44.652,-124.298,1000,"Sean McAllister","","7/4/2021 9:53:43 AM","7/4/2021 ","2021/07/04 09:53:00","2021/07/04 00:00:00","2021/07/04 09:53:00",44.652,-124.298,"500107","7",40,"33RO20210613","WCOA2021","NH10","50","1","11004","2",6,"2021/07/04 00:00:00",2021,7,4,"09:53:43",185.412,44.652,-124.298,81,39.9,39.6,7.597,33.735,2,-999,9,80.9,2,-999,-999,9,-999,9,-999,9,-999,-999,9,-999,-999,9,-999,9,-999,9,-999,9,-999,9,-999,9,-999,9,-999,9,1014,2,1450,2,180,2,0,2,1390000,2,1050000,2,200000,2,11004,"2021/07/04 09:53:43",7,"11004","7","33.735","7.597","39.9","","","7.597","39.9","-999.0","-999.0","","","","Seawater scale (mol/kg-SW) "," K1, K2 from Mehrbach et al., 1973 refit by Dickson and Millero, 2829","Dickson ","Uppstrom, 2816","","","","","","","","","","","","","","","","","","","","","","","","","","","","","","","","","","","","","",40,39.67,7.6734,33.69,26.2931,2.09,91.12,0.066,175.95,41.97,"dRB2102_CTD_050_01_F.csv","dRB2102","CTD","050","F.csv"
"E574.3B",3,1,FALSE,"WCOA21","2021_WCOA_RonBrown","7/4/2021",NA,"9:53:47 AM","","E574.3B","500108","8","Niskin; Sterivex 0.22µm filter","95% EtOH","West Coast","NH10",40.4,44.652,-124.298,1000,"Sean McAllister","","7/4/2021 9:53:47 AM","7/4/2021 ","2021/07/04 09:53:00","2021/07/04 00:00:00","2021/07/04 09:53:00",44.652,-124.298,"500108","8",40,"33RO20210613","WCOA2021","NH10","50","1","11027","2",6,"2021/07/04 00:00:00",2021,7,4,"09:53:47",185.412,44.652,-124.298,81,40.7,40.4,7.596,33.737,2,-999,9,80.9,2,-999,-999,9,-999,9,-999,9,-999,-999,9,-999,-999,9,-999,9,-999,9,-999,9,-999,9,-999,9,-999,9,-999,9,-999,9,-999,9,-999,9,-999,9,-999,9,-999,9,-999,9,11027,"2021/07/04 09:53:47",8,"11027","8","33.737","7.596","40.7","","","7.596","40.7","-999.0","-999.0","","","","Seawater scale (mol/kg-SW) "," K1, K2 from Mehrbach et al., 1973 refit by Dickson and Millero, 2830","Dickson ","Uppstrom, 2817","","","","","","","","","","","","","","","","","","","","","","","","","","","","","","","","","","","","","",40,39.67,7.6734,33.69,26.2931,2.09,91.12,0.066,175.95,41.97,"dRB2102_CTD_050_01_F.csv","dRB2102","CTD","050","F.csv"
"E575.1B",1,1,FALSE,"WCOA21","2021_WCOA_RonBrown","7/4/2021",NA,"10:03:01 AM","","E575.1B","500115","15","Niskin; Sterivex 0.22µm filter","95% EtOH","West Coast","NH10",4,44.652,-124.298,1000,"Sean McAllister","","7/4/2021 10:03:01 AM","7/4/2021 ","2021/07/04 10:03:00","2021/07/04 00:00:00","2021/07/04 10:03:00",44.652,-124.298,"500115","15",4,"33RO20210613","WCOA2021","NH10","50","1","11053","2",6,"2021/07/04 00:00:00",2021,7,4,"10:03:01",185.419,44.652,-124.298,81,4,4,13.644,32.721,2,-999,9,323.6,2,324.4,10.634,6,1971.6,2,2217.5,2,7.9876,24.92,2,168.45373419465173,24.87,2,2.7,2,0.32,2,0,2,0.04,2,0.12,2,-999,9,5.343,6,-999,9,-999,9,-999,9,-999,9,-999,9,-999,9,-999,9,11053,"2021/07/04 10:03:01",15,"11053","15","32.721","13.644","4.0","","","13.644","4.0","2217.5","1971.6","","","","Seawater scale (mol/kg-SW) "," K1, K2 from Mehrbach et al., 1973 refit by Dickson and Millero, 2837","Dickson ","Uppstrom, 2824","32.72100067","13.64400005","4","0","0","2217.5","1971.599854","8.152851105","285.178833","286.2303772","1786.307552","174.0124739","11.27985294","80.27546695","2.899207466","0","0","10.68370095","4.203799854","2.68064138","290.6269807","13.64400005","4","8.152851094","285.1788276","286.2303915","1786.307552","174.0124739","11.27985294","80.27546695","2.899207466","0","0","10.68370095","4.203799854","2.68064138","290.6269915",4,3.97,13.6338,32.7236,24.5034,7.42,323.55,0.236,172.53,78.31,"dRB2102_CTD_050_01_F.csv","dRB2102","CTD","050","F.csv"
"E575.2B",2,1,FALSE,"WCOA21","2021_WCOA_RonBrown","7/4/2021",NA,"10:03:03 AM","","E575.2B","500116","16","Niskin; Sterivex 0.22µm filter","95% EtOH","West Coast","NH10",4.4,44.652,-124.298,1000,"Sean McAllister","","7/4/2021 10:03:03 AM","7/4/2021 ","2021/07/04 10:03:00","2021/07/04 00:00:00","2021/07/04 10:03:00",44.652,-124.298,"500116","16",4,"33RO20210613","WCOA2021","NH10","50","1","11032","2",6,"2021/07/04 00:00:00",2021,7,4,"10:03:03",185.419,44.652,-124.298,81,4.4,4.4,13.646,32.721,2,-999,9,323.6,2,-999,-999,9,-999,9,-999,9,-999,-999,9,-999,-999,9,-999,9,-999,9,-999,9,-999,9,-999,9,-999,9,-999,9,26700,2,3010,2,602,2,9.27,2,2840000,2,1880000,2,739000,2,11032,"2021/07/04 10:03:03",16,"11032","16","32.721","13.646","4.4","","","13.646","4.4","-999.0","-999.0","","","","Seawater scale (mol/kg-SW) "," K1, K2 from Mehrbach et al., 1973 refit by Dickson and Millero, 2838","Dickson ","Uppstrom, 2825","","","","","","","","","","","","","","","","","","","","","","","","","","","","","","","","","","","","","",4,3.97,13.6338,32.7236,24.5034,7.42,323.55,0.236,172.53,78.31,"dRB2102_CTD_050_01_F.csv","dRB2102","CTD","050","F.csv"
"E575.3B",3,1,FALSE,"WCOA21","2021_WCOA_RonBrown","7/4/2021",NA,"10:03:07 AM","","E575.3B","500117","17","Niskin; Sterivex 0.22µm filter","95% EtOH","West Coast","NH10",4,44.652,-124.298,1000,"Sean McAllister","","7/4/2021 10:03:07 AM","7/4/2021 ","2021/07/04 10:03:00","2021/07/04 00:00:00","2021/07/04 10:03:00",44.652,-124.298,"500117","17",4,"33RO20210613","WCOA2021","NH10","50","1","11052","2",6,"2021/07/04 00:00:00",2021,7,4,"10:03:07",185.419,44.652,-124.298,81,4,4,13.644,32.721,2,-999,9,323.6,2,-999,-999,9,-999,9,-999,9,-999,-999,9,-999,-999,9,-999,9,-999,9,-999,9,-999,9,-999,9,7.2,2,-999,9,-999,9,-999,9,-999,9,-999,9,-999,9,-999,9,-999,9,11052,"2021/07/04 10:03:07",17,"11052","17","32.721","13.644","4.0","","","13.644","4.0","-999.0","-999.0","","","","Seawater scale (mol/kg-SW) "," K1, K2 from Mehrbach et al., 1973 refit by Dickson and Millero, 2839","Dickson ","Uppstrom, 2826","","","","","","","","","","","","","","","","","","","","","","","","","","","","","","","","","","","","","",4,3.97,13.6338,32.7236,24.5034,7.42,323.55,0.236,172.53,78.31,"dRB2102_CTD_050_01_F.csv","dRB2102","CTD","050","F.csv"
"E576",1,1,FALSE,"WCOA21","2021_WCOA_RonBrown","7/4/2021",NA,"11:19:19 AM","","E576","510103","3","Niskin; Sterivex 0.22µm filter","95% EtOH","West Coast","NH5",47.7,44.652,-124.176,1000,"Sean McAllister","","7/4/2021 11:19:19 AM","7/4/2021 ","2021/07/04 11:19:00","2021/07/04 00:00:00","2021/07/04 11:19:00",44.652,-124.176,"510103","3",48,"33RO20210613","WCOA2021","NH5","51","1","11020","2",6,"2021/07/04 00:00:00",2021,7,4,"11:19:19",185.472,44.652,-124.176,58,48.1,47.7,8.028,33.757,2,-999,9,64.6,2,-999,-999,9,-999,9,-999,9,-999,-999,9,-999,-999,9,-999,9,-999,9,-999,9,-999,9,-999,9,-999,9,-999,9,-999,9,-999,9,-999,9,-999,9,-999,9,-999,9,-999,9,11020,"2021/07/04 11:19:19",3,"11020","3","33.757","8.028","48.1","","","8.028","48.1","-999.0","-999.0","","","","Seawater scale (mol/kg-SW) "," K1, K2 from Mehrbach et al., 1973 refit by Dickson and Millero, 2843","Dickson ","Uppstrom, 2830","","","","","","","","","","","","","","","","","","","","","","","","","","","","","","","","","","","","","",48,47.61,8.0292,33.7576,26.2945,1.48,64.57,0.088,173.21,10.5,"dRB2102_CTD_051_01_F.csv","dRB2102","CTD","051","F.csv"
"E577",1,1,FALSE,"WCOA21","2021_WCOA_RonBrown","7/4/2021",NA,"11:26:43 AM","","E577","510108","8","Niskin; Sterivex 0.22µm filter","95% EtOH","West Coast","NH5",23,44.652,-124.176,1000,"Sean McAllister","","7/4/2021 11:26:43 AM","7/4/2021 ","2021/07/04 11:26:00","2021/07/04 00:00:00","2021/07/04 11:26:00",44.652,-124.176,"510108","8",23,"33RO20210613","WCOA2021","NH5","51","1","11027","2",6,"2021/07/04 00:00:00",2021,7,4,"11:26:43",185.477,44.652,-124.176,58,23.2,23,12.712,32.992,2,-999,9,295.3,2,-999,-999,9,-999,9,-999,9,-999,-999,9,-999,-999,9,-999,9,-999,9,-999,9,-999,9,-999,9,-999,9,-999,9,-999,9,-999,9,-999,9,-999,9,-999,9,-999,9,-999,9,11027,"2021/07/04 11:26:43",8,"11027","8","32.992","12.712","23.2","","","12.712","23.2","-999.0","-999.0","","","","Seawater scale (mol/kg-SW) "," K1, K2 from Mehrbach et al., 1973 refit by Dickson and Millero, 2848","Dickson ","Uppstrom, 2835","","","","","","","","","","","","","","","","","","","","","","","","","","","","","","","","","","","","","",23,22.81,10.3522,33.1513,25.4495,4.15,180.63,0.57,171.91,35.58,"dRB2102_CTD_051_01_F.csv","dRB2102","CTD","051","F.csv"
"E578",1,1,FALSE,"WCOA21","2021_WCOA_RonBrown","7/4/2021",NA,"11:34:12 AM","","E578","510114","14","Niskin; Sterivex 0.22µm filter","95% EtOH","West Coast","NH5",3.2,44.651,-124.176,1000,"Sean McAllister","","7/4/2021 11:34:12 AM","7/4/2021 ","2021/07/04 11:34:00","2021/07/04 00:00:00","2021/07/04 11:34:00",44.651,-124.176,"510114","14",3,"33RO20210613","WCOA2021","NH5","51","1","11011","2",6,"2021/07/04 00:00:00",2021,7,4,"11:34:12",185.482,44.651,-124.176,58,3.2,3.2,12.915,33.014,2,-999,9,299.2,2,-999,-999,9,-999,9,-999,9,-999,-999,9,-999,-999,9,-999,9,-999,9,-999,9,-999,9,-999,9,-999,9,-999,9,-999,9,-999,9,-999,9,-999,9,-999,9,-999,9,-999,9,11011,"2021/07/04 11:34:12",14,"11011","14","33.014","12.915","3.2","","","12.915","3.2","-999.0","-999.0","","","","Seawater scale (mol/kg-SW) "," K1, K2 from Mehrbach et al., 1973 refit by Dickson and Millero, 2854","Dickson ","Uppstrom, 2841","","","","","","","","","","","","","","","","","","","","","","","","","","","","","","","","","","","","","",3,2.98,12.8647,33.0232,24.8884,6.87,299.31,0.192,171.04,56.14,"dRB2102_CTD_051_01_F.csv","dRB2102","CTD","051","F.csv"
"E579",1,1,FALSE,"WCOA21","2021_WCOA_RonBrown","7/4/2021",NA,"1:41:12 PM","","E579","520102","2","Niskin; Sterivex 0.22µm filter","95% EtOH","West Coast","NH1",25.1,44.652,-124.101,1000,"Sean McAllister","","7/4/2021 1:41:12 PM","7/4/2021 ","2021/07/04 01:41:00","2021/07/04 00:00:00","2021/07/04 01:41:00",44.652,-124.101,"520102","2",25,"33RO20210613","WCOA2021","NH1","52","1","11081","2",6,"2021/07/04 00:00:00",2021,7,4,"13:41:12",185.57,44.652,-124.101,35,25.3,25.1,8.996,33.615,2,33.5988,2,117.9,2,-999,-999,9,-999,9,-999,9,-999,-999,9,-999,-999,9,-999,9,-999,9,-999,9,-999,9,-999,9,-999,9,-999,9,3130,2,7200,2,294,2,7.94,2,3620000,2,2220000,2,883000,2,11081,"2021/07/04 13:41:12",2,"11081","2","33.615","8.996","25.3","","","8.996","25.3","-999.0","-999.0","","","","Seawater scale (mol/kg-SW) "," K1, K2 from Mehrbach et al., 1973 refit by Dickson and Millero, 2856","Dickson ","Uppstrom, 2843","","","","","","","","","","","","","","","","","","","","","","","","","","","","","","","","","","","","","",25,24.8,9.0128,33.6095,26.0277,2.71,117.91,0.096,170.53,5.48,"dRB2102_CTD_052_01_F.csv","dRB2102","CTD","052","F.csv"
"E580",1,1,FALSE,"WCOA21","2021_WCOA_RonBrown","7/4/2021",NA,"1:45:08 PM","","E580","520105","5","Niskin; Sterivex 0.22µm filter","95% EtOH","West Coast","NH1",10.8,44.652,-124.101,1000,"Sean McAllister","","7/4/2021 1:45:08 PM","7/4/2021 ","2021/07/04 01:45:00","2021/07/04 00:00:00","2021/07/04 01:45:00",44.652,-124.101,"520105","5",11,"33RO20210613","WCOA2021","NH1","52","1","11008","2",6,"2021/07/04 00:00:00",2021,7,4,"13:45:08",185.573,44.652,-124.101,35,10.9,10.8,11.035,33.331,2,-999,9,221.4,2,214.9,7.052,2,2144,6,2244.9,2,7.6237,24.86,2,85.58350833523173,24.805,2,23,2,1.62,2,14.8,2,0.42,2,2.23,2,-999,9,9.69,2,-999,9,-999,9,-999,9,-999,9,-999,9,-999,9,-999,9,11008,"2021/07/04 13:45:08",5,"11008","5","33.331","11.035","10.9","","","11.035","10.9","2244.9","2144.0","","","","Seawater scale (mol/kg-SW) "," K1, K2 from Mehrbach et al., 1973 refit by Dickson and Millero, 2859","Dickson ","Uppstrom, 2846","33.33100128","11.03499985","10.89999962","0","0","2244.899902","2144","7.833404064","661.4810791","664.003418","2028.88372","86.78852714","28.3277798","41.37198457","1.082172815","0","0","15.90985722","2.084237711","1.324275716","672.570793","11.03499985","10.89999962","7.83340429","661.4810572","664.0034451","2028.88372","86.78852714","28.3277798","41.37198457","1.082172815","0","0","15.90985722","2.084237711","1.324275716","672.5708122",11,10.91,11.1952,33.3026,25.4192,5.23,227.89,0.18,169.66,19.31,"dRB2102_CTD_052_01_F.csv","dRB2102","CTD","052","F.csv"
"E581",1,1,FALSE,"WCOA21","2021_WCOA_RonBrown","7/4/2021",NA,"1:49:06 PM","","E581","520109","9","Niskin; Sterivex 0.22µm filter","95% EtOH","West Coast","NH1",3.7,44.652,-124.101,1000,"Sean McAllister","","7/4/2021 1:49:06 PM","7/4/2021 ","2021/07/04 01:49:00","2021/07/04 00:00:00","2021/07/04 01:49:00",44.652,-124.101,"520109","9",4,"33RO20210613","WCOA2021","NH1","52","1","12052","2",6,"2021/07/04 00:00:00",2021,7,4,"13:49:06",185.576,44.652,-124.101,35,3.7,3.7,11.227,33.293,2,33.3248,2,227.8,2,-999,-999,9,-999,9,-999,9,-999,-999,9,-999,-999,9,-999,9,-999,9,-999,9,-999,9,-999,9,-999,9,-999,9,-999,9,-999,9,-999,9,-999,9,-999,9,-999,9,-999,9,12052,"2021/07/04 13:49:06",9,"12052","9","33.293","11.227","3.7","","","11.227","3.7","-999.0","-999.0","","","","Seawater scale (mol/kg-SW) "," K1, K2 from Mehrbach et al., 1973 refit by Dickson and Millero, 2863","Dickson ","Uppstrom, 2850","","","","","","","","","","","","","","","","","","","","","","","","","","","","","","","","","","","","","",4,3.97,11.2338,33.2962,25.4071,5.23,227.78,0.178,169.92,26.42,"dRB2102_CTD_052_01_F.csv","dRB2102","CTD","052","F.csv"
"E583",1,1,FALSE,"WCOA21","2021_WCOA_RonBrown","7/4/2021",NA,"9:19:12 PM","","E583","530102","2","Niskin; Sterivex 0.22µm filter","95% EtOH","West Coast","HH42",1418,43.999,-125.105,1000,"Sean McAllister","","7/4/2021 9:19:12 PM","7/4/2021 ","2021/07/04 09:19:00","2021/07/04 00:00:00","2021/07/04 09:19:00",43.999,-125.105,"530102","2",1418,"33RO20210613","WCOA2021","HH42","53","1","11081","2",7,"2021/07/04 00:00:00",2021,7,4,"21:19:12",185.888,43.999,-125.105,1428,1434.4,1418,2.62,34.524,2,-999,9,36.7,2,-999,-999,9,-999,9,-999,9,-999,-999,9,-999,-999,9,-999,9,-999,9,-999,9,-999,9,-999,9,-999,9,-999,9,-999,9,-999,9,-999,9,-999,9,-999,9,-999,9,-999,9,11081,"2021/07/04 21:19:12",2,"11081","2","34.524","2.620","1434.4","","","2.620","1434.4","-999.0","-999.0","","","","Seawater scale (mol/kg-SW) "," K1, K2 from Mehrbach et al., 1973 refit by Dickson and Millero, 2865","Dickson ","Uppstrom, 2852","","","","","","","","","","","","","","","","","","","","","","","","","","","","","","","","","","","","","",1418,1401.85,2.6711,34.5184,27.5385,0.81,35.38,0.041,162.03,27.79,"dRB2102_CTD_053_01_F.csv","dRB2102","CTD","053","F.csv"
"E584",1,1,FALSE,"WCOA21","2021_WCOA_RonBrown","7/4/2021",NA,"9:28:50 PM","","E584","530103","3","Niskin; Sterivex 0.22µm filter","95% EtOH","West Coast","HH42",988.6,43.999,-125.106,1000,"Sean McAllister","","7/4/2021 9:28:50 PM","7/4/2021 ","2021/07/04 09:28:00","2021/07/04 00:00:00","2021/07/04 09:28:00",43.999,-125.106,"530103","3",989,"33RO20210613","WCOA2021","HH42","53","1","11020","2",7,"2021/07/04 00:00:00",2021,7,4,"21:28:50",185.895,43.999,-125.106,1428,999,988.6,3.842,34.387,2,-999,9,15.8,2,15.2,0.501,2,2367.1,6,2365.4,2,7.2979,24.93,6,-999,-999,9,123.8,2,3.25,2,43.7,2,0.04,2,0.04,2,-999,9,4.912,2,-999,9,-999,9,-999,9,-999,9,-999,9,-999,9,-999,9,11020,"2021/07/04 21:28:50",3,"11020","3","34.387","3.842","999.0","","","3.842","999.0","2365.4","2367.1","","","","Seawater scale (mol/kg-SW) "," K1, K2 from Mehrbach et al., 1973 refit by Dickson and Millero, 2866","Dickson ","Uppstrom, 2853","34.38700104","3.842000008","999","0","0","2365.399902","2367.100098","7.552214622","1194.557251","1199.563843","2260.475167","41.44336077","65.18168504","21.77182395","0.294641453","0","0","19.21182746","0.812822142","0.518283977","1208.973757","3.842000008","999","7.552214681","1194.557284","1199.563853","2260.475167","41.44336077","65.18168504","21.77182395","0.294641453","0","0","19.21182746","0.812822142","0.518283977","1208.973761",989,978.73,3.8796,34.3806,27.3132,0.36,15.69,0.04,163.9,100,"dRB2102_CTD_053_01_F.csv","dRB2102","CTD","053","F.csv"
"E585",1,1,FALSE,"WCOA21","2021_WCOA_RonBrown","7/4/2021",NA,"9:51:35 PM","","E585","530108","8","Niskin; Sterivex 0.22µm filter","95% EtOH","West Coast","HH42",198.1,43.999,-125.107,1000,"Sean McAllister","","7/4/2021 9:51:35 PM","7/4/2021 ","2021/07/04 09:51:00","2021/07/04 00:00:00","2021/07/04 09:51:00",43.999,-125.107,"530108","8",198,"33RO20210613","WCOA2021","HH42","53","1","11027","2",7,"2021/07/04 00:00:00",2021,7,4,"21:51:35",185.911,43.999,-125.107,1428,199.8,198.1,7.427,33.996,2,-999,9,90.8,2,89.5,2.941,2,2243.3,2,2274,2,7.3924,24.93,2,-999,-999,9,48.2,2,2.42,2,32.8,2,0.05,2,0.05,2,-999,9,9.088,2,-999,9,-999,9,-999,9,-999,9,-999,9,-999,9,-999,9,11027,"2021/07/04 21:51:35",8,"11027","8","33.996","7.427","199.8","","","7.427","199.8","2274.0","2243.3","","","","Seawater scale (mol/kg-SW) "," K1, K2 from Mehrbach et al., 1973 refit by Dickson and Millero, 2871","Dickson ","Uppstrom, 2858","33.99599838","7.427000046","199.8000031","0","0","2274","2243.300049","7.646149635","1023.232849","1027.322632","2141.06756","52.97214277","49.26026561","26.51335421","0.497875741","0","0","18.64119623","1.222287709","0.774818158","1037.682903","7.427000046","199.8000031","7.646149665","1023.232826","1027.322576","2141.06756","52.97214277","49.26026561","26.51335421","0.497875741","0","0","18.64119623","1.222287709","0.774818158","1037.682872",198,196.32,7.4168,33.9921,26.5694,2.12,92.05,0.04,166.62,99.74,"dRB2102_CTD_053_01_F.csv","dRB2102","CTD","053","F.csv"
"E586",1,1,FALSE,"WCOA21","2021_WCOA_RonBrown","7/4/2021",NA,"9:58:31 PM","","E586","530112","12","Niskin; Sterivex 0.22µm filter","95% EtOH","West Coast","HH42",99.2,43.999,-125.107,1000,"Sean McAllister","","7/4/2021 9:58:31 PM","7/4/2021 ","2021/07/04 09:58:00","2021/07/04 00:00:00","2021/07/04 09:58:00",43.999,-125.107,"530112","12",99,"33RO20210613","WCOA2021","HH42","53","1","11026","2",7,"2021/07/04 00:00:00",2021,7,4,"21:58:31",185.916,43.999,-125.107,1428,100,99.2,8.216,33.643,2,-999,9,142.3,2,-999,-999,9,-999,9,-999,9,-999,-999,9,-999,-999,9,-999,9,-999,9,-999,9,-999,9,-999,9,-999,9,-999,9,-999,9,-999,9,-999,9,-999,9,-999,9,-999,9,-999,9,11026,"2021/07/04 21:58:31",12,"11026","12","33.643","8.216","100.0","","","8.216","100.0","-999.0","-999.0","","","","Seawater scale (mol/kg-SW) "," K1, K2 from Mehrbach et al., 1973 refit by Dickson and Millero, 2875","Dickson ","Uppstrom, 2862","","","","","","","","","","","","","","","","","","","","","","","","","","","","","","","","","","","","","",99,98.18,8.2551,33.6472,26.175,3.27,142.53,0.04,167.29,99.54,"dRB2102_CTD_053_01_F.csv","dRB2102","CTD","053","F.csv"
"E587",1,1,FALSE,"WCOA21","2021_WCOA_RonBrown","7/4/2021",NA,"10:17:52 PM","","E587","530122","22","Niskin; Sterivex 0.22µm filter","95% EtOH","West Coast","HH42",3.5,43.999,-125.108,1000,"Sean McAllister","","7/4/2021 10:17:52 PM","7/4/2021 ","2021/07/04 10:17:00","2021/07/04 00:00:00","2021/07/04 10:17:00",43.999,-125.108,"530122","22",4,"33RO20210613","WCOA2021","HH42","53","1","11024","2",7,"2021/07/04 00:00:00",2021,7,4,"22:17:52",185.929,43.999,-125.108,1428,3.6,3.5,15.585,31.132,2,-999,9,270.9,2,-999,-999,9,-999,9,-999,9,-999,-999,9,-999,-999,9,-999,9,-999,9,-999,9,-999,9,-999,9,0.9,2,-999,9,-999,9,-999,9,-999,9,-999,9,-999,9,-999,9,-999,9,11024,"2021/07/04 22:17:52",22,"11024","22","31.132","15.585","3.6","","","15.585","3.6","-999.0","-999.0","","","","Seawater scale (mol/kg-SW) "," K1, K2 from Mehrbach et al., 1973 refit by Dickson and Millero, 2885","Dickson ","Uppstrom, 2872","","","","","","","","","","","","","","","","","","","","","","","","","","","","","","","","","","","","","",4,3.97,15.5036,31.1433,22.8925,6.2,270.83,0.058,165.66,99.71,"dRB2102_CTD_053_01_F.csv","dRB2102","CTD","053","F.csv"
"E588",1,1,FALSE,"WCOA21","2021_WCOA_RonBrown","7/5/2021",NA,"1:02:15 AM","","E588","540102","2","Niskin; Sterivex 0.22µm filter","95% EtOH","West Coast","HH37",923.5,44,-125.001,1000,"Sean McAllister","","7/5/2021 1:02:15 AM","7/5/2021 ","2021/07/05 01:02:00","2021/07/05 00:00:00","2021/07/05 01:02:00",44,-125.001,"540102","2",924,"33RO20210613","WCOA2021","HH37","54","1","11081","2",7,"2021/07/05 00:00:00",2021,7,5,"01:02:15",186.043,44,-125.001,934,933.1,923.5,4.039,34.356,2,-999,9,14.7,2,-999,-999,9,-999,9,-999,9,-999,-999,9,-999,-999,9,-999,9,-999,9,-999,9,-999,9,-999,9,-999,9,-999,9,-999,9,-999,9,-999,9,-999,9,-999,9,-999,9,-999,9,11081,"2021/07/05 01:02:15",2,"11081","2","34.356","4.039","933.1","","","4.039","933.1","-999.0","-999.0","","","","Seawater scale (mol/kg-SW) "," K1, K2 from Mehrbach et al., 1973 refit by Dickson and Millero, 2888","Dickson ","Uppstrom, 2875","","","","","","","","","","","","","","","","","","","","","","","","","","","","","","","","","","","","","",924,914.55,4.0318,34.3568,27.2784,0.34,14.99,0.041,140.14,19.95,"dRB2102_CTD_054_01_F.csv","dRB2102","CTD","054","F.csv"
"E589",1,1,FALSE,"WCOA21","2021_WCOA_RonBrown","7/5/2021",NA,"1:08:28 AM","","E589","540103","3","Niskin; Sterivex 0.22µm filter","95% EtOH","West Coast","HH37",743.1,44,-125.001,1000,"Sean McAllister","","7/5/2021 1:08:28 AM","7/5/2021 ","2021/07/05 01:08:00","2021/07/05 00:00:00","2021/07/05 01:08:00",44,-125.001,"540103","3",743,"33RO20210613","WCOA2021","HH37","54","1","11020","2",7,"2021/07/05 00:00:00",2021,7,5,"01:08:28",186.048,44,-125.001,934,750.5,743.1,4.574,34.27,2,-999,9,16.9,2,16.1,0.529,2,2345.9,6,2336.4,2,7.2854,24.96,6,-999,-999,9,105.5,2,3.23,2,42.7,2,0.03,2,0.01,2,-999,9,2.773,2,-999,9,-999,9,-999,9,-999,9,-999,9,-999,9,-999,9,11020,"2021/07/05 01:08:28",3,"11020","3","34.270","4.574","750.5","","","4.574","750.5","2336.4","2345.9","","","","Seawater scale (mol/kg-SW) "," K1, K2 from Mehrbach et al., 1973 refit by Dickson and Millero, 2889","Dickson ","Uppstrom, 2876","34.27000046","4.573999882","750.5","0","0","2336.399902","2345.899902","7.525860786","1299.160156","1304.552368","2237.809245","39.01865013","69.07192375","20.29028999","0.293323602","0","0","18.94921345","0.805490595","0.512367923","1315.33054","4.573999882","750.5","7.525860716","1299.160148","1304.552299","2237.809245","39.01865013","69.07192375","20.29028999","0.293323602","0","0","18.94921345","0.805490595","0.512367923","1315.330531",743,735.72,4.6513,34.2579,27.1327,0.4,17.48,0.042,140.91,100,"dRB2102_CTD_054_01_F.csv","dRB2102","CTD","054","F.csv"
"E590",1,1,FALSE,"WCOA21","2021_WCOA_RonBrown","7/5/2021",NA,"1:15:40 AM","","E590","540104","4","Niskin; Sterivex 0.22µm filter","95% EtOH","West Coast","HH37",496.3,44,-125.002,1000,"Sean McAllister","","7/5/2021 1:15:40 AM","7/5/2021 ","2021/07/05 01:15:00","2021/07/05 00:00:00","2021/07/05 01:15:00",44,-125.002,"540104","4",496,"33RO20210613","WCOA2021","HH37","54","1","11058","2",7,"2021/07/05 00:00:00",2021,7,5,"01:15:40",186.053,44,-125.002,934,500.9,496.3,6.291,34.15,2,-999,9,35.4,2,34.6,1.137,2,2295.9,2,2299.7,2,7.3123,24.96,2,-999,-999,9,71.9,2,2.96,2,38,2,0.07,2,0.01,2,-999,9,16.223,2,-999,9,-999,9,-999,9,-999,9,-999,9,-999,9,-999,9,11058,"2021/07/05 01:15:40",4,"11058","4","34.150","6.291","500.9","","","6.291","500.9","2299.7","2295.9","","","","Seawater scale (mol/kg-SW) "," K1, K2 from Mehrbach et al., 1973 refit by Dickson and Millero, 2890","Dickson ","Uppstrom, 2877","34.15000153","6.290999889","500.8999939","0","0","2299.699951","2295.899902","7.556882381","1234.095825","1239.102661","2190.974856","43.16938431","61.7556632","22.0448529","0.369678317","0","0","18.9160444","0.93849345","0.596305142","1250.650699","6.290999889","500.8999939","7.556882512","1234.095724","1239.102618","2190.974856","43.16938431","61.7556632","22.0448529","0.369678317","0","0","18.9160444","0.93849345","0.596305142","1250.650633",496,491.43,6.2943,34.1478,26.8473,0.82,35.61,0.041,141.5,99.95,"dRB2102_CTD_054_01_F.csv","dRB2102","CTD","054","F.csv"
"E591",1,1,FALSE,"WCOA21","2021_WCOA_RonBrown","7/5/2021",NA,"1:29:19 AM","","E591","540107","7","Niskin; Sterivex 0.22µm filter","95% EtOH","West Coast","HH37",198.2,44,-125.002,1000,"Sean McAllister","","7/5/2021 1:29:19 AM","7/5/2021 ","2021/07/05 01:29:00","2021/07/05 00:00:00","2021/07/05 01:29:00",44,-125.002,"540107","7",198,"33RO20210613","WCOA2021","HH37","54","1","11004","2",7,"2021/07/05 00:00:00",2021,7,5,"01:29:19",186.062,44,-125.002,934,199.9,198.2,7.185,34.027,2,-999,9,83,2,72.2,2.373,2,2260.1,2,2275.4,2,7.3556,24.96,2,-999,-999,9,54.9,2,2.62,2,34.3,2,0.21,2,0.01,2,-999,9,13.031,2,-999,9,-999,9,-999,9,-999,9,-999,9,-999,9,-999,9,11004,"2021/07/05 01:29:19",7,"11004","7","34.027","7.185","199.9","","","7.185","199.9","2275.4","2260.1","","","","Seawater scale (mol/kg-SW) "," K1, K2 from Mehrbach et al., 1973 refit by Dickson and Millero, 2893","Dickson ","Uppstrom, 2880","34.02700043","7.184999943","199.8999939","0","0","2275.399902","2260.100098","7.596574783","1153.184692","1157.808472","2156.951253","47.17582886","55.97301455","23.68945381","0.433267333","0","0","18.8067653","1.088255937","0.689654795","1169.290717","7.184999943","199.8999939","7.596574926","1153.184735","1157.808573","2156.951253","47.17582886","55.97301455","23.68945381","0.433267333","0","0","18.8067653","1.088255937","0.689654795","1169.290824",198,196.32,7.0259,33.9982,26.6285,1.98,86.35,0.04,142.11,99.78,"dRB2102_CTD_054_01_F.csv","dRB2102","CTD","054","F.csv"
"E592",1,1,FALSE,"WCOA21","2021_WCOA_RonBrown","7/5/2021",NA,"1:38:02 AM","","E592","540111","11","Niskin; Sterivex 0.22µm filter","95% EtOH","West Coast","HH37",99.3,44,-125.002,1000,"Sean McAllister","","7/5/2021 1:38:02 AM","7/5/2021 ","2021/07/05 01:38:00","2021/07/05 00:00:00","2021/07/05 01:38:00",44,-125.002,"540111","11",99,"33RO20210613","WCOA2021","HH37","54","1","11023","2",7,"2021/07/05 00:00:00",2021,7,5,"01:38:02",186.068,44,-125.002,934,100.1,99.3,7.886,33.807,2,-999,9,107.8,2,-999,-999,9,-999,9,-999,9,-999,-999,9,-999,-999,9,-999,9,-999,9,-999,9,-999,9,-999,9,-999,9,-999,9,-999,9,-999,9,-999,9,-999,9,-999,9,-999,9,-999,9,11023,"2021/07/05 01:38:02",11,"11023","11","33.807","7.886","100.1","","","7.886","100.1","-999.0","-999.0","","","","Seawater scale (mol/kg-SW) "," K1, K2 from Mehrbach et al., 1973 refit by Dickson and Millero, 2897","Dickson ","Uppstrom, 2884","","","","","","","","","","","","","","","","","","","","","","","","","","","","","","","","","","","","","",99,98.18,7.9222,33.814,26.3553,2.48,107.82,0.042,142.58,99.67,"dRB2102_CTD_054_01_F.csv","dRB2102","CTD","054","F.csv"
"E593",1,1,FALSE,"WCOA21","2021_WCOA_RonBrown","7/5/2021",NA,"1:55:45 AM","","E593","540121","21","Niskin; Sterivex 0.22µm filter","95% EtOH","West Coast","HH37",4.3,44,-125.002,1000,"Sean McAllister","","7/5/2021 1:55:45 AM","7/5/2021 ","2021/07/05 01:55:00","2021/07/05 00:00:00","2021/07/05 01:55:00",44,-125.002,"540121","21",4,"33RO20210613","WCOA2021","HH37","54","1","11062","2",7,"2021/07/05 00:00:00",2021,7,5,"01:55:45",186.08,44,-125.002,934,4.4,4.3,14.813,31.619,2,-999,9,297,2,-999,-999,9,-999,9,-999,9,-999,-999,9,-999,-999,9,-999,9,-999,9,-999,9,-999,9,-999,9,-999,9,-999,9,-999,9,-999,9,-999,9,-999,9,-999,9,-999,9,-999,9,11062,"2021/07/05 01:55:45",21,"11062","21","31.619","14.813","4.4","","","14.813","4.4","-999.0","-999.0","","","","Seawater scale (mol/kg-SW) "," K1, K2 from Mehrbach et al., 1973 refit by Dickson and Millero, 2907","Dickson ","Uppstrom, 2894","","","","","","","","","","","","","","","","","","","","","","","","","","","","","","","","","","","","","",4,3.97,14.9232,31.5796,23.353,6.8,296.96,0.149,140.27,54.73,"dRB2102_CTD_054_01_F.csv","dRB2102","CTD","054","F.csv"
"E594",1,1,FALSE,"WCOA21","2021_WCOA_RonBrown","7/5/2021",NA,"3:33:25 AM","","E594","550102","2","Niskin; Sterivex 0.22µm filter","95% EtOH","West Coast","HH29",100.5,44.001,-124.801,1000,"Sean McAllister","","7/5/2021 3:33:25 AM","7/5/2021 ","2021/07/05 03:33:00","2021/07/05 00:00:00","2021/07/05 03:33:00",44.001,-124.801,"550102","2",100,"33RO20210613","WCOA2021","HH29","55","1","11081","2",7,"2021/07/05 00:00:00",2021,7,5,"03:33:25",186.148,44.001,-124.801,111,101.4,100.5,7.459,33.87,2,-999,9,70.9,2,-999,-999,9,-999,9,-999,9,-999,-999,9,-999,-999,9,-999,9,-999,9,-999,9,-999,9,-999,9,-999,9,-999,9,-999,9,-999,9,-999,9,-999,9,-999,9,-999,9,-999,9,11081,"2021/07/05 03:33:25",2,"11081","2","33.870","7.459","101.4","","","7.459","101.4","-999.0","-999.0","","","","Seawater scale (mol/kg-SW) "," K1, K2 from Mehrbach et al., 1973 refit by Dickson and Millero, 2910","Dickson ","Uppstrom, 2897","","","","","","","","","","","","","","","","","","","","","","","","","","","","","","","","","","","","","",100,99.17,7.4652,33.8656,26.4617,1.63,70.93,0.041,146.02,12.03,"dRB2102_CTD_055_01_F.csv","dRB2102","CTD","055","F.csv"
"E595",1,1,FALSE,"WCOA21","2021_WCOA_RonBrown","7/5/2021",NA,"3:36:52 AM","","E595","550104","4","Niskin; Sterivex 0.22µm filter","95% EtOH","West Coast","HH29",80.2,44.001,-124.801,1000,"Sean McAllister","","7/5/2021 3:36:52 AM","7/5/2021 ","2021/07/05 03:36:00","2021/07/05 00:00:00","2021/07/05 03:36:00",44.001,-124.801,"550104","4",80,"33RO20210613","WCOA2021","HH29","55","1","11058","2",7,"2021/07/05 00:00:00",2021,7,5,"03:36:52",186.151,44.001,-124.801,111,80.8,80.2,7.552,33.812,2,-999,9,81.5,2,79.3,2.606,2,2243.2,6,2256.4,2,7.3543,24.85,6,-999,-999,9,50,2,2.5,2,32.5,2,0.05,2,0.02,2,-999,9,39.727,2,-999,9,-999,9,-999,9,-999,9,-999,9,-999,9,-999,9,11058,"2021/07/05 03:36:52",4,"11058","4","33.812","7.552","80.8","","","7.552","80.8","2256.4","2243.2","","","","Seawater scale (mol/kg-SW) "," K1, K2 from Mehrbach et al., 1973 refit by Dickson and Millero, 2912","Dickson ","Uppstrom, 2899","33.81200027","7.552000046","80.80000305","0","0","2256.399902","2243.199951","7.590623379","1178.867188","1183.571289","2140.377624","46.25300235","56.56922542","23.10410217","0.438348465","0","0","18.76993807","1.092989018","0.691752871","1195.612016","7.552000046","80.80000305","7.590623301","1178.867139","1183.571213","2140.377624","46.25300235","56.56922542","23.10410217","0.438348465","0","0","18.76993807","1.092989018","0.691752871","1195.611934",80,79.34,7.6088,33.7768,26.3712,2.02,87.99,0.041,146.02,32.09,"dRB2102_CTD_055_01_F.csv","dRB2102","CTD","055","F.csv"
"E596",1,1,FALSE,"WCOA21","2021_WCOA_RonBrown","7/5/2021",NA,"3:42:47 AM","","E596","550107","7","Niskin; Sterivex 0.22µm filter","95% EtOH","West Coast","HH29",50.5,44.001,-124.801,1000,"Sean McAllister","","7/5/2021 3:42:47 AM","7/5/2021 ","2021/07/05 03:42:00","2021/07/05 00:00:00","2021/07/05 03:42:00",44.001,-124.801,"550107","7",50,"33RO20210613","WCOA2021","HH29","55","1","11004","2",7,"2021/07/05 00:00:00",2021,7,5,"03:42:47",186.155,44.001,-124.801,111,51,50.5,8.065,33.234,2,-999,9,158.5,2,161.1,5.288,2,-999,9,-999,9,-999,-999,9,-999,-999,9,-999,9,-999,9,-999,9,-999,9,-999,9,-999,9,-999,9,-999,9,-999,9,-999,9,-999,9,-999,9,-999,9,-999,9,11004,"2021/07/05 03:42:47",7,"11004","7","33.234","8.065","51.0","","","8.065","51.0","-999.0","-999.0","","","","Seawater scale (mol/kg-SW) "," K1, K2 from Mehrbach et al., 1973 refit by Dickson and Millero, 2915","Dickson ","Uppstrom, 2902","","","","","","","","","","","","","","","","","","","","","","","","","","","","","","","","","","","","","",50,49.59,8.0637,33.2174,25.8654,3.68,160.33,0.043,145.72,62.34,"dRB2102_CTD_055_01_F.csv","dRB2102","CTD","055","F.csv"
"E597",1,1,FALSE,"WCOA21","2021_WCOA_RonBrown","7/5/2021",NA,"3:55:12 AM","","E597","550114","14","Niskin; Sterivex 0.22µm filter","95% EtOH","West Coast","HH29",3.4,44.001,-124.801,1000,"Sean McAllister","","7/5/2021 3:55:12 AM","7/5/2021 ","2021/07/05 03:55:00","2021/07/05 00:00:00","2021/07/05 03:55:00",44.001,-124.801,"550114","14",3,"33RO20210613","WCOA2021","HH29","55","1","11011","2",7,"2021/07/05 00:00:00",2021,7,5,"03:55:12",186.163,44.001,-124.801,111,3.4,3.4,13.199,32.076,2,-999,9,310,2,-999,-999,9,-999,9,-999,9,-999,-999,9,-999,-999,9,-999,9,-999,9,-999,9,-999,9,-999,9,-999,9,-999,9,-999,9,-999,9,-999,9,-999,9,-999,9,-999,9,-999,9,11011,"2021/07/05 03:55:12",14,"11011","14","32.076","13.199","3.4","","","13.199","3.4","-999.0","-999.0","","","","Seawater scale (mol/kg-SW) "," K1, K2 from Mehrbach et al., 1973 refit by Dickson and Millero, 2922","Dickson ","Uppstrom, 2909","","","","","","","","","","","","","","","","","","","","","","","","","","","","","","","","","","","","","",3,2.98,13.2794,32.0693,24.0686,7.14,311.56,0.428,143,101.97,"dRB2102_CTD_055_01_F.csv","dRB2102","CTD","055","F.csv"
"E598.1B",1,1,FALSE,"WCOA21","2021_WCOA_RonBrown","7/5/2021",NA,"5:42:43 AM","","E598.1B","560101","1","Niskin; Sterivex 0.22µm filter","95% EtOH","West Coast","HH20",144.2,44.001,-124.6,1000,"Sean McAllister","","7/5/2021 5:42:43 AM","7/5/2021 ","2021/07/05 05:42:00","2021/07/05 00:00:00","2021/07/05 05:42:00",44.001,-124.6,"560101","1",144,"33RO20210613","WCOA2021","HH20","56","1","11031","2",7,"2021/07/05 00:00:00",2021,7,5,"05:42:43",186.238,44.001,-124.6,154,145.4,144.2,7.44,34.011,2,34.02,2,70.2,2,72.7,2.387,2,2265.1,6,2274.1,6,7.3365,24.93,2,-999,-999,9,54,2,2.7,2,33.7,2,0.45,2,1.16,2,-999,9,30.931,6,-999,9,-999,9,-999,9,-999,9,-999,9,-999,9,-999,9,11031,"2021/07/05 05:42:43",1,"11031","1","34.011","7.440","145.4","","","7.440","145.4","2274.1","2265.1","","","","Seawater scale (mol/kg-SW) "," K1, K2 from Mehrbach et al., 1973 refit by Dickson and Millero, 2924","Dickson ","Uppstrom, 2911","34.01100159","7.440000057","145.3999939","0","0","2274.100098","2265.100098","7.57365942","1227.382324","1232.287231","2160.927065","45.11635481","59.05671486","22.54747466","0.420120887","0","0","18.77241925","1.051834185","0.666362106","1244.725642","7.440000057","145.3999939","7.573659237","1227.382366","1232.287242","2160.927065","45.11635481","59.05671486","22.54747466","0.420120887","0","0","18.77241925","1.051834185","0.666362106","1244.725619",144,142.79,7.4438,34.0106,26.5794,1.62,70.6,0.041,153.5,11.16,"dRB2102_CTD_056_01_F.csv","dRB2102","CTD","056","F.csv"
"E598.2B",2,1,FALSE,"WCOA21","2021_WCOA_RonBrown","7/5/2021",NA,"5:42:45 AM","","E598.2B","560102","2","Niskin; Sterivex 0.22µm filter","95% EtOH","West Coast","HH20",143.3,44.001,-124.6,1000,"Sean McAllister","","7/5/2021 5:42:45 AM","7/5/2021 ","2021/07/05 05:42:00","2021/07/05 00:00:00","2021/07/05 05:42:00",44.001,-124.6,"560102","2",143,"33RO20210613","WCOA2021","HH20","56","1","11081","2",7,"2021/07/05 00:00:00",2021,7,5,"05:42:45",186.238,44.001,-124.6,154,144.5,143.3,7.444,34.011,2,-999,9,70.6,2,72.2,2.371,2,-999,9,-999,9,-999,-999,9,-999,-999,9,-999,9,-999,9,-999,9,-999,9,-999,9,-999,9,-999,9,-999,9,-999,9,-999,9,-999,9,-999,9,-999,9,-999,9,11081,"2021/07/05 05:42:45",2,"11081","2","34.011","7.444","144.5","","","7.444","144.5","-999.0","-999.0","","","","Seawater scale (mol/kg-SW) "," K1, K2 from Mehrbach et al., 1973 refit by Dickson and Millero, 2925","Dickson ","Uppstrom, 2912","","","","","","","","","","","","","","","","","","","","","","","","","","","","","","","","","","","","","",143,141.8,7.4454,34.0105,26.5791,1.62,70.58,0.041,153.53,12.1,"dRB2102_CTD_056_01_F.csv","dRB2102","CTD","056","F.csv"
"E598.3B",3,1,FALSE,"WCOA21","2021_WCOA_RonBrown","7/5/2021",NA,"5:42:49 AM","","E598.3B","560103","3","Niskin; Sterivex 0.22µm filter","95% EtOH","West Coast","HH20",143.5,44.001,-124.6,1000,"Sean McAllister","","7/5/2021 5:42:49 AM","7/5/2021 ","2021/07/05 05:42:00","2021/07/05 00:00:00","2021/07/05 05:42:00",44.001,-124.6,"560103","3",144,"33RO20210613","WCOA2021","HH20","56","1","11020","2",7,"2021/07/05 00:00:00",2021,7,5,"05:42:49",186.238,44.001,-124.6,154,144.7,143.5,7.443,34.011,2,-999,9,70.4,2,72,2.365,2,-999,9,-999,9,-999,-999,9,-999,-999,9,-999,9,-999,9,-999,9,-999,9,-999,9,-999,9,-999,9,-999,9,-999,9,-999,9,-999,9,-999,9,-999,9,-999,9,11020,"2021/07/05 05:42:49",3,"11020","3","34.011","7.443","144.7","","","7.443","144.7","-999.0","-999.0","","","","Seawater scale (mol/kg-SW) "," K1, K2 from Mehrbach et al., 1973 refit by Dickson and Millero, 2926","Dickson ","Uppstrom, 2913","","","","","","","","","","","","","","","","","","","","","","","","","","","","","","","","","","","","","",144,142.79,7.4438,34.0106,26.5794,1.62,70.6,0.041,153.5,11.16,"dRB2102_CTD_056_01_F.csv","dRB2102","CTD","056","F.csv"
"E599",1,1,FALSE,"WCOA21","2021_WCOA_RonBrown","7/5/2021",NA,"5:57:30 AM","","E599","560107","7","Niskin; Sterivex 0.22µm filter","95% EtOH","West Coast","HH20",59.6,44.001,-124.601,1000,"Sean McAllister","","7/5/2021 5:57:30 AM","7/5/2021 ","2021/07/05 05:57:00","2021/07/05 00:00:00","2021/07/05 05:57:00",44.001,-124.601,"560107","7",60,"33RO20210613","WCOA2021","HH20","56","1","11004","2",7,"2021/07/05 00:00:00",2021,7,5,"05:57:30",186.248,44.001,-124.601,154,60.1,59.6,7.596,33.847,2,-999,9,76.8,2,78.2,2.567,2,2245.5,2,2257.8,2,7.3474,24.93,2,-999,-999,9,47.2,2,2.49,2,32.9,2,0.1,2,0.06,2,-999,9,15.48,2,-999,9,-999,9,-999,9,-999,9,-999,9,-999,9,-999,9,11004,"2021/07/05 05:57:30",7,"11004","7","33.847","7.596","60.1","","","7.596","60.1","2257.8","2245.5","","","","Seawater scale (mol/kg-SW) "," K1, K2 from Mehrbach et al., 1973 refit by Dickson and Millero, 2930","Dickson ","Uppstrom, 2917","33.84700012","7.596000195","60.09999847","0","0","2257.800049","2245.5","7.587441444","1191.511719","1196.26355","2142.407484","46.01473752","57.0777636","22.95268702","0.436636279","0","0","18.75812853","1.091458464","0.690703302","1208.470211","7.596000195","60.09999847","7.58744129","1191.511727","1196.263511","2142.407484","46.01473752","57.0777636","22.95268702","0.436636279","0","0","18.75812853","1.091458464","0.690703302","1208.47013",60,59.51,7.6695,33.7662,26.3538,1.68,72.96,0.042,154.93,95.77,"dRB2102_CTD_056_01_F.csv","dRB2102","CTD","056","F.csv"
"E600.1B",1,1,FALSE,"WCOA21","2021_WCOA_RonBrown","7/5/2021",NA,"6:11:35 AM","","E600.1B","560117","17","Niskin; Sterivex 0.22µm filter","95% EtOH","West Coast","HH20",3.7,44.001,-124.601,1000,"Sean McAllister","","7/5/2021 6:11:35 AM","7/5/2021 ","2021/07/05 06:11:00","2021/07/05 00:00:00","2021/07/05 06:11:00",44.001,-124.601,"560117","17",4,"33RO20210613","WCOA2021","HH20","56","1","11052","2",7,"2021/07/05 00:00:00",2021,7,5,"06:11:35",186.258,44.001,-124.601,154,3.7,3.7,14.158,32.16,2,-999,9,299.6,2,-999,-999,9,-999,9,-999,9,-999,-999,9,-999,-999,9,-999,9,-999,9,-999,9,-999,9,-999,9,-999,9,-999,9,-999,9,-999,9,-999,9,-999,9,-999,9,-999,9,-999,9,11052,"2021/07/05 06:11:35",17,"11052","17","32.160","14.158","3.7","","","14.158","3.7","-999.0","-999.0","","","","Seawater scale (mol/kg-SW) "," K1, K2 from Mehrbach et al., 1973 refit by Dickson and Millero, 2940","Dickson ","Uppstrom, 2927","","","","","","","","","","","","","","","","","","","","","","","","","","","","","","","","","","","","","",4,3.97,14.2475,32.1677,23.9483,6.94,302.77,0.216,151.16,90.79,"dRB2102_CTD_056_01_F.csv","dRB2102","CTD","056","F.csv"
"E600.2B",2,1,FALSE,"WCOA21","2021_WCOA_RonBrown","7/5/2021",NA,"6:11:38 AM","","E600.2B","560118","18","Niskin; Sterivex 0.22µm filter","95% EtOH","West Coast","HH20",3.8,44.001,-124.601,1000,"Sean McAllister","","7/5/2021 6:11:38 AM","7/5/2021 ","2021/07/05 06:11:00","2021/07/05 00:00:00","2021/07/05 06:11:00",44.001,-124.601,"560118","18",4,"33RO20210613","WCOA2021","HH20","56","1","11002","2",7,"2021/07/05 00:00:00",2021,7,5,"06:11:38",186.258,44.001,-124.601,154,3.9,3.8,14.158,32.159,2,-999,9,299.7,2,-999,-999,9,-999,9,-999,9,-999,-999,9,-999,-999,9,-999,9,-999,9,-999,9,-999,9,-999,9,-999,9,-999,9,-999,9,-999,9,-999,9,-999,9,-999,9,-999,9,-999,9,11002,"2021/07/05 06:11:38",18,"11002","18","32.159","14.158","3.9","","","14.158","3.9","-999.0","-999.0","","","","Seawater scale (mol/kg-SW) "," K1, K2 from Mehrbach et al., 1973 refit by Dickson and Millero, 2941","Dickson ","Uppstrom, 2928","","","","","","","","","","","","","","","","","","","","","","","","","","","","","","","","","","","","","",4,3.97,14.2475,32.1677,23.9483,6.94,302.77,0.216,151.16,90.79,"dRB2102_CTD_056_01_F.csv","dRB2102","CTD","056","F.csv"
"E600.3B",3,1,FALSE,"WCOA21","2021_WCOA_RonBrown","7/5/2021",NA,"6:11:41 AM","","E600.3B","560119","19","Niskin; Sterivex 0.22µm filter","95% EtOH","West Coast","HH20",3.7,44.001,-124.601,1000,"Sean McAllister","","7/5/2021 6:11:41 AM","7/5/2021 ","2021/07/05 06:11:00","2021/07/05 00:00:00","2021/07/05 06:11:00",44.001,-124.601,"560119","19",4,"33RO20210613","WCOA2021","HH20","56","1","11028","2",7,"2021/07/05 00:00:00",2021,7,5,"06:11:41",186.258,44.001,-124.601,154,3.8,3.7,14.158,32.16,2,-999,9,299.6,2,-999,-999,9,-999,9,-999,9,-999,-999,9,-999,-999,9,-999,9,-999,9,-999,9,-999,9,-999,9,-999,9,-999,9,-999,9,-999,9,-999,9,-999,9,-999,9,-999,9,-999,9,11028,"2021/07/05 06:11:41",19,"11028","19","32.160","14.158","3.8","","","14.158","3.8","-999.0","-999.0","","","","Seawater scale (mol/kg-SW) "," K1, K2 from Mehrbach et al., 1973 refit by Dickson and Millero, 2942","Dickson ","Uppstrom, 2929","","","","","","","","","","","","","","","","","","","","","","","","","","","","","","","","","","","","","",4,3.97,14.2475,32.1677,23.9483,6.94,302.77,0.216,151.16,90.79,"dRB2102_CTD_056_01_F.csv","dRB2102","CTD","056","F.csv"
"E601",1,1,FALSE,"WCOA21","2021_WCOA_RonBrown","7/5/2021",NA,"11:35:38 AM","","E601","570102","2","Niskin; Sterivex 0.22µm filter","95% EtOH","West Coast","HH10",108.1,44,-124.393,1000,"Sean McAllister","","7/5/2021 11:35:38 AM","7/5/2021 ","2021/07/05 11:35:00","2021/07/05 00:00:00","2021/07/05 11:35:00",44,-124.393,"570102","2",108,"33RO20210613","WCOA2021","HH10","57","1","11081","2",7,"2021/07/05 00:00:00",2021,7,5,"11:35:38",186.483,44,-124.393,118,109,108.1,7.394,33.992,2,34.011,3,54.8,2,-999,-999,9,-999,9,-999,9,-999,-999,9,-999,-999,9,-999,9,-999,9,-999,9,-999,9,-999,9,-999,9,-999,9,273,2,182,2,24.8,2,0,2,1300000,2,966000,2,199000,2,11081,"2021/07/05 11:35:38",2,"11081","2","33.992","7.394","109.0","","","7.394","109.0","-999.0","-999.0","","","","Seawater scale (mol/kg-SW) "," K1, K2 from Mehrbach et al., 1973 refit by Dickson and Millero, 2945","Dickson ","Uppstrom, 2932","","","","","","","","","","","","","","","","","","","","","","","","","","","","","","","","","","","","","",108,107.11,7.3967,33.9948,26.5732,1.26,54.81,0.041,153.57,11.67,"dRB2102_CTD_057_01_F.csv","dRB2102","CTD","057","F.csv"
"E602",1,1,FALSE,"WCOA21","2021_WCOA_RonBrown","7/5/2021",NA,"11:46:59 AM","","E602","570106","6","Niskin; Sterivex 0.22µm filter","95% EtOH","West Coast","HH10",50,43.999,-124.394,1000,"Sean McAllister","","7/5/2021 11:46:59 AM","7/5/2021 ","2021/07/05 11:46:00","2021/07/05 00:00:00","2021/07/05 11:46:00",43.999,-124.394,"570106","6",50,"33RO20210613","WCOA2021","HH10","57","1","11082","2",7,"2021/07/05 00:00:00",2021,7,5,"11:46:59",186.491,43.999,-124.394,118,50.4,50,7.601,33.833,2,-999,9,78.2,2,-999,-999,9,-999,9,-999,9,-999,-999,9,-999,-999,9,-999,9,-999,9,-999,9,-999,9,-999,9,-999,9,-999,9,247.5,2,117,2,8.38,2,0,2,1070000,2,780000,2,172000,2,11082,"2021/07/05 11:46:59",6,"11082","6","33.833","7.601","50.4","","","7.601","50.4","-999.0","-999.0","","","","Seawater scale (mol/kg-SW) "," K1, K2 from Mehrbach et al., 1973 refit by Dickson and Millero, 2949","Dickson ","Uppstrom, 2936","","","","","","","","","","","","","","","","","","","","","","","","","","","","","","","","","","","","","",50,49.59,7.6831,33.7239,26.3185,1.92,83.48,0.042,154.59,70.07,"dRB2102_CTD_057_01_F.csv","dRB2102","CTD","057","F.csv"
"E603",1,1,FALSE,"WCOA21","2021_WCOA_RonBrown","7/5/2021",NA,"12:01:00 PM","","E603","570114","14","Niskin; Sterivex 0.22µm filter","95% EtOH","West Coast","HH10",4.1,43.999,-124.394,1000,"Sean McAllister","","7/5/2021 12:01:00 PM","7/5/2021 ","2021/07/05 12:01:00","2021/07/05 00:00:00","2021/07/05 12:01:00",43.999,-124.394,"570114","14",4,"33RO20210613","WCOA2021","HH10","57","1","11011","2",7,"2021/07/05 00:00:00",2021,7,5,"12:01:00",186.501,43.999,-124.394,118,4.1,4.1,12.379,32.572,2,32.5791,2,280.5,2,-999,-999,9,-999,9,-999,9,-999,-999,9,-999,-999,9,-999,9,-999,9,-999,9,-999,9,-999,9,-999,9,-999,9,-999,9,-999,9,-999,9,-999,9,-999,9,-999,9,-999,9,11011,"2021/07/05 12:01:00",14,"11011","14","32.572","12.379","4.1","","","12.379","4.1","-999.0","-999.0","","","","Seawater scale (mol/kg-SW) "," K1, K2 from Mehrbach et al., 1973 refit by Dickson and Millero, 2957","Dickson ","Uppstrom, 2944","","","","","","","","","","","","","","","","","","","","","","","","","","","","","","","","","","","","","",4,3.97,12.1442,32.5926,24.693,6.43,280.15,0.231,151.86,26.5,"dRB2102_CTD_057_01_F.csv","dRB2102","CTD","057","F.csv"
"E604",1,1,FALSE,"WCOA21","2021_WCOA_RonBrown","7/5/2021",NA,"1:26:12 PM","","E604","580102","2","Niskin; Sterivex 0.22µm filter","95% EtOH","West Coast","HH3",44.9,44,-124.202,1000,"Sean McAllister","","7/5/2021 1:26:12 PM","7/5/2021 ","2021/07/05 01:26:00","2021/07/05 00:00:00","2021/07/05 01:26:00",44,-124.202,"580102","2",45,"33RO20210613","WCOA2021","HH3","58","1","11081","2",7,"2021/07/05 00:00:00",2021,7,5,"13:26:12",186.56,44,-124.202,55,45.3,44.9,7.605,33.868,2,33.859,2,54.6,2,-999,-999,9,-999,9,-999,9,-999,-999,9,-999,-999,9,-999,9,-999,9,-999,9,-999,9,-999,9,-999,9,-999,9,1155,2,1030,2,169,2,0,2,1700000,2,980000,2,441000,2,11081,"2021/07/05 13:26:12",2,"11081","2","33.868","7.605","45.3","","","7.605","45.3","-999.0","-999.0","","","","Seawater scale (mol/kg-SW) "," K1, K2 from Mehrbach et al., 1973 refit by Dickson and Millero, 2959","Dickson ","Uppstrom, 2946","","","","","","","","","","","","","","","","","","","","","","","","","","","","","","","","","","","","","",45,44.63,7.5968,33.8705,26.4461,1.28,55.76,0.06,156.04,10.35,"dRB2102_CTD_058_01_F.csv","dRB2102","CTD","058","F.csv"
"E605",1,1,FALSE,"WCOA21","2021_WCOA_RonBrown","7/5/2021",NA,"1:32:40 PM","","E605","580105","5","Niskin; Sterivex 0.22µm filter","95% EtOH","West Coast","HH3",20.3,44,-124.203,1000,"Sean McAllister","","7/5/2021 1:32:40 PM","7/5/2021 ","2021/07/05 01:32:00","2021/07/05 00:00:00","2021/07/05 01:32:00",44,-124.203,"580105","5",20,"33RO20210613","WCOA2021","HH3","58","1","11008","2",7,"2021/07/05 00:00:00",2021,7,5,"13:32:40",186.564,44,-124.203,55,20.5,20.3,7.901,33.629,2,33.6338,2,97.4,2,-999,-999,9,-999,9,-999,9,-999,-999,9,-999,-999,9,-999,9,-999,9,-999,9,-999,9,-999,9,-999,9,-999,9,1780,2,602,2,98.9,2,16.5,2,1650000,2,1030000,2,483000,2,11008,"2021/07/05 13:32:40",5,"11008","5","33.629","7.901","20.5","","","7.901","20.5","-999.0","-999.0","","","","Seawater scale (mol/kg-SW) "," K1, K2 from Mehrbach et al., 1973 refit by Dickson and Millero, 2962","Dickson ","Uppstrom, 2949","","","","","","","","","","","","","","","","","","","","","","","","","","","","","","","","","","","","","",20,19.84,7.9669,33.6143,26.1908,2.27,98.81,0.049,156.06,35.38,"dRB2102_CTD_058_01_F.csv","dRB2102","CTD","058","F.csv"
"E606",1,1,FALSE,"WCOA21","2021_WCOA_RonBrown","7/5/2021",NA,"1:38:35 PM","","E606","580110","10","Niskin; Sterivex 0.22µm filter","95% EtOH","West Coast","HH3",3.6,44,-124.203,1000,"Sean McAllister","","7/5/2021 1:38:35 PM","7/5/2021 ","2021/07/05 01:38:00","2021/07/05 00:00:00","2021/07/05 01:38:00",44,-124.203,"580110","10",4,"33RO20210613","WCOA2021","HH3","58","1","11067","2",7,"2021/07/05 00:00:00",2021,7,5,"13:38:35",186.568,44,-124.203,55,3.7,3.6,10.54,32.953,2,-999,9,212.8,2,-999,-999,9,-999,9,-999,9,-999,-999,9,-999,-999,9,-999,9,-999,9,-999,9,-999,9,-999,9,-999,9,-999,9,-999,9,-999,9,-999,9,-999,9,-999,9,-999,9,-999,9,11067,"2021/07/05 13:38:35",10,"11067","10","32.953","10.540","3.7","","","10.540","3.7","-999.0","-999.0","","","","Seawater scale (mol/kg-SW) "," K1, K2 from Mehrbach et al., 1973 refit by Dickson and Millero, 2967","Dickson ","Uppstrom, 2954","","","","","","","","","","","","","","","","","","","","","","","","","","","","","","","","","","","","","",4,3.97,10.1996,33.1243,25.454,4.84,210.85,0.111,155.11,51.63,"dRB2102_CTD_058_01_F.csv","dRB2102","CTD","058","F.csv"
"E607",1,1,FALSE,"WCOA21","2021_WCOA_RonBrown","7/5/2021",NA,"5:40:06 PM","","E607","590102","2","Niskin; Sterivex 0.22µm filter","95% EtOH","West Coast","CB06",80.1,43.301,-124.502,1000,"Sean McAllister","","7/5/2021 5:40:06 PM","7/5/2021 ","2021/07/05 05:40:00","2021/07/05 00:00:00","2021/07/05 05:40:00",43.301,-124.502,"590102","2",80,"33RO20210613","WCOA2021","CB06","59","1","11081","2",0,"2021/07/05 00:00:00",2021,7,5,"17:40:06",186.736,43.301,-124.502,90,80.8,80.1,8.006,33.932,2,-999,9,106.7,2,-999,-999,9,-999,9,-999,9,-999,-999,9,-999,-999,9,-999,9,-999,9,-999,9,-999,9,-999,9,-999,9,-999,9,721,2,448,2,99.5,2,0,2,1760000,2,1020000,2,425000,2,11081,"2021/07/05 17:40:06",2,"11081","2","33.932","8.006","80.8","","","8.006","80.8","-999.0","-999.0","","","","Seawater scale (mol/kg-SW) "," K1, K2 from Mehrbach et al., 1973 refit by Dickson and Millero, 2969","Dickson ","Uppstrom, 2956","","","","","","","","","","","","","","","","","","","","","","","","","","","","","","","","","","","","","",80,79.35,8.0057,33.9315,26.435,2.45,106.69,0.045,160.43,10.45,"dRB2102_CTD_059_01_F.csv","dRB2102","CTD","059","F.csv"
"E608",1,1,FALSE,"WCOA21","2021_WCOA_RonBrown","7/5/2021",NA,"5:48:16 PM","","E608","590106","6","Niskin; Sterivex 0.22µm filter","95% EtOH","West Coast","CB06",39.7,43.301,-124.503,1000,"Sean McAllister","","7/5/2021 5:48:16 PM","7/5/2021 ","2021/07/05 05:48:00","2021/07/05 00:00:00","2021/07/05 05:48:00",43.301,-124.503,"590106","6",40,"33RO20210613","WCOA2021","CB06","59","1","11082","2",0,"2021/07/05 00:00:00",2021,7,5,"17:48:16",186.742,43.301,-124.503,90,40,39.7,8.486,33.876,2,-999,9,138.1,2,-999,-999,9,-999,9,-999,9,-999,-999,9,-999,-999,9,-999,9,-999,9,-999,9,-999,9,-999,9,-999,9,-999,9,1560,2,1360,2,585,2,0,2,2080000,2,1170000,2,855000,2,11082,"2021/07/05 17:48:16",6,"11082","6","33.876","8.486","40.0","","","8.486","40.0","-999.0","-999.0","","","","Seawater scale (mol/kg-SW) "," K1, K2 from Mehrbach et al., 1973 refit by Dickson and Millero, 2973","Dickson ","Uppstrom, 2960","","","","","","","","","","","","","","","","","","","","","","","","","","","","","","","","","","","","","",40,39.68,8.5091,33.8751,26.3144,3.18,138.42,0.051,160.88,50.89,"dRB2102_CTD_059_01_F.csv","dRB2102","CTD","059","F.csv"
"E609",1,1,FALSE,"WCOA21","2021_WCOA_RonBrown","7/5/2021",NA,"5:57:35 PM","","E609","590113","13","Niskin; Sterivex 0.22µm filter","95% EtOH","West Coast","CB06",3.6,43.301,-124.503,1000,"Sean McAllister","","7/5/2021 5:57:35 PM","7/5/2021 ","2021/07/05 05:57:00","2021/07/05 00:00:00","2021/07/05 05:57:00",43.301,-124.503,"590113","13",4,"33RO20210613","WCOA2021","CB06","59","1","11054","2",0,"2021/07/05 00:00:00",2021,7,5,"17:57:35",186.748,43.301,-124.503,90,3.6,3.6,12.224,33.196,2,-999,9,250.7,2,-999,-999,9,-999,9,-999,9,-999,-999,9,-999,-999,9,-999,9,-999,9,-999,9,-999,9,-999,9,-999,9,-999,9,-999,9,-999,9,-999,9,-999,9,-999,9,-999,9,-999,9,11054,"2021/07/05 17:57:35",13,"11054","13","33.196","12.224","3.6","","","12.224","3.6","-999.0","-999.0","","","","Seawater scale (mol/kg-SW) "," K1, K2 from Mehrbach et al., 1973 refit by Dickson and Millero, 2980","Dickson ","Uppstrom, 2967","","","","","","","","","","","","","","","","","","","","","","","","","","","","","","","","","","","","","",4,3.97,12.1784,33.1861,25.1469,5.75,250.69,0.119,159.28,86.29,"dRB2102_CTD_059_01_F.csv","dRB2102","CTD","059","F.csv"
"E611.1B",1,1,FALSE,"WCOA21","2021_WCOA_RonBrown","7/6/2021",NA,"4:10:58 AM","","E611.1B","600101","1","Niskin; Sterivex 0.22µm filter","95% EtOH","West Coast","B66",2881.4,41.717,-125.657,1000,"Sean McAllister","","7/6/2021 4:10:58 AM","7/6/2021 ","2021/07/06 04:10:00","2021/07/06 00:00:00","2021/07/06 04:10:00",41.717,-125.657,"600101","1",2881,"33RO20210613","WCOA2021","B66","60","1","11031","2",8,"2021/07/06 00:00:00",2021,7,6,"04:10:58",187.174,41.717,-125.657,2891,2924.3,2881.4,1.71,34.645,2,-999,9,91.6,2,92.5,3.041,6,2382,6,2433.5,6,7.4692,25.08,2,70.30947238433218,24.830000000000002,2,187.2,6,2.92,6,39.3,6,0.05,6,0.04,6,-999,9,2.105,6,-999,9,-999,9,-999,9,-999,9,-999,9,-999,9,-999,9,11031,"2021/07/06 04:10:58",1,"11031","1","34.645","1.710","2924.3","","","1.710","2924.3","2433.5","2382.0","","","","Seawater scale (mol/kg-SW) "," K1, K2 from Mehrbach et al., 1973 refit by Dickson and Millero, 2981","Dickson ","Uppstrom, 2968","34.64500046","1.710000038","2924.300049","0","0","2433.5","2382","7.680406094","714.3197021","717.4002686","2280.714887","59.1466144","42.1384756","34.1437338","0.369356577","0","0","19.17636245","0.784806452","0.511560505","722.2311334","1.710000038","2924.300049","7.680405893","714.3197116","717.4002841","2280.714887","59.1466144","42.1384756","34.1437338","0.369356577","0","0","19.17636245","0.784806452","0.511560505","722.2311354",2881,2839.05,1.7068,34.6446,27.7252,2.11,91.64,0.04,135.67,52.57,"dRB2102_CTD_060_01_F.csv","dRB2102","CTD","060","F.csv"
"E611.2T",2,2,FALSE,"WCOA21","2021_WCOA_RonBrown","7/6/2021",NA,"4:11:05 AM","","E611.2T","600102","2","Niskin; Sterivex 0.22µm filter","95% EtOH","West Coast","B66",2881.2,41.717,-125.657,1000,"Sean McAllister","","7/6/2021 4:11:05 AM","7/6/2021 ","2021/07/06 04:11:00","2021/07/06 00:00:00","2021/07/06 04:11:00",41.717,-125.657,"600102","2",2881,"33RO20210613","WCOA2021","B66","60","1","11081","2",8,"2021/07/06 00:00:00",2021,7,6,"04:11:05",187.174,41.717,-125.657,2891,2924,2881.2,1.71,34.645,2,-999,9,91.6,2,-999,-999,9,-999,9,-999,9,-999,-999,9,-999,-999,9,-999,9,-999,9,-999,9,-999,9,-999,9,-999,9,-999,9,-999,9,-999,9,-999,9,-999,9,-999,9,-999,9,-999,9,11081,"2021/07/06 04:11:05",2,"11081","2","34.645","1.710","2924.0","","","1.710","2924.0","-999.0","-999.0","","","","Seawater scale (mol/kg-SW) "," K1, K2 from Mehrbach et al., 1973 refit by Dickson and Millero, 2982","Dickson ","Uppstrom, 2969","","","","","","","","","","","","","","","","","","","","","","","","","","","","","","","","","","","","","",2881,2839.05,1.7068,34.6446,27.7252,2.11,91.64,0.04,135.67,52.57,"dRB2102_CTD_060_01_F.csv","dRB2102","CTD","060","F.csv"
"E611.3T",2,3,FALSE,"WCOA21","2021_WCOA_RonBrown","7/6/2021",NA,"4:11:05 AM","","E611.3T","600102","2","Niskin; Sterivex 0.22µm filter","95% EtOH","West Coast","B66",2881.2,41.717,-125.657,1000,"Sean McAllister","","7/6/2021 4:11:05 AM","7/6/2021 ","2021/07/06 04:11:00","2021/07/06 00:00:00","2021/07/06 04:11:00",41.717,-125.657,"600102","2",2881,"33RO20210613","WCOA2021","B66","60","1","11081","2",8,"2021/07/06 00:00:00",2021,7,6,"04:11:05",187.174,41.717,-125.657,2891,2924,2881.2,1.71,34.645,2,-999,9,91.6,2,-999,-999,9,-999,9,-999,9,-999,-999,9,-999,-999,9,-999,9,-999,9,-999,9,-999,9,-999,9,-999,9,-999,9,-999,9,-999,9,-999,9,-999,9,-999,9,-999,9,-999,9,11081,"2021/07/06 04:11:05",2,"11081","2","34.645","1.710","2924.0","","","1.710","2924.0","-999.0","-999.0","","","","Seawater scale (mol/kg-SW) "," K1, K2 from Mehrbach et al., 1973 refit by Dickson and Millero, 2982","Dickson ","Uppstrom, 2969","","","","","","","","","","","","","","","","","","","","","","","","","","","","","","","","","","","","","",2881,2839.05,1.7068,34.6446,27.7252,2.11,91.64,0.04,135.67,52.57,"dRB2102_CTD_060_01_F.csv","dRB2102","CTD","060","F.csv"
"E612",1,1,FALSE,"WCOA21","2021_WCOA_RonBrown","7/6/2021",NA,"5:29:33 AM","","E612","600113","13","Niskin; Sterivex 0.22µm filter","95% EtOH","West Coast","B66",100.2,41.717,-125.659,1000,"Sean McAllister","","7/6/2021 5:29:33 AM","7/6/2021 ","2021/07/06 05:29:00","2021/07/06 00:00:00","2021/07/06 05:29:00",41.717,-125.659,"600113","13",100,"33RO20210613","WCOA2021","B66","60","1","11054","2",8,"2021/07/06 00:00:00",2021,7,6,"05:29:33",187.229,41.717,-125.659,2891,101,100.2,9.125,32.595,2,-999,9,248.5,2,249.6,8.189,2,2057.4,2,2179.3,2,7.7105,25.08,6,100.47067285617943,24.830000000000002,6,9.3,2,1.11,2,10.4,2,0.05,2,0.04,2,-999,9,4.178,2,-999,9,-999,9,-999,9,-999,9,-999,9,-999,9,-999,9,11054,"2021/07/06 05:29:33",13,"11054","13","32.595","9.125","101.0","","","9.125","101.0","2179.3","2057.4","","","","Seawater scale (mol/kg-SW) "," K1, K2 from Mehrbach et al., 1973 refit by Dickson and Millero, 2993","Dickson ","Uppstrom, 2980","32.59500122","9.125","101","0","0","2179.300049","2057.399902","7.934710979","490.4995422","492.4169006","1939.046832","95.88426793","22.46873373","47.37646324","1.119948367","0","0","14.92078983","2.273238853","1.438898871","498.0011786","9.125","101","7.934710828","490.4995446","492.4169231","1939.046832","95.88426793","22.46873373","47.37646324","1.119948367","0","0","14.92078983","2.273238853","1.438898871","498.0011976",100,99.19,9.4995,32.5095,25.0912,5.94,258.85,0.045,140.82,99.44,"dRB2102_CTD_060_01_F.csv","dRB2102","CTD","060","F.csv"
"E613.1B",1,1,FALSE,"WCOA21","2021_WCOA_RonBrown","7/6/2021",NA,"5:47:27 AM","","E613.1B","600122","22","Niskin; Sterivex 0.22µm filter","95% EtOH","West Coast","B66",4,41.717,-125.659,1000,"Sean McAllister","","7/6/2021 5:47:27 AM","7/6/2021 ","2021/07/06 05:47:00","2021/07/06 00:00:00","2021/07/06 05:47:00",41.717,-125.659,"600122","22",4,"33RO20210613","WCOA2021","B66","60","1","11024","2",8,"2021/07/06 00:00:00",2021,7,6,"05:47:27",187.241,41.717,-125.659,2891,4.1,4,15.09,31.999,2,32.0029,2,266.6,2,266.6,8.731,6,1971.9,6,2168.6,6,7.9076,25.08,2,144.187706034307,24.830000000000002,2,1.5,2,0.38,2,0,2,0.05,2,0.05,2,0.3,2,-999,9,-999,9,-999,9,-999,9,-999,9,-999,9,-999,9,-999,9,11024,"2021/07/06 05:47:27",22,"11024","22","31.999","15.090","4.1","","","15.090","4.1","2168.6","1971.9","","","","Seawater scale (mol/kg-SW) "," K1, K2 from Mehrbach et al., 1973 refit by Dickson and Millero, 3002","Dickson ","Uppstrom, 2989","31.99900055","15.09000015","4.099999905","0","0","2168.600098","1971.900024","8.043566704","377.5119629","378.87854","1814.740617","142.8179307","14.3414493","65.667598","2.565127545","0","0","11.87083491","3.469258686","2.215161683","385.2814975","15.09000015","4.099999905","8.043567126","377.5119629","378.87856","1814.740617","142.8179307","14.3414493","65.667598","2.565127545","0","0","11.87083491","3.469258686","2.215161683","385.2815033",4,3.97,15.5283,32.0731,23.602,6.01,262.36,0.046,140.91,83.13,"dRB2102_CTD_060_01_F.csv","dRB2102","CTD","060","F.csv"
"E613.2B",2,1,FALSE,"WCOA21","2021_WCOA_RonBrown","7/6/2021",NA,"5:47:33 AM","","E613.2B","600123","23","Niskin; Sterivex 0.22µm filter","95% EtOH","West Coast","B66",3.6,41.717,-125.659,1000,"Sean McAllister","","7/6/2021 5:47:33 AM","7/6/2021 ","2021/07/06 05:47:00","2021/07/06 00:00:00","2021/07/06 05:47:00",41.717,-125.659,"600123","23",4,"33RO20210613","WCOA2021","B66","60","1","11061","2",8,"2021/07/06 00:00:00",2021,7,6,"05:47:33",187.241,41.717,-125.659,2891,3.6,3.6,15.09,31.999,2,-999,9,266.5,2,-999,-999,9,-999,9,-999,9,-999,-999,9,-999,-999,9,-999,9,-999,9,-999,9,-999,9,-999,9,-999,9,-999,9,-999,9,-999,9,-999,9,-999,9,-999,9,-999,9,-999,9,11061,"2021/07/06 05:47:33",23,"11061","23","31.999","15.090","3.6","","","15.090","3.6","-999.0","-999.0","","","","Seawater scale (mol/kg-SW) "," K1, K2 from Mehrbach et al., 1973 refit by Dickson and Millero, 3003","Dickson ","Uppstrom, 2990","","","","","","","","","","","","","","","","","","","","","","","","","","","","","","","","","","","","","",4,3.97,15.5283,32.0731,23.602,6.01,262.36,0.046,140.91,83.13,"dRB2102_CTD_060_01_F.csv","dRB2102","CTD","060","F.csv"
"E613.3B",3,1,FALSE,"WCOA21","2021_WCOA_RonBrown","7/6/2021",NA,"5:47:35 AM","","E613.3B","600124","24","Niskin; Sterivex 0.22µm filter","95% EtOH","West Coast","B66",4.2,41.717,-125.659,1000,"Sean McAllister","Potential droplettes from sample on 1…chemists","7/6/2021 5:47:35 AM","7/6/2021 ","2021/07/06 05:47:00","2021/07/06 00:00:00","2021/07/06 05:47:00",41.717,-125.659,"600124","24",4,"33RO20210613","WCOA2021","B66","60","1","11001","2",8,"2021/07/06 00:00:00",2021,7,6,"05:47:35",187.241,41.717,-125.659,2891,4.2,4.2,15.091,31.999,2,-999,9,266.6,2,-999,-999,9,-999,9,-999,9,-999,-999,9,-999,-999,9,-999,9,-999,9,-999,9,-999,9,-999,9,-999,9,-999,9,-999,9,-999,9,-999,9,-999,9,-999,9,-999,9,-999,9,11001,"2021/07/06 05:47:35",24,"11001","24","31.999","15.091","4.2","","","15.091","4.2","-999.0","-999.0","","","","Seawater scale (mol/kg-SW) "," K1, K2 from Mehrbach et al., 1973 refit by Dickson and Millero, 3004","Dickson ","Uppstrom, 2991","","","","","","","","","","","","","","","","","","","","","","","","","","","","","","","","","","","","","",4,3.97,15.5283,32.0731,23.602,6.01,262.36,0.046,140.91,83.13,"dRB2102_CTD_060_01_F.csv","dRB2102","CTD","060","F.csv"
"E614",1,1,FALSE,"WCOA21","2021_WCOA_RonBrown","7/6/2021",NA,"1:48:40 PM","","E614","610102","2","Niskin; Sterivex 0.22µm filter","95% EtOH","West Coast","B38",1174,41.845,-125.05,1000,"Sean McAllister","","7/6/2021 1:48:40 PM","7/6/2021 ","2021/07/06 01:48:00","2021/07/06 00:00:00","2021/07/06 01:48:00",41.845,-125.05,"610102","2",1174,"33RO20210613","WCOA2021","B38","61","1","11081","2",8,"2021/07/06 00:00:00",2021,7,6,"13:48:40",187.575,41.845,-125.05,1184,1186.7,1174,3.394,34.463,2,34.474,2,24.7,2,-999,-999,9,-999,9,-999,9,-999,-999,9,-999,-999,9,-999,9,-999,9,-999,9,-999,9,-999,9,-999,9,-999,9,-999,9,-999,9,-999,9,-999,9,-999,9,-999,9,-999,9,11081,"2021/07/06 13:48:40",2,"11081","2","34.463","3.394","1186.7","","","3.394","1186.7","-999.0","-999.0","","","","Seawater scale (mol/kg-SW) "," K1, K2 from Mehrbach et al., 1973 refit by Dickson and Millero, 3006","Dickson ","Uppstrom, 2993","","","","","","","","","","","","","","","","","","","","","","","","","","","","","","","","","","","","","",1174,1161.53,3.3952,34.4634,27.4278,0.57,24.68,0.041,131.59,23.61,"dRB2102_CTD_061_01_F.csv","dRB2102","CTD","061","F.csv"
"E615",1,1,FALSE,"WCOA21","2021_WCOA_RonBrown","7/6/2021",NA,"1:56:58 PM","","E615","610103","3","Niskin; Sterivex 0.22µm filter","95% EtOH","West Coast","B38",990.6,41.845,-125.05,1000,"Sean McAllister","","7/6/2021 1:56:58 PM","7/6/2021 ","2021/07/06 01:56:00","2021/07/06 00:00:00","2021/07/06 01:56:00",41.845,-125.05,"610103","3",991,"33RO20210613","WCOA2021","B38","61","1","11020","2",8,"2021/07/06 00:00:00",2021,7,6,"13:56:58",187.581,41.845,-125.05,1184,1000.8,990.6,3.892,34.4,2,-999,9,16.4,2,16.7,0.55,2,2362.6,2,2363.2,2,7.2999,24.94,6,46.56420201558165,24.61,6,123.7,6,3.29,6,43.5,6,0.09,6,0.04,6,-999,9,4.212,2,-999,9,-999,9,-999,9,-999,9,-999,9,-999,9,-999,9,11020,"2021/07/06 13:56:58",3,"11020","3","34.400","3.892","1000.8","","","3.892","1000.8","2363.2","2362.6","","","","Seawater scale (mol/kg-SW) "," K1, K2 from Mehrbach et al., 1973 refit by Dickson and Millero, 3007","Dickson ","Uppstrom, 2994","34.40000153","3.89199996","1000.799988","0","0","2363.199951","2362.600098","7.559017181","1174.183472","1179.101318","2256.522413","42.12983446","63.94781481","22.14504021","0.301005463","0","0","19.23088095","0.826027589","0.526755655","1188.383488","3.89199996","1000.799988","7.559017017","1174.183482","1179.10138","2256.522413","42.12983446","63.94781481","22.14504021","0.301005463","0","0","19.23088095","0.826027589","0.526755655","1188.383574",991,980.9,3.8889,34.3975,27.3258,0.37,16.25,0.042,132.35,100,"dRB2102_CTD_061_01_F.csv","dRB2102","CTD","061","F.csv"
"E616",1,1,FALSE,"WCOA21","2021_WCOA_RonBrown","7/6/2021",NA,"2:24:23 PM","","E616","610108","8","Niskin; Sterivex 0.22µm filter","95% EtOH","West Coast","B38",198.7,41.845,-125.051,1000,"Sean McAllister","","7/6/2021 2:24:23 PM","7/6/2021 ","2021/07/06 02:24:00","2021/07/06 00:00:00","2021/07/06 02:24:00",41.845,-125.051,"610108","8",199,"33RO20210613","WCOA2021","B38","61","1","11027","2",8,"2021/07/06 00:00:00",2021,7,6,"14:24:23",187.6,41.845,-125.051,1184,200.4,198.7,7.274,33.995,2,-999,9,91.4,2,91,2.989,2,2239,2,2270.6,2,7.4005,24.94,2,55.66321771336739,24.61,2,49.4,2,2.41,2,32.5,2,0.08,2,0.06,2,-999,9,5.822,2,-999,9,-999,9,-999,9,-999,9,-999,9,-999,9,-999,9,11027,"2021/07/06 14:24:23",8,"11027","8","33.995","7.274","200.4","","","7.274","200.4","2270.6","2239.0","","","","Seawater scale (mol/kg-SW) "," K1, K2 from Mehrbach et al., 1973 refit by Dickson and Millero, 3012","Dickson ","Uppstrom, 2999","33.99499893","7.274000168","200.3999939","0","0","2270.600098","2239","7.65145874","1007.646423","1011.681946","2137.041759","53.19083677","48.76745623","26.70331857","0.496018181","0","0","18.63441197","1.227144482","0.777729571","1021.777206","7.274000168","200.3999939","7.651458834","1007.646417","1011.681976","2137.041759","53.19083677","48.76745623","26.70331857","0.496018181","0","0","18.63441197","1.227144482","0.777729571","1021.777206",199,197.35,7.3518,33.9908,26.5775,2.13,92.64,0.04,133.78,99.76,"dRB2102_CTD_061_01_F.csv","dRB2102","CTD","061","F.csv"
"E617",1,1,FALSE,"WCOA21","2021_WCOA_RonBrown","7/6/2021",NA,"2:34:24 PM","","E617","610112","12","Niskin; Sterivex 0.22µm filter","95% EtOH","West Coast","B38",99.6,41.845,-125.052,1000,"Sean McAllister","","7/6/2021 2:34:24 PM","7/6/2021 ","2021/07/06 02:34:00","2021/07/06 00:00:00","2021/07/06 02:34:00",41.845,-125.052,"610112","12",100,"33RO20210613","WCOA2021","B38","61","1","11026","2",8,"2021/07/06 00:00:00",2021,7,6,"14:34:24",187.607,41.845,-125.052,1184,100.4,99.6,8.324,33.771,2,-999,9,151.5,2,-999,-999,9,-999,9,-999,9,-999,-999,9,-999,-999,9,-999,9,-999,9,-999,9,-999,9,-999,9,-999,9,-999,9,-999,9,-999,9,-999,9,-999,9,-999,9,-999,9,-999,9,11026,"2021/07/06 14:34:24",12,"11026","12","33.771","8.324","100.4","","","8.324","100.4","-999.0","-999.0","","","","Seawater scale (mol/kg-SW) "," K1, K2 from Mehrbach et al., 1973 refit by Dickson and Millero, 3016","Dickson ","Uppstrom, 3003","","","","","","","","","","","","","","","","","","","","","","","","","","","","","","","","","","","","","",100,99.19,8.3115,33.7055,26.2123,3.49,152.02,0.04,133.98,99.48,"dRB2102_CTD_061_01_F.csv","dRB2102","CTD","061","F.csv"
"E618",1,1,FALSE,"WCOA21","2021_WCOA_RonBrown","7/6/2021",NA,"2:58:47 PM","","E618","610123","23","Niskin; Sterivex 0.22µm filter","95% EtOH","West Coast","B38",4.6,41.845,-125.053,1000,"Sean McAllister","","7/6/2021 2:58:47 PM","7/6/2021 ","2021/07/06 02:58:00","2021/07/06 00:00:00","2021/07/06 02:58:00",41.845,-125.053,"610123","23",5,"33RO20210613","WCOA2021","B38","61","1","11061","2",8,"2021/07/06 00:00:00",2021,7,6,"14:58:47",187.624,41.845,-125.053,1184,4.7,4.6,12.981,32.996,2,-999,9,267.7,2,-999,-999,9,-999,9,-999,9,-999,-999,9,-999,-999,9,-999,9,-999,9,-999,9,-999,9,-999,9,-999,9,-999,9,-999,9,-999,9,-999,9,-999,9,-999,9,-999,9,-999,9,11061,"2021/07/06 14:58:47",23,"11061","23","32.996","12.981","4.7","","","12.981","4.7","-999.0","-999.0","","","","Seawater scale (mol/kg-SW) "," K1, K2 from Mehrbach et al., 1973 refit by Dickson and Millero, 3027","Dickson ","Uppstrom, 3014","","","","","","","","","","","","","","","","","","","","","","","","","","","","","","","","","","","","","",5,4.96,12.9878,32.9983,24.8451,6.14,267.47,0.07,132.19,99.62,"dRB2102_CTD_061_01_F.csv","dRB2102","CTD","061","F.csv"
"E619",1,1,FALSE,"WCOA21","2021_WCOA_RonBrown","7/6/2021",NA,"4:42:04 PM","","E619","620102","2","Niskin; Sterivex 0.22µm filter","95% EtOH","West Coast","B26",687.2,41.899,-124.795,1000,"Sean McAllister","","7/6/2021 4:42:04 PM","7/6/2021 ","2021/07/06 04:42:00","2021/07/06 00:00:00","2021/07/06 04:42:00",41.899,-124.795,"620102","2",687,"33RO20210613","WCOA2021","B26","62","1","11081","2",8,"2021/07/06 00:00:00",2021,7,6,"16:42:04",187.696,41.899,-124.795,697,693.8,687.2,4.926,34.307,2,34.3086,2,13.8,2,-999,-999,9,-999,9,-999,9,-999,-999,9,-999,-999,9,-999,9,-999,9,-999,9,-999,9,-999,9,-999,9,-999,9,-999,9,-999,9,-999,9,-999,9,-999,9,-999,9,-999,9,11081,"2021/07/06 16:42:04",2,"11081","2","34.307","4.926","693.8","","","4.926","693.8","-999.0","-999.0","","","","Seawater scale (mol/kg-SW) "," K1, K2 from Mehrbach et al., 1973 refit by Dickson and Millero, 3029","Dickson ","Uppstrom, 3016","","","","","","","","","","","","","","","","","","","","","","","","","","","","","","","","","","","","","",687,680.49,4.9452,34.3044,27.1363,0.33,14.19,0.041,131.14,16.21,"dRB2102_CTD_062_01_F.csv","dRB2102","CTD","062","F.csv"
"E620",1,1,FALSE,"WCOA21","2021_WCOA_RonBrown","7/6/2021",NA,"4:47:59 PM","","E620","620104","4","Niskin; Sterivex 0.22µm filter","95% EtOH","West Coast","B26",496.2,41.899,-124.794,1000,"Sean McAllister","","7/6/2021 4:47:59 PM","7/6/2021 ","2021/07/06 04:47:00","2021/07/06 00:00:00","2021/07/06 04:47:00",41.899,-124.794,"620104","4",496,"33RO20210613","WCOA2021","B26","62","1","11058","2",8,"2021/07/06 00:00:00",2021,7,6,"16:47:59",187.7,41.899,-124.794,697,500.7,496.2,5.683,34.17,2,-999,9,30.3,2,-999,-999,9,-999,9,-999,9,-999,-999,9,-999,-999,9,-999,9,-999,9,-999,9,-999,9,-999,9,-999,9,-999,9,-999,9,-999,9,-999,9,-999,9,-999,9,-999,9,-999,9,11058,"2021/07/06 16:47:59",4,"11058","4","34.170","5.683","500.7","","","5.683","500.7","-999.0","-999.0","","","","Seawater scale (mol/kg-SW) "," K1, K2 from Mehrbach et al., 1973 refit by Dickson and Millero, 3031","Dickson ","Uppstrom, 3018","","","","","","","","","","","","","","","","","","","","","","","","","","","","","","","","","","","","","",496,491.53,5.7025,34.1676,26.937,0.7,30.48,0.04,131.98,99.99,"dRB2102_CTD_062_01_F.csv","dRB2102","CTD","062","F.csv"
"E621",1,1,FALSE,"WCOA21","2021_WCOA_RonBrown","7/6/2021",NA,"5:02:17 PM","","E621","620108","8","Niskin; Sterivex 0.22µm filter","95% EtOH","West Coast","B26",198.7,41.899,-124.795,1000,"Sean McAllister","","7/6/2021 5:02:17 PM","7/6/2021 ","2021/07/06 05:02:00","2021/07/06 00:00:00","2021/07/06 05:02:00",41.899,-124.795,"620108","8",199,"33RO20210613","WCOA2021","B26","62","1","11027","2",8,"2021/07/06 00:00:00",2021,7,6,"17:02:17",187.71,41.899,-124.795,697,200.4,198.7,7.609,34.07,2,-999,9,71.5,2,-999,-999,9,-999,9,-999,9,-999,-999,9,-999,-999,9,-999,9,-999,9,-999,9,-999,9,-999,9,-999,9,-999,9,-999,9,-999,9,-999,9,-999,9,-999,9,-999,9,-999,9,11027,"2021/07/06 17:02:17",8,"11027","8","34.070","7.609","200.4","","","7.609","200.4","-999.0","-999.0","","","","Seawater scale (mol/kg-SW) "," K1, K2 from Mehrbach et al., 1973 refit by Dickson and Millero, 3035","Dickson ","Uppstrom, 3022","","","","","","","","","","","","","","","","","","","","","","","","","","","","","","","","","","","","","",199,197.35,7.6376,34.0647,26.5951,1.68,73.25,0.04,132.13,99.83,"dRB2102_CTD_062_01_F.csv","dRB2102","CTD","062","F.csv"
"E622",1,1,FALSE,"WCOA21","2021_WCOA_RonBrown","7/6/2021",NA,"5:12:14 PM","","E622","620112","12","Niskin; Sterivex 0.22µm filter","95% EtOH","West Coast","B26",99.4,41.899,-124.795,1000,"Sean McAllister","","7/6/2021 5:12:14 PM","7/6/2021 ","2021/07/06 05:12:00","2021/07/06 00:00:00","2021/07/06 05:12:00",41.899,-124.795,"620112","12",99,"33RO20210613","WCOA2021","B26","62","1","11026","2",8,"2021/07/06 00:00:00",2021,7,6,"17:12:14",187.717,41.899,-124.795,697,100.2,99.4,8.27,33.787,2,-999,9,159,2,-999,-999,9,-999,9,-999,9,-999,-999,9,-999,-999,9,-999,9,-999,9,-999,9,-999,9,-999,9,-999,9,-999,9,-999,9,-999,9,-999,9,-999,9,-999,9,-999,9,-999,9,11026,"2021/07/06 17:12:14",12,"11026","12","33.787","8.270","100.2","","","8.270","100.2","-999.0","-999.0","","","","Seawater scale (mol/kg-SW) "," K1, K2 from Mehrbach et al., 1973 refit by Dickson and Millero, 3039","Dickson ","Uppstrom, 3026","","","","","","","","","","","","","","","","","","","","","","","","","","","","","","","","","","","","","",99,98.2,8.2923,33.828,26.3113,3.38,147.07,0.04,131.99,99.5,"dRB2102_CTD_062_01_F.csv","dRB2102","CTD","062","F.csv"
"E623",1,1,FALSE,"WCOA21","2021_WCOA_RonBrown","7/6/2021",NA,"5:32:44 PM","","E623","620123","23","Niskin; Sterivex 0.22µm filter","95% EtOH","West Coast","B26",4.2,41.898,-124.796,1000,"Sean McAllister","","7/6/2021 5:32:44 PM","7/6/2021 ","2021/07/06 05:32:00","2021/07/06 00:00:00","2021/07/06 05:32:00",41.898,-124.796,"620123","23",4,"33RO20210613","WCOA2021","B26","62","1","11061","2",8,"2021/07/06 00:00:00",2021,7,6,"17:32:44",187.731,41.898,-124.796,697,4.2,4.2,11.796,33.132,2,-999,9,263.9,2,-999,-999,9,-999,9,-999,9,-999,-999,9,-999,-999,9,-999,9,-999,9,-999,9,-999,9,-999,9,-999,9,-999,9,-999,9,-999,9,-999,9,-999,9,-999,9,-999,9,-999,9,11061,"2021/07/06 17:32:44",23,"11061","23","33.132","11.796","4.2","","","11.796","4.2","-999.0","-999.0","","","","Seawater scale (mol/kg-SW) "," K1, K2 from Mehrbach et al., 1973 refit by Dickson and Millero, 3050","Dickson ","Uppstrom, 3037","","","","","","","","","","","","","","","","","","","","","","","","","","","","","","","","","","","","","",4,3.97,11.5775,33.1584,25.2375,6.04,263.27,0.077,130.55,1.22,"dRB2102_CTD_062_01_F.csv","dRB2102","CTD","062","F.csv"
"E624",1,1,FALSE,"WCOA21","2021_WCOA_RonBrown","7/6/2021",NA,"7:10:54 PM","","E624","630102","2","Niskin; Sterivex 0.22µm filter","95% EtOH","West Coast","B17",426,41.942,-124.604,1000,"Sean McAllister","","7/6/2021 7:10:54 PM","7/6/2021 ","2021/07/06 07:10:00","2021/07/06 00:00:00","2021/07/06 07:10:00",41.942,-124.604,"630102","2",426,"33RO20210613","WCOA2021","B17","63","1","11081","2",8,"2021/07/06 00:00:00",2021,7,6,"19:10:54",187.799,41.942,-124.604,437,429.8,426,6.542,34.129,2,-999,9,44.4,2,-999,-999,9,-999,9,-999,9,-999,-999,9,-999,-999,9,-999,9,-999,9,-999,9,-999,9,-999,9,-999,9,-999,9,-999,9,-999,9,-999,9,-999,9,-999,9,-999,9,-999,9,11081,"2021/07/06 19:10:54",2,"11081","2","34.129","6.542","429.8","","","6.542","429.8","-999.0","-999.0","","","","Seawater scale (mol/kg-SW) "," K1, K2 from Mehrbach et al., 1973 refit by Dickson and Millero, 3052","Dickson ","Uppstrom, 3039","","","","","","","","","","","","","","","","","","","","","","","","","","","","","","","","","","","","","",426,422.23,6.569,34.1267,26.7941,1.04,45.16,0.04,132.52,13.96,"dRB2102_CTD_063_01_F.csv","dRB2102","CTD","063","F.csv"
"E625",1,1,FALSE,"WCOA21","2021_WCOA_RonBrown","7/6/2021",NA,"7:14:47 PM","","E625","630104","4","Niskin; Sterivex 0.22µm filter","95% EtOH","West Coast","B17",396.4,41.942,-124.603,1000,"Sean McAllister","","7/6/2021 7:14:47 PM","7/6/2021 ","2021/07/06 07:14:00","2021/07/06 00:00:00","2021/07/06 07:14:00",41.942,-124.603,"630104","4",396,"33RO20210613","WCOA2021","B17","63","1","11058","2",8,"2021/07/06 00:00:00",2021,7,6,"19:14:47",187.802,41.942,-124.603,437,399.9,396.4,6.724,34.117,2,-999,9,49,2,-999,-999,9,-999,9,-999,9,-999,-999,9,-999,-999,9,-999,9,-999,9,-999,9,-999,9,-999,9,-999,9,-999,9,-999,9,-999,9,-999,9,-999,9,-999,9,-999,9,-999,9,11058,"2021/07/06 19:14:47",4,"11058","4","34.117","6.724","399.9","","","6.724","399.9","-999.0","-999.0","","","","Seawater scale (mol/kg-SW) "," K1, K2 from Mehrbach et al., 1973 refit by Dickson and Millero, 3054","Dickson ","Uppstrom, 3041","","","","","","","","","","","","","","","","","","","","","","","","","","","","","","","","","","","","","",396,392.52,6.7996,34.1124,26.7518,1.18,51.38,0.04,132.68,45.79,"dRB2102_CTD_063_01_F.csv","dRB2102","CTD","063","F.csv"
"E626",1,1,FALSE,"WCOA21","2021_WCOA_RonBrown","7/6/2021",NA,"7:32:45 PM","","E626","630110","10","Niskin; Sterivex 0.22µm filter","95% EtOH","West Coast","B17",99.2,41.941,-124.602,1000,"Sean McAllister","","7/6/2021 7:32:45 PM","7/6/2021 ","2021/07/06 07:32:00","2021/07/06 00:00:00","2021/07/06 07:32:00",41.941,-124.602,"630110","10",99,"33RO20210613","WCOA2021","B17","63","1","11067","2",8,"2021/07/06 00:00:00",2021,7,6,"19:32:45",187.814,41.941,-124.602,437,100,99.2,8.196,33.946,2,-999,9,114.3,2,-999,-999,9,-999,9,-999,9,-999,-999,9,-999,-999,9,-999,9,-999,9,-999,9,-999,9,-999,9,-999,9,-999,9,-999,9,-999,9,-999,9,-999,9,-999,9,-999,9,-999,9,11067,"2021/07/06 19:32:45",10,"11067","10","33.946","8.196","100.0","","","8.196","100.0","-999.0","-999.0","","","","Seawater scale (mol/kg-SW) "," K1, K2 from Mehrbach et al., 1973 refit by Dickson and Millero, 3060","Dickson ","Uppstrom, 3047","","","","","","","","","","","","","","","","","","","","","","","","","","","","","","","","","","","","","",99,98.2,8.1145,33.953,26.4361,2.54,110.66,0.04,133.01,99.67,"dRB2102_CTD_063_01_F.csv","dRB2102","CTD","063","F.csv"
"E627",1,1,FALSE,"WCOA21","2021_WCOA_RonBrown","7/6/2021",NA,"7:51:28 PM","","E627","630121","21","Niskin; Sterivex 0.22µm filter","95% EtOH","West Coast","B17",3.6,41.942,-124.602,1000,"Sean McAllister","","7/6/2021 7:51:28 PM","7/6/2021 ","2021/07/06 07:51:00","2021/07/06 00:00:00","2021/07/06 07:51:00",41.942,-124.602,"630121","21",4,"33RO20210613","WCOA2021","B17","63","1","11062","2",8,"2021/07/06 00:00:00",2021,7,6,"19:51:28",187.827,41.942,-124.602,437,3.6,3.6,11.561,33.298,2,-999,9,254,2,-999,-999,9,-999,9,-999,9,-999,-999,9,-999,-999,9,-999,9,-999,9,-999,9,-999,9,-999,9,-999,9,-999,9,-999,9,-999,9,-999,9,-999,9,-999,9,-999,9,-999,9,11062,"2021/07/06 19:51:28",21,"11062","21","33.298","11.561","3.6","","","11.561","3.6","-999.0","-999.0","","","","Seawater scale (mol/kg-SW) "," K1, K2 from Mehrbach et al., 1973 refit by Dickson and Millero, 3071","Dickson ","Uppstrom, 3058","","","","","","","","","","","","","","","","","","","","","","","","","","","","","","","","","","","","","",4,3.97,10.0574,33.3415,25.6475,5.52,240.27,0.16,131.98,99.38,"dRB2102_CTD_063_01_F.csv","dRB2102","CTD","063","F.csv"
"E628",1,1,FALSE,"WCOA21","2021_WCOA_RonBrown","7/6/2021",NA,"9:15:06 PM","","E628","640102","2","Niskin; Sterivex 0.22µm filter","95% EtOH","West Coast","B15",168.1,41.947,-124.562,1000,"Sean McAllister","Sterivex on inlet","7/6/2021 9:15:06 PM","7/6/2021 ","2021/07/06 09:15:00","2021/07/06 00:00:00","2021/07/06 09:15:00",41.947,-124.562,"640102","2",168,"33RO20210613","WCOA2021","B15","64","1","11081","2",8,"2021/07/06 00:00:00",2021,7,6,"21:15:06",187.885,41.947,-124.562,179,169.5,168.1,7.792,34.026,2,-999,9,82.5,2,-999,-999,9,-999,9,-999,9,-999,-999,9,-999,-999,9,-999,9,-999,9,-999,9,-999,9,-999,9,-999,9,-999,9,144.5,2,149,2,17.5,2,0,2,693000,2,481000,2,133000,2,11081,"2021/07/06 21:15:06",2,"11081","2","34.026","7.792","169.5","","","7.792","169.5","-999.0","-999.0","","","","Seawater scale (mol/kg-SW) "," K1, K2 from Mehrbach et al., 1973 refit by Dickson and Millero, 3074","Dickson ","Uppstrom, 3061","","","","","","","","","","","","","","","","","","","","","","","","","","","","","","","","","","","","","",168,166.62,7.783,34.0275,26.5444,1.88,81.98,0.04,131.27,11.24,"dRB2102_CTD_064_01_F.csv","dRB2102","CTD","064","F.csv"
"E629",1,1,FALSE,"WCOA21","2021_WCOA_RonBrown","7/6/2021",NA,"9:17:41 PM","","E629","640104","4","Niskin; Sterivex 0.22µm filter","95% EtOH","West Coast","B15",149.2,41.947,-124.562,1000,"Sean McAllister","Sterivex on inlet","7/6/2021 9:17:41 PM","7/6/2021 ","2021/07/06 09:17:00","2021/07/06 00:00:00","2021/07/06 09:17:00",41.947,-124.562,"640104","4",149,"33RO20210613","WCOA2021","B15","64","1","11058","2",8,"2021/07/06 00:00:00",2021,7,6,"21:17:41",187.887,41.947,-124.562,179,150.5,149.2,7.936,34.003,2,-999,9,92.6,2,-999,-999,9,-999,9,-999,9,-999,-999,9,-999,-999,9,-999,9,-999,9,-999,9,-999,9,-999,9,-999,9,-999,9,-999,9,-999,9,-999,9,-999,9,-999,9,-999,9,-999,9,11058,"2021/07/06 21:17:41",4,"11058","4","34.003","7.936","150.5","","","7.936","150.5","-999.0","-999.0","","","","Seawater scale (mol/kg-SW) "," K1, K2 from Mehrbach et al., 1973 refit by Dickson and Millero, 3076","Dickson ","Uppstrom, 3063","","","","","","","","","","","","","","","","","","","","","","","","","","","","","","","","","","","","","",149,147.78,7.9024,34.0098,26.5128,2.06,89.7,0.04,131.35,30.33,"dRB2102_CTD_064_01_F.csv","dRB2102","CTD","064","F.csv"
"E630",1,1,FALSE,"WCOA21","2021_WCOA_RonBrown","7/6/2021",NA,"9:25:49 PM","","E630","640108","8","Niskin; Sterivex 0.22µm filter","95% EtOH","West Coast","B15",79.6,41.946,-124.562,1000,"Sean McAllister","Sterivex on inlet","7/6/2021 9:25:49 PM","7/6/2021 ","2021/07/06 09:25:00","2021/07/06 00:00:00","2021/07/06 09:25:00",41.946,-124.562,"640108","8",80,"33RO20210613","WCOA2021","B15","64","1","11027","2",8,"2021/07/06 00:00:00",2021,7,6,"21:25:49",187.893,41.946,-124.562,179,80.3,79.6,8.313,33.883,2,-999,9,126.6,2,-999,-999,9,-999,9,-999,9,-999,-999,9,-999,-999,9,-999,9,-999,9,-999,9,-999,9,-999,9,-999,9,-999,9,165,2,206,2,24.8,2,0,2,730000,2,448000,2,158000,2,11027,"2021/07/06 21:25:49",8,"11027","8","33.883","8.313","80.3","","","8.313","80.3","-999.0","-999.0","","","","Seawater scale (mol/kg-SW) "," K1, K2 from Mehrbach et al., 1973 refit by Dickson and Millero, 3080","Dickson ","Uppstrom, 3067","","","","","","","","","","","","","","","","","","","","","","","","","","","","","","","","","","","","","",80,79.36,8.3507,33.8599,26.3273,3.05,132.69,0.042,131.33,99.46,"dRB2102_CTD_064_01_F.csv","dRB2102","CTD","064","F.csv"
"E631",1,1,FALSE,"WCOA21","2021_WCOA_RonBrown","7/6/2021",NA,"9:39:38 PM","","E631","640117","17","Niskin; Sterivex 0.22µm filter","95% EtOH","West Coast","B15",3.8,41.946,-124.562,1000,"Sean McAllister","Sterivex on inlet","7/6/2021 9:39:38 PM","7/6/2021 ","2021/07/06 09:39:00","2021/07/06 00:00:00","2021/07/06 09:39:00",41.946,-124.562,"640117","17",4,"33RO20210613","WCOA2021","B15","64","1","11052","2",8,"2021/07/06 00:00:00",2021,7,6,"21:39:38",187.903,41.946,-124.562,179,3.8,3.8,11.365,33.327,2,-999,9,280.5,2,-999,-999,9,-999,9,-999,9,-999,-999,9,-999,-999,9,-999,9,-999,9,-999,9,-999,9,-999,9,-999,9,-999,9,26550,2,12100,2,1420,2,8.32,2,3630000,2,1470000,2,1570000,2,11052,"2021/07/06 21:39:38",17,"11052","17","33.327","11.365","3.8","","","11.365","3.8","-999.0","-999.0","","","","Seawater scale (mol/kg-SW) "," K1, K2 from Mehrbach et al., 1973 refit by Dickson and Millero, 3089","Dickson ","Uppstrom, 3076","","","","","","","","","","","","","","","","","","","","","","","","","","","","","","","","","","","","","",4,3.97,11.2188,33.3573,25.4574,6.44,280.37,0.221,129.07,80.85,"dRB2102_CTD_064_01_F.csv","dRB2102","CTD","064","F.csv"
"E632",1,1,FALSE,"WCOA21","2021_WCOA_RonBrown","7/6/2021",NA,"11:01:42 PM","","E632","650102","2","Niskin; Sterivex 0.22µm filter","95% EtOH","West Coast","B9",78.4,41.975,-124.416,1000,"Sean McAllister","Sterivex on inlet","7/6/2021 11:01:42 PM","7/6/2021 ","2021/07/06 11:01:00","2021/07/06 00:00:00","2021/07/06 11:01:00",41.975,-124.416,"650102","2",78,"33RO20210613","WCOA2021","B9","65","1","11081","2",8,"2021/07/06 00:00:00",2021,7,6,"23:01:42",187.96,41.975,-124.416,88,79,78.4,8.331,33.885,2,-999,9,117.5,2,-999,-999,9,-999,9,-999,9,-999,-999,9,-999,-999,9,-999,9,-999,9,-999,9,-999,9,-999,9,-999,9,-999,9,468.5,2,216,2,149,2,0,2,733000,2,508000,2,120000,2,11081,"2021/07/06 23:01:42",2,"11081","2","33.885","8.331","79.0","","","8.331","79.0","-999.0","-999.0","","","","Seawater scale (mol/kg-SW) "," K1, K2 from Mehrbach et al., 1973 refit by Dickson and Millero, 3093","Dickson ","Uppstrom, 3080","","","","","","","","","","","","","","","","","","","","","","","","","","","","","","","","","","","","","",78,77.37,8.3309,33.881,26.346800000000002,2.74,119.17,0.048,159.53,6.15,"dRB2102_CTD_065_01_F.csv","dRB2102","CTD","065","F.csv"
"E633",1,1,FALSE,"WCOA21","2021_WCOA_RonBrown","7/6/2021",NA,"11:08:14 PM","","E633","650106","6","Niskin; Sterivex 0.22µm filter","95% EtOH","West Coast","B9",39.4,41.975,-124.416,1000,"Sean McAllister","Sterivex on inlet","7/6/2021 11:08:14 PM","7/6/2021 ","2021/07/06 11:08:00","2021/07/06 00:00:00","2021/07/06 11:08:00",41.975,-124.416,"650106","6",39,"33RO20210613","WCOA2021","B9","65","1","11082","2",8,"2021/07/06 00:00:00",2021,7,6,"23:08:14",187.964,41.975,-124.416,88,39.7,39.4,8.577,33.75,2,-999,9,152,2,-999,-999,9,-999,9,-999,9,-999,-999,9,-999,-999,9,-999,9,-999,9,-999,9,-999,9,-999,9,-999,9,-999,9,778,2,366,2,68,2,0,2,641000,2,505000,2,73000,2,11082,"2021/07/06 23:08:14",6,"11082","6","33.750","8.577","39.7","","","8.577","39.7","-999.0","-999.0","","","","Seawater scale (mol/kg-SW) "," K1, K2 from Mehrbach et al., 1973 refit by Dickson and Millero, 3097","Dickson ","Uppstrom, 3084","","","","","","","","","","","","","","","","","","","","","","","","","","","","","","","","","","","","","",39,38.69,8.5979,33.7367,26.1923,3.59,156.11,0.045,159.64,45.54,"dRB2102_CTD_065_01_F.csv","dRB2102","CTD","065","F.csv"
"E634",1,1,FALSE,"WCOA21","2021_WCOA_RonBrown","7/6/2021",NA,"11:17:24 PM","","E634","650112","12","Niskin; Sterivex 0.22µm filter","95% EtOH","West Coast","B9",3.8,41.975,-124.416,1000,"Sean McAllister","Sterivex on inlet","7/6/2021 11:17:24 PM","7/6/2021 ","2021/07/06 11:17:00","2021/07/06 00:00:00","2021/07/06 11:17:00",41.975,-124.416,"650112","12",4,"33RO20210613","WCOA2021","B9","65","1","11026","2",8,"2021/07/06 00:00:00",2021,7,6,"23:17:24",187.97,41.975,-124.416,88,3.8,3.8,10.849,33.465,2,-999,9,270.5,2,-999,-999,9,-999,9,-999,9,-999,-999,9,-999,-999,9,-999,9,-999,9,-999,9,-999,9,-999,9,-999,9,-999,9,10750,2,4080,2,858,2,0,2,2770000,2,1340000,2,1070000,2,11026,"2021/07/06 23:17:24",12,"11026","12","33.465","10.849","3.8","","","10.849","3.8","-999.0","-999.0","","","","Seawater scale (mol/kg-SW) "," K1, K2 from Mehrbach et al., 1973 refit by Dickson and Millero, 3103","Dickson ","Uppstrom, 3090","","","","","","","","","","","","","","","","","","","","","","","","","","","","","","","","","","","","","",4,3.97,10.4571,33.463,25.6741,6.17,268.61,0.258,157.93,80.66,"dRB2102_CTD_065_01_F.csv","dRB2102","CTD","065","F.csv"
"E635",1,1,FALSE,"WCOA21","2021_WCOA_RonBrown","7/7/2021",NA,"12:41:16 AM","","E635","660102","2","Niskin; Sterivex 0.22µm filter","95% EtOH","West Coast","B5",36.4,41.993,-124.327,1000,"Sean McAllister","Sterivex on inlet","7/7/2021 12:41:16 AM","7/7/2021 ","2021/07/07 12:41:00","2021/07/07 00:00:00","2021/07/07 12:41:00",41.993,-124.327,"660102","2",36,"33RO20210613","WCOA2021","B5","66","1","11081","2",8,"2021/07/07 00:00:00",2021,7,7,"00:41:16",188.029,41.993,-124.327,46,36.7,36.4,9.443,33.759,2,-999,9,149.5,2,-999,-999,9,-999,9,-999,9,-999,-999,9,-999,-999,9,-999,9,-999,9,-999,9,-999,9,-999,9,-999,9,-999,9,1795,2,2630,2,1120,2,7.62,2,1200000,2,709000,2,289000,2,11081,"2021/07/07 00:41:16",2,"11081","2","33.759","9.443","36.7","","","9.443","36.7","-999.0","-999.0","","","","Seawater scale (mol/kg-SW) "," K1, K2 from Mehrbach et al., 1973 refit by Dickson and Millero, 3106","Dickson ","Uppstrom, 3093","","","","","","","","","","","","","","","","","","","","","","","","","","","","","","","","","","","","","",36,35.71,9.3329,33.6839,26.035,3.43,149.44,0.157,151.53,6.23,"dRB2102_CTD_066_01_F.csv","dRB2102","CTD","066","F.csv"
"E636",1,1,FALSE,"WCOA21","2021_WCOA_RonBrown","7/7/2021",NA,"12:44:37 AM","","E636","660104","4","Niskin; Sterivex 0.22µm filter","95% EtOH","West Coast","B5",19.5,41.993,-124.327,1000,"Sean McAllister","Sterivex on inlet","7/7/2021 12:44:37 AM","7/7/2021 ","2021/07/07 12:44:00","2021/07/07 00:00:00","2021/07/07 12:44:00",41.993,-124.327,"660104","4",20,"33RO20210613","WCOA2021","B5","66","1","11058","2",8,"2021/07/07 00:00:00",2021,7,7,"00:44:37",188.031,41.993,-124.327,46,19.7,19.5,9.841,33.462,2,-999,9,217.1,2,-999,-999,9,-999,9,-999,9,-999,-999,9,-999,-999,9,-999,9,-999,9,-999,9,-999,9,-999,9,-999,9,10.781,2,5735,2,4830,2,1010,2,0,2,1210000,2,606000,2,379000,2,11058,"2021/07/07 00:44:37",4,"11058","4","33.462","9.841","19.7","","","9.841","19.7","-999.0","-999.0","","","","Seawater scale (mol/kg-SW) "," K1, K2 from Mehrbach et al., 1973 refit by Dickson and Millero, 3108","Dickson ","Uppstrom, 3095","","","","","","","","","","","","","","","","","","","","","","","","","","","","","","","","","","","","","",20,19.84,10.1854,33.4762,25.7312,5.2,226.49,0.294,150.63,22.09,"dRB2102_CTD_066_01_F.csv","dRB2102","CTD","066","F.csv"
"E637",1,1,FALSE,"WCOA21","2021_WCOA_RonBrown","7/7/2021",NA,"12:51:49 AM","","E637","660108","8","Niskin; Sterivex 0.22µm filter","95% EtOH","West Coast","B5",3.6,41.993,-124.327,1000,"Sean McAllister","","7/7/2021 12:51:49 AM","7/7/2021 ","2021/07/07 12:51:00","2021/07/07 00:00:00","2021/07/07 12:51:00",41.993,-124.327,"660108","8",4,"33RO20210613","WCOA2021","B5","66","1","11027","2",8,"2021/07/07 00:00:00",2021,7,7,"00:51:49",188.036,41.993,-124.327,46,3.6,3.6,13.517,33.339,2,-999,9,355.5,2,-999,-999,9,-999,9,-999,9,-999,-999,9,-999,-999,9,-999,9,-999,9,-999,9,-999,9,-999,9,-999,9,-999,9,1110,2,6790,2,2840,2,0,2,2570000,2,1220000,2,969000,2,11027,"2021/07/07 00:51:49",8,"11027","8","33.339","13.517","3.6","","","13.517","3.6","-999.0","-999.0","","","","Seawater scale (mol/kg-SW) "," K1, K2 from Mehrbach et al., 1973 refit by Dickson and Millero, 3112","Dickson ","Uppstrom, 3099","","","","","","","","","","","","","","","","","","","","","","","","","","","","","","","","","","","","","",4,3.97,12.8636,33.3705,25.1577,8.18,356.37,0.486,148.69,38.16,"dRB2102_CTD_066_01_F.csv","dRB2102","CTD","066","F.csv"
"E638",1,1,FALSE,"WCOA21","2021_WCOA_RonBrown","7/7/2021",NA,"1:45:22 AM","","E638","670102","2","Niskin; Sterivex 0.22µm filter","95% EtOH","West Coast","B2.5",26.1,41.998,-124.283,1000,"Sean McAllister","Sterivex on inlet","7/7/2021 1:45:22 AM","7/7/2021 ","2021/07/07 01:45:00","2021/07/07 00:00:00","2021/07/07 01:45:00",41.998,-124.283,"670102","2",26,"33RO20210613","WCOA2021","B2.5","67","1","11081","2",8,"2021/07/07 00:00:00",2021,7,7,"01:45:22",188.073,41.998,-124.283,36,26.3,26.1,10.144,33.447,2,-999,9,247.7,2,-999,-999,9,-999,9,-999,9,-999,-999,9,-999,-999,9,-999,9,-999,9,-999,9,-999,9,-999,9,-999,9,-999,9,4965,2,3760,2,1640,2,10.7,2,2430000,2,1280000,2,735000,2,11081,"2021/07/07 01:45:22",2,"11081","2","33.447","10.144","26.3","","","10.144","26.3","-999.0","-999.0","","","","Seawater scale (mol/kg-SW) "," K1, K2 from Mehrbach et al., 1973 refit by Dickson and Millero, 3115","Dickson ","Uppstrom, 3102","","","","","","","","","","","","","","","","","","","","","","","","","","","","","","","","","","","","","",26,25.79,10.3266,33.4381,25.6775,5.69,247.86,0.766,157.92,4.75,"dRB2102_CTD_067_01_F.csv","dRB2102","CTD","067","F.csv"
"E639",1,1,FALSE,"WCOA21","2021_WCOA_RonBrown","7/7/2021",NA,"1:49:04 AM","","E639","670105","5","Niskin; Sterivex 0.22µm filter","95% EtOH","West Coast","B2.5",10.4,41.998,-124.283,1000,"Sean McAllister","","7/7/2021 1:49:04 AM","7/7/2021 ","2021/07/07 01:49:00","2021/07/07 00:00:00","2021/07/07 01:49:00",41.998,-124.283,"670105","5",10,"33RO20210613","WCOA2021","B2.5","67","1","11008","2",8,"2021/07/07 00:00:00",2021,7,7,"01:49:04",188.076,41.998,-124.283,36,10.5,10.4,12.893,33.331,2,-999,9,368.6,2,-999,-999,9,-999,9,-999,9,-999,-999,9,-999,-999,9,-999,9,-999,9,-999,9,-999,9,-999,9,-999,9,-999,9,1055,2,3510,2,922,2,10.2,2,2230000,2,1290000,2,662000,2,11008,"2021/07/07 01:49:04",5,"11008","5","33.331","12.893","10.5","","","12.893","10.5","-999.0","-999.0","","","","Seawater scale (mol/kg-SW) "," K1, K2 from Mehrbach et al., 1973 refit by Dickson and Millero, 3118","Dickson ","Uppstrom, 3105","","","","","","","","","","","","","","","","","","","","","","","","","","","","","","","","","","","","","",10,9.92,13.1181,33.3229,25.0707,8.52,371.08,0.487,156.89,20.82,"dRB2102_CTD_067_01_F.csv","dRB2102","CTD","067","F.csv"
"E640",1,1,FALSE,"WCOA21","2021_WCOA_RonBrown","7/7/2021",NA,"1:52:55 AM","","E640","670108","8","Niskin; Sterivex 0.22µm filter","95% EtOH","West Coast","B2.5",3.1,41.998,-124.283,1000,"Sean McAllister","","7/7/2021 1:52:55 AM","7/7/2021 ","2021/07/07 01:52:00","2021/07/07 00:00:00","2021/07/07 01:52:00",41.998,-124.283,"670108","8",3,"33RO20210613","WCOA2021","B2.5","67","1","11027","2",8,"2021/07/07 00:00:00",2021,7,7,"01:52:55",188.078,41.998,-124.283,36,3.2,3.1,13.249,33.31,2,-999,9,375.6,2,-999,-999,9,-999,9,-999,9,-999,-999,9,-999,-999,9,-999,9,-999,9,-999,9,-999,9,-999,9,-999,9,-999,9,828,2,2510,2,673,2,8.63,2,2510000,2,1410000,2,819000,2,11027,"2021/07/07 01:52:55",8,"11027","8","33.310","13.249","3.2","","","13.249","3.2","-999.0","-999.0","","","","Seawater scale (mol/kg-SW) "," K1, K2 from Mehrbach et al., 1973 refit by Dickson and Millero, 3121","Dickson ","Uppstrom, 3108","","","","","","","","","","","","","","","","","","","","","","","","","","","","","","","","","","","","","",3,2.98,13.409,33.2969,24.9921,8.79,382.95,0.633,157.37,27.21,"dRB2102_CTD_067_01_F.csv","dRB2102","CTD","067","F.csv"
"E641.1B",1,1,FALSE,"WCOA21","2021_WCOA_RonBrown","7/7/2021",NA,"5:13:39 AM","","E641.1B","680101","1","Niskin; Sterivex 0.22µm filter","95% EtOH","West Coast","FKC",25.2,41.598,-124.153,1000,"Sean McAllister","Sterivex on inlet","7/7/2021 5:13:39 AM","7/7/2021 ","2021/07/07 05:13:00","2021/07/07 00:00:00","2021/07/07 05:13:00",41.598,-124.153,"680101","1",25,"33RO20210613","WCOA2021","FKC","68","1","11031","2",0,"2021/07/07 00:00:00",2021,7,7,"05:13:39",188.218,41.598,-124.153,35,25.4,25.2,9.775,33.455,2,33.4078,2,214.4,2,223.3,7.331,6,2111.5,2,2236.1,6,7.6853,25.14,2,101.42145577194748,24.895,2,15.5,6,1.33,6,14.1,6,0.47,6,0.52,6,-999,9,6.984,6,-999,9,-999,9,-999,9,-999,9,-999,9,-999,9,-999,9,11031,"2021/07/07 05:13:39",1,"11031","1","33.455","9.775","25.4","","","9.775","25.4","2236.1","2111.5","","","","Seawater scale (mol/kg-SW) "," K1, K2 from Mehrbach et al., 1973 refit by Dickson and Millero, 3123","Dickson ","Uppstrom, 3110","33.45500183","9.774999619","25.39999962","0","0","2236.100098","2111.5","7.919013977","526.6035156","528.6446533","1989.078331","98.93378301","23.48778203","48.00338063","1.16314129","0","0","14.87998144","2.367421272","1.501547784","534.9080614","9.774999619","25.39999962","7.919013787","526.6034678","528.644624","1989.078331","98.93378301","23.48778203","48.00338063","1.16314129","0","0","14.87998144","2.367421272","1.501547784","534.908031",25,24.8,9.5693,33.5169,25.8658,4.71,204.96,0.184,172.24,10.25,"dRB2102_CTD_068_01_F.csv","dRB2102","CTD","068","F.csv"
"E641.2B",2,1,FALSE,"WCOA21","2021_WCOA_RonBrown","7/7/2021",NA,"5:13:41 AM","","E641.2B","680102","2","Niskin; Sterivex 0.22µm filter","95% EtOH","West Coast","FKC",24.9,41.598,-124.153,1000,"Sean McAllister","Sterivex on inlet","7/7/2021 5:13:41 AM","7/7/2021 ","2021/07/07 05:13:00","2021/07/07 00:00:00","2021/07/07 05:13:00",41.598,-124.153,"680102","2",25,"33RO20210613","WCOA2021","FKC","68","1","11081","2",0,"2021/07/07 00:00:00",2021,7,7,"05:13:41",188.218,41.598,-124.153,35,25.1,24.9,9.813,33.443,2,-999,9,214.4,2,-999,-999,9,-999,9,-999,9,-999,-999,9,-999,-999,9,-999,9,-999,9,-999,9,-999,9,-999,9,-999,9,-999,9,-999,9,-999,9,-999,9,-999,9,-999,9,-999,9,-999,9,11081,"2021/07/07 05:13:41",2,"11081","2","33.443","9.813","25.1","","","9.813","25.1","-999.0","-999.0","","","","Seawater scale (mol/kg-SW) "," K1, K2 from Mehrbach et al., 1973 refit by Dickson and Millero, 3124","Dickson ","Uppstrom, 3111","","","","","","","","","","","","","","","","","","","","","","","","","","","","","","","","","","","","","",25,24.8,9.5693,33.5169,25.8658,4.71,204.96,0.184,172.24,10.25,"dRB2102_CTD_068_01_F.csv","dRB2102","CTD","068","F.csv"
"E641.3B",3,1,FALSE,"WCOA21","2021_WCOA_RonBrown","7/7/2021",NA,"5:13:47 AM","","E641.3B","680103","3","Niskin; Sterivex 0.22µm filter","95% EtOH","West Coast","FKC",25.1,41.598,-124.153,800,"Sean McAllister","Sterivex on inlet; 800 mL filtered only","7/7/2021 5:13:47 AM","7/7/2021 ","2021/07/07 05:13:00","2021/07/07 00:00:00","2021/07/07 05:13:00",41.598,-124.153,"680103","3",25,"33RO20210613","WCOA2021","FKC","68","1","11020","2",0,"2021/07/07 00:00:00",2021,7,7,"05:13:47",188.218,41.598,-124.153,35,25.3,25.1,9.806,33.446,2,-999,9,214.4,2,-999,-999,9,-999,9,-999,9,-999,-999,9,-999,-999,9,-999,9,-999,9,-999,9,-999,9,-999,9,-999,9,-999,9,-999,9,-999,9,-999,9,-999,9,-999,9,-999,9,-999,9,11020,"2021/07/07 05:13:47",3,"11020","3","33.446","9.806","25.3","","","9.806","25.3","-999.0","-999.0","","","","Seawater scale (mol/kg-SW) "," K1, K2 from Mehrbach et al., 1973 refit by Dickson and Millero, 3125","Dickson ","Uppstrom, 3112","","","","","","","","","","","","","","","","","","","","","","","","","","","","","","","","","","","","","",25,24.8,9.5693,33.5169,25.8658,4.71,204.96,0.184,172.24,10.25,"dRB2102_CTD_068_01_F.csv","dRB2102","CTD","068","F.csv"
"E642.1B",1,1,FALSE,"WCOA21","2021_WCOA_RonBrown","7/7/2021",NA,"5:18:41 AM","","E642.1B","680105","5","Niskin; Sterivex 0.22µm filter","95% EtOH","West Coast","FKC",10.6,41.598,-124.153,1000,"Sean McAllister","","7/7/2021 5:18:41 AM","7/7/2021 ","2021/07/07 05:18:00","2021/07/07 00:00:00","2021/07/07 05:18:00",41.598,-124.153,"680105","5",11,"33RO20210613","WCOA2021","FKC","68","1","11008","2",0,"2021/07/07 00:00:00",2021,7,7,"05:18:41",188.221,41.598,-124.153,35,10.7,10.6,12.872,33.243,2,-999,9,319.1,2,315.5,10.35,2,2034.3,2,2241.2,2,7.8915,25.14,2,157.45517899907563,24.895,3,2.2,2,0.61,2,1.3,2,0.13,2,0.15,2,22.7,2,9.076,2,-999,9,-999,9,-999,9,-999,9,-999,9,-999,9,-999,9,11008,"2021/07/07 05:18:41",5,"11008","5","33.243","12.872","10.7","","","12.872","10.7","2241.2","2034.3","","","","Seawater scale (mol/kg-SW) "," K1, K2 from Mehrbach et al., 1973 refit by Dickson and Millero, 3127","Dickson ","Uppstrom, 3114","33.24300003","12.87199974","10.69999981","0","0","2241.199951","2034.300049","8.074002266","355.1877747","356.5105286","1870.547662","149.4023592","14.34998577","69.59547948","2.260571952","0","0","11.78488243","3.592026557","2.28976892","361.712006","12.87199974","10.69999981","8.074002637","355.1877621","356.510496","1870.547662","149.4023592","14.34998577","69.59547948","2.260571952","0","0","11.78488243","3.592026557","2.28976892","361.7119873",11,10.91,12.9095,33.2383,25.0464,7.33,319.21,0.427,170.61,24.3,"dRB2102_CTD_068_01_F.csv","dRB2102","CTD","068","F.csv"
"E642.2B",2,1,FALSE,"WCOA21","2021_WCOA_RonBrown","7/7/2021",NA,"5:18:45 AM","","E642.2B","680106","6","Niskin; Sterivex 0.22µm filter","95% EtOH","West Coast","FKC",10.6,41.598,-124.153,1000,"Sean McAllister","","7/7/2021 5:18:45 AM","7/7/2021 ","2021/07/07 05:18:00","2021/07/07 00:00:00","2021/07/07 05:18:00",41.598,-124.153,"680106","6",11,"33RO20210613","WCOA2021","FKC","68","1","11082","2",0,"2021/07/07 00:00:00",2021,7,7,"05:18:45",188.221,41.598,-124.153,35,10.7,10.6,12.859,33.244,2,-999,9,316.2,2,-999,-999,9,-999,9,-999,9,-999,-999,9,-999,-999,9,-999,9,-999,9,-999,9,-999,9,-999,9,-999,9,-999,9,-999,9,-999,9,-999,9,-999,9,-999,9,-999,9,-999,9,11082,"2021/07/07 05:18:45",6,"11082","6","33.244","12.859","10.7","","","12.859","10.7","-999.0","-999.0","","","","Seawater scale (mol/kg-SW) "," K1, K2 from Mehrbach et al., 1973 refit by Dickson and Millero, 3128","Dickson ","Uppstrom, 3115","","","","","","","","","","","","","","","","","","","","","","","","","","","","","","","","","","","","","",11,10.91,12.9095,33.2383,25.0464,7.33,319.21,0.427,170.61,24.3,"dRB2102_CTD_068_01_F.csv","dRB2102","CTD","068","F.csv"
"E642.3B",3,1,FALSE,"WCOA21","2021_WCOA_RonBrown","7/7/2021",NA,"5:18:48 AM","","E642.3B","680107","7","Niskin; Sterivex 0.22µm filter","95% EtOH","West Coast","FKC",10.5,41.598,-124.153,1000,"Sean McAllister","","7/7/2021 5:18:48 AM","7/7/2021 ","2021/07/07 05:18:00","2021/07/07 00:00:00","2021/07/07 05:18:00",41.598,-124.153,"680107","7",10,"33RO20210613","WCOA2021","FKC","68","1","11004","2",0,"2021/07/07 00:00:00",2021,7,7,"05:18:48",188.221,41.598,-124.153,35,10.6,10.5,12.873,33.242,2,-999,9,319.1,2,-999,-999,9,-999,9,-999,9,-999,-999,9,-999,-999,9,-999,9,-999,9,-999,9,-999,9,-999,9,-999,9,-999,9,-999,9,-999,9,-999,9,-999,9,-999,9,-999,9,-999,9,11004,"2021/07/07 05:18:48",7,"11004","7","33.242","12.873","10.6","","","12.873","10.6","-999.0","-999.0","","","","Seawater scale (mol/kg-SW) "," K1, K2 from Mehrbach et al., 1973 refit by Dickson and Millero, 3129","Dickson ","Uppstrom, 3116","","","","","","","","","","","","","","","","","","","","","","","","","","","","","","","","","","","","","",10,9.92,12.9208,33.237,25.0432,7.37,321.09,0.426,170.62,25.22,"dRB2102_CTD_068_01_F.csv","dRB2102","CTD","068","F.csv"
"E643.1B",1,1,FALSE,"WCOA21","2021_WCOA_RonBrown","7/7/2021",NA,"5:21:54 AM","","E643.1B","680109","9","Niskin; Sterivex 0.22µm filter","95% EtOH","West Coast","FKC",4,41.598,-124.153,1000,"Sean McAllister","","7/7/2021 5:21:54 AM","7/7/2021 ","2021/07/07 05:21:00","2021/07/07 00:00:00","2021/07/07 05:21:00",41.598,-124.153,"680109","9",4,"33RO20210613","WCOA2021","FKC","68","1","12052","2",0,"2021/07/07 00:00:00",2021,7,7,"05:21:54",188.224,41.598,-124.153,35,4.1,4,13.009,33.226,2,33.2358,3,331.8,2,328.4,10.772,6,2017.4,2,2241.5,2,7.9212,25.14,3,156.32450580798238,24.895,2,1.2,2,0.45,2,0,2,0.07,2,0.08,2,21.3,2,7.301,6,-999,9,-999,9,-999,9,-999,9,-999,9,-999,9,-999,9,12052,"2021/07/07 05:21:54",9,"12052","9","33.226","13.009","4.1","","","13.009","4.1","2241.5","2017.4","","","","Seawater scale (mol/kg-SW) "," K1, K2 from Mehrbach et al., 1973 refit by Dickson and Millero, 3131","Dickson ","Uppstrom, 3118","33.22600174","13.00899982","4.099999905","0","0","2241.5","2017.400024","8.108617783","323.8913269","325.0953674","1844.134416","160.235006","13.03057237","74.42379217","2.479673602","0","0","11.29842094","3.857581029","2.459434672","329.8819214","13.00899982","4.099999905","8.108617833","323.8913143","325.0953804","1844.134416","160.235006","13.03057237","74.42379217","2.479673602","0","0","11.29842094","3.857581029","2.459434672","329.8819278",4,3.97,13.1729,33.2032,24.967,7.88,343.46,0.425,171.08,30.82,"dRB2102_CTD_068_01_F.csv","dRB2102","CTD","068","F.csv"
"E643.2B",2,1,FALSE,"WCOA21","2021_WCOA_RonBrown","7/7/2021",NA,"5:21:58 AM","","E643.2B","680110","10","Niskin; Sterivex 0.22µm filter","95% EtOH","West Coast","FKC",4.1,41.598,-124.153,1000,"Sean McAllister","","7/7/2021 5:21:58 AM","7/7/2021 ","2021/07/07 05:21:00","2021/07/07 00:00:00","2021/07/07 05:21:00",41.598,-124.153,"680110","10",4,"33RO20210613","WCOA2021","FKC","68","1","11067","2",0,"2021/07/07 00:00:00",2021,7,7,"05:21:58",188.224,41.598,-124.153,35,4.2,4.1,13.021,33.226,2,-999,9,331.8,2,-999,-999,9,-999,9,-999,9,-999,-999,9,-999,-999,9,-999,9,-999,9,-999,9,-999,9,-999,9,-999,9,-999,9,-999,9,-999,9,-999,9,-999,9,-999,9,-999,9,-999,9,11067,"2021/07/07 05:21:58",10,"11067","10","33.226","13.021","4.2","","","13.021","4.2","-999.0","-999.0","","","","Seawater scale (mol/kg-SW) "," K1, K2 from Mehrbach et al., 1973 refit by Dickson and Millero, 3132","Dickson ","Uppstrom, 3119","","","","","","","","","","","","","","","","","","","","","","","","","","","","","","","","","","","","","",4,3.97,13.1729,33.2032,24.967,7.88,343.46,0.425,171.08,30.82,"dRB2102_CTD_068_01_F.csv","dRB2102","CTD","068","F.csv"
"E643.3B",3,1,FALSE,"WCOA21","2021_WCOA_RonBrown","7/7/2021",NA,"5:22:02 AM","","E643.3B","680111","11","Niskin; Sterivex 0.22µm filter","95% EtOH","West Coast","FKC",3.9,41.598,-124.153,1000,"Sean McAllister","","7/7/2021 5:22:02 AM","7/7/2021 ","2021/07/07 05:22:00","2021/07/07 00:00:00","2021/07/07 05:22:00",41.598,-124.153,"680111","11",4,"33RO20210613","WCOA2021","FKC","68","1","11023","2",0,"2021/07/07 00:00:00",2021,7,7,"05:22:02",188.224,41.598,-124.153,35,4,3.9,13.016,33.226,2,-999,9,331.8,2,-999,-999,9,-999,9,-999,9,-999,-999,9,-999,-999,9,-999,9,-999,9,-999,9,-999,9,-999,9,-999,9,-999,9,-999,9,-999,9,-999,9,-999,9,-999,9,-999,9,-999,9,11023,"2021/07/07 05:22:02",11,"11023","11","33.226","13.016","4.0","","","13.016","4.0","-999.0","-999.0","","","","Seawater scale (mol/kg-SW) "," K1, K2 from Mehrbach et al., 1973 refit by Dickson and Millero, 3133","Dickson ","Uppstrom, 3120","","","","","","","","","","","","","","","","","","","","","","","","","","","","","","","","","","","","","",4,3.97,13.1729,33.2032,24.967,7.88,343.46,0.425,171.08,30.82,"dRB2102_CTD_068_01_F.csv","dRB2102","CTD","068","F.csv"
"E645",1,1,FALSE,"WCOA21","2021_WCOA_RonBrown","7/7/2021",NA,"5:42:12 PM","","E645","690102","2","Niskin; Sterivex 0.22µm filter","95% EtOH","West Coast","CM45",1974.7,39.892,-125.201,1000,"Sean McAllister","Sterivex on inlet","7/7/2021 5:42:12 PM","7/7/2021 ","2021/07/07 05:42:00","2021/07/07 00:00:00","2021/07/07 05:42:00",39.892,-125.201,"690102","2",1975,"33RO20210613","WCOA2021","CM45","69","1","11081","2",9,"2021/07/07 00:00:00",2021,7,7,"17:42:12",188.738,39.892,-125.201,1986,1999.5,1974.7,1.989,34.603,2,34.6091,3,70.7,2,-999,-999,9,-999,9,-999,9,-999,-999,9,-999,-999,9,-999,9,-999,9,-999,9,-999,9,-999,9,-999,9,-999,9,-999,9,-999,9,-999,9,-999,9,-999,9,-999,9,-999,9,11081,"2021/07/07 17:42:12",2,"11081","2","34.603","1.989","1999.5","","","1.989","1999.5","-999.0","-999.0","","","","Seawater scale (mol/kg-SW) "," K1, K2 from Mehrbach et al., 1973 refit by Dickson and Millero, 3136","Dickson ","Uppstrom, 3123","","","","","","","","","","","","","","","","","","","","","","","","","","","","","","","","","","","","","",1975,1950.68,2.0101,34.6008,27.6616,1.6,69.61,0.04,168.65,99.97,"dRB2102_CTD_069_01_F.csv","dRB2102","CTD","069","F.csv"
"E646",1,1,FALSE,"WCOA21","2021_WCOA_RonBrown","7/7/2021",NA,"6:39:11 PM","","E646","690113","13","Niskin; Sterivex 0.22µm filter","95% EtOH","West Coast","CM45",98.8,39.892,-125.201,1000,"Sean McAllister","Sterivex on inlet","7/7/2021 6:39:11 PM","7/7/2021 ","2021/07/07 06:39:00","2021/07/07 00:00:00","2021/07/07 06:39:00",39.892,-125.201,"690113","13",99,"33RO20210613","WCOA2021","CM45","69","1","11054","2",9,"2021/07/07 00:00:00",2021,7,7,"18:39:11",188.777,39.892,-125.201,1986,99.6,98.8,9.742,33.599,2,-999,9,207.7,2,-999,-999,9,-999,9,-999,9,-999,-999,9,-999,-999,9,-999,9,-999,9,-999,9,-999,9,-999,9,-999,9,-999,9,-999,9,-999,9,-999,9,-999,9,-999,9,-999,9,-999,9,11054,"2021/07/07 18:39:11",13,"11054","13","33.599","9.742","99.6","","","9.742","99.6","-999.0","-999.0","","","","Seawater scale (mol/kg-SW) "," K1, K2 from Mehrbach et al., 1973 refit by Dickson and Millero, 3147","Dickson ","Uppstrom, 3134","","","","","","","","","","","","","","","","","","","","","","","","","","","","","","","","","","","","","",99,98.22,9.8624,33.4882,25.7964,4.99,217.37,0.045,175.6,99.31,"dRB2102_CTD_069_01_F.csv","dRB2102","CTD","069","F.csv"
"E647",1,1,FALSE,"WCOA21","2021_WCOA_RonBrown","7/7/2021",NA,"6:56:54 PM","","E647","690124","24","Niskin; Sterivex 0.22µm filter","95% EtOH","West Coast","CM45",3.9,39.893,-125.2,860,"Sean McAllister","Sterivex on inlet; 860 mL filtered only","7/7/2021 6:56:54 PM","7/7/2021 ","2021/07/07 06:56:00","2021/07/07 00:00:00","2021/07/07 06:56:00",39.893,-125.2,"690124","24",4,"33RO20210613","WCOA2021","CM45","69","1","11001","2",9,"2021/07/07 00:00:00",2021,7,7,"18:56:54",188.79,39.893,-125.2,1986,4,3.9,13.405,32.674,2,-999,9,268.1,2,-999,-999,9,-999,9,-999,9,-999,-999,9,-999,-999,9,-999,9,-999,9,-999,9,-999,9,-999,9,-999,9,-999,9,-999,9,-999,9,-999,9,-999,9,-999,9,-999,9,-999,9,11001,"2021/07/07 18:56:54",24,"11001","24","32.674","13.405","4.0","","","13.405","4.0","-999.0","-999.0","","","","Seawater scale (mol/kg-SW) "," K1, K2 from Mehrbach et al., 1973 refit by Dickson and Millero, 3158","Dickson ","Uppstrom, 3145","","","","","","","","","","","","","","","","","","","","","","","","","","","","","","","","","","","","","",4,3.97,13.3547,32.6953,24.5378,6.12,266.91,0.052,176.1,3.48,"dRB2102_CTD_069_01_F.csv","dRB2102","CTD","069","F.csv"
"E648",1,1,FALSE,"WCOA21","2021_WCOA_RonBrown","7/7/2021",NA,"9:39:39 PM","","E648","700102","2","Niskin; Sterivex 0.22µm filter","95% EtOH","West Coast","CM30",1472.8,40.003,-124.938,900,"Sean McAllister","Sterivex on inlet; 900 mL filtered only","7/7/2021 9:39:39 PM","7/7/2021 ","2021/07/07 09:39:00","2021/07/07 00:00:00","2021/07/07 09:39:00",40.003,-124.938,"700102","2",1473,"33RO20210613","WCOA2021","CM30","70","1","11081","2",9,"2021/07/07 00:00:00",2021,7,7,"21:39:39",188.903,40.003,-124.938,1483,1489.4,1472.8,2.488,34.555,2,-999,9,49,2,-999,-999,9,-999,9,-999,9,-999,-999,9,-999,-999,9,-999,9,-999,9,-999,9,-999,9,-999,9,-999,9,-999,9,-999,9,-999,9,-999,9,-999,9,-999,9,-999,9,-999,9,11081,"2021/07/07 21:39:39",2,"11081","2","34.555","2.488","1489.4","","","2.488","1489.4","-999.0","-999.0","","","","Seawater scale (mol/kg-SW) "," K1, K2 from Mehrbach et al., 1973 refit by Dickson and Millero, 3160","Dickson ","Uppstrom, 3147","","","","","","","","","","","","","","","","","","","","","","","","","","","","","","","","","","","","","",1473,1456.56,2.5471,34.549,27.5738,1.09,47.16,0.04,151.33,27.04,"dRB2102_CTD_070_01_F.csv","dRB2102","CTD","070","F.csv"
"E649",1,1,FALSE,"WCOA21","2021_WCOA_RonBrown","7/7/2021",NA,"10:13:10 PM","","E649","700112","12","Niskin; Sterivex 0.22µm filter","95% EtOH","West Coast","CM30",99.3,40.003,-124.938,1000,"Sean McAllister","Sterivex on inlet","7/7/2021 10:13:10 PM","7/7/2021 ","2021/07/07 10:13:00","2021/07/07 00:00:00","2021/07/07 10:13:00",40.003,-124.938,"700112","12",99,"33RO20210613","WCOA2021","CM30","70","1","11026","2",9,"2021/07/07 00:00:00",2021,7,7,"22:13:10",188.926,40.003,-124.938,1483,100.1,99.3,9.986,33.51,2,-999,9,214.7,2,-999,-999,9,-999,9,-999,9,-999,-999,9,-999,-999,9,-999,9,-999,9,-999,9,-999,9,-999,9,-999,9,-999,9,-999,9,-999,9,-999,9,-999,9,-999,9,-999,9,-999,9,11026,"2021/07/07 22:13:10",12,"11026","12","33.510","9.986","100.1","","","9.986","100.1","-999.0","-999.0","","","","Seawater scale (mol/kg-SW) "," K1, K2 from Mehrbach et al., 1973 refit by Dickson and Millero, 3170","Dickson ","Uppstrom, 3157","","","","","","","","","","","","","","","","","","","","","","","","","","","","","","","","","","","","","",99,98.22,9.9633,33.5141,25.7998,4.93,214.61,0.042,155.28,99.3,"dRB2102_CTD_070_01_F.csv","dRB2102","CTD","070","F.csv"
"E650",1,1,FALSE,"WCOA21","2021_WCOA_RonBrown","7/7/2021",NA,"10:28:21 PM","","E650","700122","22","Niskin; Sterivex 0.22µm filter","95% EtOH","West Coast","CM30",4.2,40.003,-124.938,1000,"Sean McAllister","Sterivex on inlet","7/7/2021 10:28:21 PM","7/7/2021 ","2021/07/07 10:28:00","2021/07/07 00:00:00","2021/07/07 10:28:00",40.003,-124.938,"700122","22",4,"33RO20210613","WCOA2021","CM30","70","1","11024","2",9,"2021/07/07 00:00:00",2021,7,7,"22:28:21",188.936,40.003,-124.938,1483,4.2,4.2,13.376,32.741,2,-999,9,269.5,2,-999,-999,9,-999,9,-999,9,-999,-999,9,-999,-999,9,-999,9,-999,9,-999,9,-999,9,-999,9,-999,9,-999,9,-999,9,-999,9,-999,9,-999,9,-999,9,-999,9,-999,9,11024,"2021/07/07 22:28:21",22,"11024","22","32.741","13.376","4.2","","","13.376","4.2","-999.0","-999.0","","","","Seawater scale (mol/kg-SW) "," K1, K2 from Mehrbach et al., 1973 refit by Dickson and Millero, 3180","Dickson ","Uppstrom, 3167","","","","","","","","","","","","","","","","","","","","","","","","","","","","","","","","","","","","","",4,3.97,13.4245,32.7368,24.5558,6.2,270.28,0.048,154.66,-9.33,"dRB2102_CTD_070_01_F.csv","dRB2102","CTD","070","F.csv"
"E651",1,1,FALSE,"WCOA21","2021_WCOA_RonBrown","7/8/2021",NA,"12:17:18 AM","","E651","710102","2","Niskin; Sterivex 0.22µm filter","95% EtOH","West Coast","CM20",924.6,40.1,-124.715,1000,"Sean McAllister","","7/8/2021 12:17:18 AM","7/8/2021 ","2021/07/08 12:17:00","2021/07/08 00:00:00","2021/07/08 12:17:00",40.1,-124.715,"710102","2",925,"33RO20210613","WCOA2021","CM20","71","1","11081","2",9,"2021/07/08 00:00:00",2021,7,8,"00:17:18",189.012,40.1,-124.715,935,933.8,924.6,4.307,34.389,2,-999,9,15.9,2,-999,-999,9,-999,9,-999,9,-999,-999,9,-999,-999,9,-999,9,-999,9,-999,9,-999,9,-999,9,-999,9,-999,9,-999,9,-999,9,-999,9,-999,9,-999,9,-999,9,-999,9,11081,"2021/07/08 00:17:18",2,"11081","2","34.389","4.307","933.8","","","4.307","933.8","-999.0","-999.0","","","","Seawater scale (mol/kg-SW) "," K1, K2 from Mehrbach et al., 1973 refit by Dickson and Millero, 3183","Dickson ","Uppstrom, 3170","","","","","","","","","","","","","","","","","","","","","","","","","","","","","","","","","","","","","",925,915.86,4.3165,34.3881,27.2738,0.37,16.11,0.04,154.72,20.04,"dRB2102_CTD_071_01_F.csv","dRB2102","CTD","071","F.csv"
"E652",1,1,FALSE,"WCOA21","2021_WCOA_RonBrown","7/8/2021",NA,"12:21:30 AM","","E652","710103","3","Niskin; Sterivex 0.22µm filter","95% EtOH","West Coast","CM20",742.1,40.1,-124.715,1000,"Sean McAllister","","7/8/2021 12:21:30 AM","7/8/2021 ","2021/07/08 12:21:00","2021/07/08 00:00:00","2021/07/08 12:21:00",40.1,-124.715,"710103","3",742,"33RO20210613","WCOA2021","CM20","71","1","11020","2",9,"2021/07/08 00:00:00",2021,7,8,"00:21:30",189.015,40.1,-124.715,935,749.2,742.1,4.621,34.302,2,-999,9,14.4,2,12.1,0.399,2,2345.7,2,2340.1,2,7.2917,24.99,6,45.276234834047095,24.84,6,103.9,6,3.22,6,42.7,6,0.03,6,0.01,6,-999,9,0,3,-999,9,-999,9,-999,9,-999,9,-999,9,-999,9,-999,9,11020,"2021/07/08 00:21:30",3,"11020","3","34.302","4.621","749.2","","","4.621","749.2","2340.1","2345.7","","","","Seawater scale (mol/kg-SW) "," K1, K2 from Mehrbach et al., 1973 refit by Dickson and Millero, 3184","Dickson ","Uppstrom, 3171","34.30199814","4.620999813","749.2000122","0","0","2340.100098","2345.699951","7.538292408","1263.38855","1268.629028","2238.389343","40.26746192","67.04324475","20.90171459","0.303467107","0","0","19.01838808","0.831403941","0.528901486","1279.145049","4.620999813","749.2000122","7.53829232","1263.388523","1268.628929","2238.389343","40.26746192","67.04324475","20.90171459","0.303467107","0","0","19.01838808","0.831403941","0.528901486","1279.144992",742,734.99,4.6526,34.302,27.1675,0.33,14.43,0.04,155.78,100,"dRB2102_CTD_071_01_F.csv","dRB2102","CTD","071","F.csv"
"E653",1,1,FALSE,"WCOA21","2021_WCOA_RonBrown","7/8/2021",NA,"12:39:08 AM","","E653","710111","11","Niskin; Sterivex 0.22µm filter","95% EtOH","West Coast","CM20",99.4,40.1,-124.716,1000,"Sean McAllister","","7/8/2021 12:39:08 AM","7/8/2021 ","2021/07/08 12:39:00","2021/07/08 00:00:00","2021/07/08 12:39:00",40.1,-124.716,"710111","11",99,"33RO20210613","WCOA2021","CM20","71","1","11023","2",9,"2021/07/08 00:00:00",2021,7,8,"00:39:08",189.027,40.1,-124.716,935,100.2,99.4,8.934,33.728,2,-999,9,169,2,-999,-999,9,-999,9,-999,9,-999,-999,9,-999,-999,9,-999,9,-999,9,-999,9,-999,9,-999,9,-999,9,-999,9,-999,9,-999,9,-999,9,-999,9,-999,9,-999,9,-999,9,11023,"2021/07/08 00:39:08",11,"11023","11","33.728","8.934","100.2","","","8.934","100.2","-999.0","-999.0","","","","Seawater scale (mol/kg-SW) "," K1, K2 from Mehrbach et al., 1973 refit by Dickson and Millero, 3192","Dickson ","Uppstrom, 3179","","","","","","","","","","","","","","","","","","","","","","","","","","","","","","","","","","","","","",99,98.22,8.9175,33.7279,26.1367,3.85,167.69,0.042,157.96,99.27,"dRB2102_CTD_071_01_F.csv","dRB2102","CTD","071","F.csv"
"E654",1,1,FALSE,"WCOA21","2021_WCOA_RonBrown","7/8/2021",NA,"12:53:30 AM","","E654","710121","21","Niskin; Sterivex 0.22µm filter","95% EtOH","West Coast","CM20",4,40.1,-124.717,1000,"Sean McAllister","","7/8/2021 12:53:30 AM","7/8/2021 ","2021/07/08 12:53:00","2021/07/08 00:00:00","2021/07/08 12:53:00",40.1,-124.717,"710121","21",4,"33RO20210613","WCOA2021","CM20","71","1","11062","2",9,"2021/07/08 00:00:00",2021,7,8,"00:53:30",189.037,40.1,-124.717,935,4,4,14.243,32.748,2,-999,9,270.2,2,-999,-999,9,-999,9,-999,9,-999,-999,9,-999,-999,9,-999,9,-999,9,-999,9,-999,9,-999,9,-999,9,-999,9,-999,9,-999,9,-999,9,-999,9,-999,9,-999,9,-999,9,11062,"2021/07/08 00:53:30",21,"11062","21","32.748","14.243","4.0","","","14.243","4.0","-999.0","-999.0","","","","Seawater scale (mol/kg-SW) "," K1, K2 from Mehrbach et al., 1973 refit by Dickson and Millero, 3202","Dickson ","Uppstrom, 3189","","","","","","","","","","","","","","","","","","","","","","","","","","","","","","","","","","","","","",4,3.97,14.2841,32.7547,24.3936,6.15,268.27,0.068,156.21,79.55,"dRB2102_CTD_071_01_F.csv","dRB2102","CTD","071","F.csv"
"E655",1,1,FALSE,"WCOA21","2021_WCOA_RonBrown","7/9/2021",NA,"8:38:49 AM","","E655","720103","3","Niskin; Sterivex 0.22µm filter","95% EtOH","West Coast","CM3",86.4,40.234,-124.412,1000,"Sean McAllister","Samples rinsed with niskin water (not RO)","7/9/2021 8:38:49 AM","7/9/2021 ","2021/07/09 08:38:00","2021/07/09 00:00:00","2021/07/09 08:38:00",40.234,-124.412,"720103","3",86,"33RO20210613","WCOA2021","CM3","72","1","11020","2",9,"2021/07/09 00:00:00",2021,7,9,"08:38:49",190.36,40.234,-124.412,96,87,86.4,8.373,34.041,2,34.0384,2,91.8,2,-999,-999,9,-999,9,-999,9,-999,-999,9,-999,-999,9,-999,9,-999,9,-999,9,-999,9,-999,9,-999,9,-999,9,-999,9,-999,9,-999,9,-999,9,-999,9,-999,9,-999,9,11020,"2021/07/09 08:38:49",3,"11020","3","34.041","8.373","87.0","","","8.373","87.0","-999.0","-999.0","","","","Seawater scale (mol/kg-SW) "," K1, K2 from Mehrbach et al., 1973 refit by Dickson and Millero, 3206","Dickson ","Uppstrom, 3193","","","","","","","","","","","","","","","","","","","","","","","","","","","","","","","","","","","","","",86,85.32,8.3822,34.039,26.463,2.11,91.82,0.043,164.23,12.09,"dRB2102_CTD_072_01_F.csv","dRB2102","CTD","072","F.csv"
"E656",1,1,FALSE,"WCOA21","2021_WCOA_RonBrown","7/9/2021",NA,"8:47:53 AM","","E656","720109","9","Niskin; Sterivex 0.22µm filter","95% EtOH","West Coast","CM3",30,40.234,-124.413,1000,"Sean McAllister","Samples rinsed with niskin water (not RO)","7/9/2021 8:47:53 AM","7/9/2021 ","2021/07/09 08:47:00","2021/07/09 00:00:00","2021/07/09 08:47:00",40.234,-124.413,"720109","9",30,"33RO20210613","WCOA2021","CM3","72","1","12052","3",9,"2021/07/09 00:00:00",2021,7,9,"08:47:53",190.367,40.234,-124.413,96,30.2,30,8.983,33.986,2,-999,9,146.3,2,-999,-999,9,-999,9,-999,9,-999,-999,9,-999,-999,9,-999,9,-999,9,-999,9,-999,9,-999,9,-999,9,-999,9,-999,9,-999,9,-999,9,-999,9,-999,9,-999,9,-999,9,12052,"2021/07/09 08:47:53",9,"12052","9","33.986","8.983","30.2","","","8.983","30.2","-999.0","-999.0","","","","Seawater scale (mol/kg-SW) "," K1, K2 from Mehrbach et al., 1973 refit by Dickson and Millero, 3212","Dickson ","Uppstrom, 3199","","","","","","","","","","","","","","","","","","","","","","","","","","","","","","","","","","","","","",30,29.77,8.9822,33.9849,26.3265,3.27,142.11,0.046,164.75,68.98,"dRB2102_CTD_072_01_F.csv","dRB2102","CTD","072","F.csv"
"E657",1,1,FALSE,"WCOA21","2021_WCOA_RonBrown","7/9/2021",NA,"8:55:12 AM","","E657","720116","16","Niskin; Sterivex 0.22µm filter","95% EtOH","West Coast","CM3",5.2,40.234,-124.414,1000,"Sean McAllister","Samples rinsed with niskin water (not RO)","7/9/2021 8:55:12 AM","7/9/2021 ","2021/07/09 08:55:00","2021/07/09 00:00:00","2021/07/09 08:55:00",40.234,-124.414,"720116","16",5,"33RO20210613","WCOA2021","CM3","72","1","11032","2",9,"2021/07/09 00:00:00",2021,7,9,"08:55:12",190.372,40.234,-124.414,96,5.3,5.2,9.029,33.983,2,33.9824,2,142.2,2,-999,-999,9,-999,9,-999,9,-999,-999,9,-999,-999,9,-999,9,-999,9,-999,9,-999,9,-999,9,-999,9,-999,9,-999,9,-999,9,-999,9,-999,9,-999,9,-999,9,-999,9,11032,"2021/07/09 08:55:12",16,"11032","16","33.983","9.029","5.3","","","9.029","5.3","-999.0","-999.0","","","","Seawater scale (mol/kg-SW) "," K1, K2 from Mehrbach et al., 1973 refit by Dickson and Millero, 3219","Dickson ","Uppstrom, 3206","","","","","","","","","","","","","","","","","","","","","","","","","","","","","","","","","","","","","",5,4.96,8.9787,33.9853,26.327,3.34,145.33,0.046,165.07,93.51,"dRB2102_CTD_072_01_F.csv","dRB2102","CTD","072","F.csv"
"E658.1B",1,1,FALSE,"WCOA21","2021_WCOA_RonBrown","7/9/2021",NA,"10:16:31 AM","","E658.1B","730101","1","Niskin; Sterivex 0.22µm filter","95% EtOH","West Coast","CM1",45.9,40.245,-124.385,1000,"Sean McAllister","","7/9/2021 10:16:31 AM","7/9/2021 ","2021/07/09 10:16:00","2021/07/09 00:00:00","2021/07/09 10:16:00",40.245,-124.385,"730101","1",46,"33RO20210613","WCOA2021","CM1","73","1","11031","2",9,"2021/07/09 00:00:00",2021,7,9,"10:16:31",190.428,40.245,-124.385,56,46.3,45.9,8.179,34.046,2,-999,9,84.9,2,88.9,2.921,6,2250.9,2,2272.4,6,7.3881,24.8,2,54.30768841060121,24.79,2,46.9,6,2.52,6,30.8,6,0.32,6,0.96,6,-999,9,8.153,6,-999,9,-999,9,-999,9,-999,9,-999,9,-999,9,-999,9,11031,"2021/07/09 10:16:31",1,"11031","1","34.046","8.179","46.3","","","8.179","46.3","2272.4","2250.9","","","","Seawater scale (mol/kg-SW) "," K1, K2 from Mehrbach et al., 1973 refit by Dickson and Millero, 3220","Dickson ","Uppstrom, 3207","34.04600143","8.178999901","46.29999924","0","0","2272.399902","2250.899902","7.609618187","1140.805786","1145.320679","2147.498951","49.89475885","53.50608336","24.64721084","0.48917558","0","0","18.65039923","1.185211524","0.750842745","1157.484871","8.178999901","46.29999924","7.60961839","1140.805736","1145.320658","2147.498951","49.89475885","53.50608336","24.64721084","0.48917558","0","0","18.65039923","1.185211524","0.750842745","1157.484817",46,45.64,8.2132,34.0428,26.4909,2.01,87.32,0.043,147.75,11.05,"dRB2102_CTD_073_01_F.csv","dRB2102","CTD","073","F.csv"
"E658.2T",2,2,FALSE,"WCOA21","2021_WCOA_RonBrown","7/9/2021",NA,"10:16:36 AM","","E658.2T","730102","2","Niskin; Sterivex 0.22µm filter","95% EtOH","West Coast","CM1",46,40.245,-124.385,1000,"Sean McAllister","","7/9/2021 10:16:36 AM","7/9/2021 ","2021/07/09 10:16:00","2021/07/09 00:00:00","2021/07/09 10:16:00",40.245,-124.385,"730102","2",46,"33RO20210613","WCOA2021","CM1","73","1","11081","2",9,"2021/07/09 00:00:00",2021,7,9,"10:16:36",190.428,40.245,-124.385,56,46.3,46,8.178,34.046,2,34.0482,2,84.9,2,-999,-999,9,-999,9,-999,9,-999,-999,9,-999,-999,9,-999,9,-999,9,-999,9,-999,9,-999,9,-999,9,-999,9,-999,9,-999,9,-999,9,-999,9,-999,9,-999,9,-999,9,11081,"2021/07/09 10:16:36",2,"11081","2","34.046","8.178","46.3","","","8.178","46.3","-999.0","-999.0","","","","Seawater scale (mol/kg-SW) "," K1, K2 from Mehrbach et al., 1973 refit by Dickson and Millero, 3221","Dickson ","Uppstrom, 3208","","","","","","","","","","","","","","","","","","","","","","","","","","","","","","","","","","","","","",46,45.64,8.2132,34.0428,26.4909,2.01,87.32,0.043,147.75,11.05,"dRB2102_CTD_073_01_F.csv","dRB2102","CTD","073","F.csv"
"E658.3T",2,3,FALSE,"WCOA21","2021_WCOA_RonBrown","7/9/2021",NA,"10:16:36 AM","","E658.3T","730102","2","Niskin; Sterivex 0.22µm filter","95% EtOH","West Coast","CM1",46,40.245,-124.385,1000,"Sean McAllister","","7/9/2021 10:16:36 AM","7/9/2021 ","2021/07/09 10:16:00","2021/07/09 00:00:00","2021/07/09 10:16:00",40.245,-124.385,"730102","2",46,"33RO20210613","WCOA2021","CM1","73","1","11081","2",9,"2021/07/09 00:00:00",2021,7,9,"10:16:36",190.428,40.245,-124.385,56,46.3,46,8.178,34.046,2,34.0482,2,84.9,2,-999,-999,9,-999,9,-999,9,-999,-999,9,-999,-999,9,-999,9,-999,9,-999,9,-999,9,-999,9,-999,9,-999,9,-999,9,-999,9,-999,9,-999,9,-999,9,-999,9,-999,9,11081,"2021/07/09 10:16:36",2,"11081","2","34.046","8.178","46.3","","","8.178","46.3","-999.0","-999.0","","","","Seawater scale (mol/kg-SW) "," K1, K2 from Mehrbach et al., 1973 refit by Dickson and Millero, 3221","Dickson ","Uppstrom, 3208","","","","","","","","","","","","","","","","","","","","","","","","","","","","","","","","","","","","","",46,45.64,8.2132,34.0428,26.4909,2.01,87.32,0.043,147.75,11.05,"dRB2102_CTD_073_01_F.csv","dRB2102","CTD","073","F.csv"
"E659.1B",1,1,FALSE,"WCOA21","2021_WCOA_RonBrown","7/9/2021",NA,"10:21:10 AM","","E659.1B","730104","4","Niskin; Sterivex 0.22µm filter","95% EtOH","West Coast","CM1",25.5,40.245,-124.385,1000,"Sean McAllister","","7/9/2021 10:21:10 AM","7/9/2021 ","2021/07/09 10:21:00","2021/07/09 00:00:00","2021/07/09 10:21:00",40.245,-124.385,"730104","4",26,"33RO20210613","WCOA2021","CM1","73","1","11058","2",9,"2021/07/09 00:00:00",2021,7,9,"10:21:10",190.431,40.245,-124.385,56,25.7,25.5,8.511,34.02,2,-999,9,106.3,2,106,3.483,2,2239,6,2270.2,2,7.4075,24.8,2,56.25653306682741,24.79,2,43.9,2,2.46,2,29.6,2,0.36,2,1.4,2,-999,9,14.2,2,-999,9,-999,9,-999,9,-999,9,-999,9,-999,9,-999,9,11058,"2021/07/09 10:21:10",4,"11058","4","34.020","8.511","25.7","","","8.511","25.7","2270.2","2239.0","","","","Seawater scale (mol/kg-SW) "," K1, K2 from Mehrbach et al., 1973 refit by Dickson and Millero, 3223","Dickson ","Uppstrom, 3210","34.02000046","8.51099968","25.70000076","0","0","2270.199951","2239","7.638916492","1065.625854","1069.824951","2135.875582","53.69792776","49.42654282","26.41148064","0.540524115","0","0","18.50019402","1.280688885","0.811505679","1081.449266","8.51099968","25.70000076","7.638916495","1065.625849","1069.824952","2135.875582","53.69792776","49.42654282","26.41148064","0.540524115","0","0","18.50019402","1.280688885","0.811505679","1081.449309",26,25.8,8.7087,34.0054,26.3855,2.74,119.31,0.045,147.78,31.48,"dRB2102_CTD_073_01_F.csv","dRB2102","CTD","073","F.csv"
"E659.2B",2,1,FALSE,"WCOA21","2021_WCOA_RonBrown","7/9/2021",NA,"10:21:14 AM","","E659.2B","730105","5","Niskin; Sterivex 0.22µm filter","95% EtOH","West Coast","CM1",25.4,40.245,-124.385,1000,"Sean McAllister","","7/9/2021 10:21:14 AM","7/9/2021 ","2021/07/09 10:21:00","2021/07/09 00:00:00","2021/07/09 10:21:00",40.245,-124.385,"730105","5",25,"33RO20210613","WCOA2021","CM1","73","1","11008","2",9,"2021/07/09 00:00:00",2021,7,9,"10:21:14",190.431,40.245,-124.385,56,25.6,25.4,8.563,34.014,2,-999,9,150.9,3,-999,-999,9,-999,9,-999,9,-999,-999,9,-999,-999,9,-999,9,-999,9,-999,9,-999,9,-999,9,-999,9,-999,9,-999,9,-999,9,-999,9,-999,9,-999,9,-999,9,-999,9,11008,"2021/07/09 10:21:14",5,"11008","5","34.014","8.563","25.6","","","8.563","25.6","-999.0","-999.0","","","","Seawater scale (mol/kg-SW) "," K1, K2 from Mehrbach et al., 1973 refit by Dickson and Millero, 3224","Dickson ","Uppstrom, 3211","","","","","","","","","","","","","","","","","","","","","","","","","","","","","","","","","","","","","",25,24.81,8.7023,34.005,26.3862,2.74,119.22,0.045,147.79,32.78,"dRB2102_CTD_073_01_F.csv","dRB2102","CTD","073","F.csv"
"E659.3B",3,1,FALSE,"WCOA21","2021_WCOA_RonBrown","7/9/2021",NA,"10:21:18 AM","","E659.3B","730106","6","Niskin; Sterivex 0.22µm filter","95% EtOH","West Coast","CM1",25.5,40.245,-124.385,1000,"Sean McAllister","","7/9/2021 10:21:18 AM","7/9/2021 ","2021/07/09 10:21:00","2021/07/09 00:00:00","2021/07/09 10:21:00",40.245,-124.385,"730106","6",26,"33RO20210613","WCOA2021","CM1","73","1","11082","2",9,"2021/07/09 00:00:00",2021,7,9,"10:21:18",190.431,40.245,-124.385,56,25.7,25.5,8.613,34.011,2,-999,9,157.1,3,-999,-999,9,-999,9,-999,9,-999,-999,9,-999,-999,9,-999,9,-999,9,-999,9,-999,9,-999,9,-999,9,-999,9,-999,9,-999,9,-999,9,-999,9,-999,9,-999,9,-999,9,11082,"2021/07/09 10:21:18",6,"11082","6","34.011","8.613","25.7","","","8.613","25.7","-999.0","-999.0","","","","Seawater scale (mol/kg-SW) "," K1, K2 from Mehrbach et al., 1973 refit by Dickson and Millero, 3225","Dickson ","Uppstrom, 3212","","","","","","","","","","","","","","","","","","","","","","","","","","","","","","","","","","","","","",26,25.8,8.7087,34.0054,26.3855,2.74,119.31,0.045,147.78,31.48,"dRB2102_CTD_073_01_F.csv","dRB2102","CTD","073","F.csv"
"E660.1B",1,1,FALSE,"WCOA21","2021_WCOA_RonBrown","7/9/2021",NA,"10:29:06 AM","","E660.1B","730110","10","Niskin; Sterivex 0.22µm filter","95% EtOH","West Coast","CM1",5.3,40.245,-124.386,1000,"Sean McAllister","","7/9/2021 10:29:06 AM","7/9/2021 ","2021/07/09 10:29:00","2021/07/09 00:00:00","2021/07/09 10:29:00",40.245,-124.386,"730110","10",5,"33RO20210613","WCOA2021","CM1","73","1","11067","2",9,"2021/07/09 00:00:00",2021,7,9,"10:29:06",190.437,40.245,-124.386,56,5.3,5.3,9.071,33.978,2,-999,9,202.7,2,-999,-999,9,-999,9,-999,9,-999,-999,9,-999,-999,9,-999,9,-999,9,-999,9,-999,9,-999,9,-999,9,-999,9,-999,9,-999,9,-999,9,-999,9,-999,9,-999,9,-999,9,11067,"2021/07/09 10:29:06",10,"11067","10","33.978","9.071","5.3","","","9.071","5.3","-999.0","-999.0","","","","Seawater scale (mol/kg-SW) "," K1, K2 from Mehrbach et al., 1973 refit by Dickson and Millero, 3229","Dickson ","Uppstrom, 3216","","","","","","","","","","","","","","","","","","","","","","","","","","","","","","","","","","","","","",5,4.96,9.102,34.0074,26.3247,4.66,202.73,0.047,148.27,54.89,"dRB2102_CTD_073_01_F.csv","dRB2102","CTD","073","F.csv"
"E660.2B",2,1,FALSE,"WCOA21","2021_WCOA_RonBrown","7/9/2021",NA,"10:29:08 AM","","E660.2B","730111","11","Niskin; Sterivex 0.22µm filter","95% EtOH","West Coast","CM1",5.2,40.245,-124.386,1000,"Sean McAllister","","7/9/2021 10:29:08 AM","7/9/2021 ","2021/07/09 10:29:00","2021/07/09 00:00:00","2021/07/09 10:29:00",40.245,-124.386,"730111","11",5,"33RO20210613","WCOA2021","CM1","73","1","11023","2",9,"2021/07/09 00:00:00",2021,7,9,"10:29:08",190.437,40.245,-124.386,56,5.3,5.2,9.054,33.98,2,33.9912,2,202.7,2,-999,-999,9,-999,9,-999,9,-999,-999,9,-999,-999,9,-999,9,-999,9,-999,9,-999,9,-999,9,-999,9,-999,9,-999,9,-999,9,-999,9,-999,9,-999,9,-999,9,-999,9,11023,"2021/07/09 10:29:08",11,"11023","11","33.980","9.054","5.3","","","9.054","5.3","-999.0","-999.0","","","","Seawater scale (mol/kg-SW) "," K1, K2 from Mehrbach et al., 1973 refit by Dickson and Millero, 3230","Dickson ","Uppstrom, 3217","","","","","","","","","","","","","","","","","","","","","","","","","","","","","","","","","","","","","",5,4.96,9.102,34.0074,26.3247,4.66,202.73,0.047,148.27,54.89,"dRB2102_CTD_073_01_F.csv","dRB2102","CTD","073","F.csv"
"E660.3B",3,1,FALSE,"WCOA21","2021_WCOA_RonBrown","7/9/2021",NA,"10:29:11 AM","","E660.3B","730112","12","Niskin; Sterivex 0.22µm filter","95% EtOH","West Coast","CM1",5,40.245,-124.386,1000,"Sean McAllister","","7/9/2021 10:29:11 AM","7/9/2021 ","2021/07/09 10:29:00","2021/07/09 00:00:00","2021/07/09 10:29:00",40.245,-124.386,"730112","12",5,"33RO20210613","WCOA2021","CM1","73","1","11026","2",9,"2021/07/09 00:00:00",2021,7,9,"10:29:11",190.437,40.245,-124.386,56,5,5,9.083,33.977,2,-999,9,202.7,2,-999,-999,9,-999,9,-999,9,-999,-999,9,-999,-999,9,-999,9,-999,9,-999,9,-999,9,-999,9,-999,9,-999,9,-999,9,-999,9,-999,9,-999,9,-999,9,-999,9,-999,9,11026,"2021/07/09 10:29:11",12,"11026","12","33.977","9.083","5.0","","","9.083","5.0","-999.0","-999.0","","","","Seawater scale (mol/kg-SW) "," K1, K2 from Mehrbach et al., 1973 refit by Dickson and Millero, 3231","Dickson ","Uppstrom, 3218","","","","","","","","","","","","","","","","","","","","","","","","","","","","","","","","","","","","","",5,4.96,9.102,34.0074,26.3247,4.66,202.73,0.047,148.27,54.89,"dRB2102_CTD_073_01_F.csv","dRB2102","CTD","073","F.csv"
"E661",1,1,FALSE,"WCOA21","2021_WCOA_RonBrown","7/9/2021",NA,"12:47:44 PM","","E661","740102","2","Niskin; Sterivex 0.22µm filter","95% EtOH","West Coast","CM5",118.2,40.219,-124.45,1000,"Sean McAllister","Samples rinsed with niskin water (not RO)","7/9/2021 12:47:44 PM","7/9/2021 ","2021/07/09 12:47:00","2021/07/09 00:00:00","2021/07/09 12:47:00",40.219,-124.45,"740102","2",118,"33RO20210613","WCOA2021","CM5","74","1","11081","2",9,"2021/07/09 00:00:00",2021,7,9,"12:47:44",190.533,40.219,-124.45,128,119.1,118.2,7.957,34.062,2,34.0617,2,77.3,2,-999,-999,9,-999,9,-999,9,-999,-999,9,-999,-999,9,-999,9,-999,9,-999,9,-999,9,-999,9,-999,9,-999,9,-999,9,-999,9,-999,9,-999,9,-999,9,-999,9,-999,9,11081,"2021/07/09 12:47:44",2,"11081","2","34.062","7.957","119.1","","","7.957","119.1","-999.0","-999.0","","","","Seawater scale (mol/kg-SW) "," K1, K2 from Mehrbach et al., 1973 refit by Dickson and Millero, 3233","Dickson ","Uppstrom, 3220","","","","","","","","","","","","","","","","","","","","","","","","","","","","","","","","","","","","","",118,117.06,7.9545,34.062,26.5456,1.78,77.3,0.042,152.2,11.69,"dRB2102_CTD_074_01_F.csv","dRB2102","CTD","074","F.csv"
"E662",1,1,FALSE,"WCOA21","2021_WCOA_RonBrown","7/9/2021",NA,"12:58:51 PM","","E662","740107","7","Niskin; Sterivex 0.22µm filter","95% EtOH","West Coast","CM5",59.9,40.218,-124.453,1000,"Sean McAllister","","7/9/2021 12:58:51 PM","7/9/2021 ","2021/07/09 12:58:00","2021/07/09 00:00:00","2021/07/09 12:58:00",40.218,-124.453,"740107","7",60,"33RO20210613","WCOA2021","CM5","74","1","11004","2",9,"2021/07/09 00:00:00",2021,7,9,"12:58:51",190.541,40.218,-124.453,128,60.4,59.9,8.145,34.045,2,-999,9,87.6,2,86.3,2.835,2,2252.5,2,2270.5,2,7.3854,24.89,2,53.97454475682783,24.845000000000002,2,47.3,2,2.53,2,31.1,2,0.32,2,0.86,2,-999,9,18.644,2,-999,9,-999,9,-999,9,-999,9,-999,9,-999,9,-999,9,11004,"2021/07/09 12:58:51",7,"11004","7","34.045","8.145","60.4","","","8.145","60.4","2270.5","2252.5","","","","Seawater scale (mol/kg-SW) "," K1, K2 from Mehrbach et al., 1973 refit by Dickson and Millero, 3238","Dickson ","Uppstrom, 3225","34.04499817","8.145000458","60.40000153","0","0","2270.5","2252.5","7.597570419","1171.660767","1176.299927","2148.941824","48.54090124","55.01731354","24.0273792","0.474655158","0","0","18.67568442","1.149979708","0.728606917","1188.76391","8.145000458","60.40000153","7.597570238","1171.660748","1176.299849","2148.941824","48.54090124","55.01731354","24.0273792","0.474655158","0","0","18.67568442","1.149979708","0.728606917","1188.763883",60,59.53,8.0232,34.0551,26.5291,1.89,82.4,0.042,152.9,68.44,"dRB2102_CTD_074_01_F.csv","dRB2102","CTD","074","F.csv"
"E663",1,1,FALSE,"WCOA21","2021_WCOA_RonBrown","7/9/2021",NA,"1:13:40 PM","","E663","740116","16","Niskin; Sterivex 0.22µm filter","95% EtOH","West Coast","CM5",4.9,40.217,-124.458,1000,"Sean McAllister","Samples rinsed with niskin water (not RO)","7/9/2021 1:13:40 PM","7/9/2021 ","2021/07/09 01:13:00","2021/07/09 00:00:00","2021/07/09 01:13:00",40.217,-124.458,"740116","16",5,"33RO20210613","WCOA2021","CM5","74","1","11032","2",9,"2021/07/09 00:00:00",2021,7,9,"13:13:40",190.551,40.217,-124.458,128,4.9,4.9,9.316,33.943,2,-999,9,158.2,2,-999,-999,9,-999,9,-999,9,-999,-999,9,-999,-999,9,-999,9,-999,9,-999,9,-999,9,-999,9,-999,9,-999,9,-999,9,-999,9,-999,9,-999,9,-999,9,-999,9,-999,9,11032,"2021/07/09 13:13:40",16,"11032","16","33.943","9.316","4.9","","","9.316","4.9","-999.0","-999.0","","","","Seawater scale (mol/kg-SW) "," K1, K2 from Mehrbach et al., 1973 refit by Dickson and Millero, 3247","Dickson ","Uppstrom, 3234","","","","","","","","","","","","","","","","","","","","","","","","","","","","","","","","","","","","","",5,4.96,9.2934,33.947,26.2467,3.63,158.17,0.049,153.27,99.46,"dRB2102_CTD_074_01_F.csv","dRB2102","CTD","074","F.csv"
"E664",1,1,FALSE,"WCOA21","2021_WCOA_RonBrown","7/9/2021",NA,"2:27:36 PM","","E664","750102","2","Niskin; Sterivex 0.22µm filter","95% EtOH","West Coast","CM7",310.5,40.203,-124.492,1000,"Sean McAllister","Samples rinsed with niskin water (not RO)","7/9/2021 2:27:36 PM","7/9/2021 ","2021/07/09 02:27:00","2021/07/09 00:00:00","2021/07/09 02:27:00",40.203,-124.492,"750102","2",310,"33RO20210613","WCOA2021","CM7","75","1","11081","2",9,"2021/07/09 00:00:00",2021,7,9,"14:27:36",190.603,40.203,-124.492,321,313.2,310.5,7.255,34.134,2,-999,9,48.1,2,-999,-999,9,-999,9,-999,9,-999,-999,9,-999,-999,9,-999,9,-999,9,-999,9,-999,9,-999,9,-999,9,-999,9,-999,9,-999,9,-999,9,-999,9,-999,9,-999,9,-999,9,11081,"2021/07/09 14:27:36",2,"11081","2","34.134","7.255","313.2","","","7.255","313.2","-999.0","-999.0","","","","Seawater scale (mol/kg-SW) "," K1, K2 from Mehrbach et al., 1973 refit by Dickson and Millero, 3249","Dickson ","Uppstrom, 3236","","","","","","","","","","","","","","","","","","","","","","","","","","","","","","","","","","","","","",310,307.39,7.2923,34.1325,26.6989,1.13,49.09,0.041,145.95,13.11,"dRB2102_CTD_075_01_F.csv","dRB2102","CTD","075","F.csv"
"E665",1,1,FALSE,"WCOA21","2021_WCOA_RonBrown","7/9/2021",NA,"2:32:52 PM","","E665","750103","3","Niskin; Sterivex 0.22µm filter","95% EtOH","West Coast","CM7",199.1,40.203,-124.492,1000,"Sean McAllister","","7/9/2021 2:32:52 PM","7/9/2021 ","2021/07/09 02:32:00","2021/07/09 00:00:00","2021/07/09 02:32:00",40.203,-124.492,"750103","3",199,"33RO20210613","WCOA2021","CM7","75","1","11020","2",9,"2021/07/09 00:00:00",2021,7,9,"14:32:52",190.606,40.203,-124.492,321,200.8,199.1,8.274,34.039,2,34.0525,2,89.3,2,89.3,2.932,2,2247.2,6,2271.3,2,7.3893,25.04,6,54.59928200753336,24.815,6,45.5,2,2.51,2,30.7,2,0.31,2,0.85,2,-999,9,12.162,2,-999,9,-999,9,-999,9,-999,9,-999,9,-999,9,-999,9,11020,"2021/07/09 14:32:52",3,"11020","3","34.039","8.274","200.8","","","8.274","200.8","2271.3","2247.2","","","","Seawater scale (mol/kg-SW) "," K1, K2 from Mehrbach et al., 1973 refit by Dickson and Millero, 3250","Dickson ","Uppstrom, 3237","34.03900146","8.274000168","200.8000031","0","0","2271.300049","2247.199951","7.610947609","1118.24707","1122.667236","2144.230444","50.68872053","52.28071711","25.21521351","0.501786685","0","0","18.6414295","1.169428347","0.742313374","1134.668888","8.274000168","200.8000031","7.610947454","1118.247059","1122.6672","2144.230444","50.68872053","52.28071711","25.21521351","0.501786685","0","0","18.6414295","1.169428347","0.742313374","1134.668866",199,197.38,8.2718,34.0397,26.482,2.05,89.21,0.043,146.97,90.66,"dRB2102_CTD_075_01_F.csv","dRB2102","CTD","075","F.csv"
"E666",1,1,FALSE,"WCOA21","2021_WCOA_RonBrown","7/9/2021",NA,"2:44:09 PM","","E666","750107","7","Niskin; Sterivex 0.22µm filter","95% EtOH","West Coast","CM7",100.2,40.203,-124.493,1000,"Sean McAllister","Samples rinsed with niskin water (not RO)","7/9/2021 2:44:09 PM","7/9/2021 ","2021/07/09 02:44:00","2021/07/09 00:00:00","2021/07/09 02:44:00",40.203,-124.493,"750107","7",100,"33RO20210613","WCOA2021","CM7","75","1","11004","2",9,"2021/07/09 00:00:00",2021,7,9,"14:44:09",190.614,40.203,-124.493,321,101,100.2,8.92,33.984,2,-999,9,133.4,2,-999,-999,9,-999,9,-999,9,-999,-999,9,-999,-999,9,-999,9,-999,9,-999,9,-999,9,-999,9,-999,9,-999,9,-999,9,-999,9,-999,9,-999,9,-999,9,-999,9,-999,9,11004,"2021/07/09 14:44:09",7,"11004","7","33.984","8.920","101.0","","","8.920","101.0","-999.0","-999.0","","","","Seawater scale (mol/kg-SW) "," K1, K2 from Mehrbach et al., 1973 refit by Dickson and Millero, 3254","Dickson ","Uppstrom, 3241","","","","","","","","","","","","","","","","","","","","","","","","","","","","","","","","","","","","","",100,99.21,8.874,33.9883,26.3475,3,130.58,0.046,147.18,99.6,"dRB2102_CTD_075_01_F.csv","dRB2102","CTD","075","F.csv"
"E667",1,1,FALSE,"WCOA21","2021_WCOA_RonBrown","7/9/2021",NA,"3:04:57 PM","","E667","750118","18","Niskin; Sterivex 0.22µm filter","95% EtOH","West Coast","CM7",5.3,40.202,-124.496,1000,"Sean McAllister","Samples rinsed with niskin water (not RO)","7/9/2021 3:04:57 PM","7/9/2021 ","2021/07/09 03:04:00","2021/07/09 00:00:00","2021/07/09 03:04:00",40.202,-124.496,"750118","18",5,"33RO20210613","WCOA2021","CM7","75","1","11002","2",9,"2021/07/09 00:00:00",2021,7,9,"15:04:57",190.628,40.202,-124.496,321,5.3,5.3,9.109,33.959,2,-999,9,144.4,2,-999,-999,9,-999,9,-999,9,-999,-999,9,-999,-999,9,-999,9,-999,9,-999,9,-999,9,-999,9,-999,9,-999,9,-999,9,-999,9,-999,9,-999,9,-999,9,-999,9,-999,9,11002,"2021/07/09 15:04:57",18,"11002","18","33.959","9.109","5.3","","","9.109","5.3","-999.0","-999.0","","","","Seawater scale (mol/kg-SW) "," K1, K2 from Mehrbach et al., 1973 refit by Dickson and Millero, 3265","Dickson ","Uppstrom, 3252","","","","","","","","","","","","","","","","","","","","","","","","","","","","","","","","","","","","","",5,4.96,9.2007,33.9568,26.2693,3.83,166.65,0.05,148.74,56.4,"dRB2102_CTD_075_01_F.csv","dRB2102","CTD","075","F.csv"
"E668",1,1,FALSE,"WCOA21","2021_WCOA_RonBrown","7/9/2021",NA,"11:40:15 PM","","E668","760102","2","Niskin; Sterivex 0.22µm filter","95% EtOH","West Coast","PA19",2044.8,38.779,-124.092,1000,"Sean McAllister","Samples rinsed with niskin water (not RO); Sterivex on inlet","7/9/2021 11:40:15 PM","7/9/2021 ","2021/07/09 11:40:00","2021/07/09 00:00:00","2021/07/09 11:40:00",38.779,-124.092,"760102","2",2045,"33RO20210613","WCOA2021","PA19","76","1","11081","2",10,"2021/07/09 00:00:00",2021,7,9,"23:40:15",190.986,38.779,-124.092,2055,2070.5,2044.8,1.954,34.613,2,-999,9,76.9,2,-999,-999,9,-999,9,-999,9,-999,-999,9,-999,-999,9,-999,9,-999,9,-999,9,-999,9,-999,9,-999,9,-999,9,-999,9,-999,9,-999,9,-999,9,-999,9,-999,9,-999,9,11081,"2021/07/09 23:40:15",2,"11081","2","34.613","1.954","2070.5","","","1.954","2070.5","-999.0","-999.0","","","","Seawater scale (mol/kg-SW) "," K1, K2 from Mehrbach et al., 1973 refit by Dickson and Millero, 3267","Dickson ","Uppstrom, 3254","","","","","","","","","","","","","","","","","","","","","","","","","","","","","","","","","","","","","",2045,2019.69,1.9631,34.6114,27.6741,1.76,76.36,0.04,149.53,35.52,"dRB2102_CTD_076_01_F.csv","dRB2102","CTD","076","F.csv"
"E669",1,1,FALSE,"WCOA21","2021_WCOA_RonBrown","7/10/2021",NA,"12:31:51 AM","","E669","760113","13","Niskin; Sterivex 0.22µm filter","95% EtOH","West Coast","PA19",99.6,38.779,-124.09,1000,"Sean McAllister","Samples rinsed with niskin water (not RO); Sterivex on inlet","7/10/2021 12:31:51 AM","7/10/2021 ","2021/07/10 12:31:00","2021/07/10 00:00:00","2021/07/10 12:31:00",38.779,-124.09,"760113","13",100,"33RO20210613","WCOA2021","PA19","76","1","11054","2",10,"2021/07/10 00:00:00",2021,7,10,"00:31:51",191.022,38.779,-124.09,2055,100.4,99.6,9.311,33.927,2,-999,9,172.4,2,-999,-999,9,-999,9,-999,9,-999,-999,9,-999,-999,9,-999,9,-999,9,-999,9,-999,9,-999,9,-999,9,-999,9,-999,9,-999,9,-999,9,-999,9,-999,9,-999,9,-999,9,11054,"2021/07/10 00:31:51",13,"11054","13","33.927","9.311","100.4","","","9.311","100.4","-999.0","-999.0","","","","Seawater scale (mol/kg-SW) "," K1, K2 from Mehrbach et al., 1973 refit by Dickson and Millero, 3278","Dickson ","Uppstrom, 3265","","","","","","","","","","","","","","","","","","","","","","","","","","","","","","","","","","","","","",100,99.22,9.2374,33.9342,26.2473,3.96,172.18,0.04,156.3,96.99,"dRB2102_CTD_076_01_F.csv","dRB2102","CTD","076","F.csv"
"E670",1,1,FALSE,"WCOA21","2021_WCOA_RonBrown","7/10/2021",NA,"12:50:27 AM","","E670","760123","23","Niskin; Sterivex 0.22µm filter","95% EtOH","West Coast","PA19",4,38.779,-124.09,1000,"Sean McAllister","Samples rinsed with niskin water (not RO); Sterivex on inlet","7/10/2021 12:50:27 AM","7/10/2021 ","2021/07/10 12:50:00","2021/07/10 00:00:00","2021/07/10 12:50:00",38.779,-124.09,"760123","23",4,"33RO20210613","WCOA2021","PA19","76","1","11061","2",10,"2021/07/10 00:00:00",2021,7,10,"00:50:27",191.035,38.779,-124.09,2055,4.1,4,12.868,33.245,2,-999,9,266.6,2,-999,-999,9,-999,9,-999,9,-999,-999,9,-999,-999,9,-999,9,-999,9,-999,9,-999,9,-999,9,-999,9,-999,9,-999,9,-999,9,-999,9,-999,9,-999,9,-999,9,-999,9,11061,"2021/07/10 00:50:27",23,"11061","23","33.245","12.868","4.1","","","12.868","4.1","-999.0","-999.0","","","","Seawater scale (mol/kg-SW) "," K1, K2 from Mehrbach et al., 1973 refit by Dickson and Millero, 3288","Dickson ","Uppstrom, 3275","","","","","","","","","","","","","","","","","","","","","","","","","","","","","","","","","","","","","",4,3.97,12.8477,33.2245,25.0477,6.07,264.46,0.066,156.06,85.51,"dRB2102_CTD_076_01_F.csv","dRB2102","CTD","076","F.csv"
"E671",1,1,FALSE,"WCOA21","2021_WCOA_RonBrown","7/10/2021",NA,"2:23:51 AM","","E671","770102","2","Niskin; Sterivex 0.22µm filter","95% EtOH","West Coast","PA9",246.7,38.853,-123.907,1000,"Sean McAllister","Samples rinsed with niskin water (not RO)","7/10/2021 2:23:51 AM","7/10/2021 ","2021/07/10 02:23:00","2021/07/10 00:00:00","2021/07/10 02:23:00",38.853,-123.907,"770102","2",247,"33RO20210613","WCOA2021","PA9","77","1","11081","2",10,"2021/07/10 00:00:00",2021,7,10,"02:23:51",191.1,38.853,-123.907,257,248.7,246.7,8.032,34.077,2,-999,9,74.5,2,-999,-999,9,-999,9,-999,9,-999,-999,9,-999,-999,9,-999,9,-999,9,-999,9,-999,9,-999,9,-999,9,-999,9,-999,9,-999,9,-999,9,-999,9,-999,9,-999,9,-999,9,11081,"2021/07/10 02:23:51",2,"11081","2","34.077","8.032","248.7","","","8.032","248.7","-999.0","-999.0","","","","Seawater scale (mol/kg-SW) "," K1, K2 from Mehrbach et al., 1973 refit by Dickson and Millero, 3291","Dickson ","Uppstrom, 3278","","","","","","","","","","","","","","","","","","","","","","","","","","","","","","","","","","","","","",247,244.99,8.0335,34.0777,26.5482,1.71,74.49,0.04,148.87,11.92,"dRB2102_CTD_077_01_F.csv","dRB2102","CTD","077","F.csv"
"E672",1,1,FALSE,"WCOA21","2021_WCOA_RonBrown","7/10/2021",NA,"2:23:53 AM","","E672","770103","3","Niskin; Sterivex 0.22µm filter","95% EtOH","West Coast","PA9",246.6,38.853,-123.907,1000,"Sean McAllister","","7/10/2021 2:23:53 AM","7/10/2021 ","2021/07/10 02:23:00","2021/07/10 00:00:00","2021/07/10 02:23:00",38.853,-123.907,"770103","3",247,"33RO20210613","WCOA2021","PA9","77","1","11020","2",10,"2021/07/10 00:00:00",2021,7,10,"02:23:53",191.1,38.853,-123.907,257,248.6,246.6,8.031,34.077,2,-999,9,74.5,2,-999,-999,9,-999,9,-999,9,-999,-999,9,-999,-999,9,-999,9,-999,9,-999,9,-999,9,-999,9,-999,9,3.288,2,-999,9,-999,9,-999,9,-999,9,-999,9,-999,9,-999,9,11020,"2021/07/10 02:23:53",3,"11020","3","34.077","8.031","248.6","","","8.031","248.6","-999.0","-999.0","","","","Seawater scale (mol/kg-SW) "," K1, K2 from Mehrbach et al., 1973 refit by Dickson and Millero, 3292","Dickson ","Uppstrom, 3279","","","","","","","","","","","","","","","","","","","","","","","","","","","","","","","","","","","","","",247,244.99,8.0335,34.0777,26.5482,1.71,74.49,0.04,148.87,11.92,"dRB2102_CTD_077_01_F.csv","dRB2102","CTD","077","F.csv"
"E673",1,1,FALSE,"WCOA21","2021_WCOA_RonBrown","7/10/2021",NA,"2:33:48 AM","","E673","770107","7","Niskin; Sterivex 0.22µm filter","95% EtOH","West Coast","PA9",100,38.853,-123.907,1000,"Sean McAllister","Samples rinsed with niskin water (not RO)","7/10/2021 2:33:48 AM","7/10/2021 ","2021/07/10 02:33:00","2021/07/10 00:00:00","2021/07/10 02:33:00",38.853,-123.907,"770107","7",100,"33RO20210613","WCOA2021","PA9","77","1","11004","2",10,"2021/07/10 00:00:00",2021,7,10,"02:33:48",191.107,38.853,-123.907,257,100.8,100,8.69,33.956,2,-999,9,118.5,2,-999,-999,9,-999,9,-999,9,-999,-999,9,-999,-999,9,-999,9,-999,9,-999,9,-999,9,-999,9,-999,9,-999,9,-999,9,-999,9,-999,9,-999,9,-999,9,-999,9,-999,9,11004,"2021/07/10 02:33:48",7,"11004","7","33.956","8.690","100.8","","","8.690","100.8","-999.0","-999.0","","","","Seawater scale (mol/kg-SW) "," K1, K2 from Mehrbach et al., 1973 refit by Dickson and Millero, 3296","Dickson ","Uppstrom, 3283","","","","","","","","","","","","","","","","","","","","","","","","","","","","","","","","","","","","","",100,99.22,8.7646,33.9506,26.335,2.85,124.06,0.04,149.67,99.58,"dRB2102_CTD_077_01_F.csv","dRB2102","CTD","077","F.csv"
"E674",1,1,FALSE,"WCOA21","2021_WCOA_RonBrown","7/10/2021",NA,"2:52:18 AM","","E674","770118","18","Niskin; Sterivex 0.22µm filter","95% EtOH","West Coast","PA9",3.7,38.853,-123.907,1000,"Sean McAllister","Samples rinsed with niskin water (not RO)","7/10/2021 2:52:18 AM","7/10/2021 ","2021/07/10 02:52:00","2021/07/10 00:00:00","2021/07/10 02:52:00",38.853,-123.907,"770118","18",4,"33RO20210613","WCOA2021","PA9","77","1","11002","2",10,"2021/07/10 00:00:00",2021,7,10,"02:52:18",191.12,38.853,-123.907,257,3.7,3.7,11.547,33.554,2,-999,9,247.8,2,-999,-999,9,-999,9,-999,9,-999,-999,9,-999,-999,9,-999,9,-999,9,-999,9,-999,9,-999,9,-999,9,-999,9,-999,9,-999,9,-999,9,-999,9,-999,9,-999,9,-999,9,11002,"2021/07/10 02:52:18",18,"11002","18","33.554","11.547","3.7","","","11.547","3.7","-999.0","-999.0","","","","Seawater scale (mol/kg-SW) "," K1, K2 from Mehrbach et al., 1973 refit by Dickson and Millero, 3307","Dickson ","Uppstrom, 3294","","","","","","","","","","","","","","","","","","","","","","","","","","","","","","","","","","","","","",4,3.97,11.5873,33.5555,25.5443,5.69,247.62,0.084,149.12,97.72,"dRB2102_CTD_077_01_F.csv","dRB2102","CTD","077","F.csv"
"E675.1B",1,1,FALSE,"WCOA21","2021_WCOA_RonBrown","7/10/2021",NA,"4:28:00 AM","","E675.1B","780101","1","Niskin; Sterivex 0.22µm filter","95% EtOH","West Coast","PA3",89.9,38.895,-123.791,1000,"Sean McAllister","Sterivex on inlet","7/10/2021 4:28:00 AM","7/10/2021 ","2021/07/10 04:28:00","2021/07/10 00:00:00","2021/07/10 04:28:00",38.895,-123.791,"780101","1",90,"33RO20210613","WCOA2021","PA3","78","1","11031","2",10,"2021/07/10 00:00:00",2021,7,10,"04:28:00",191.186,38.895,-123.791,100,90.6,89.9,8.708,34.018,2,-999,9,85.8,2,89.1,2.925,6,2230.3,6,2259.7,3,7.4067,24.99,2,56.91903793972104,24.900000000000002,2,39.7,2,2.4,2,29.1,2,0.25,2,0.64,2,-999,9,5.257,6,-999,9,-999,9,-999,9,-999,9,-999,9,-999,9,-999,9,11031,"2021/07/10 04:28:00",1,"11031","1","34.018","8.708","90.6","","","8.708","90.6","2259.7","2230.3","","","","Seawater scale (mol/kg-SW) "," K1, K2 from Mehrbach et al., 1973 refit by Dickson and Millero, 3309","Dickson ","Uppstrom, 3296","34.01800156","8.708000183","90.59999847","0","0","2259.699951","2230.300049","7.627430916","1084.207397","1088.468872","2127.603808","52.74147165","49.9548228","26.09702731","0.540094002","0","0","18.50430234","1.24260303","0.788224153","1100.45644","8.708000183","90.59999847","7.627431019","1084.207409","1088.468745","2127.603808","52.74147165","49.9548228","26.09702731","0.540094002","0","0","18.50430234","1.24260303","0.788224153","1100.456361",90,89.3,8.6905,34.0202,26.401,1.97,85.77,0.041,169.88,11.32,"dRB2102_CTD_078_01_F.csv","dRB2102","CTD","078","F.csv"
"E675.2B",2,1,FALSE,"WCOA21","2021_WCOA_RonBrown","7/10/2021",NA,"4:28:03 AM","","E675.2B","780102","2","Niskin; Sterivex 0.22µm filter","95% EtOH","West Coast","PA3",88.6,38.895,-123.791,1000,"Sean McAllister","Samples rinsed with niskin water (not RO); Sterivex on inlet","7/10/2021 4:28:03 AM","7/10/2021 ","2021/07/10 04:28:00","2021/07/10 00:00:00","2021/07/10 04:28:00",38.895,-123.791,"780102","2",89,"33RO20210613","WCOA2021","PA3","78","1","11081","2",10,"2021/07/10 00:00:00",2021,7,10,"04:28:03",191.186,38.895,-123.791,100,89.3,88.6,8.711,34.016,2,-999,9,87.6,2,-999,-999,9,-999,9,-999,9,-999,-999,9,-999,-999,9,-999,9,-999,9,-999,9,-999,9,-999,9,-999,9,-999,9,-999,9,-999,9,-999,9,-999,9,-999,9,-999,9,-999,9,11081,"2021/07/10 04:28:03",2,"11081","2","34.016","8.711","89.3","","","8.711","89.3","-999.0","-999.0","","","","Seawater scale (mol/kg-SW) "," K1, K2 from Mehrbach et al., 1973 refit by Dickson and Millero, 3310","Dickson ","Uppstrom, 3297","","","","","","","","","","","","","","","","","","","","","","","","","","","","","","","","","","","","","",89,88.31,8.7222,34.0113,26.3891,2.01,87.64,0.04,169.94,12.35,"dRB2102_CTD_078_01_F.csv","dRB2102","CTD","078","F.csv"
"E675.3B",3,1,FALSE,"WCOA21","2021_WCOA_RonBrown","7/10/2021",NA,"4:28:07 AM","","E675.3B","780103","3","Niskin; Sterivex 0.22µm filter","95% EtOH","West Coast","PA3",90.4,38.895,-123.791,1000,"Sean McAllister","Samples rinsed with niskin water (not RO); Sterivex on inlet","7/10/2021 4:28:07 AM","7/10/2021 ","2021/07/10 04:28:00","2021/07/10 00:00:00","2021/07/10 04:28:00",38.895,-123.791,"780103","3",90,"33RO20210613","WCOA2021","PA3","78","1","11020","2",10,"2021/07/10 00:00:00",2021,7,10,"04:28:07",191.186,38.895,-123.791,100,91.1,90.4,8.693,34.021,2,-999,9,86.2,2,-999,-999,9,-999,9,-999,9,-999,-999,9,-999,-999,9,-999,9,-999,9,-999,9,-999,9,-999,9,-999,9,-999,9,-999,9,-999,9,-999,9,-999,9,-999,9,-999,9,-999,9,11020,"2021/07/10 04:28:07",3,"11020","3","34.021","8.693","91.1","","","8.693","91.1","-999.0","-999.0","","","","Seawater scale (mol/kg-SW) "," K1, K2 from Mehrbach et al., 1973 refit by Dickson and Millero, 3311","Dickson ","Uppstrom, 3298","","","","","","","","","","","","","","","","","","","","","","","","","","","","","","","","","","","","","",90,89.3,8.6905,34.0202,26.401,1.97,85.77,0.041,169.88,11.32,"dRB2102_CTD_078_01_F.csv","dRB2102","CTD","078","F.csv"
"E676.1B",1,1,FALSE,"WCOA21","2021_WCOA_RonBrown","7/10/2021",NA,"4:39:22 AM","","E676.1B","780110","10","Niskin; Sterivex 0.22µm filter","95% EtOH","West Coast","PA3",39.9,38.895,-123.791,1000,"Sean McAllister","Sterivex on inlet","7/10/2021 4:39:22 AM","7/10/2021 ","2021/07/10 04:39:00","2021/07/10 00:00:00","2021/07/10 04:39:00",38.895,-123.791,"780110","10",40,"33RO20210613","WCOA2021","PA3","78","1","11067","2",10,"2021/07/10 00:00:00",2021,7,10,"04:39:22",191.194,38.895,-123.791,100,40.2,39.9,9.748,33.882,2,-999,9,185.3,2,192.1,6.309,2,2172.9,2,2253.9,2,7.5707,24.99,2,80.16943506436512,24.900000000000002,2,24.5,2,1.88,2,22.4,2,0.58,2,0.72,2,-999,9,4.845,2,-999,9,-999,9,-999,9,-999,9,-999,9,-999,9,-999,9,11067,"2021/07/10 04:39:22",10,"11067","10","33.882","9.748","40.2","","","9.748","40.2","2253.9","2172.9","","","","Seawater scale (mol/kg-SW) "," K1, K2 from Mehrbach et al., 1973 refit by Dickson and Millero, 3318","Dickson ","Uppstrom, 3305","33.88199997","9.748000145","40.20000076","0","0","2253.899902","2172.899902","7.784712315","742.0010986","744.8781738","2063.740209","76.11636849","33.04332048","37.08552248","0.858068896","0","0","16.81213617","1.811884784","1.150301605","753.6853097","9.748000145","40.20000076","7.784712472","742.0010949","744.8781594","2063.740209","76.11636849","33.04332048","37.08552248","0.858068896","0","0","16.81213617","1.811884784","1.150301605","753.6852706",40,39.69,10.0866,33.8725,26.0577,4.91,213.87,0.145,169.18,61.74,"dRB2102_CTD_078_01_F.csv","dRB2102","CTD","078","F.csv"
"E676.2B",2,1,FALSE,"WCOA21","2021_WCOA_RonBrown","7/10/2021",NA,"4:39:24 AM","","E676.2B","780111","11","Niskin; Sterivex 0.22µm filter","95% EtOH","West Coast","PA3",40,38.895,-123.791,1000,"Sean McAllister","Samples rinsed with niskin water (not RO); Sterivex on inlet","7/10/2021 4:39:24 AM","7/10/2021 ","2021/07/10 04:39:00","2021/07/10 00:00:00","2021/07/10 04:39:00",38.895,-123.791,"780111","11",40,"33RO20210613","WCOA2021","PA3","78","1","11023","2",10,"2021/07/10 00:00:00",2021,7,10,"04:39:24",191.194,38.895,-123.791,100,40.3,40,9.749,33.882,2,-999,9,185.3,2,-999,-999,9,-999,9,-999,9,-999,-999,9,-999,-999,9,-999,9,-999,9,-999,9,-999,9,-999,9,-999,9,-999,9,-999,9,-999,9,-999,9,-999,9,-999,9,-999,9,-999,9,11023,"2021/07/10 04:39:24",11,"11023","11","33.882","9.749","40.3","","","9.749","40.3","-999.0","-999.0","","","","Seawater scale (mol/kg-SW) "," K1, K2 from Mehrbach et al., 1973 refit by Dickson and Millero, 3319","Dickson ","Uppstrom, 3306","","","","","","","","","","","","","","","","","","","","","","","","","","","","","","","","","","","","","",40,39.69,10.0866,33.8725,26.0577,4.91,213.87,0.145,169.18,61.74,"dRB2102_CTD_078_01_F.csv","dRB2102","CTD","078","F.csv"
"E676.3B",3,1,FALSE,"WCOA21","2021_WCOA_RonBrown","7/10/2021",NA,"4:39:28 AM","","E676.3B","780112","12","Niskin; Sterivex 0.22µm filter","95% EtOH","West Coast","PA3",39.4,38.895,-123.791,1000,"Sean McAllister","Samples rinsed with niskin water (not RO); Sterivex on inlet","7/10/2021 4:39:28 AM","7/10/2021 ","2021/07/10 04:39:00","2021/07/10 00:00:00","2021/07/10 04:39:00",38.895,-123.791,"780112","12",39,"33RO20210613","WCOA2021","PA3","78","1","11026","2",10,"2021/07/10 00:00:00",2021,7,10,"04:39:28",191.194,38.895,-123.791,100,39.7,39.4,9.757,33.882,2,-999,9,185.3,2,-999,-999,9,-999,9,-999,9,-999,-999,9,-999,-999,9,-999,9,-999,9,-999,9,-999,9,-999,9,-999,9,-999,9,-999,9,-999,9,-999,9,-999,9,-999,9,-999,9,-999,9,11026,"2021/07/10 04:39:28",12,"11026","12","33.882","9.757","39.7","","","9.757","39.7","-999.0","-999.0","","","","Seawater scale (mol/kg-SW) "," K1, K2 from Mehrbach et al., 1973 refit by Dickson and Millero, 3320","Dickson ","Uppstrom, 3307","","","","","","","","","","","","","","","","","","","","","","","","","","","","","","","","","","","","","",39,38.7,10.3078,33.8845,26.0292,5.13,223.44,0.186,169.04,62.7,"dRB2102_CTD_078_01_F.csv","dRB2102","CTD","078","F.csv"
"E677.1B",1,1,FALSE,"WCOA21","2021_WCOA_RonBrown","7/10/2021",NA,"4:48:54 AM","","E677.1B","780122","22","Niskin; Sterivex 0.22µm filter","95% EtOH","West Coast","PA3",2.9,38.895,-123.791,1000,"Sean McAllister","Samples rinsed with niskin water (not RO); Sterivex on inlet","7/10/2021 4:48:54 AM","7/10/2021 ","2021/07/10 04:48:00","2021/07/10 00:00:00","2021/07/10 04:48:00",38.895,-123.791,"780122","22",3,"33RO20210613","WCOA2021","PA3","78","1","11024","2",10,"2021/07/10 00:00:00",2021,7,10,"04:48:54",191.201,38.895,-123.791,100,3,2.9,10.546,33.872,2,-999,9,252.1,2,-999,-999,9,-999,9,-999,9,-999,-999,9,-999,-999,9,-999,9,-999,9,-999,9,-999,9,-999,9,-999,9,-999,9,-999,9,-999,9,-999,9,-999,9,-999,9,-999,9,-999,9,11024,"2021/07/10 04:48:54",22,"11024","22","33.872","10.546","3.0","","","10.546","3.0","-999.0","-999.0","","","","Seawater scale (mol/kg-SW) "," K1, K2 from Mehrbach et al., 1973 refit by Dickson and Millero, 3330","Dickson ","Uppstrom, 3317","","","","","","","","","","","","","","","","","","","","","","","","","","","","","","","","","","","","","",3,2.98,10.5852,33.9002,25.9926,5.78,251.76,0.284,170.46,98.15,"dRB2102_CTD_078_01_F.csv","dRB2102","CTD","078","F.csv"
"E677.2B",2,1,FALSE,"WCOA21","2021_WCOA_RonBrown","7/10/2021",NA,"4:48:56 AM","","E677.2B","780123","23","Niskin; Sterivex 0.22µm filter","95% EtOH","West Coast","PA3",3.4,38.895,-123.791,1000,"Sean McAllister","Samples rinsed with niskin water (not RO); Sterivex on inlet","7/10/2021 4:48:56 AM","7/10/2021 ","2021/07/10 04:48:00","2021/07/10 00:00:00","2021/07/10 04:48:00",38.895,-123.791,"780123","23",3,"33RO20210613","WCOA2021","PA3","78","1","11061","2",10,"2021/07/10 00:00:00",2021,7,10,"04:48:56",191.201,38.895,-123.791,100,3.4,3.4,10.544,33.872,2,-999,9,252.1,2,-999,-999,9,-999,9,-999,9,-999,-999,9,-999,-999,9,-999,9,-999,9,-999,9,-999,9,-999,9,-999,9,-999,9,-999,9,-999,9,-999,9,-999,9,-999,9,-999,9,-999,9,11061,"2021/07/10 04:48:56",23,"11061","23","33.872","10.544","3.4","","","10.544","3.4","-999.0","-999.0","","","","Seawater scale (mol/kg-SW) "," K1, K2 from Mehrbach et al., 1973 refit by Dickson and Millero, 3331","Dickson ","Uppstrom, 3318","","","","","","","","","","","","","","","","","","","","","","","","","","","","","","","","","","","","","",3,2.98,10.5852,33.9002,25.9926,5.78,251.76,0.284,170.46,98.15,"dRB2102_CTD_078_01_F.csv","dRB2102","CTD","078","F.csv"
"E677.3B",3,1,FALSE,"WCOA21","2021_WCOA_RonBrown","7/10/2021",NA,"4:48:58 AM","","E677.3B","780124","24","Niskin; Sterivex 0.22µm filter","95% EtOH","West Coast","PA3",3.3,38.895,-123.791,1000,"Sean McAllister","Samples rinsed with niskin water (not RO); Sterivex on inlet","7/10/2021 4:48:58 AM","7/10/2021 ","2021/07/10 04:48:00","2021/07/10 00:00:00","2021/07/10 04:48:00",38.895,-123.791,"780124","24",3,"33RO20210613","WCOA2021","PA3","78","1","11001","2",10,"2021/07/10 00:00:00",2021,7,10,"04:48:58",191.201,38.895,-123.791,100,3.3,3.3,10.541,33.873,2,-999,9,252.1,2,-999,-999,9,-999,9,-999,9,-999,-999,9,-999,-999,9,-999,9,-999,9,-999,9,-999,9,-999,9,-999,9,-999,9,-999,9,-999,9,-999,9,-999,9,-999,9,-999,9,-999,9,11001,"2021/07/10 04:48:58",24,"11001","24","33.873","10.541","3.3","","","10.541","3.3","-999.0","-999.0","","","","Seawater scale (mol/kg-SW) "," K1, K2 from Mehrbach et al., 1973 refit by Dickson and Millero, 3332","Dickson ","Uppstrom, 3319","","","","","","","","","","","","","","","","","","","","","","","","","","","","","","","","","","","","","",3,2.98,10.5852,33.9002,25.9926,5.78,251.76,0.284,170.46,98.15,"dRB2102_CTD_078_01_F.csv","dRB2102","CTD","078","F.csv"
"E678",1,1,FALSE,"WCOA21","2021_WCOA_RonBrown","7/10/2021",NA,"8:14:57 PM","","E678","790102","2","Niskin; Sterivex 0.22µm filter","95% EtOH","West Coast","PR28",1139.7,37.749,-123.319,1000,"Sean McAllister","Samples rinsed with niskin water (not RO); Sterivex on inlet","7/10/2021 8:14:57 PM","7/10/2021 ","2021/07/10 08:14:00","2021/07/10 00:00:00","2021/07/10 08:14:00",37.749,-123.319,"790102","2",1140,"33RO20210613","WCOA2021","PR28","79","1","11081","2",11,"2021/07/10 00:00:00",2021,7,10,"20:14:57",191.844,37.749,-123.319,1150,1151.4,1139.7,3.788,34.456,2,34.4604,2,23.7,2,-999,-999,9,-999,9,-999,9,-999,-999,9,-999,-999,9,-999,9,-999,9,-999,9,-999,9,-999,9,-999,9,-999,9,-999,9,-999,9,-999,9,-999,9,-999,9,-999,9,-999,9,11081,"2021/07/10 20:14:57",2,"11081","2","34.456","3.788","1151.4","","","3.788","1151.4","-999.0","-999.0","","","","Seawater scale (mol/kg-SW) "," K1, K2 from Mehrbach et al., 1973 refit by Dickson and Millero, 3334","Dickson ","Uppstrom, 3321","","","","","","","","","","","","","","","","","","","","","","","","","","","","","","","","","","","","","",1140,1128.4,3.7962,34.455,27.382,0.54,23.69,0.04,151.27,20.58,"dRB2102_CTD_079_01_F.csv","dRB2102","CTD","079","F.csv"
"E679",1,1,FALSE,"WCOA21","2021_WCOA_RonBrown","7/10/2021",NA,"8:18:57 PM","","E679","790103","3","Niskin; Sterivex 0.22µm filter","95% EtOH","West Coast","PR28",990.7,37.749,-123.32,1000,"Sean McAllister","","7/10/2021 8:18:57 PM","7/10/2021 ","2021/07/10 08:18:00","2021/07/10 00:00:00","2021/07/10 08:18:00",37.749,-123.32,"790103","3",991,"33RO20210613","WCOA2021","PR28","79","1","11020","2",11,"2021/07/10 00:00:00",2021,7,10,"20:18:57",191.846,37.749,-123.32,1150,1000.5,990.7,4.157,34.427,2,-999,9,19.9,2,16.1,0.528,2,2360.9,2,2363.8,2,7.3159,24.98,6,-999,-999,9,117.2,2,3.33,2,42.7,2,0.05,2,0.01,2,-999,9,1.704,2,-999,9,-999,9,-999,9,-999,9,-999,9,-999,9,-999,9,11020,"2021/07/10 20:18:57",3,"11020","3","34.427","4.157","1000.5","","","4.157","1000.5","2363.8","2360.9","","","","Seawater scale (mol/kg-SW) "," K1, K2 from Mehrbach et al., 1973 refit by Dickson and Millero, 3335","Dickson ","Uppstrom, 3322","34.42699814","4.157000065","1000.5","0","0","2363.800049","2360.899902","7.562800884","1165.906006","1170.771973","2255.056355","42.96841681","62.87516043","22.52219034","0.312511168","0","0","19.22611892","0.842908041","0.537696729","1180.163204","4.157000065","1000.5","7.562801048","1165.905912","1170.771924","2255.056355","42.96841681","62.87516043","22.52219034","0.312511168","0","0","19.22611892","0.842908041","0.537696729","1180.163117",991,981.26,4.1816,34.4244,27.3173,0.45,19.62,0.04,152.23,100,"dRB2102_CTD_079_01_F.csv","dRB2102","CTD","079","F.csv"
"E680",1,1,FALSE,"WCOA21","2021_WCOA_RonBrown","7/10/2021",NA,"8:50:28 PM","","E680","790112","12","Niskin; Sterivex 0.22µm filter","95% EtOH","West Coast","PR28",100,37.749,-123.32,1000,"Sean McAllister","Samples rinsed with niskin water (not RO); Sterivex on inlet","7/10/2021 8:50:28 PM","7/10/2021 ","2021/07/10 08:50:00","2021/07/10 00:00:00","2021/07/10 08:50:00",37.749,-123.32,"790112","12",100,"33RO20210613","WCOA2021","PR28","79","1","11026","2",11,"2021/07/10 00:00:00",2021,7,10,"20:50:28",191.868,37.749,-123.32,1150,100.8,100,9.87,33.934,2,-999,9,123.3,2,-999,-999,9,-999,9,-999,9,-999,-999,9,-999,-999,9,-999,9,-999,9,-999,9,-999,9,-999,9,-999,9,-999,9,-999,9,-999,9,-999,9,-999,9,-999,9,-999,9,-999,9,11026,"2021/07/10 20:50:28",12,"11026","12","33.934","9.870","100.8","","","9.870","100.8","-999.0","-999.0","","","","Seawater scale (mol/kg-SW) "," K1, K2 from Mehrbach et al., 1973 refit by Dickson and Millero, 3344","Dickson ","Uppstrom, 3331","","","","","","","","","","","","","","","","","","","","","","","","","","","","","","","","","","","","","",100,99.23,9.8829,33.929,26.1373,2.87,124.83,0.041,155.61,99.58,"dRB2102_CTD_079_01_F.csv","dRB2102","CTD","079","F.csv"
"E681",1,1,FALSE,"WCOA21","2021_WCOA_RonBrown","7/10/2021",NA,"9:05:54 PM","","E681","790122","22","Niskin; Sterivex 0.22µm filter","95% EtOH","West Coast","PR28",4.8,37.749,-123.32,1000,"Sean McAllister","Samples rinsed with niskin water (not RO); Sterivex on inlet","7/10/2021 9:05:54 PM","7/10/2021 ","2021/07/10 09:05:00","2021/07/10 00:00:00","2021/07/10 09:05:00",37.749,-123.32,"790122","22",5,"33RO20210613","WCOA2021","PR28","79","1","11024","2",11,"2021/07/10 00:00:00",2021,7,10,"21:05:54",191.879,37.749,-123.32,1150,4.8,4.8,13.144,33.765,2,33.7689,2,296.3,2,-999,-999,9,-999,9,-999,9,-999,-999,9,-999,-999,9,2.5,2,0.69,2,6.1,2,0.38,2,1.25,2,10.9,2,-999,9,-999,9,-999,9,-999,9,-999,9,-999,9,-999,9,-999,9,11024,"2021/07/10 21:05:54",22,"11024","22","33.765","13.144","4.8","","","13.144","4.8","-999.0","-999.0","","","","Seawater scale (mol/kg-SW) "," K1, K2 from Mehrbach et al., 1973 refit by Dickson and Millero, 3354","Dickson ","Uppstrom, 3341","","","","","","","","","","","","","","","","","","","","","","","","","","","","","","","","","","","","","",5,4.96,13.1139,33.759,25.409,6.73,292.98,0.116,154.03,99.8,"dRB2102_CTD_079_01_F.csv","dRB2102","CTD","079","F.csv"
"E682",1,1,FALSE,"WCOA21","2021_WCOA_RonBrown","7/10/2021",NA,"10:39:00 PM","","E682","800102","2","Niskin; Sterivex 0.22µm filter","95% EtOH","West Coast","PR20",68.6,37.813,-123.168,1000,"Sean McAllister","Sterivex on inlet","7/10/2021 10:39:00 PM","7/10/2021 ","2021/07/10 10:39:00","2021/07/10 00:00:00","2021/07/10 10:39:00",37.813,-123.168,"800102","2",69,"33RO20210613","WCOA2021","PR20","80","1","11081","2",11,"2021/07/10 00:00:00",2021,7,10,"22:39:00",191.944,37.813,-123.168,79,69.1,68.6,9.684,33.917,2,-999,9,106,2,-999,-999,9,-999,9,-999,9,-999,-999,9,-999,-999,9,-999,9,-999,9,-999,9,-999,9,-999,9,-999,9,-999,9,-999,9,-999,9,-999,9,-999,9,-999,9,-999,9,-999,9,11081,"2021/07/10 22:39:00",2,"11081","2","33.917","9.684","69.1","","","9.684","69.1","-999.0","-999.0","","","","Seawater scale (mol/kg-SW) "," K1, K2 from Mehrbach et al., 1973 refit by Dickson and Millero, 3357","Dickson ","Uppstrom, 3344","","","","","","","","","","","","","","","","","","","","","","","","","","","","","","","","","","","","","",69,68.47,9.6697,33.9186,26.164,2.42,105.13,0.042,144.68,9.63,"dRB2102_CTD_080_01_F.csv","dRB2102","CTD","080","F.csv"
"E683",1,1,FALSE,"WCOA21","2021_WCOA_RonBrown","7/10/2021",NA,"10:47:50 PM","","E683","800110","10","Niskin; Sterivex 0.22µm filter","95% EtOH","West Coast","PR20",30.3,37.813,-123.168,1000,"Sean McAllister","Sterivex on inlet","7/10/2021 10:47:50 PM","7/10/2021 ","2021/07/10 10:47:00","2021/07/10 00:00:00","2021/07/10 10:47:00",37.813,-123.168,"800110","10",30,"33RO20210613","WCOA2021","PR20","80","1","11067","2",11,"2021/07/10 00:00:00",2021,7,10,"22:47:50",191.95,37.813,-123.168,79,30.5,30.3,10.757,33.764,2,-999,9,183.4,2,-999,-999,9,-999,9,-999,9,-999,-999,9,-999,-999,9,-999,9,-999,9,-999,9,-999,9,-999,9,-999,9,-999,9,-999,9,-999,9,-999,9,-999,9,-999,9,-999,9,-999,9,11067,"2021/07/10 22:47:50",10,"11067","10","33.764","10.757","30.5","","","10.757","30.5","-999.0","-999.0","","","","Seawater scale (mol/kg-SW) "," K1, K2 from Mehrbach et al., 1973 refit by Dickson and Millero, 3365","Dickson ","Uppstrom, 3352","","","","","","","","","","","","","","","","","","","","","","","","","","","","","","","","","","","","","",30,29.77,10.779,33.763,25.8522,4.3,187.04,0.057,143.66,47.95,"dRB2102_CTD_080_01_F.csv","dRB2102","CTD","080","F.csv"
"E684",1,1,FALSE,"WCOA21","2021_WCOA_RonBrown","7/10/2021",NA,"10:55:40 PM","","E684","800116","16","Niskin; Sterivex 0.22µm filter","95% EtOH","West Coast","PR20",4,37.813,-123.168,1000,"Sean McAllister","Sterivex on inlet","7/10/2021 10:55:40 PM","7/10/2021 ","2021/07/10 10:55:00","2021/07/10 00:00:00","2021/07/10 10:55:00",37.813,-123.168,"800116","16",4,"33RO20210613","WCOA2021","PR20","80","1","11032","2",11,"2021/07/10 00:00:00",2021,7,10,"22:55:40",191.955,37.813,-123.168,79,4,4,12.539,33.786,2,-999,9,301.5,2,-999,-999,9,-999,9,-999,9,-999,-999,9,-999,-999,9,-999,9,-999,9,-999,9,-999,9,-999,9,-999,9,-999,9,-999,9,-999,9,-999,9,-999,9,-999,9,-999,9,-999,9,11032,"2021/07/10 22:55:40",16,"11032","16","33.786","12.539","4.0","","","12.539","4.0","-999.0","-999.0","","","","Seawater scale (mol/kg-SW) "," K1, K2 from Mehrbach et al., 1973 refit by Dickson and Millero, 3371","Dickson ","Uppstrom, 3358","","","","","","","","","","","","","","","","","","","","","","","","","","","","","","","","","","","","","",4,3.97,12.4717,33.783,25.5538,6.78,295.44,0.222,143.18,72.9,"dRB2102_CTD_080_01_F.csv","dRB2102","CTD","080","F.csv"
"E685",1,1,FALSE,"WCOA21","2021_WCOA_RonBrown","7/11/2021",NA,"1:39:28 AM","","E685","810102","2","Niskin; Sterivex 0.22µm filter","95% EtOH","West Coast","PR10",69.6,37.892,-122.996,750,"Sean McAllister","Sterivex on inlet; 750 mL","7/11/2021 1:39:28 AM","7/11/2021 ","2021/07/11 01:39:00","2021/07/11 00:00:00","2021/07/11 01:39:00",37.892,-122.996,"810102","2",70,"33RO20210613","WCOA2021","PR10","81","1","11081","2",11,"2021/07/11 00:00:00",2021,7,11,"01:39:28",192.069,37.892,-122.996,80,70.1,69.6,9.327,33.939,2,33.9528,2,89.4,2,-999,-999,9,-999,9,-999,9,-999,-999,9,-999,-999,9,-999,9,-999,9,-999,9,-999,9,-999,9,-999,9,-999,9,-999,9,-999,9,-999,9,-999,9,-999,9,-999,9,-999,9,11081,"2021/07/11 01:39:28",2,"11081","2","33.939","9.327","70.1","","","9.327","70.1","-999.0","-999.0","","","","Seawater scale (mol/kg-SW) "," K1, K2 from Mehrbach et al., 1973 refit by Dickson and Millero, 3373","Dickson ","Uppstrom, 3360","","","","","","","","","","","","","","","","","","","","","","","","","","","","","","","","","","","","","",70,69.47,9.3256,33.9392,26.2365,2.03,88.27,0.043,168.37,7.44,"dRB2102_CTD_081_01_F.csv","dRB2102","CTD","081","F.csv"
"E686",1,1,FALSE,"WCOA21","2021_WCOA_RonBrown","7/11/2021",NA,"1:46:31 AM","","E686","810108","8","Niskin; Sterivex 0.22µm filter","95% EtOH","West Coast","PR10",29.5,37.892,-122.996,1000,"Sean McAllister","Sterivex on inlet","7/11/2021 1:46:31 AM","7/11/2021 ","2021/07/11 01:46:00","2021/07/11 00:00:00","2021/07/11 01:46:00",37.892,-122.996,"810108","8",30,"33RO20210613","WCOA2021","PR10","81","1","11027","2",11,"2021/07/11 00:00:00",2021,7,11,"01:46:31",192.074,37.892,-122.996,80,29.7,29.5,10.248,33.929,2,-999,9,123.4,2,-999,-999,9,-999,9,-999,9,-999,-999,9,-999,-999,9,-999,9,-999,9,-999,9,-999,9,-999,9,-999,9,-999,9,-999,9,-999,9,-999,9,-999,9,-999,9,-999,9,-999,9,11027,"2021/07/11 01:46:31",8,"11027","8","33.929","10.248","29.7","","","10.248","29.7","-999.0","-999.0","","","","Seawater scale (mol/kg-SW) "," K1, K2 from Mehrbach et al., 1973 refit by Dickson and Millero, 3379","Dickson ","Uppstrom, 3366","","","","","","","","","","","","","","","","","","","","","","","","","","","","","","","","","","","","","",30,29.77,10.4852,33.9257,26.0305,3.1,135.04,0.069,170.18,47.99,"dRB2102_CTD_081_01_F.csv","dRB2102","CTD","081","F.csv"
"E687",1,1,FALSE,"WCOA21","2021_WCOA_RonBrown","7/11/2021",NA,"1:53:05 AM","","E687","810114","14","Niskin; Sterivex 0.22µm filter","95% EtOH","West Coast","PR10",4,37.892,-122.996,1000,"Sean McAllister","Whales! Sterivex on inlet","7/11/2021 1:53:05 AM","7/11/2021 ","2021/07/11 01:53:00","2021/07/11 00:00:00","2021/07/11 01:53:00",37.892,-122.996,"810114","14",4,"33RO20210613","WCOA2021","PR10","81","1","11011","2",11,"2021/07/11 00:00:00",2021,7,11,"01:53:05",192.079,37.892,-122.996,80,4.1,4,12.095,33.818,2,-999,9,285.9,2,-999,-999,9,-999,9,-999,9,-999,-999,9,-999,-999,9,-999,9,-999,9,-999,9,-999,9,-999,9,-999,9,-999,9,-999,9,-999,9,-999,9,-999,9,-999,9,-999,9,-999,9,11011,"2021/07/11 01:53:05",14,"11011","14","33.818","12.095","4.1","","","12.095","4.1","-999.0","-999.0","","","","Seawater scale (mol/kg-SW) "," K1, K2 from Mehrbach et al., 1973 refit by Dickson and Millero, 3385","Dickson ","Uppstrom, 3372","","","","","","","","","","","","","","","","","","","","","","","","","","","","","","","","","","","","","",4,3.97,12.0367,33.8195,25.6654,6.48,282.01,0.175,169.3,73.33,"dRB2102_CTD_081_01_F.csv","dRB2102","CTD","081","F.csv"
"E688",1,1,FALSE,"WCOA21","2021_WCOA_RonBrown","7/11/2021",NA,"3:31:53 AM","","E688","820102","2","Niskin; Sterivex 0.22µm filter","95% EtOH","West Coast","PR1",29,37.97,-122.829,1000,"Sean McAllister","Sterivex on inlet unless otherwise indicated","7/11/2021 3:31:53 AM","7/11/2021 ","2021/07/11 03:31:00","2021/07/11 00:00:00","2021/07/11 03:31:00",37.97,-122.829,"820102","2",29,"33RO20210613","WCOA2021","PR1","82","1","11081","2",11,"2021/07/11 00:00:00",2021,7,11,"03:31:53",192.147,37.97,-122.829,39,29.3,29,10.15,33.921,2,-999,9,129.9,2,-999,-999,9,-999,9,-999,9,-999,-999,9,-999,-999,9,-999,9,-999,9,-999,9,-999,9,-999,9,-999,9,19.012,2,-999,9,-999,9,-999,9,-999,9,-999,9,-999,9,-999,9,11081,"2021/07/11 03:31:53",2,"11081","2","33.921","10.150","29.3","","","10.150","29.3","-999.0","-999.0","","","","Seawater scale (mol/kg-SW) "," K1, K2 from Mehrbach et al., 1973 refit by Dickson and Millero, 3387","Dickson ","Uppstrom, 3374","","","","","","","","","","","","","","","","","","","","","","","","","","","","","","","","","","","","","",29,28.78,10.15,33.9216,26.0849,2.99,129.92,0.07,166.01,6.9,"dRB2102_CTD_082_01_F.csv","dRB2102","CTD","082","F.csv"
"E689",1,1,FALSE,"WCOA21","2021_WCOA_RonBrown","7/11/2021",NA,"3:35:50 AM","","E689","820106","6","Niskin; Sterivex 0.22µm filter","95% EtOH","West Coast","PR1",14.9,37.97,-122.829,1000,"Sean McAllister","","7/11/2021 3:35:50 AM","7/11/2021 ","2021/07/11 03:35:00","2021/07/11 00:00:00","2021/07/11 03:35:00",37.97,-122.829,"820106","6",15,"33RO20210613","WCOA2021","PR1","82","1","11082","2",11,"2021/07/11 00:00:00",2021,7,11,"03:35:50",192.15,37.97,-122.829,39,15,14.9,11.055,33.848,2,-999,9,187.3,2,-999,-999,9,-999,9,-999,9,-999,-999,9,-999,-999,9,-999,9,-999,9,-999,9,-999,9,-999,9,-999,9,-999,9,-999,9,-999,9,-999,9,-999,9,-999,9,-999,9,-999,9,11082,"2021/07/11 03:35:50",6,"11082","6","33.848","11.055","15.0","","","11.055","15.0","-999.0","-999.0","","","","Seawater scale (mol/kg-SW) "," K1, K2 from Mehrbach et al., 1973 refit by Dickson and Millero, 3391","Dickson ","Uppstrom, 3378","","","","","","","","","","","","","","","","","","","","","","","","","","","","","","","","","","","","","",15,14.89,10.7683,33.8515,25.9227,4.13,179.6,0.125,166.07,21.08,"dRB2102_CTD_082_01_F.csv","dRB2102","CTD","082","F.csv"
"E690",1,1,FALSE,"WCOA21","2021_WCOA_RonBrown","7/11/2021",NA,"3:39:14 AM","","E690","820110","10","Niskin; Sterivex 0.22µm filter","95% EtOH","West Coast","PR1",3.6,37.97,-122.829,1000,"Sean McAllister","","7/11/2021 3:39:14 AM","7/11/2021 ","2021/07/11 03:39:00","2021/07/11 00:00:00","2021/07/11 03:39:00",37.97,-122.829,"820110","10",4,"33RO20210613","WCOA2021","PR1","82","1","11067","2",11,"2021/07/11 00:00:00",2021,7,11,"03:39:14",192.152,37.97,-122.829,39,3.7,3.6,12.083,33.839,2,-999,9,202,2,-999,-999,9,-999,9,-999,9,-999,-999,9,-999,-999,9,-999,9,-999,9,-999,9,-999,9,-999,9,-999,9,21.818,2,-999,9,-999,9,-999,9,-999,9,-999,9,-999,9,-999,9,11067,"2021/07/11 03:39:14",10,"11067","10","33.839","12.083","3.7","","","12.083","3.7","-999.0","-999.0","","","","Seawater scale (mol/kg-SW) "," K1, K2 from Mehrbach et al., 1973 refit by Dickson and Millero, 3395","Dickson ","Uppstrom, 3382","","","","","","","","","","","","","","","","","","","","","","","","","","","","","","","","","","","","","",4,3.97,12.11,33.8371,25.6652,4.7,204.6,0.113,166.01,31.82,"dRB2102_CTD_082_01_F.csv","dRB2102","CTD","082","F.csv"
"E691.1B",1,1,FALSE,"WCOA21","2021_WCOA_RonBrown","7/11/2021",NA,"4:38:46 AM","","E691.1B","830101","1","Niskin; Sterivex 0.22µm filter","95% EtOH","West Coast","PR4",44.5,37.943,-122.881,1000,"Sean McAllister","","7/11/2021 4:38:46 AM","7/11/2021 ","2021/07/11 04:38:00","2021/07/11 00:00:00","2021/07/11 04:38:00",37.943,-122.881,"830101","1",44,"33RO20210613","WCOA2021","PR4","83","1","11031","2",11,"2021/07/11 00:00:00",2021,7,11,"04:38:46",192.194,37.943,-122.881,55,44.8,44.5,9.455,33.95,2,-999,9,81.4,2,105.6,3.466,6,2222.2,6,2260.3,2,7.4157,24.86,2,-999,-999,9,42.6,2,2.52,2,26.6,2,0.54,2,1.77,2,-999,9,7.723,6,-999,9,-999,9,-999,9,-999,9,-999,9,-999,9,-999,9,11031,"2021/07/11 04:38:46",1,"11031","1","33.950","9.455","44.8","","","9.455","44.8","2260.3","2222.2","","","","Seawater scale (mol/kg-SW) "," K1, K2 from Mehrbach et al., 1973 refit by Dickson and Millero, 3398","Dickson ","Uppstrom, 3385","33.95000076","9.454999924","44.79999924","0","0","2260.300049","2222.199951","7.648601055","1039.285034","1043.3302","2118.916204","56.56634885","46.717371","27.66455704","0.609513106","0","0","18.2849539","1.344798131","0.853504066","1055.422234","9.454999924","44.79999924","7.648601251","1039.285004","1043.330167","2118.916204","56.56634885","46.717371","27.66455704","0.609513106","0","0","18.2849539","1.344798131","0.853504066","1055.422222",44,43.67,9.4526,33.9498,26.2237,1.87,81.22,0.05,174.5,7.36,"dRB2102_CTD_083_01_F.csv","dRB2102","CTD","083","F.csv"
"E691.2B",2,1,FALSE,"WCOA21","2021_WCOA_RonBrown","7/11/2021",NA,"4:38:49 AM","","E691.2B","830102","2","Niskin; Sterivex 0.22µm filter","95% EtOH","West Coast","PR4",44.2,37.943,-122.881,1000,"Sean McAllister","","7/11/2021 4:38:49 AM","7/11/2021 ","2021/07/11 04:38:00","2021/07/11 00:00:00","2021/07/11 04:38:00",37.943,-122.881,"830102","2",44,"33RO20210613","WCOA2021","PR4","83","1","11081","2",11,"2021/07/11 00:00:00",2021,7,11,"04:38:49",192.194,37.943,-122.881,55,44.5,44.2,9.46,33.948,2,-999,9,82.9,2,-999,-999,9,-999,9,-999,9,-999,-999,9,-999,-999,9,-999,9,-999,9,-999,9,-999,9,-999,9,-999,9,-999,9,-999,9,-999,9,-999,9,-999,9,-999,9,-999,9,-999,9,11081,"2021/07/11 04:38:49",2,"11081","2","33.948","9.460","44.5","","","9.460","44.5","-999.0","-999.0","","","","Seawater scale (mol/kg-SW) "," K1, K2 from Mehrbach et al., 1973 refit by Dickson and Millero, 3399","Dickson ","Uppstrom, 3386","","","","","","","","","","","","","","","","","","","","","","","","","","","","","","","","","","","","","",44,43.67,9.4526,33.9498,26.2237,1.87,81.22,0.05,174.5,7.36,"dRB2102_CTD_083_01_F.csv","dRB2102","CTD","083","F.csv"
"E691.3B",3,1,FALSE,"WCOA21","2021_WCOA_RonBrown","7/11/2021",NA,"4:38:52 AM","","E691.3B","830103","3","Niskin; Sterivex 0.22µm filter","95% EtOH","West Coast","PR4",44.3,37.943,-122.881,1000,"Sean McAllister","","7/11/2021 4:38:52 AM","7/11/2021 ","2021/07/11 04:38:00","2021/07/11 00:00:00","2021/07/11 04:38:00",37.943,-122.881,"830103","3",44,"33RO20210613","WCOA2021","PR4","83","1","11020","2",11,"2021/07/11 00:00:00",2021,7,11,"04:38:52",192.194,37.943,-122.881,55,44.7,44.3,9.453,33.95,2,-999,9,81.2,2,-999,-999,9,-999,9,-999,9,-999,-999,9,-999,-999,9,-999,9,-999,9,-999,9,-999,9,-999,9,-999,9,-999,9,-999,9,-999,9,-999,9,-999,9,-999,9,-999,9,-999,9,11020,"2021/07/11 04:38:52",3,"11020","3","33.950","9.453","44.7","","","9.453","44.7","-999.0","-999.0","","","","Seawater scale (mol/kg-SW) "," K1, K2 from Mehrbach et al., 1973 refit by Dickson and Millero, 3400","Dickson ","Uppstrom, 3387","","","","","","","","","","","","","","","","","","","","","","","","","","","","","","","","","","","","","",44,43.67,9.4526,33.9498,26.2237,1.87,81.22,0.05,174.5,7.36,"dRB2102_CTD_083_01_F.csv","dRB2102","CTD","083","F.csv"
"E692.1B",1,1,FALSE,"WCOA21","2021_WCOA_RonBrown","7/11/2021",NA,"4:46:15 AM","","E692.1B","830110","10","Niskin; Sterivex 0.22µm filter","95% EtOH","West Coast","PR4",15,37.943,-122.88,1000,"Sean McAllister","","7/11/2021 4:46:15 AM","7/11/2021 ","2021/07/11 04:46:00","2021/07/11 00:00:00","2021/07/11 04:46:00",37.943,-122.88,"830110","10",15,"33RO20210613","WCOA2021","PR4","83","1","11067","2",11,"2021/07/11 00:00:00",2021,7,11,"04:46:15",192.199,37.943,-122.88,55,15.1,15,10.096,33.812,2,-999,9,170.8,2,165.2,5.422,2,2176.5,2,2255.3,2,7.5491,24.86,2,-999,-999,9,22.2,2,1.86,2,22.1,2,0.47,2,1.32,2,3.9,2,6.233,2,-999,9,-999,9,-999,9,-999,9,-999,9,-999,9,-999,9,11067,"2021/07/11 04:46:15",10,"11067","10","33.812","10.096","15.1","","","10.096","15.1","2255.3","2176.5","","","","Seawater scale (mol/kg-SW) "," K1, K2 from Mehrbach et al., 1973 refit by Dickson and Millero, 3407","Dickson ","Uppstrom, 3394","33.81200027","10.09599972","15.10000038","0","0","2255.300049","2176.5","7.774304867","765.4936523","768.4484253","2067.546071","75.24119465","33.71265966","36.42334385","0.865383758","0","0","16.89146289","1.800163723","1.143041542","777.7516383","10.09599972","15.10000038","7.774305009","765.4936915","768.4484514","2067.546071","75.24119465","33.71265966","36.42334385","0.865383758","0","0","16.89146289","1.800163723","1.143041542","777.7516895",15,14.89,10.1149,33.8137,26.0065,3.92,170.84,0.074,174.76,36.42,"dRB2102_CTD_083_01_F.csv","dRB2102","CTD","083","F.csv"
"E692.2B",2,1,FALSE,"WCOA21","2021_WCOA_RonBrown","7/11/2021",NA,"4:46:17 AM","","E692.2B","830111","11","Niskin; Sterivex 0.22µm filter","95% EtOH","West Coast","PR4",15,37.943,-122.88,1000,"Sean McAllister","","7/11/2021 4:46:17 AM","7/11/2021 ","2021/07/11 04:46:00","2021/07/11 00:00:00","2021/07/11 04:46:00",37.943,-122.88,"830111","11",15,"33RO20210613","WCOA2021","PR4","83","1","11023","2",11,"2021/07/11 00:00:00",2021,7,11,"04:46:17",192.199,37.943,-122.88,55,15.1,15,10.099,33.813,2,-999,9,170.8,2,-999,-999,9,-999,9,-999,9,-999,-999,9,-999,-999,9,-999,9,-999,9,-999,9,-999,9,-999,9,-999,9,-999,9,-999,9,-999,9,-999,9,-999,9,-999,9,-999,9,-999,9,11023,"2021/07/11 04:46:17",11,"11023","11","33.813","10.099","15.1","","","10.099","15.1","-999.0","-999.0","","","","Seawater scale (mol/kg-SW) "," K1, K2 from Mehrbach et al., 1973 refit by Dickson and Millero, 3408","Dickson ","Uppstrom, 3395","","","","","","","","","","","","","","","","","","","","","","","","","","","","","","","","","","","","","",15,14.89,10.1149,33.8137,26.0065,3.92,170.84,0.074,174.76,36.42,"dRB2102_CTD_083_01_F.csv","dRB2102","CTD","083","F.csv"
"E692.3B",3,1,FALSE,"WCOA21","2021_WCOA_RonBrown","7/11/2021",NA,"4:46:19 AM","","E692.3B","830112","12","Niskin; Sterivex 0.22µm filter","95% EtOH","West Coast","PR4",15.4,37.943,-122.88,1000,"Sean McAllister","","7/11/2021 4:46:19 AM","7/11/2021 ","2021/07/11 04:46:00","2021/07/11 00:00:00","2021/07/11 04:46:00",37.943,-122.88,"830112","12",15,"33RO20210613","WCOA2021","PR4","83","1","11026","2",11,"2021/07/11 00:00:00",2021,7,11,"04:46:19",192.199,37.943,-122.88,55,15.5,15.4,10.103,33.82,2,-999,9,166.7,2,-999,-999,9,-999,9,-999,9,-999,-999,9,-999,-999,9,-999,9,-999,9,-999,9,-999,9,-999,9,-999,9,-999,9,-999,9,-999,9,-999,9,-999,9,-999,9,-999,9,-999,9,11026,"2021/07/11 04:46:19",12,"11026","12","33.820","10.103","15.5","","","10.103","15.5","-999.0","-999.0","","","","Seawater scale (mol/kg-SW) "," K1, K2 from Mehrbach et al., 1973 refit by Dickson and Millero, 3409","Dickson ","Uppstrom, 3396","","","","","","","","","","","","","","","","","","","","","","","","","","","","","","","","","","","","","",15,14.89,10.1149,33.8137,26.0065,3.92,170.84,0.074,174.76,36.42,"dRB2102_CTD_083_01_F.csv","dRB2102","CTD","083","F.csv"
"E693.1B",1,1,FALSE,"WCOA21","2021_WCOA_RonBrown","7/11/2021",NA,"4:49:56 AM","","E693.1B","830117","17","Niskin; Sterivex 0.22µm filter","95% EtOH","West Coast","PR4",4,37.943,-122.88,1000,"Sean McAllister","","7/11/2021 4:49:56 AM","7/11/2021 ","2021/07/11 04:49:00","2021/07/11 00:00:00","2021/07/11 04:49:00",37.943,-122.88,"830117","17",4,"33RO20210613","WCOA2021","PR4","83","1","11052","2",11,"2021/07/11 00:00:00",2021,7,11,"04:49:56",192.201,37.943,-122.88,55,4,4,12.794,33.752,2,-999,9,248.7,2,-999,-999,9,-999,9,-999,9,-999,-999,9,-999,-999,9,-999,9,-999,9,-999,9,-999,9,-999,9,-999,9,-999,9,-999,9,-999,9,-999,9,-999,9,-999,9,-999,9,-999,9,11052,"2021/07/11 04:49:56",17,"11052","17","33.752","12.794","4.0","","","12.794","4.0","-999.0","-999.0","","","","Seawater scale (mol/kg-SW) "," K1, K2 from Mehrbach et al., 1973 refit by Dickson and Millero, 3414","Dickson ","Uppstrom, 3401","","","","","","","","","","","","","","","","","","","","","","","","","","","","","","","","","","","","","",4,3.97,12.8688,33.7497,25.4504,5.85,254.67,0.162,174.1,47.51,"dRB2102_CTD_083_01_F.csv","dRB2102","CTD","083","F.csv"
"E693.2B",2,1,FALSE,"WCOA21","2021_WCOA_RonBrown","7/11/2021",NA,"4:49:59 AM","","E693.2B","830118","18","Niskin; Sterivex 0.22µm filter","95% EtOH","West Coast","PR4",4,37.943,-122.88,1000,"Sean McAllister","","7/11/2021 4:49:59 AM","7/11/2021 ","2021/07/11 04:49:00","2021/07/11 00:00:00","2021/07/11 04:49:00",37.943,-122.88,"830118","18",4,"33RO20210613","WCOA2021","PR4","83","1","11002","2",11,"2021/07/11 00:00:00",2021,7,11,"04:49:59",192.201,37.943,-122.88,55,4,4,12.792,33.752,2,-999,9,248.7,2,-999,-999,9,-999,9,-999,9,-999,-999,9,-999,-999,9,-999,9,-999,9,-999,9,-999,9,-999,9,-999,9,-999,9,-999,9,-999,9,-999,9,-999,9,-999,9,-999,9,-999,9,11002,"2021/07/11 04:49:59",18,"11002","18","33.752","12.792","4.0","","","12.792","4.0","-999.0","-999.0","","","","Seawater scale (mol/kg-SW) "," K1, K2 from Mehrbach et al., 1973 refit by Dickson and Millero, 3415","Dickson ","Uppstrom, 3402","","","","","","","","","","","","","","","","","","","","","","","","","","","","","","","","","","","","","",4,3.97,12.8688,33.7497,25.4504,5.85,254.67,0.162,174.1,47.51,"dRB2102_CTD_083_01_F.csv","dRB2102","CTD","083","F.csv"
"E693.3B",3,1,FALSE,"WCOA21","2021_WCOA_RonBrown","7/11/2021",NA,"4:50:03 AM","","E693.3B","830119","19","Niskin; Sterivex 0.22µm filter","95% EtOH","West Coast","PR4",4,37.943,-122.88,1000,"Sean McAllister","","7/11/2021 4:50:03 AM","7/11/2021 ","2021/07/11 04:50:00","2021/07/11 00:00:00","2021/07/11 04:50:00",37.943,-122.88,"830119","19",4,"33RO20210613","WCOA2021","PR4","83","1","11028","2",11,"2021/07/11 00:00:00",2021,7,11,"04:50:03",192.201,37.943,-122.88,55,4,4,12.793,33.752,2,-999,9,248.7,2,-999,-999,9,-999,9,-999,9,-999,-999,9,-999,-999,9,-999,9,-999,9,-999,9,-999,9,-999,9,-999,9,-999,9,-999,9,-999,9,-999,9,-999,9,-999,9,-999,9,-999,9,11028,"2021/07/11 04:50:03",19,"11028","19","33.752","12.793","4.0","","","12.793","4.0","-999.0","-999.0","","","","Seawater scale (mol/kg-SW) "," K1, K2 from Mehrbach et al., 1973 refit by Dickson and Millero, 3416","Dickson ","Uppstrom, 3403","","","","","","","","","","","","","","","","","","","","","","","","","","","","","","","","","","","","","",4,3.97,12.8688,33.7497,25.4504,5.85,254.67,0.162,174.1,47.51,"dRB2102_CTD_083_01_F.csv","dRB2102","CTD","083","F.csv"
"E694.1B",1,1,FALSE,"WCOA21","2021_WCOA_RonBrown","7/11/2021",NA,"11:19:48 AM","","E694.1B","840101","1","Niskin; Sterivex 0.22µm filter","95% EtOH","West Coast","PR15",84.8,37.861,-123.071,1000,"Sean McAllister","","7/11/2021 11:19:48 AM","7/11/2021 ","2021/07/11 11:19:00","2021/07/11 00:00:00","2021/07/11 11:19:00",37.861,-123.071,"840101","1",85,"33RO20210613","WCOA2021","PR15","84","1","11031","2",11,"2021/07/11 00:00:00",2021,7,11,"11:19:48",192.472,37.861,-123.071,95,85.5,84.8,9.413,33.976,2,-999,9,99.9,2,99.7,3.274,6,2212.7,2,2258,6,7.4459,24.85,2,-999,-999,9,38.4,2,2.25,2,26.8,2,0.12,2,0.06,2,-999,9,9.863,6,-999,9,-999,9,-999,9,-999,9,-999,9,-999,9,-999,9,11031,"2021/07/11 11:19:48",1,"11031","1","33.976","9.413","85.5","","","9.413","85.5","2258.0","2212.7","","","","Seawater scale (mol/kg-SW) "," K1, K2 from Mehrbach et al., 1973 refit by Dickson and Millero, 3418","Dickson ","Uppstrom, 3405","33.97600174","9.413000107","85.5","0","0","2258","2212.699951","7.671518326","976.8722534","980.6766357","2109.271633","59.46151235","43.96682266","29.18485749","0.642146412","0","0","18.11196499","1.40274508","0.89069453","992.0099074","9.413000107","85.5","7.671518119","976.8722269","980.6765436","2109.271633","59.46151235","43.96682266","29.18485749","0.642146412","0","0","18.11196499","1.40274508","0.89069453","992.0098327",85,84.35,9.4117,33.9766,26.2521,2.28,99.33,0.042,178.27,6.69,"dRB2102_CTD_084_01_F.csv","dRB2102","CTD","084","F.csv"
"E694.2B",2,1,FALSE,"WCOA21","2021_WCOA_RonBrown","7/11/2021",NA,"11:19:50 AM","","E694.2B","840102","2","Niskin; Sterivex 0.22µm filter","95% EtOH","West Coast","PR15",84.4,37.861,-123.071,1000,"Sean McAllister","Samples rinsed with niskin water (not RO)","7/11/2021 11:19:50 AM","7/11/2021 ","2021/07/11 11:19:00","2021/07/11 00:00:00","2021/07/11 11:19:00",37.861,-123.071,"840102","2",84,"33RO20210613","WCOA2021","PR15","84","1","11081","2",11,"2021/07/11 00:00:00",2021,7,11,"11:19:50",192.472,37.861,-123.071,95,85.1,84.4,9.414,33.976,2,33.9824,2,100.9,2,-999,-999,9,-999,9,-999,9,-999,-999,9,-999,-999,9,-999,9,-999,9,-999,9,-999,9,-999,9,-999,9,-999,9,-999,9,-999,9,-999,9,-999,9,-999,9,-999,9,-999,9,11081,"2021/07/11 11:19:50",2,"11081","2","33.976","9.414","85.1","","","9.414","85.1","-999.0","-999.0","","","","Seawater scale (mol/kg-SW) "," K1, K2 from Mehrbach et al., 1973 refit by Dickson and Millero, 3419","Dickson ","Uppstrom, 3406","","","","","","","","","","","","","","","","","","","","","","","","","","","","","","","","","","","","","",84,83.36,9.4116,33.9766,26.252,2.28,99.35,0.042,178.29,7.64,"dRB2102_CTD_084_01_F.csv","dRB2102","CTD","084","F.csv"
"E694.3B",3,1,FALSE,"WCOA21","2021_WCOA_RonBrown","7/11/2021",NA,"11:19:53 AM","","E694.3B","840103","3","Niskin; Sterivex 0.22µm filter","95% EtOH","West Coast","PR15",84.6,37.861,-123.071,1000,"Sean McAllister","Samples rinsed with niskin water (not RO)","7/11/2021 11:19:53 AM","7/11/2021 ","2021/07/11 11:19:00","2021/07/11 00:00:00","2021/07/11 11:19:00",37.861,-123.071,"840103","3",85,"33RO20210613","WCOA2021","PR15","84","1","11020","2",11,"2021/07/11 00:00:00",2021,7,11,"11:19:53",192.472,37.861,-123.071,95,85.3,84.6,9.413,33.976,2,-999,9,99.8,2,-999,-999,9,-999,9,-999,9,-999,-999,9,-999,-999,9,-999,9,-999,9,-999,9,-999,9,-999,9,-999,9,-999,9,-999,9,-999,9,-999,9,-999,9,-999,9,-999,9,-999,9,11020,"2021/07/11 11:19:53",3,"11020","3","33.976","9.413","85.3","","","9.413","85.3","-999.0","-999.0","","","","Seawater scale (mol/kg-SW) "," K1, K2 from Mehrbach et al., 1973 refit by Dickson and Millero, 3420","Dickson ","Uppstrom, 3407","","","","","","","","","","","","","","","","","","","","","","","","","","","","","","","","","","","","","",85,84.35,9.4117,33.9766,26.2521,2.28,99.33,0.042,178.27,6.69,"dRB2102_CTD_084_01_F.csv","dRB2102","CTD","084","F.csv"
"E695.1B",1,1,FALSE,"WCOA21","2021_WCOA_RonBrown","7/11/2021",NA,"11:25:44 AM","","E695.1B","840107","7","Niskin; Sterivex 0.22µm filter","95% EtOH","West Coast","PR15",50.4,37.861,-123.071,1000,"Sean McAllister","","7/11/2021 11:25:44 AM","7/11/2021 ","2021/07/11 11:25:00","2021/07/11 00:00:00","2021/07/11 11:25:00",37.861,-123.071,"840107","7",50,"33RO20210613","WCOA2021","PR15","84","1","11004","2",11,"2021/07/11 00:00:00",2021,7,11,"11:25:44",192.476,37.861,-123.071,95,50.7,50.4,9.74,33.932,2,-999,9,121.3,2,119.7,3.929,2,2197.4,6,2251.7,2,7.4837,24.85,2,-999,-999,9,29,6,2.06,6,25.6,6,0.04,6,0.07,6,-999,9,10.224,2,-999,9,-999,9,-999,9,-999,9,-999,9,-999,9,-999,9,11004,"2021/07/11 11:25:44",7,"11004","7","33.932","9.740","50.7","","","9.740","50.7","2251.7","2197.4","","","","Seawater scale (mol/kg-SW) "," K1, K2 from Mehrbach et al., 1973 refit by Dickson and Millero, 3424","Dickson ","Uppstrom, 3411","33.93199921","9.739999771","50.70000076","0","0","2251.699951","2197.399902","7.698562145","916.512146","920.0662842","2093.174441","63.41167334","40.81385373","31.0183977","0.704236854","0","0","17.81066472","1.506082772","0.956354758","930.9385086","9.739999771","50.70000076","7.698561926","916.5121582","920.0662487","2093.174441","63.41167334","40.81385373","31.0183977","0.704236854","0","0","17.81066472","1.506082772","0.956354758","930.9384964",50,49.62,9.696,33.939,26.1753,2.71,118.15,0.042,179.18,41.85,"dRB2102_CTD_084_01_F.csv","dRB2102","CTD","084","F.csv"
"E695.2B",2,1,FALSE,"WCOA21","2021_WCOA_RonBrown","7/11/2021",NA,"11:25:47 AM","","E695.2B","840108","8","Niskin; Sterivex 0.22µm filter","95% EtOH","West Coast","PR15",49.7,37.861,-123.071,1000,"Sean McAllister","Samples rinsed with niskin water (not RO)","7/11/2021 11:25:47 AM","7/11/2021 ","2021/07/11 11:25:00","2021/07/11 00:00:00","2021/07/11 11:25:00",37.861,-123.071,"840108","8",50,"33RO20210613","WCOA2021","PR15","84","1","11027","2",11,"2021/07/11 00:00:00",2021,7,11,"11:25:47",192.476,37.861,-123.071,95,50.1,49.7,9.741,33.932,2,-999,9,121.3,2,-999,-999,9,-999,9,-999,9,-999,-999,9,-999,-999,9,-999,9,-999,9,-999,9,-999,9,-999,9,-999,9,-999,9,-999,9,-999,9,-999,9,-999,9,-999,9,-999,9,-999,9,11027,"2021/07/11 11:25:47",8,"11027","8","33.932","9.741","50.1","","","9.741","50.1","-999.0","-999.0","","","","Seawater scale (mol/kg-SW) "," K1, K2 from Mehrbach et al., 1973 refit by Dickson and Millero, 3425","Dickson ","Uppstrom, 3412","","","","","","","","","","","","","","","","","","","","","","","","","","","","","","","","","","","","","",50,49.62,9.696,33.939,26.1753,2.71,118.15,0.042,179.18,41.85,"dRB2102_CTD_084_01_F.csv","dRB2102","CTD","084","F.csv"
"E695.3B",3,1,FALSE,"WCOA21","2021_WCOA_RonBrown","7/11/2021",NA,"11:25:50 AM","","E695.3B","840109","9","Niskin; Sterivex 0.22µm filter","95% EtOH","West Coast","PR15",50,37.861,-123.071,1000,"Sean McAllister","Samples rinsed with niskin water (not RO)","7/11/2021 11:25:50 AM","7/11/2021 ","2021/07/11 11:25:00","2021/07/11 00:00:00","2021/07/11 11:25:00",37.861,-123.071,"840109","9",50,"33RO20210613","WCOA2021","PR15","84","1","12052","2",11,"2021/07/11 00:00:00",2021,7,11,"11:25:50",192.476,37.861,-123.071,95,50.4,50,9.742,33.932,2,-999,9,121.3,2,-999,-999,9,-999,9,-999,9,-999,-999,9,-999,-999,9,-999,9,-999,9,-999,9,-999,9,-999,9,-999,9,-999,9,-999,9,-999,9,-999,9,-999,9,-999,9,-999,9,-999,9,12052,"2021/07/11 11:25:50",9,"12052","9","33.932","9.742","50.4","","","9.742","50.4","-999.0","-999.0","","","","Seawater scale (mol/kg-SW) "," K1, K2 from Mehrbach et al., 1973 refit by Dickson and Millero, 3426","Dickson ","Uppstrom, 3413","","","","","","","","","","","","","","","","","","","","","","","","","","","","","","","","","","","","","",50,49.62,9.696,33.939,26.1753,2.71,118.15,0.042,179.18,41.85,"dRB2102_CTD_084_01_F.csv","dRB2102","CTD","084","F.csv"
"E696.1B",1,1,FALSE,"WCOA21","2021_WCOA_RonBrown","7/11/2021",NA,"11:38:16 AM","","E696.1B","840122","22","Niskin; Sterivex 0.22µm filter","95% EtOH","West Coast","PR15",3.9,37.861,-123.071,1000,"Sean McAllister","","7/11/2021 11:38:16 AM","7/11/2021 ","2021/07/11 11:38:00","2021/07/11 00:00:00","2021/07/11 11:38:00",37.861,-123.071,"840122","22",4,"33RO20210613","WCOA2021","PR15","84","1","11024","2",11,"2021/07/11 00:00:00",2021,7,11,"11:38:16",192.485,37.861,-123.071,95,3.9,3.9,11.592,33.872,2,-999,9,259.9,2,-999,-999,9,-999,9,-999,9,-999,-999,9,-999,-999,9,-999,9,-999,9,-999,9,-999,9,-999,9,-999,9,-999,9,-999,9,-999,9,-999,9,-999,9,-999,9,-999,9,-999,9,11024,"2021/07/11 11:38:16",22,"11024","22","33.872","11.592","3.9","","","11.592","3.9","-999.0","-999.0","","","","Seawater scale (mol/kg-SW) "," K1, K2 from Mehrbach et al., 1973 refit by Dickson and Millero, 3439","Dickson ","Uppstrom, 3426","","","","","","","","","","","","","","","","","","","","","","","","","","","","","","","","","","","","","",4,3.97,11.5978,33.8715,25.788,5.94,258.58,0.117,179.19,87.76,"dRB2102_CTD_084_01_F.csv","dRB2102","CTD","084","F.csv"
"E696.2B",2,1,FALSE,"WCOA21","2021_WCOA_RonBrown","7/11/2021",NA,"11:38:18 AM","","E696.2B","840123","23","Niskin; Sterivex 0.22µm filter","95% EtOH","West Coast","PR15",4.3,37.861,-123.071,1000,"Sean McAllister","","7/11/2021 11:38:18 AM","7/11/2021 ","2021/07/11 11:38:00","2021/07/11 00:00:00","2021/07/11 11:38:00",37.861,-123.071,"840123","23",4,"33RO20210613","WCOA2021","PR15","84","1","11061","2",11,"2021/07/11 00:00:00",2021,7,11,"11:38:18",192.485,37.861,-123.071,95,4.3,4.3,11.592,33.872,2,-999,9,259.9,2,-999,-999,9,-999,9,-999,9,-999,-999,9,-999,-999,9,-999,9,-999,9,-999,9,-999,9,-999,9,-999,9,-999,9,-999,9,-999,9,-999,9,-999,9,-999,9,-999,9,-999,9,11061,"2021/07/11 11:38:18",23,"11061","23","33.872","11.592","4.3","","","11.592","4.3","-999.0","-999.0","","","","Seawater scale (mol/kg-SW) "," K1, K2 from Mehrbach et al., 1973 refit by Dickson and Millero, 3440","Dickson ","Uppstrom, 3427","","","","","","","","","","","","","","","","","","","","","","","","","","","","","","","","","","","","","",4,3.97,11.5978,33.8715,25.788,5.94,258.58,0.117,179.19,87.76,"dRB2102_CTD_084_01_F.csv","dRB2102","CTD","084","F.csv"
"E696.3B",3,1,FALSE,"WCOA21","2021_WCOA_RonBrown","7/11/2021",NA,"11:38:22 AM","","E696.3B","840124","24","Niskin; Sterivex 0.22µm filter","95% EtOH","West Coast","PR15",4.3,37.861,-123.071,1000,"Sean McAllister","","7/11/2021 11:38:22 AM","7/11/2021 ","2021/07/11 11:38:00","2021/07/11 00:00:00","2021/07/11 11:38:00",37.861,-123.071,"840124","24",4,"33RO20210613","WCOA2021","PR15","84","1","11001","2",11,"2021/07/11 00:00:00",2021,7,11,"11:38:22",192.485,37.861,-123.071,95,4.4,4.3,11.594,33.872,2,-999,9,259.9,2,-999,-999,9,-999,9,-999,9,-999,-999,9,-999,-999,9,-999,9,-999,9,-999,9,-999,9,-999,9,-999,9,-999,9,-999,9,-999,9,-999,9,-999,9,-999,9,-999,9,-999,9,11001,"2021/07/11 11:38:22",24,"11001","24","33.872","11.594","4.4","","","11.594","4.4","-999.0","-999.0","","","","Seawater scale (mol/kg-SW) "," K1, K2 from Mehrbach et al., 1973 refit by Dickson and Millero, 3441","Dickson ","Uppstrom, 3428","","","","","","","","","","","","","","","","","","","","","","","","","","","","","","","","","","","","","",4,3.97,11.5978,33.8715,25.788,5.94,258.58,0.117,179.19,87.76,"dRB2102_CTD_084_01_F.csv","dRB2102","CTD","084","F.csv"
"E697",1,1,FALSE,"WCOA21","2021_WCOA_RonBrown","7/11/2021",NA,"3:48:26 PM","","E697","850102","2","Niskin; Sterivex 0.22µm filter","95% EtOH","West Coast","PR37",2789.7,37.666,-123.487,1000,"Sean McAllister","Samples rinsed with niskin water (not RO)","7/11/2021 3:48:26 PM","7/11/2021 ","2021/07/11 03:48:00","2021/07/11 00:00:00","2021/07/11 03:48:00",37.666,-123.487,"850102","2",2790,"33RO20210613","WCOA2021","PR37","85","1","11081","2",11,"2021/07/11 00:00:00",2021,7,11,"15:48:26",192.659,37.666,-123.487,2800,2829.5,2789.7,1.656,34.658,2,34.6867,2,109.6,2,-999,-999,9,-999,9,-999,9,-999,-999,9,-999,-999,9,-999,9,-999,9,-999,9,-999,9,-999,9,-999,9,-999,9,-999,9,-999,9,-999,9,-999,9,-999,9,-999,9,-999,9,11081,"2021/07/11 15:48:26",2,"11081","2","34.658","1.656","2829.5","","","1.656","2829.5","-999.0","-999.0","","","","Seawater scale (mol/kg-SW) "," K1, K2 from Mehrbach et al., 1973 refit by Dickson and Millero, 3443","Dickson ","Uppstrom, 3430","","","","","","","","","","","","","","","","","","","","","","","","","","","","","","","","","","","","","",2790,2750.96,1.6574,34.6577,27.7386,2.52,109.46,0.04,157,99.93,"dRB2102_CTD_085_01_F.csv","dRB2102","CTD","085","F.csv"
"E698",1,1,FALSE,"WCOA21","2021_WCOA_RonBrown","7/11/2021",NA,"3:56:34 PM","","E698","850103","3","Niskin; Sterivex 0.22µm filter","95% EtOH","West Coast","PR37",2466.5,37.666,-123.487,1000,"Sean McAllister","","7/11/2021 3:56:34 PM","7/11/2021 ","2021/07/11 03:56:00","2021/07/11 00:00:00","2021/07/11 03:56:00",37.666,-123.487,"850103","3",2466,"33RO20210613","WCOA2021","PR37","85","1","11020","2",11,"2021/07/11 00:00:00",2021,7,11,"15:56:34",192.664,37.666,-123.487,2800,2499.8,2466.5,1.783,34.642,2,-999,9,96.3,2,95.4,3.137,2,2366.4,2,2429,2,7.4791,25.04,6,-999,-999,9,170.2,2,2.84,2,39.4,2,0.03,2,0.06,2,-999,9,2.877,3,-999,9,-999,9,-999,9,-999,9,-999,9,-999,9,-999,9,11020,"2021/07/11 15:56:34",3,"11020","3","34.642","1.783","2499.8","","","1.783","2499.8","2429.0","2366.4","","","","Seawater scale (mol/kg-SW) "," K1, K2 from Mehrbach et al., 1973 refit by Dickson and Millero, 3444","Dickson ","Uppstrom, 3431","34.64199829","1.782999992","2499.800049","0","0","2429","2366.399902","7.733019829","657.6898804","660.5234375","2263.215714","64.49290823","38.69123637","36.41129602","0.406049141","0","0","18.70582293","0.93050408","0.603415129","664.9947556","1.782999992","2499.800049","7.73301971","657.6898715","660.5234377","2263.215714","64.49290823","38.69123637","36.41129602","0.406049141","0","0","18.70582293","0.93050408","0.603415129","664.9947704",2466,2433.32,1.8032,34.6394,27.7112,2.17,94.4,0.04,157.98,99.93,"dRB2102_CTD_085_01_F.csv","dRB2102","CTD","085","F.csv"
"E699",1,1,FALSE,"WCOA21","2021_WCOA_RonBrown","7/11/2021",NA,"5:01:20 PM","","E699","850114","14","Niskin; Sterivex 0.22µm filter","95% EtOH","West Coast","PR37",99.9,37.666,-123.488,1000,"Sean McAllister","","7/11/2021 5:01:20 PM","7/11/2021 ","2021/07/11 05:01:00","2021/07/11 00:00:00","2021/07/11 05:01:00",37.666,-123.488,"850114","14",100,"33RO20210613","WCOA2021","PR37","85","1","11011","2",11,"2021/07/11 00:00:00",2021,7,11,"17:01:20",192.709,37.666,-123.488,2800,100.7,99.9,10.305,33.892,2,-999,9,141.1,2,141.3,4.639,2,2183.4,2,2247.2,2,7.5167,25.01,2,-999,-999,9,24.7,2,1.91,2,23.8,2,0.09,2,0.04,2,-999,9,15.069,2,-999,9,-999,9,-999,9,-999,9,-999,9,-999,9,-999,9,11011,"2021/07/11 17:01:20",14,"11011","14","33.892","10.305","100.7","","","10.305","100.7","2247.2","2183.4","","","","Seawater scale (mol/kg-SW) "," K1, K2 from Mehrbach et al., 1973 refit by Dickson and Millero, 3455","Dickson ","Uppstrom, 3442","33.89199829","10.30500031","100.6999969","0","0","2247.199951","2183.399902","7.719871521","865.4644775","868.7960205","2077.774398","67.78899126","37.83647237","33.080666","0.786250992","0","0","17.44322122","1.595851808","1.014859322","879.4635646","10.30500031","100.6999969","7.719871358","865.464436","868.7960248","2077.774398","67.78899126","37.83647237","33.080666","0.786250992","0","0","17.44322122","1.595851808","1.014859322","879.4635678",100,99.23,10.4052,33.8847,26.0138,3.39,147.68,0.042,166.96,99.48,"dRB2102_CTD_085_01_F.csv","dRB2102","CTD","085","F.csv"
"E700",1,1,FALSE,"WCOA21","2021_WCOA_RonBrown","7/11/2021",NA,"5:16:23 PM","","E700","850124","24","Niskin; Sterivex 0.22µm filter","95% EtOH","West Coast","PR37",4.7,37.666,-123.488,1000,"Sean McAllister","Samples rinsed with niskin water (not RO)","7/11/2021 5:16:23 PM","7/11/2021 ","2021/07/11 05:16:00","2021/07/11 00:00:00","2021/07/11 05:16:00",37.666,-123.488,"850124","24",5,"33RO20210613","WCOA2021","PR37","85","1","11001","2",11,"2021/07/11 00:00:00",2021,7,11,"17:16:23",192.72,37.666,-123.488,2800,4.8,4.7,12.829,33.736,2,33.7533,2,249.4,2,-999,-999,9,-999,9,-999,9,-999,-999,9,-999,-999,9,-999,9,-999,9,-999,9,-999,9,-999,9,2.7,2,-999,9,-999,9,-999,9,-999,9,-999,9,-999,9,-999,9,-999,9,11001,"2021/07/11 17:16:23",24,"11001","24","33.736","12.829","4.8","","","12.829","4.8","-999.0","-999.0","","","","Seawater scale (mol/kg-SW) "," K1, K2 from Mehrbach et al., 1973 refit by Dickson and Millero, 3465","Dickson ","Uppstrom, 3452","","","","","","","","","","","","","","","","","","","","","","","","","","","","","","","","","","","","","",5,4.96,12.8812,33.6165,25.3448,5.52,240.45,0.081,168.22,99.9,"dRB2102_CTD_085_01_F.csv","dRB2102","CTD","085","F.csv"
"E702",1,1,FALSE,"WCOA21","2021_WCOA_RonBrown","7/12/2021",NA,"4:10:18 PM","","E702","860102","2","Niskin; Sterivex 0.22µm filter","95% EtOH","West Coast","GGTX7",18.4,37.824,-122.392,1000,"Sean McAllister","Sterivex on outlet; Very silty all of these in San Fran Bay (most with 2 filters)","7/12/2021 4:10:18 PM","7/12/2021 ","2021/07/12 04:10:00","2021/07/12 00:00:00","2021/07/12 04:10:00",37.824,-122.392,"860102","2",18,"33RO20210613","WCOA2021","GGTX7","86","1","11081","2",12,"2021/07/12 00:00:00",2021,7,12,"16:10:18",193.674,37.824,-122.392,28,18.5,18.4,18.405,32.215,2,-999,9,219.9,2,-999,-999,9,-999,9,-999,9,-999,-999,9,-999,-999,9,-999,9,-999,9,-999,9,-999,9,-999,9,-999,9,-999,9,-999,9,-999,9,-999,9,-999,9,-999,9,-999,9,-999,9,11081,"2021/07/12 16:10:18",2,"11081","2","32.215","18.405","18.5","","","18.405","18.5","-999.0","-999.0","","","","Seawater scale (mol/kg-SW) "," K1, K2 from Mehrbach et al., 1973 refit by Dickson and Millero, 3467","Dickson ","Uppstrom, 3454","","","","","","","","","","","","","","","","","","","","","","","","","","","","","","","","","","","","","",18,17.86,18.3859,32.2365,23.0635,5.01,218.54,0.142,172.61,5.49,"dRB2102_CTD_086_01_F.csv","dRB2102","CTD","086","F.csv"
"E703",1,1,FALSE,"WCOA21","2021_WCOA_RonBrown","7/12/2021",NA,"4:15:53 PM","","E703","860109","9","Niskin; Sterivex 0.22µm filter","95% EtOH","West Coast","GGTX7",3.7,37.824,-122.392,1000,"Sean McAllister","Sterivex on outlet","7/12/2021 4:15:53 PM","7/12/2021 ","2021/07/12 04:15:00","2021/07/12 00:00:00","2021/07/12 04:15:00",37.824,-122.392,"860109","9",4,"33RO20210613","WCOA2021","GGTX7","86","1","12052","2",12,"2021/07/12 00:00:00",2021,7,12,"16:15:53",193.678,37.824,-122.392,28,3.7,3.7,18.409,32.224,2,-999,9,219.4,2,-999,-999,9,-999,9,-999,9,-999,-999,9,-999,-999,9,-999,9,-999,9,-999,9,-999,9,-999,9,6.8,2,-999,9,-999,9,-999,9,-999,9,-999,9,-999,9,-999,9,-999,9,12052,"2021/07/12 16:15:53",9,"12052","9","32.224","18.409","3.7","","","18.409","3.7","-999.0","-999.0","","","","Seawater scale (mol/kg-SW) "," K1, K2 from Mehrbach et al., 1973 refit by Dickson and Millero, 3474","Dickson ","Uppstrom, 3461","","","","","","","","","","","","","","","","","","","","","","","","","","","","","","","","","","","","","",4,3.97,18.4948,32.207,23.0136,5.04,219.94,0.142,170.8,19.41,"dRB2102_CTD_086_01_F.csv","dRB2102","CTD","086","F.csv"
"E704",1,1,FALSE,"WCOA21","2021_WCOA_RonBrown","7/12/2021",NA,"5:16:01 PM","","E704","870102","2","Niskin; Sterivex 0.22µm filter","95% EtOH","West Coast","Station 18 Point Blunt",40,37.847,-122.421,1000,"Sean McAllister","Samples rinsed with niskin water (not RO); Sterivex on outlet","7/12/2021 5:16:01 PM","7/12/2021 ","2021/07/12 05:16:00","2021/07/12 00:00:00","2021/07/12 05:16:00",37.847,-122.421,"870102","2",40,"33RO20210613","WCOA2021","S Sta. 18 Pt Blunt","87","1","11081","2",12,"2021/07/12 00:00:00",2021,7,12,"17:16:01",193.719,37.847,-122.421,50,40.3,40,16.557,32.655,2,-999,9,217.9,2,-999,-999,9,-999,9,-999,9,-999,-999,9,-999,-999,9,-999,9,-999,9,-999,9,-999,9,-999,9,-999,9,-999,9,-999,9,-999,9,-999,9,-999,9,-999,9,-999,9,-999,9,11081,"2021/07/12 17:16:01",2,"11081","2","32.655","16.557","40.3","","","16.557","40.3","-999.0","-999.0","","","","Seawater scale (mol/kg-SW) "," K1, K2 from Mehrbach et al., 1973 refit by Dickson and Millero, 3476","Dickson ","Uppstrom, 3463","","","","","","","","","","","","","","","","","","","","","","","","","","","","","","","","","","","","","",40,39.7,16.5313,32.6667,23.8342,4.98,217.13,0.131,148.02,5.41,"dRB2102_CTD_087_01_F.csv","dRB2102","CTD","087","F.csv"
"E705",1,1,FALSE,"WCOA21","2021_WCOA_RonBrown","7/12/2021",NA,"5:22:21 PM","","E705","870105","5","Niskin; Sterivex 0.22µm filter","95% EtOH","West Coast","Station 18 Point Blunt",14.8,37.846,-122.421,900,"Sean McAllister","Sterivex on outlet; 900 mL only","7/12/2021 5:22:21 PM","7/12/2021 ","2021/07/12 05:22:00","2021/07/12 00:00:00","2021/07/12 05:22:00",37.846,-122.421,"870105","5",15,"33RO20210613","WCOA2021","S Sta. 18 Pt Blunt","87","1","11008","2",12,"2021/07/12 00:00:00",2021,7,12,"17:22:21",193.724,37.846,-122.421,50,15,14.8,16.682,32.566,2,-999,9,217,2,216.9,7.105,2,2163.8,2,2295.3,2,7.6902,25.18,3,96.3936220852599,25.014999999999997,2,35.3,2,2.44,2,14.8,2,1.06,2,7.67,2,-999,9,25.343,2,-999,9,-999,9,-999,9,-999,9,-999,9,-999,9,-999,9,11008,"2021/07/12 17:22:21",5,"11008","5","32.566","16.682","15.0","","","16.682","15.0","2295.3","2163.8","","","","Seawater scale (mol/kg-SW) "," K1, K2 from Mehrbach et al., 1973 refit by Dickson and Millero, 3479","Dickson ","Uppstrom, 3466","32.56600189","16.68199921","15","0","0","2295.300049","2163.800049","7.838366985","682.8039551","685.2263184","2031.593784","107.5508046","24.65535616","46.73480344","1.884734688","0","0","14.55424328","2.602009308","1.66979141","698.0670513","16.68199921","15","7.838367146","682.8039962","685.226395","2031.593784","107.5508046","24.65535616","46.73480344","1.884734688","0","0","14.55424328","2.602009308","1.66979141","698.0671004",15,14.89,16.5421,32.652,23.8196,4.98,217.1,0.123,148.54,30.58,"dRB2102_CTD_087_01_F.csv","dRB2102","CTD","087","F.csv"
"E706",1,1,FALSE,"WCOA21","2021_WCOA_RonBrown","7/12/2021",NA,"5:26:45 PM","","E706","870110","10","Niskin; Sterivex 0.22µm filter","95% EtOH","West Coast","Station 18 Point Blunt",3.7,37.846,-122.421,1000,"Sean McAllister","Samples rinsed with niskin water (not RO); Sterivex on outlet","7/12/2021 5:26:45 PM","7/12/2021 ","2021/07/12 05:26:00","2021/07/12 00:00:00","2021/07/12 05:26:00",37.846,-122.421,"870110","10",4,"33RO20210613","WCOA2021","S Sta. 18 Pt Blunt","87","1","11067","2",12,"2021/07/12 00:00:00",2021,7,12,"17:26:45",193.727,37.846,-122.421,50,3.8,3.7,17.149,32.341,2,-999,9,216.8,2,-999,-999,9,-999,9,-999,9,-999,-999,9,-999,-999,9,-999,9,-999,9,-999,9,-999,9,-999,9,7,2,-999,9,-999,9,-999,9,-999,9,-999,9,-999,9,-999,9,-999,9,11067,"2021/07/12 17:26:45",10,"11067","10","32.341","17.149","3.8","","","17.149","3.8","-999.0","-999.0","","","","Seawater scale (mol/kg-SW) "," K1, K2 from Mehrbach et al., 1973 refit by Dickson and Millero, 3484","Dickson ","Uppstrom, 3471","","","","","","","","","","","","","","","","","","","","","","","","","","","","","","","","","","","","","",4,NA,NA,NA,NA,NA,NA,NA,NA,NA,NA,NA,NA,NA,NA
"E707",NA,NA,FALSE,"WCOA21","2021_WCOA_RonBrown","7/12/2021",NA,"6:50:10 PM","","E707","880102","2","Niskin; Sterivex 0.22µm filter","95% EtOH","West Coast","CMap RTC CO2 Buoy",18.3,37.892,-122.441,750,"Sean McAllister","750 mL only; Sterivex on outlet; sterivex popped off","7/12/2021 6:50:10 PM","7/12/2021 ","2021/07/12 06:50:00","2021/07/12 00:00:00","2021/07/12 06:50:00",37.892,-122.441,"880102","2",18,"33RO20210613","WCOA2021","CMAP CO2 Buoy","88","1","11081","2",12,"2021/07/12 00:00:00",2021,7,12,"18:50:10",193.785,37.892,-122.441,28,18.5,18.3,18.228,31.318,2,-999,9,215.1,2,-999,-999,9,-999,9,-999,9,-999,-999,9,-999,-999,9,-999,9,-999,9,-999,9,-999,9,-999,9,-999,9,-999,9,-999,9,-999,9,-999,9,-999,9,-999,9,-999,9,-999,9,11081,"2021/07/12 18:50:10",2,"11081","2","31.318","18.228","18.5","","","18.228","18.5","-999.0","-999.0","","","","Seawater scale (mol/kg-SW) "," K1, K2 from Mehrbach et al., 1973 refit by Dickson and Millero, 3487","Dickson ","Uppstrom, 3474","","","","","","","","","","","","","","","","","","","","","","","","","","","","","","","","","","","","","",18,17.86,18.2615,31.2804,22.3632,4.92,215.05,0.121,148.93,5.28,"dRB2102_CTD_088_01_F.csv","dRB2102","CTD","088","F.csv"
"E708",1,1,FALSE,"WCOA21","2021_WCOA_RonBrown","7/12/2021",NA,"6:52:36 PM","","E708","880104","4","Niskin; Sterivex 0.22µm filter","95% EtOH","West Coast","CMap RTC CO2 Buoy",10,37.892,-122.442,1000,"Sean McAllister","Sterivex on outlet","7/12/2021 6:52:36 PM","7/12/2021 ","2021/07/12 06:52:00","2021/07/12 00:00:00","2021/07/12 06:52:00",37.892,-122.442,"880104","4",10,"33RO20210613","WCOA2021","CMAP CO2 Buoy","88","1","11058","2",12,"2021/07/12 00:00:00",2021,7,12,"18:52:36",193.787,37.892,-122.442,28,10.1,10,18.744,30.609,2,-999,9,215,2,-999,-999,9,-999,9,-999,9,-999,-999,9,-999,-999,9,-999,9,-999,9,-999,9,-999,9,-999,9,-999,9,-999,9,-999,9,-999,9,-999,9,-999,9,-999,9,-999,9,-999,9,11058,"2021/07/12 18:52:36",4,"11058","4","30.609","18.744","10.1","","","18.744","10.1","-999.0","-999.0","","","","Seawater scale (mol/kg-SW) "," K1, K2 from Mehrbach et al., 1973 refit by Dickson and Millero, 3489","Dickson ","Uppstrom, 3476","","","","","","","","","","","","","","","","","","","","","","","","","","","","","","","","","","","","","",10,9.93,18.8458,30.4626,21.5955,4.9,214.29,0.118,148.83,13.23,"dRB2102_CTD_088_01_F.csv","dRB2102","CTD","088","F.csv"
"E709",1,1,FALSE,"WCOA21","2021_WCOA_RonBrown","7/12/2021",NA,"6:56:35 PM","","E709","880108","8","Niskin; Sterivex 0.22µm filter","95% EtOH","West Coast","CMap RTC CO2 Buoy",3.4,37.892,-122.442,1000,"Sean McAllister","Sterivex on outlet","7/12/2021 6:56:35 PM","7/12/2021 ","2021/07/12 06:56:00","2021/07/12 00:00:00","2021/07/12 06:56:00",37.892,-122.442,"880108","8",3,"33RO20210613","WCOA2021","CMAP CO2 Buoy","88","1","11027","2",12,"2021/07/12 00:00:00",2021,7,12,"18:56:35",193.789,37.892,-122.442,28,3.4,3.4,18.878,30.402,2,-999,9,214.1,2,-999,-999,9,-999,9,-999,9,-999,-999,9,-999,-999,9,-999,9,-999,9,-999,9,-999,9,-999,9,-999,9,-999,9,-999,9,-999,9,-999,9,-999,9,-999,9,-999,9,-999,9,11027,"2021/07/12 18:56:35",8,"11027","8","30.402","18.878","3.4","","","18.878","3.4","-999.0","-999.0","","","","Seawater scale (mol/kg-SW) "," K1, K2 from Mehrbach et al., 1973 refit by Dickson and Millero, 3493","Dickson ","Uppstrom, 3480","","","","","","","","","","","","","","","","","","","","","","","","","","","","","","","","","","","","","",3,2.98,18.8805,30.4783,21.5987,4.8,209.98,0.169,146.64,20.41,"dRB2102_CTD_088_01_F.csv","dRB2102","CTD","088","F.csv"
"E710",1,1,FALSE,"WCOA21","2021_WCOA_RonBrown","7/12/2021",NA,"8:09:14 PM","","E710","890102","2","Niskin; Sterivex 0.22µm filter","95% EtOH","West Coast","GGTX6",23.3,37.831,-122.445,1000,"Sean McAllister","Sterivex on outlet","7/12/2021 8:09:14 PM","7/12/2021 ","2021/07/12 08:09:00","2021/07/12 00:00:00","2021/07/12 08:09:00",37.831,-122.445,"890102","2",23,"33RO20210613","WCOA2021","GGTX6","89","1","11081","2",12,"2021/07/12 00:00:00",2021,7,12,"20:09:14",193.84,37.831,-122.445,33,23.5,23.3,15.788,32.99,2,-999,9,217,2,-999,-999,9,-999,9,-999,9,-999,-999,9,-999,-999,9,-999,9,-999,9,-999,9,-999,9,-999,9,-999,9,-999,9,-999,9,-999,9,-999,9,-999,9,-999,9,-999,9,-999,9,11081,"2021/07/12 20:09:14",2,"11081","2","32.990","15.788","23.5","","","15.788","23.5","-999.0","-999.0","","","","Seawater scale (mol/kg-SW) "," K1, K2 from Mehrbach et al., 1973 refit by Dickson and Millero, 3496","Dickson ","Uppstrom, 3483","","","","","","","","","","","","","","","","","","","","","","","","","","","","","","","","","","","","","",23,22.83,15.7893,32.9892,24.2494,4.98,216.95,0.121,158.23,5.48,"dRB2102_CTD_089_01_F.csv","dRB2102","CTD","089","F.csv"
"E711",1,1,FALSE,"WCOA21","2021_WCOA_RonBrown","7/12/2021",NA,"8:13:09 PM","","E711","890106","6","Niskin; Sterivex 0.22µm filter","95% EtOH","West Coast","GGTX6",9.9,37.832,-122.444,1000,"Sean McAllister","Sterivex on outlet","7/12/2021 8:13:09 PM","7/12/2021 ","2021/07/12 08:13:00","2021/07/12 00:00:00","2021/07/12 08:13:00",37.832,-122.444,"890106","6",10,"33RO20210613","WCOA2021","GGTX6","89","1","11082","2",12,"2021/07/12 00:00:00",2021,7,12,"20:13:09",193.842,37.832,-122.444,33,10,9.9,15.776,32.993,2,-999,9,216.6,2,215.9,7.076,2,2159,2,2284.7,2,7.6984,24.95,2,101.41784807957187,24.865,2,29.1,2,2.15,2,14.4,2,0.96,2,7.09,2,-999,9,21.618,2,-999,9,-999,9,-999,9,-999,9,-999,9,-999,9,-999,9,11082,"2021/07/12 20:13:09",6,"11082","6","32.993","15.776","10.0","","","15.776","10.0","2284.7","2159.0","","","","Seawater scale (mol/kg-SW) "," K1, K2 from Mehrbach et al., 1973 refit by Dickson and Millero, 3500","Dickson ","Uppstrom, 3487","32.99300003","15.77600002","10","0","0","2284.699951","2159","7.832476139","686.5653687","689.0291748","2030.142597","103.4500769","25.40723516","45.95639497","1.715905799","0","0","14.76263028","2.495858409","1.599840904","701.2003524","15.77600002","10","7.83247591","686.5653452","689.0291685","2030.142597","103.4500769","25.40723516","45.95639497","1.715905799","0","0","14.76263028","2.495858409","1.599840904","701.2003512",10,9.93,15.792,32.988,24.2474,4.93,214.85,0.127,158.98,18.82,"dRB2102_CTD_089_01_F.csv","dRB2102","CTD","089","F.csv"
"E712",1,1,FALSE,"WCOA21","2021_WCOA_RonBrown","7/12/2021",NA,"8:16:16 PM","","E712","890110","10","Niskin; Sterivex 0.22µm filter","95% EtOH","West Coast","GGTX6",3.1,37.832,-122.444,1000,"Sean McAllister","Sterivex on outlet","7/12/2021 8:16:16 PM","7/12/2021 ","2021/07/12 08:16:00","2021/07/12 00:00:00","2021/07/12 08:16:00",37.832,-122.444,"890110","10",3,"33RO20210613","WCOA2021","GGTX6","89","1","11067","2",12,"2021/07/12 00:00:00",2021,7,12,"20:16:16",193.845,37.832,-122.444,33,3.2,3.1,15.766,32.996,2,-999,9,216.4,2,-999,-999,9,-999,9,-999,9,-999,-999,9,-999,-999,9,-999,9,-999,9,-999,9,-999,9,-999,9,-999,9,-999,9,-999,9,-999,9,-999,9,-999,9,-999,9,-999,9,-999,9,11067,"2021/07/12 20:16:16",10,"11067","10","32.996","15.766","3.2","","","15.766","3.2","-999.0","-999.0","","","","Seawater scale (mol/kg-SW) "," K1, K2 from Mehrbach et al., 1973 refit by Dickson and Millero, 3504","Dickson ","Uppstrom, 3491","","","","","","","","","","","","","","","","","","","","","","","","","","","","","","","","","","","","","",3,2.98,15.8054,32.8399,24.1304,3.32,144.93,0.131,158.93,26.37,"dRB2102_CTD_089_01_F.csv","dRB2102","CTD","089","F.csv"
"E713",1,1,FALSE,"WCOA21","2021_WCOA_RonBrown","7/12/2021",NA,"9:40:07 PM","","E713","900102","2","Niskin; Sterivex 0.22µm filter","95% EtOH","West Coast","GGTX5",31.6,37.81,-122.516,1000,"Sean McAllister","Sterivex on outlet","7/12/2021 9:40:07 PM","7/12/2021 ","2021/07/12 09:40:00","2021/07/12 00:00:00","2021/07/12 09:40:00",37.81,-122.516,"900102","2",32,"33RO20210613","WCOA2021","GGTX5","90","1","11081","2",12,"2021/07/12 00:00:00",2021,7,12,"21:40:07",193.903,37.81,-122.516,42,31.8,31.6,15.009,33.224,2,-999,9,223.9,2,-999,-999,9,-999,9,-999,9,-999,-999,9,-999,-999,9,-999,9,-999,9,-999,9,-999,9,-999,9,-999,9,-999,9,-999,9,-999,9,-999,9,-999,9,-999,9,-999,9,-999,9,11081,"2021/07/12 21:40:07",2,"11081","2","33.224","15.009","31.8","","","15.009","31.8","-999.0","-999.0","","","","Seawater scale (mol/kg-SW) "," K1, K2 from Mehrbach et al., 1973 refit by Dickson and Millero, 3506","Dickson ","Uppstrom, 3493","","","","","","","","","","","","","","","","","","","","","","","","","","","","","","","","","","","","","",32,31.76,14.9601,33.2384,24.6237,5.14,223.87,0.152,160.91,7.17,"dRB2102_CTD_090_01_F.csv","dRB2102","CTD","090","F.csv"
"E714",1,1,FALSE,"WCOA21","2021_WCOA_RonBrown","7/12/2021",NA,"9:44:41 PM","","E714","900106","6","Niskin; Sterivex 0.22µm filter","95% EtOH","West Coast","GGTX5",9.7,37.81,-122.516,1000,"Sean McAllister","Sterivex on outlet","7/12/2021 9:44:41 PM","7/12/2021 ","2021/07/12 09:44:00","2021/07/12 00:00:00","2021/07/12 09:44:00",37.81,-122.516,"900106","6",10,"33RO20210613","WCOA2021","GGTX5","90","1","11082","2",12,"2021/07/12 00:00:00",2021,7,12,"21:44:41",193.906,37.81,-122.516,42,9.7,9.7,15.748,33.001,2,-999,9,220.9,2,-999,-999,9,-999,9,-999,9,-999,-999,9,-999,-999,9,-999,9,-999,9,-999,9,-999,9,-999,9,-999,9,-999,9,-999,9,-999,9,-999,9,-999,9,-999,9,-999,9,-999,9,11082,"2021/07/12 21:44:41",6,"11082","6","33.001","15.748","9.7","","","15.748","9.7","-999.0","-999.0","","","","Seawater scale (mol/kg-SW) "," K1, K2 from Mehrbach et al., 1973 refit by Dickson and Millero, 3510","Dickson ","Uppstrom, 3497","","","","","","","","","","","","","","","","","","","","","","","","","","","","","","","","","","","","","",10,9.93,15.9923,32.9288,24.157,5.03,219.51,0.131,163.02,28.49,"dRB2102_CTD_090_01_F.csv","dRB2102","CTD","090","F.csv"
"E715",1,1,FALSE,"WCOA21","2021_WCOA_RonBrown","7/12/2021",NA,"9:48:01 PM","","E715","900110","10","Niskin; Sterivex 0.22µm filter","95% EtOH","West Coast","GGTX5",3.4,37.81,-122.516,1000,"Sean McAllister","Sterivex on outlet","7/12/2021 9:48:01 PM","7/12/2021 ","2021/07/12 09:48:00","2021/07/12 00:00:00","2021/07/12 09:48:00",37.81,-122.516,"900110","10",3,"33RO20210613","WCOA2021","GGTX5","90","1","11067","2",12,"2021/07/12 00:00:00",2021,7,12,"21:48:01",193.908,37.81,-122.516,42,3.5,3.4,15.916,32.956,2,-999,9,219.3,2,222,7.274,2,2158.2,2,2289.7,2,7.7108,24.97,2,105.96110696163677,24.875,2,30.3,2,2.17,2,14.3,2,1.01,2,6.94,2,-999,9,21.985,2,-999,9,-999,9,-999,9,-999,9,-999,9,-999,9,-999,9,11067,"2021/07/12 21:48:01",10,"11067","10","32.956","15.916","3.5","","","15.916","3.5","2289.7","2158.2","","","","Seawater scale (mol/kg-SW) "," K1, K2 from Mehrbach et al., 1973 refit by Dickson and Millero, 3514","Dickson ","Uppstrom, 3501","32.95600128","15.91600037","3.5","0","0","2289.699951","2158.199951","7.845965862","665.5883179","667.9725952","2026.702424","106.9643749","24.53310326","47.29109956","1.792124319","0","0","14.5385444","2.584377595","1.656838496","679.8801455","15.91600037","3.5","7.84596574","665.5882934","667.9726041","2026.702424","106.9643749","24.53310326","47.29109956","1.792124319","0","0","14.5385444","2.584377595","1.656838496","679.880143",3,NA,NA,NA,NA,NA,NA,NA,NA,NA,NA,NA,NA,NA,NA
"E716",1,1,FALSE,"WCOA21","2021_WCOA_RonBrown","7/12/2021",NA,"10:43:03 PM","","E716","910102","2","Niskin; Sterivex 0.22µm filter","95% EtOH","West Coast","GGTX4",18.2,37.793,-122.562,1000,"Sean McAllister","Sterivex on outlet","7/12/2021 10:43:03 PM","7/12/2021 ","2021/07/12 10:43:00","2021/07/12 00:00:00","2021/07/12 10:43:00",37.793,-122.562,"910102","2",18,"33RO20210613","WCOA2021","GGTX4","91","1","11081","2",12,"2021/07/12 00:00:00",2021,7,12,"22:43:03",193.947,37.793,-122.562,28,18.3,18.2,12.564,33.655,2,-999,9,180.6,2,-999,-999,9,-999,9,-999,9,-999,-999,9,-999,-999,9,-999,9,-999,9,-999,9,-999,9,-999,9,-999,9,-999,9,-999,9,-999,9,-999,9,-999,9,-999,9,-999,9,-999,9,11081,"2021/07/12 22:43:03",2,"11081","2","33.655","12.564","18.3","","","12.564","18.3","-999.0","-999.0","","","","Seawater scale (mol/kg-SW) "," K1, K2 from Mehrbach et al., 1973 refit by Dickson and Millero, 3516","Dickson ","Uppstrom, 3503","","","","","","","","","","","","","","","","","","","","","","","","","","","","","","","","","","","","","",18,17.86,12.4784,33.6683,25.4639,4.15,180.7,0.135,170.94,5.74,"dRB2102_CTD_091_01_F.csv","dRB2102","CTD","091","F.csv"
"E717",1,1,FALSE,"WCOA21","2021_WCOA_RonBrown","7/12/2021",NA,"10:46:31 PM","","E717","910106","6","Niskin; Sterivex 0.22µm filter","95% EtOH","West Coast","GGTX4",4.3,37.792,-122.562,1000,"Sean McAllister","Sterivex on outlet","7/12/2021 10:46:31 PM","7/12/2021 ","2021/07/12 10:46:00","2021/07/12 00:00:00","2021/07/12 10:46:00",37.792,-122.562,"910106","6",4,"33RO20210613","WCOA2021","GGTX4","91","1","11082","2",12,"2021/07/12 00:00:00",2021,7,12,"22:46:31",193.949,37.792,-122.562,28,4.4,4.3,14.575,33.324,2,-999,9,214.9,2,-999,-999,9,-999,9,-999,9,-999,-999,9,-999,-999,9,-999,9,-999,9,-999,9,-999,9,-999,9,-999,9,-999,9,-999,9,-999,9,-999,9,-999,9,-999,9,-999,9,-999,9,11082,"2021/07/12 22:46:31",6,"11082","6","33.324","14.575","4.4","","","14.575","4.4","-999.0","-999.0","","","","Seawater scale (mol/kg-SW) "," K1, K2 from Mehrbach et al., 1973 refit by Dickson and Millero, 3520","Dickson ","Uppstrom, 3507","","","","","","","","","","","","","","","","","","","","","","","","","","","","","","","","","","","","","",4,3.97,14.6634,33.3,24.7341,5.03,219.11,0.155,172.67,19.99,"dRB2102_CTD_091_01_F.csv","dRB2102","CTD","091","F.csv"
"E718",1,1,FALSE,"WCOA21","2021_WCOA_RonBrown","7/12/2021",NA,"10:48:14 PM","","E718","910110","10","Niskin; Sterivex 0.22µm filter","95% EtOH","West Coast","GGTX4",4.1,37.792,-122.562,1000,"Sean McAllister","Sterivex on outlet","7/12/2021 10:48:14 PM","7/12/2021 ","2021/07/12 10:48:00","2021/07/12 00:00:00","2021/07/12 10:48:00",37.792,-122.562,"910110","10",4,"33RO20210613","WCOA2021","GGTX4","91","1","11067","2",12,"2021/07/12 00:00:00",2021,7,12,"22:48:14",193.95,37.792,-122.562,28,4.1,4.1,14.625,33.301,2,-999,9,218,2,-999,-999,9,-999,9,-999,9,-999,-999,9,-999,-999,9,-999,9,-999,9,-999,9,-999,9,-999,9,-999,9,-999,9,-999,9,-999,9,-999,9,-999,9,-999,9,-999,9,-999,9,11067,"2021/07/12 22:48:14",10,"11067","10","33.301","14.625","4.1","","","14.625","4.1","-999.0","-999.0","","","","Seawater scale (mol/kg-SW) "," K1, K2 from Mehrbach et al., 1973 refit by Dickson and Millero, 3524","Dickson ","Uppstrom, 3511","","","","","","","","","","","","","","","","","","","","","","","","","","","","","","","","","","","","","",4,3.97,14.6634,33.3,24.7341,5.03,219.11,0.155,172.67,19.99,"dRB2102_CTD_091_01_F.csv","dRB2102","CTD","091","F.csv"
"E719",1,1,FALSE,"WCOA21","2021_WCOA_RonBrown","7/13/2021",NA,"12:01:15 AM","","E719","920102","2","Niskin; Sterivex 0.22µm filter","95% EtOH","West Coast","GGTX3",12.8,37.772,-122.633,1000,"Sean McAllister","Sterivex on outlet","7/13/2021 12:01:15 AM","7/13/2021 ","2021/07/13 12:01:00","2021/07/13 00:00:00","2021/07/13 12:01:00",37.772,-122.633,"920102","2",13,"33RO20210613","WCOA2021","GGTX3","92","1","11081","2",12,"2021/07/13 00:00:00",2021,7,13,"00:01:15",194.001,37.772,-122.633,23,12.9,12.8,11.131,33.833,2,-999,9,157.2,2,-999,-999,9,-999,9,-999,9,-999,-999,9,-999,-999,9,-999,9,-999,9,-999,9,-999,9,-999,9,-999,9,-999,9,-999,9,-999,9,-999,9,-999,9,-999,9,-999,9,-999,9,11081,"2021/07/13 00:01:15",2,"11081","2","33.833","11.131","12.9","","","11.131","12.9","-999.0","-999.0","","","","Seawater scale (mol/kg-SW) "," K1, K2 from Mehrbach et al., 1973 refit by Dickson and Millero, 3526","Dickson ","Uppstrom, 3513","","","","","","","","","","","","","","","","","","","","","","","","","","","","","","","","","","","","","",13,12.9,11.3918,33.8081,25.7768,3.71,161.54,0.126,175.34,4.92,"dRB2102_CTD_092_01_F.csv","dRB2102","CTD","092","F.csv"
"E720",1,1,FALSE,"WCOA21","2021_WCOA_RonBrown","7/13/2021",NA,"12:05:31 AM","","E720","920106","6","Niskin; Sterivex 0.22µm filter","95% EtOH","West Coast","GGTX3",3.7,37.772,-122.633,1000,"Sean McAllister","Sterivex on outlet","7/13/2021 12:05:31 AM","7/13/2021 ","2021/07/13 12:05:00","2021/07/13 00:00:00","2021/07/13 12:05:00",37.772,-122.633,"920106","6",4,"33RO20210613","WCOA2021","GGTX3","92","1","11082","2",12,"2021/07/13 00:00:00",2021,7,13,"00:05:31",194.004,37.772,-122.633,23,3.7,3.7,12.817,33.676,2,-999,9,211.8,2,-999,-999,9,-999,9,-999,9,-999,-999,9,-999,-999,9,-999,9,-999,9,-999,9,-999,9,-999,9,-999,9,-999,9,-999,9,-999,9,-999,9,-999,9,-999,9,-999,9,-999,9,11082,"2021/07/13 00:05:31",6,"11082","6","33.676","12.817","3.7","","","12.817","3.7","-999.0","-999.0","","","","Seawater scale (mol/kg-SW) "," K1, K2 from Mehrbach et al., 1973 refit by Dickson and Millero, 3530","Dickson ","Uppstrom, 3517","","","","","","","","","","","","","","","","","","","","","","","","","","","","","","","","","","","","","",4,3.97,13.737,33.3718,24.9833,6.01,261.82,0.235,176.95,13.87,"dRB2102_CTD_092_01_F.csv","dRB2102","CTD","092","F.csv"
"E721",1,1,FALSE,"WCOA21","2021_WCOA_RonBrown","7/13/2021",NA,"1:58:06 AM","","E721","930102","2","Niskin; Sterivex 0.22µm filter","95% EtOH","West Coast","GGTX2",50.3,37.718,-122.815,1000,"Sean McAllister","Thiamine sampling (slow flow and collect outflow); Sterivex on outlet","7/13/2021 1:58:06 AM","7/13/2021 ","2021/07/13 01:58:00","2021/07/13 00:00:00","2021/07/13 01:58:00",37.718,-122.815,"930102","2",50,"33RO20210613","WCOA2021","GGTX2","93","1","11081","2",12,"2021/07/13 00:00:00",2021,7,13,"01:58:06",194.082,37.718,-122.815,61,50.7,50.3,9.53,33.943,2,-999,9,94.8,2,-999,-999,9,-999,9,-999,9,-999,-999,9,-999,-999,9,-999,9,-999,9,-999,9,-999,9,-999,9,-999,9,-999,9,-999,9,-999,9,-999,9,-999,9,-999,9,-999,9,-999,9,11081,"2021/07/13 01:58:06",2,"11081","2","33.943","9.530","50.7","","","9.530","50.7","-999.0","-999.0","","","","Seawater scale (mol/kg-SW) "," K1, K2 from Mehrbach et al., 1973 refit by Dickson and Millero, 3532","Dickson ","Uppstrom, 3519","","","","","","","","","","","","","","","","","","","","","","","","","","","","","","","","","","","","","",50,49.62,9.526,33.9437,26.207,2.17,94.42,0.052,173.34,8.62,"dRB2102_CTD_093_01_F.csv","dRB2102","CTD","093","F.csv"
"E722",1,1,FALSE,"WCOA21","2021_WCOA_RonBrown","7/13/2021",NA,"2:02:53 AM","","E722","930106","6","Niskin; Sterivex 0.22µm filter","95% EtOH","West Coast","GGTX2",19.9,37.718,-122.815,1000,"Sean McAllister","Sterivex on outlet","7/13/2021 2:02:53 AM","7/13/2021 ","2021/07/13 02:02:00","2021/07/13 00:00:00","2021/07/13 02:02:00",37.718,-122.815,"930106","6",20,"33RO20210613","WCOA2021","GGTX2","93","1","11082","2",12,"2021/07/13 00:00:00",2021,7,13,"02:02:53",194.085,37.718,-122.815,61,20.1,19.9,12.235,33.776,2,-999,9,282.3,2,-999,-999,9,-999,9,-999,9,-999,-999,9,-999,-999,9,-999,9,-999,9,-999,9,-999,9,-999,9,-999,9,-999,9,-999,9,-999,9,-999,9,-999,9,-999,9,-999,9,-999,9,11082,"2021/07/13 02:02:53",6,"11082","6","33.776","12.235","20.1","","","12.235","20.1","-999.0","-999.0","","","","Seawater scale (mol/kg-SW) "," K1, K2 from Mehrbach et al., 1973 refit by Dickson and Millero, 3536","Dickson ","Uppstrom, 3523","","","","","","","","","","","","","","","","","","","","","","","","","","","","","","","","","","","","","",20,19.85,11.4291,33.8547,25.8064,5.25,228.36,0.193,171.94,38.79,"dRB2102_CTD_093_01_F.csv","dRB2102","CTD","093","F.csv"
"E723",1,1,FALSE,"WCOA21","2021_WCOA_RonBrown","7/13/2021",NA,"2:05:02 AM","","E723","930108","8","Niskin; Sterivex 0.22µm filter","95% EtOH","West Coast","GGTX2",9.8,37.718,-122.815,1000,"Sean McAllister","Thiamine sampling (slow flow and collect outflow); Sterivex on outlet","7/13/2021 2:05:02 AM","7/13/2021 ","2021/07/13 02:05:00","2021/07/13 00:00:00","2021/07/13 02:05:00",37.718,-122.815,"930108","8",10,"33RO20210613","WCOA2021","GGTX2","93","1","11027","2",12,"2021/07/13 00:00:00",2021,7,13,"02:05:02",194.087,37.718,-122.815,61,9.9,9.8,12.304,33.769,2,-999,9,286.8,2,-999,-999,9,-999,9,-999,9,-999,-999,9,-999,-999,9,-999,9,-999,9,-999,9,-999,9,-999,9,-999,9,-999,9,-999,9,-999,9,-999,9,-999,9,-999,9,-999,9,-999,9,11027,"2021/07/13 02:05:02",8,"11027","8","33.769","12.304","9.9","","","12.304","9.9","-999.0","-999.0","","","","Seawater scale (mol/kg-SW) "," K1, K2 from Mehrbach et al., 1973 refit by Dickson and Millero, 3538","Dickson ","Uppstrom, 3525","","","","","","","","","","","","","","","","","","","","","","","","","","","","","","","","","","","","","",10,9.93,12.2565,33.7753,25.5894,6.61,287.63,0.246,171.52,48.76,"dRB2102_CTD_093_01_F.csv","dRB2102","CTD","093","F.csv"
"E724",1,1,FALSE,"WCOA21","2021_WCOA_RonBrown","7/13/2021",NA,"2:07:04 AM","","E724","930110","10","Niskin; Sterivex 0.22µm filter","95% EtOH","West Coast","GGTX2",3.8,37.718,-122.815,1000,"Sean McAllister","Thiamine sampling (slow flow and collect outflow); Sterivex on outlet","7/13/2021 2:07:04 AM","7/13/2021 ","2021/07/13 02:07:00","2021/07/13 00:00:00","2021/07/13 02:07:00",37.718,-122.815,"930110","10",4,"33RO20210613","WCOA2021","GGTX2","93","1","11067","2",12,"2021/07/13 00:00:00",2021,7,13,"02:07:04",194.088,37.718,-122.815,61,3.8,3.8,12.343,33.762,2,-999,9,286.6,2,-999,-999,9,-999,9,-999,9,-999,-999,9,-999,-999,9,-999,9,-999,9,-999,9,-999,9,-999,9,-999,9,-999,9,-999,9,-999,9,-999,9,-999,9,-999,9,-999,9,-999,9,11067,"2021/07/13 02:07:04",10,"11067","10","33.762","12.343","3.8","","","12.343","3.8","-999.0","-999.0","","","","Seawater scale (mol/kg-SW) "," K1, K2 from Mehrbach et al., 1973 refit by Dickson and Millero, 3540","Dickson ","Uppstrom, 3527","","","","","","","","","","","","","","","","","","","","","","","","","","","","","","","","","","","","","",4,3.97,12.2815,33.7708,25.581,6.58,286.55,0.233,171.83,54.68,"dRB2102_CTD_093_01_F.csv","dRB2102","CTD","093","F.csv"
"E725.1B",1,1,FALSE,"WCOA21","2021_WCOA_RonBrown","7/13/2021",NA,"3:44:27 AM","","E725.1B","940101","1","Niskin; Sterivex 0.22µm filter","95% EtOH","West Coast","GGTX1",79.6,37.658,-122.997,1000,"Sean McAllister","Thiamine sampling (slow flow and collect outflow); Sterivex on outlet","7/13/2021 3:44:27 AM","7/13/2021 ","2021/07/13 03:44:00","2021/07/13 00:00:00","2021/07/13 03:44:00",37.658,-122.997,"940101","1",80,"33RO20210613","WCOA2021","GGTX1","94","1","11031","2",12,"2021/07/13 00:00:00",2021,7,13,"03:44:27",194.156,37.658,-122.997,90,80.2,79.6,9.466,33.963,2,-999,9,85.3,2,85.7,2.813,6,2229.3,2,2253.4,6,7.3914,25.02,2,54.273684859165705,24.875,2,45,2,2.58,2,28,2,0.14,2,0.02,2,-999,9,10.891,6,-999,9,-999,9,-999,9,-999,9,-999,9,-999,9,-999,9,11031,"2021/07/13 03:44:27",1,"11031","1","33.963","9.466","80.2","","","9.466","80.2","2253.4","2229.3","","","","Seawater scale (mol/kg-SW) "," K1, K2 from Mehrbach et al., 1973 refit by Dickson and Millero, 3542","Dickson ","Uppstrom, 3529","33.96300125","9.465999603","80.19999695","0","0","2253.399902","2229.300049","7.599470615","1163.530029","1168.058105","2126.171213","50.84962447","52.27925774","25.00847286","0.546608315","0","0","18.50035029","1.200868536","0.762509922","1181.605816","9.465999603","80.19999695","7.599470818","1163.530088","1168.058195","2126.171213","50.84962447","52.27925774","25.00847286","0.546608315","0","0","18.50035029","1.200868536","0.762509922","1181.605875",80,79.39,9.4617,33.9631,26.2333,1.96,85.12,0.047,177.53,8.72,"dRB2102_CTD_094_01_F.csv","dRB2102","CTD","094","F.csv"
"E725.2B",2,1,FALSE,"WCOA21","2021_WCOA_RonBrown","7/13/2021",NA,"3:44:29 AM","","E725.2B","940102","2","Niskin; Sterivex 0.22µm filter","95% EtOH","West Coast","GGTX1",79.6,37.658,-122.997,1000,"Sean McAllister","Back to sterivex on inlet","7/13/2021 3:44:29 AM","7/13/2021 ","2021/07/13 03:44:00","2021/07/13 00:00:00","2021/07/13 03:44:00",37.658,-122.997,"940102","2",80,"33RO20210613","WCOA2021","GGTX1","94","1","11081","2",12,"2021/07/13 00:00:00",2021,7,13,"03:44:29",194.156,37.658,-122.997,90,80.2,79.6,9.466,33.963,2,-999,9,85.3,2,-999,-999,9,-999,9,-999,9,-999,-999,9,-999,-999,9,-999,9,-999,9,-999,9,-999,9,-999,9,-999,9,-999,9,-999,9,-999,9,-999,9,-999,9,-999,9,-999,9,-999,9,11081,"2021/07/13 03:44:29",2,"11081","2","33.963","9.466","80.2","","","9.466","80.2","-999.0","-999.0","","","","Seawater scale (mol/kg-SW) "," K1, K2 from Mehrbach et al., 1973 refit by Dickson and Millero, 3543","Dickson ","Uppstrom, 3530","","","","","","","","","","","","","","","","","","","","","","","","","","","","","","","","","","","","","",80,79.39,9.4617,33.9631,26.2333,1.96,85.12,0.047,177.53,8.72,"dRB2102_CTD_094_01_F.csv","dRB2102","CTD","094","F.csv"
"E725.3B",3,1,FALSE,"WCOA21","2021_WCOA_RonBrown","7/13/2021",NA,"3:44:32 AM","","E725.3B","940103","3","Niskin; Sterivex 0.22µm filter","95% EtOH","West Coast","GGTX1",80.2,37.658,-122.997,1000,"Sean McAllister","","7/13/2021 3:44:32 AM","7/13/2021 ","2021/07/13 03:44:00","2021/07/13 00:00:00","2021/07/13 03:44:00",37.658,-122.997,"940103","3",80,"33RO20210613","WCOA2021","GGTX1","94","1","11020","2",12,"2021/07/13 00:00:00",2021,7,13,"03:44:32",194.156,37.658,-122.997,90,80.8,80.2,9.472,33.963,2,-999,9,85.6,2,-999,-999,9,-999,9,-999,9,-999,-999,9,-999,-999,9,-999,9,-999,9,-999,9,-999,9,-999,9,-999,9,-999,9,-999,9,-999,9,-999,9,-999,9,-999,9,-999,9,-999,9,11020,"2021/07/13 03:44:32",3,"11020","3","33.963","9.472","80.8","","","9.472","80.8","-999.0","-999.0","","","","Seawater scale (mol/kg-SW) "," K1, K2 from Mehrbach et al., 1973 refit by Dickson and Millero, 3544","Dickson ","Uppstrom, 3531","","","","","","","","","","","","","","","","","","","","","","","","","","","","","","","","","","","","","",80,79.39,9.4617,33.9631,26.2333,1.96,85.12,0.047,177.53,8.72,"dRB2102_CTD_094_01_F.csv","dRB2102","CTD","094","F.csv"
"E726",1,1,FALSE,"WCOA21","2021_WCOA_RonBrown","7/13/2021",NA,"3:48:04 AM","","E726","940105","5","Niskin; Sterivex 0.22µm filter","95% EtOH","West Coast","GGTX1",60.1,37.658,-122.997,1000,"Sean McAllister","","7/13/2021 3:48:04 AM","7/13/2021 ","2021/07/13 03:48:00","2021/07/13 00:00:00","2021/07/13 03:48:00",37.658,-122.997,"940105","5",60,"33RO20210613","WCOA2021","GGTX1","94","1","11008","2",12,"2021/07/13 00:00:00",2021,7,13,"03:48:04",194.158,37.658,-122.997,90,60.5,60.1,9.547,33.968,2,-999,9,90.7,2,-999,-999,9,-999,9,-999,9,-999,-999,9,-999,-999,9,-999,9,-999,9,-999,9,-999,9,-999,9,-999,9,-999,9,-999,9,-999,9,-999,9,-999,9,-999,9,-999,9,-999,9,11008,"2021/07/13 03:48:04",5,"11008","5","33.968","9.547","60.5","","","9.547","60.5","-999.0","-999.0","","","","Seawater scale (mol/kg-SW) "," K1, K2 from Mehrbach et al., 1973 refit by Dickson and Millero, 3546","Dickson ","Uppstrom, 3533","","","","","","","","","","","","","","","","","","","","","","","","","","","","","","","","","","","","","",60,59.54,9.5585,33.969,26.2216,2.11,91.94,0.044,178.45,29.01,"dRB2102_CTD_094_01_F.csv","dRB2102","CTD","094","F.csv"
"E727.1B",1,1,FALSE,"WCOA21","2021_WCOA_RonBrown","7/13/2021",NA,"3:53:20 AM","","E727.1B","940110","10","Niskin; Sterivex 0.22µm filter","95% EtOH","West Coast","GGTX1",40.1,37.657,-122.997,1000,"Sean McAllister","","7/13/2021 3:53:20 AM","7/13/2021 ","2021/07/13 03:53:00","2021/07/13 00:00:00","2021/07/13 03:53:00",37.657,-122.997,"940110","10",40,"33RO20210613","WCOA2021","GGTX1","94","1","11067","2",12,"2021/07/13 00:00:00",2021,7,13,"03:53:20",194.162,37.657,-122.997,90,40.4,40.1,9.72,33.948,2,-999,9,102.3,2,102.4,3.361,2,2211.1,2,2250.2,2,7.4394,25.02,2,60.69900467788133,24.875,2,34,2,2.26,2,27,2,0.07,2,0.02,2,-999,9,11.678,2,-999,9,-999,9,-999,9,-999,9,-999,9,-999,9,-999,9,11067,"2021/07/13 03:53:20",10,"11067","10","33.948","9.720","40.4","","","9.720","40.4","2250.2","2211.1","","","","Seawater scale (mol/kg-SW) "," K1, K2 from Mehrbach et al., 1973 refit by Dickson and Millero, 3551","Dickson ","Uppstrom, 3538","33.94800186","9.720000267","40.40000153","0","0","2250.199951","2211.100098","7.648491383","1036.719849","1040.741211","2108.062228","56.84463974","46.19332154","27.84538139","0.62589777","0","0","18.22255309","1.352557742","0.858758628","1053.022652","9.720000267","40.40000153","7.648491377","1036.719914","1040.741198","2108.062228","56.84463974","46.19332154","27.84538139","0.62589777","0","0","18.22255309","1.352557742","0.858758628","1053.02263",40,39.7,9.8393,33.9311,26.1451,2.55,111.13,0.052,178.18,49,"dRB2102_CTD_094_01_F.csv","dRB2102","CTD","094","F.csv"
"E727.2B",2,1,FALSE,"WCOA21","2021_WCOA_RonBrown","7/13/2021",NA,"3:53:23 AM","","E727.2B","940111","11","Niskin; Sterivex 0.22µm filter","95% EtOH","West Coast","GGTX1",40.1,37.657,-122.997,1000,"Sean McAllister","","7/13/2021 3:53:23 AM","7/13/2021 ","2021/07/13 03:53:00","2021/07/13 00:00:00","2021/07/13 03:53:00",37.657,-122.997,"940111","11",40,"33RO20210613","WCOA2021","GGTX1","94","1","11023","2",12,"2021/07/13 00:00:00",2021,7,13,"03:53:23",194.162,37.657,-122.997,90,40.4,40.1,9.719,33.948,2,-999,9,102.3,2,-999,-999,9,-999,9,-999,9,-999,-999,9,-999,-999,9,-999,9,-999,9,-999,9,-999,9,-999,9,-999,9,-999,9,-999,9,-999,9,-999,9,-999,9,-999,9,-999,9,-999,9,11023,"2021/07/13 03:53:23",11,"11023","11","33.948","9.719","40.4","","","9.719","40.4","-999.0","-999.0","","","","Seawater scale (mol/kg-SW) "," K1, K2 from Mehrbach et al., 1973 refit by Dickson and Millero, 3552","Dickson ","Uppstrom, 3539","","","","","","","","","","","","","","","","","","","","","","","","","","","","","","","","","","","","","",40,39.7,9.8393,33.9311,26.1451,2.55,111.13,0.052,178.18,49,"dRB2102_CTD_094_01_F.csv","dRB2102","CTD","094","F.csv"
"E727.3B",3,1,FALSE,"WCOA21","2021_WCOA_RonBrown","7/13/2021",NA,"3:53:27 AM","","E727.3B","940112","12","Niskin; Sterivex 0.22µm filter","95% EtOH","West Coast","GGTX1",40,37.657,-122.997,1000,"Sean McAllister","","7/13/2021 3:53:27 AM","7/13/2021 ","2021/07/13 03:53:00","2021/07/13 00:00:00","2021/07/13 03:53:00",37.657,-122.997,"940112","12",40,"33RO20210613","WCOA2021","GGTX1","94","1","11026","2",12,"2021/07/13 00:00:00",2021,7,13,"03:53:27",194.162,37.657,-122.997,90,40.3,40,9.721,33.947,2,-999,9,102.3,2,-999,-999,9,-999,9,-999,9,-999,-999,9,-999,-999,9,-999,9,-999,9,-999,9,-999,9,-999,9,-999,9,-999,9,-999,9,-999,9,-999,9,-999,9,-999,9,-999,9,-999,9,11026,"2021/07/13 03:53:27",12,"11026","12","33.947","9.721","40.3","","","9.721","40.3","-999.0","-999.0","","","","Seawater scale (mol/kg-SW) "," K1, K2 from Mehrbach et al., 1973 refit by Dickson and Millero, 3553","Dickson ","Uppstrom, 3540","","","","","","","","","","","","","","","","","","","","","","","","","","","","","","","","","","","","","",40,39.7,9.8393,33.9311,26.1451,2.55,111.13,0.052,178.18,49,"dRB2102_CTD_094_01_F.csv","dRB2102","CTD","094","F.csv"
"E728",1,1,FALSE,"WCOA21","2021_WCOA_RonBrown","7/13/2021",NA,"3:57:48 AM","","E728","940117","17","Niskin; Sterivex 0.22µm filter","95% EtOH","West Coast","GGTX1",19.9,37.657,-122.997,1000,"Sean McAllister","Thiamine sampling (slow flow and collect outflow); Sterivex on outlet","7/13/2021 3:57:48 AM","7/13/2021 ","2021/07/13 03:57:00","2021/07/13 00:00:00","2021/07/13 03:57:00",37.657,-122.997,"940117","17",20,"33RO20210613","WCOA2021","GGTX1","94","1","11052","2",12,"2021/07/13 00:00:00",2021,7,13,"03:57:48",194.165,37.657,-122.997,90,20.1,19.9,11.364,33.793,2,-999,9,229.3,2,-999,-999,9,-999,9,-999,9,-999,-999,9,-999,-999,9,-999,9,-999,9,-999,9,-999,9,-999,9,-999,9,-999,9,-999,9,-999,9,-999,9,-999,9,-999,9,-999,9,-999,9,11052,"2021/07/13 03:57:48",17,"11052","17","33.793","11.364","20.1","","","11.364","20.1","-999.0","-999.0","","","","Seawater scale (mol/kg-SW) "," K1, K2 from Mehrbach et al., 1973 refit by Dickson and Millero, 3558","Dickson ","Uppstrom, 3545","","","","","","","","","","","","","","","","","","","","","","","","","","","","","","","","","","","","","",20,19.85,11.7529,33.7741,25.6838,6.83,297.21,0.202,176.27,68.66,"dRB2102_CTD_094_01_F.csv","dRB2102","CTD","094","F.csv"
"E729",1,1,FALSE,"WCOA21","2021_WCOA_RonBrown","7/13/2021",NA,"3:59:55 AM","","E729","940119","19","Niskin; Sterivex 0.22µm filter","95% EtOH","West Coast","GGTX1",10.4,37.657,-122.997,1000,"Sean McAllister","Thiamine sampling (slow flow and collect outflow); Sterivex on outlet","7/13/2021 3:59:55 AM","7/13/2021 ","2021/07/13 03:59:00","2021/07/13 00:00:00","2021/07/13 03:59:00",37.657,-122.997,"940119","19",10,"33RO20210613","WCOA2021","GGTX1","94","1","11028","2",12,"2021/07/13 00:00:00",2021,7,13,"03:59:55",194.167,37.657,-122.997,90,10.5,10.4,11.833,33.773,2,-999,9,303.7,2,-999,-999,9,-999,9,-999,9,-999,-999,9,-999,-999,9,-999,9,-999,9,-999,9,-999,9,-999,9,-999,9,-999,9,-999,9,-999,9,-999,9,-999,9,-999,9,-999,9,-999,9,11028,"2021/07/13 03:59:55",19,"11028","19","33.773","11.833","10.5","","","11.833","10.5","-999.0","-999.0","","","","Seawater scale (mol/kg-SW) "," K1, K2 from Mehrbach et al., 1973 refit by Dickson and Millero, 3560","Dickson ","Uppstrom, 3547","","","","","","","","","","","","","","","","","","","","","","","","","","","","","","","","","","","","","",10,9.93,11.8362,33.7723,25.6666,6.97,303.68,0.197,176.39,78.8,"dRB2102_CTD_094_01_F.csv","dRB2102","CTD","094","F.csv"
"E730.1B",1,1,FALSE,"WCOA21","2021_WCOA_RonBrown","7/13/2021",NA,"4:01:57 AM","","E730.1B","940121","21","Niskin; Sterivex 0.22µm filter","95% EtOH","West Coast","GGTX1",4.7,37.657,-122.997,1000,"Sean McAllister","Thiamine sampling (slow flow and collect outflow); Sterivex on outlet","7/13/2021 4:01:57 AM","7/13/2021 ","2021/07/13 04:01:00","2021/07/13 00:00:00","2021/07/13 04:01:00",37.657,-122.997,"940121","21",5,"33RO20210613","WCOA2021","GGTX1","94","1","11062","2",12,"2021/07/13 00:00:00",2021,7,13,"04:01:57",194.168,37.657,-122.997,90,4.7,4.7,11.843,33.772,2,-999,9,302.7,2,-999,-999,9,-999,9,-999,9,-999,-999,9,-999,-999,9,-999,9,-999,9,-999,9,-999,9,-999,9,-999,9,-999,9,-999,9,-999,9,-999,9,-999,9,-999,9,-999,9,-999,9,11062,"2021/07/13 04:01:57",21,"11062","21","33.772","11.843","4.7","","","11.843","4.7","-999.0","-999.0","","","","Seawater scale (mol/kg-SW) "," K1, K2 from Mehrbach et al., 1973 refit by Dickson and Millero, 3562","Dickson ","Uppstrom, 3549","","","","","","","","","","","","","","","","","","","","","","","","","","","","","","","","","","","","","",5,4.96,11.8448,33.7707,25.6637,6.99,304.46,0.212,176.52,86.47,"dRB2102_CTD_094_01_F.csv","dRB2102","CTD","094","F.csv"
"E730.2B",2,1,FALSE,"WCOA21","2021_WCOA_RonBrown","7/13/2021",NA,"4:02:00 AM","","E730.2B","940122","22","Niskin; Sterivex 0.22µm filter","95% EtOH","West Coast","GGTX1",4.7,37.657,-122.997,1000,"Sean McAllister","","7/13/2021 4:02:00 AM","7/13/2021 ","2021/07/13 04:02:00","2021/07/13 00:00:00","2021/07/13 04:02:00",37.657,-122.997,"940122","22",5,"33RO20210613","WCOA2021","GGTX1","94","1","11024","2",12,"2021/07/13 00:00:00",2021,7,13,"04:02:00",194.168,37.657,-122.997,90,4.7,4.7,11.844,33.772,2,-999,9,302.7,2,-999,-999,9,-999,9,-999,9,-999,-999,9,-999,-999,9,-999,9,-999,9,-999,9,-999,9,-999,9,-999,9,-999,9,-999,9,-999,9,-999,9,-999,9,-999,9,-999,9,-999,9,11024,"2021/07/13 04:02:00",22,"11024","22","33.772","11.844","4.7","","","11.844","4.7","-999.0","-999.0","","","","Seawater scale (mol/kg-SW) "," K1, K2 from Mehrbach et al., 1973 refit by Dickson and Millero, 3563","Dickson ","Uppstrom, 3550","","","","","","","","","","","","","","","","","","","","","","","","","","","","","","","","","","","","","",5,4.96,11.8448,33.7707,25.6637,6.99,304.46,0.212,176.52,86.47,"dRB2102_CTD_094_01_F.csv","dRB2102","CTD","094","F.csv"
"E730.3B",3,1,FALSE,"WCOA21","2021_WCOA_RonBrown","7/13/2021",NA,"4:02:03 AM","","E730.3B","940123","23","Niskin; Sterivex 0.22µm filter","95% EtOH","West Coast","GGTX1",4.8,37.657,-122.997,1000,"Sean McAllister","","7/13/2021 4:02:03 AM","7/13/2021 ","2021/07/13 04:02:00","2021/07/13 00:00:00","2021/07/13 04:02:00",37.657,-122.997,"940123","23",5,"33RO20210613","WCOA2021","GGTX1","94","1","11061","2",12,"2021/07/13 00:00:00",2021,7,13,"04:02:03",194.168,37.657,-122.997,90,4.8,4.8,11.844,33.772,2,-999,9,302.7,2,-999,-999,9,-999,9,-999,9,-999,-999,9,-999,-999,9,-999,9,-999,9,-999,9,-999,9,-999,9,-999,9,-999,9,-999,9,-999,9,-999,9,-999,9,-999,9,-999,9,-999,9,11061,"2021/07/13 04:02:03",23,"11061","23","33.772","11.844","4.8","","","11.844","4.8","-999.0","-999.0","","","","Seawater scale (mol/kg-SW) "," K1, K2 from Mehrbach et al., 1973 refit by Dickson and Millero, 3564","Dickson ","Uppstrom, 3551","","","","","","","","","","","","","","","","","","","","","","","","","","","","","","","","","","","","","",5,4.96,11.8448,33.7707,25.6637,6.99,304.46,0.212,176.52,86.47,"dRB2102_CTD_094_01_F.csv","dRB2102","CTD","094","F.csv"
"E731",1,1,FALSE,"WCOA21","2021_WCOA_RonBrown","7/13/2021",NA,"7:33:40 PM","","E731","950101","1","Niskin; Sterivex 0.22µm filter","95% EtOH","West Coast","ML126",3877.8,35.91,-123.93,250,"Sean McAllister","250 mL only (bottle empty); Sterivex on inlet","7/13/2021 7:33:40 PM","7/13/2021 ","2021/07/13 07:33:00","2021/07/13 00:00:00","2021/07/13 07:33:00",35.91,-123.93,"950101","1",3878,"33RO20210613","WCOA2021","ML126","95","1","11031","2",13,"2021/07/13 00:00:00",2021,7,13,"19:33:40",194.815,35.91,-123.93,3888,3942.6,3877.8,1.483,34.682,2,-999,9,138.1,2,137.4,4.518,6,2346.4,6,2433.3,2,7.5549,25.17,2,83.94751465509084,24.89,2,172.2,2,2.61,2,36.6,2,0.05,2,0.03,2,-999,9,0.835,2,-999,9,-999,9,-999,9,-999,9,-999,9,-999,9,-999,9,11031,"2021/07/13 19:33:40",1,"11031","1","34.682","1.483","3942.6","","","1.483","3942.6","2433.3","2346.4","","","","Seawater scale (mol/kg-SW) "," K1, K2 from Mehrbach et al., 1973 refit by Dickson and Millero, 3565","Dickson ","Uppstrom, 3552","34.68199921","1.48300004","3942.600098","0","0","2433.300049","2346.399902","7.754649639","529.5846558","531.8755493","2241.411889","73.48343956","31.50461052","44.47529119","0.463807217","0","0","17.8288913","0.799388504","0.527557582","535.398806","1.48300004","3942.600098","7.754649601","529.5846335","531.8755092","2241.411889","73.48343956","31.50461052","44.47529119","0.463807217","0","0","17.8288913","0.799388504","0.527557582","535.3987867",3878,3814.81,1.4888,34.6812,27.7768,3.14,136.3,0.04,161.71,99.91,"dRB2102_CTD_095_01_F.csv","dRB2102","CTD","095","F.csv"
"E732",1,1,FALSE,"WCOA21","2021_WCOA_RonBrown","7/13/2021",NA,"9:10:56 PM","","E732","950115","15","Niskin; Sterivex 0.22µm filter","95% EtOH","West Coast","ML126",99.8,35.909,-123.931,1000,"Sean McAllister","Sterivex on inlet","7/13/2021 9:10:56 PM","7/13/2021 ","2021/07/13 09:10:00","2021/07/13 00:00:00","2021/07/13 09:10:00",35.909,-123.931,"950115","15",100,"33RO20210613","WCOA2021","ML126","95","1","11053","2",13,"2021/07/13 00:00:00",2021,7,13,"21:10:56",194.883,35.909,-123.931,3888,100.5,99.8,9.399,33.584,2,-999,9,178.2,2,167.6,5.502,2,2157.7,2,2228,2,7.5459,25.05,2,74.1613998899634,24.89,2,22.9,2,1.75,2,22.3,2,0.03,2,0.02,2,-999,9,6.348,2,-999,9,-999,9,-999,9,-999,9,-999,9,-999,9,-999,9,11053,"2021/07/13 21:10:56",15,"11053","15","33.584","9.399","100.5","","","9.399","100.5","2228.0","2157.7","","","","Seawater scale (mol/kg-SW) "," K1, K2 from Mehrbach et al., 1973 refit by Dickson and Millero, 3579","Dickson ","Uppstrom, 3566","33.58399963","9.399000168","100.5","0","0","2228","2157.699951","7.75851059","777.777771","780.807312","2052.533755","70.06453039","35.10172944","34.57523007","0.779679977","0","0","17.25866455","1.652046217","1.048370215","789.8241094","9.399000168","100.5","7.758510514","777.7777515","780.8072701","2052.533755","70.06453039","35.10172944","34.57523007","0.779679977","0","0","17.25866455","1.652046217","1.048370215","789.8240952",100,99.25,9.542,33.6499,25.9757,4.11,179.04,0.041,175.84,99.39,"dRB2102_CTD_095_01_F.csv","dRB2102","CTD","095","F.csv"
"E733",1,1,FALSE,"WCOA21","2021_WCOA_RonBrown","7/13/2021",NA,"9:31:44 PM","","E733","950124","24","Niskin; Sterivex 0.22µm filter","95% EtOH","West Coast","ML126",4.3,35.91,-123.931,1000,"Sean McAllister","Sterivex on inlet","7/13/2021 9:31:44 PM","7/13/2021 ","2021/07/13 09:31:00","2021/07/13 00:00:00","2021/07/13 09:31:00",35.91,-123.931,"950124","24",4,"33RO20210613","WCOA2021","ML126","95","1","11001","2",13,"2021/07/13 00:00:00",2021,7,13,"21:31:44",194.897,35.91,-123.931,3888,4.3,4.3,14.963,33.276,2,-999,9,259.5,2,259.6,8.513,6,2038.5,2,2227.5,2,7.8628,25.05,2,136.97245936812098,24.89,2,2.2,2,0.65,2,4.9,2,0.17,2,0.25,2,0.5,2,3.776,2,-999,9,-999,9,-999,9,-999,9,-999,9,-999,9,-999,9,11001,"2021/07/13 21:31:44",24,"11001","24","33.276","14.963","4.3","","","14.963","4.3","2227.5","2038.5","","","","Seawater scale (mol/kg-SW) "," K1, K2 from Mehrbach et al., 1973 refit by Dickson and Millero, 3588","Dickson ","Uppstrom, 3575","33.27600098","14.9630003","4.300000191","0","0","2227.5","2038.5","8.00360775","426.9309082","428.4789124","1883.496792","138.8376381","16.16560868","63.97647574","2.361650575","0","0","12.24670109","3.344738022","2.141312546","435.6550412","14.9630003","4.300000191","8.003607501","426.9308978","428.4788899","1883.496792","138.8376381","16.16560868","63.97647574","2.361650575","0","0","12.24670109","3.344738022","2.141312546","435.655028",4,3.97,14.9873,33.2876,24.6549,5.94,258.81,0.059,176.07,99.62,"dRB2102_CTD_095_01_F.csv","dRB2102","CTD","095","F.csv"
"E735",1,1,FALSE,"WCOA21","2021_WCOA_RonBrown","7/14/2021",NA,"2:54:18 AM","","E735","960101","1","Niskin; Sterivex 0.22µm filter","95% EtOH","West Coast","ML82",3238.1,36.287,-123.132,1000,"Sean McAllister","","7/14/2021 2:54:18 AM","7/14/2021 ","2021/07/14 02:54:00","2021/07/14 00:00:00","2021/07/14 02:54:00",36.287,-123.132,"960101","1",3238,"33RO20210613","WCOA2021","ML82","96","1","11031","2",13,"2021/07/14 00:00:00",2021,7,14,"02:54:18",195.121,36.287,-123.132,3248,3287.4,3238.1,1.568,34.669,2,-999,9,119.9,2,-999,-999,5,2361,2,2436.1,2,7.5261,25.05,2,76.26905746974484,24.865,2,175.7,2,2.73,2,37.8,2,0.05,2,0.13,2,-999,9,2.005,2,-999,9,-999,9,-999,9,-999,9,-999,9,-999,9,-999,9,11031,"2021/07/14 02:54:18",1,"11031","1","34.669","1.568","3287.4","","","1.568","3287.4","2436.1","2361.0","","","","Seawater scale (mol/kg-SW) "," K1, K2 from Mehrbach et al., 1973 refit by Dickson and Millero, 3589","Dickson ","Uppstrom, 3576","34.66899872","1.567999959","3287.399902","0","0","2436.100098","2361","7.743331909","587.3851929","589.9232178","2257.119955","69.04714918","34.83294595","40.47114444","0.432966963","0","0","18.30773369","0.85266721","0.558237575","593.8551274","1.567999959","3287.399902","7.743331754","587.3851913","589.9231934","2257.119955","69.04714918","34.83294595","40.47114444","0.432966963","0","0","18.30773369","0.85266721","0.558237575","593.8550858",3238,3189.79,1.5936,34.6668,27.7535,2.73,118.58,0.04,164.36,59.97,"dRB2102_CTD_096_01_F.csv","dRB2102","CTD","096","F.csv"
"E736",1,1,FALSE,"WCOA21","2021_WCOA_RonBrown","7/14/2021",NA,"4:24:07 AM","","E736","960114","14","Niskin; Sterivex 0.22µm filter","95% EtOH","West Coast","ML82",99.4,36.287,-123.132,1000,"Sean McAllister","","7/14/2021 4:24:07 AM","7/14/2021 ","2021/07/14 04:24:00","2021/07/14 00:00:00","2021/07/14 04:24:00",36.287,-123.132,"960114","14",99,"33RO20210613","WCOA2021","ML82","96","1","11011","2",13,"2021/07/14 00:00:00",2021,7,14,"04:24:07",195.183,36.287,-123.132,3248,100.1,99.4,9.417,33.914,2,-999,9,110.5,2,111.5,3.662,2,2199.2,2,2247.9,2,7.4755,24.93,2,65.39483981017067,24.830000000000002,2,30,2,2.04,2,25.9,2,0.06,2,0.12,2,-999,9,6.95,2,-999,9,-999,9,-999,9,-999,9,-999,9,-999,9,-999,9,11011,"2021/07/14 04:24:07",14,"11011","14","33.914","9.417","100.1","","","9.417","100.1","2247.9","2199.2","","","","Seawater scale (mol/kg-SW) "," K1, K2 from Mehrbach et al., 1973 refit by Dickson and Millero, 3602","Dickson ","Uppstrom, 3589","33.91400146","9.416999817","100.0999985","0","0","2247.899902","2199.199951","7.683104992","943.9799805","947.6560669","2096.037703","60.66632983","42.49594957","29.89083123","0.659936341","0","0","18.01010052","1.427807878","0.90666786","958.6110932","9.416999817","100.0999985","7.683105125","943.980019","947.6560493","2096.037703","60.66632983","42.49594957","29.89083123","0.659936341","0","0","18.01010052","1.427807878","0.90666786","958.6110907",99,98.25,9.7174,33.9379,26.1718,2.54,110.51,0.04,179.85,99.63,"dRB2102_CTD_096_01_F.csv","dRB2102","CTD","096","F.csv"
"E737",1,1,FALSE,"WCOA21","2021_WCOA_RonBrown","7/14/2021",NA,"4:42:16 AM","","E737","960124","24","Niskin; Sterivex 0.22µm filter","95% EtOH","West Coast","ML82",4.6,36.287,-123.133,1000,"Sean McAllister","","7/14/2021 4:42:16 AM","7/14/2021 ","2021/07/14 04:42:00","2021/07/14 00:00:00","2021/07/14 04:42:00",36.287,-123.133,"960124","24",5,"33RO20210613","WCOA2021","ML82","96","1","11001","2",13,"2021/07/14 00:00:00",2021,7,14,"04:42:16",195.196,36.287,-123.133,3248,4.7,4.6,13.957,33.647,2,-999,9,268.3,2,-999,-999,9,-999,9,-999,9,-999,-999,9,-999,-999,9,-999,9,-999,9,-999,9,-999,9,-999,9,-999,9,7.123,2,-999,9,-999,9,-999,9,-999,9,-999,9,-999,9,-999,9,11001,"2021/07/14 04:42:16",24,"11001","24","33.647","13.957","4.7","","","13.957","4.7","-999.0","-999.0","","","","Seawater scale (mol/kg-SW) "," K1, K2 from Mehrbach et al., 1973 refit by Dickson and Millero, 3612","Dickson ","Uppstrom, 3599","","","","","","","","","","","","","","","","","","","","","","","","","","","","","","","","","","","","","",5,4.96,13.9634,33.6389,25.1431,6.14,267.63,0.11,180.18,4.47,"dRB2102_CTD_096_01_F.csv","dRB2102","CTD","096","F.csv"
"E738.1B",1,1,FALSE,"WCOA21","2021_WCOA_RonBrown","7/14/2021",NA,"10:44:39 AM","","E738.1B","970101","1","Niskin; Sterivex 0.22µm filter","95% EtOH","West Coast","ML60",2945,36.46,-122.782,1000,"Sean McAllister","","7/14/2021 10:44:39 AM","7/14/2021 ","2021/07/14 10:44:00","2021/07/14 00:00:00","2021/07/14 10:44:00",36.46,-122.782,"970101","1",2945,"33RO20210613","WCOA2021","ML60","97","1","11031","2",13,"2021/07/14 00:00:00",2021,7,14,"10:44:39",195.448,36.46,-122.782,2955,2987.9,2945,1.63,34.662,2,-999,9,113.7,2,111.9,3.68,2,2363.4,2,2433.8,2,7.513,24.95,2,76.77256995583502,24.91,2,174,6,2.78,6,38.1,6,0.1,6,0.06,6,-999,9,2.982,2,-999,9,-999,9,-999,9,-999,9,-999,9,-999,9,-999,9,11031,"2021/07/14 10:44:39",1,"11031","1","34.662","1.630","2987.9","","","1.630","2987.9","2433.8","2363.4","","","","Seawater scale (mol/kg-SW) "," K1, K2 from Mehrbach et al., 1973 refit by Dickson and Millero, 3613","Dickson ","Uppstrom, 3600","34.66199875","1.629999995","2987.899902","0","0","2433.800049","2363.399902","7.739928722","612.3953857","615.0392456","2259.849567","67.31816801","36.23209988","38.91050299","0.422203979","0","0","18.4681088","0.881615888","0.57509428","619.1569547","1.629999995","2987.899902","7.739928886","612.3953958","615.0392553","2259.849567","67.31816801","36.23209988","38.91050299","0.422203979","0","0","18.4681088","0.881615888","0.57509428","619.1569517",2945,2903.06,1.6347,34.6616,27.7444,2.6,112.96,0.04,144.84,52.95,"dRB2102_CTD_097_01_F.csv","dRB2102","CTD","097","F.csv"
"E738.2T",2,2,FALSE,"WCOA21","2021_WCOA_RonBrown","7/14/2021",NA,"10:44:43 AM","","E738.2T","970102","2","Niskin; Sterivex 0.22µm filter","95% EtOH","West Coast","ML60",2944.8,36.46,-122.782,1000,"Sean McAllister","Airlocked with ~500 mL left. Split into 2 filters","7/14/2021 10:44:43 AM","7/14/2021 ","2021/07/14 10:44:00","2021/07/14 00:00:00","2021/07/14 10:44:00",36.46,-122.782,"970102","2",2945,"33RO20210613","WCOA2021","ML60","97","1","11081","2",13,"2021/07/14 00:00:00",2021,7,14,"10:44:43",195.448,36.46,-122.782,2955,2987.7,2944.8,1.629,34.662,2,-999,9,113.1,2,-999,-999,9,-999,9,-999,9,-999,-999,9,-999,-999,9,-999,9,-999,9,-999,9,-999,9,-999,9,-999,9,-999,9,-999,9,-999,9,-999,9,-999,9,-999,9,-999,9,-999,9,11081,"2021/07/14 10:44:43",2,"11081","2","34.662","1.629","2987.7","","","1.629","2987.7","-999.0","-999.0","","","","Seawater scale (mol/kg-SW) "," K1, K2 from Mehrbach et al., 1973 refit by Dickson and Millero, 3614","Dickson ","Uppstrom, 3601","","","","","","","","","","","","","","","","","","","","","","","","","","","","","","","","","","","","","",2945,2903.06,1.6347,34.6616,27.7444,2.6,112.96,0.04,144.84,52.95,"dRB2102_CTD_097_01_F.csv","dRB2102","CTD","097","F.csv"
"E738.3T",2,3,FALSE,"WCOA21","2021_WCOA_RonBrown","7/14/2021",NA,"10:44:43 AM","","E738.3T","970102","2","Niskin; Sterivex 0.22µm filter","95% EtOH","West Coast","ML60",2944.8,36.46,-122.782,1000,"Sean McAllister","","7/14/2021 10:44:43 AM","7/14/2021 ","2021/07/14 10:44:00","2021/07/14 00:00:00","2021/07/14 10:44:00",36.46,-122.782,"970102","2",2945,"33RO20210613","WCOA2021","ML60","97","1","11081","2",13,"2021/07/14 00:00:00",2021,7,14,"10:44:43",195.448,36.46,-122.782,2955,2987.7,2944.8,1.629,34.662,2,-999,9,113.1,2,-999,-999,9,-999,9,-999,9,-999,-999,9,-999,-999,9,-999,9,-999,9,-999,9,-999,9,-999,9,-999,9,-999,9,-999,9,-999,9,-999,9,-999,9,-999,9,-999,9,-999,9,11081,"2021/07/14 10:44:43",2,"11081","2","34.662","1.629","2987.7","","","1.629","2987.7","-999.0","-999.0","","","","Seawater scale (mol/kg-SW) "," K1, K2 from Mehrbach et al., 1973 refit by Dickson and Millero, 3614","Dickson ","Uppstrom, 3601","","","","","","","","","","","","","","","","","","","","","","","","","","","","","","","","","","","","","",2945,2903.06,1.6347,34.6616,27.7444,2.6,112.96,0.04,144.84,52.95,"dRB2102_CTD_097_01_F.csv","dRB2102","CTD","097","F.csv"
"E739",1,1,FALSE,"WCOA21","2021_WCOA_RonBrown","7/14/2021",NA,"10:58:01 AM","","E739","970103","3","Niskin; Sterivex 0.22µm filter","95% EtOH","West Coast","ML60",2467.9,36.46,-122.783,1000,"Sean McAllister","","7/14/2021 10:58:01 AM","7/14/2021 ","2021/07/14 10:58:00","2021/07/14 00:00:00","2021/07/14 10:58:00",36.46,-122.783,"970103","3",2468,"33RO20210613","WCOA2021","ML60","97","1","11020","2",13,"2021/07/14 00:00:00",2021,7,14,"10:58:01",195.457,36.46,-122.783,2955,2501,2467.9,1.798,34.643,2,34.6576,2,97.6,2,97.4,3.203,2,2365.5,2,2425.3,6,7.4811,24.95,2,72.20333704974622,24.91,2,169.7,2,2.86,2,39.4,2,0.06,2,0.05,2,-999,9,2.295,2,-999,9,-999,9,-999,9,-999,9,-999,9,-999,9,-999,9,11020,"2021/07/14 10:58:01",3,"11020","3","34.643","1.798","2501.0","","","1.798","2501.0","2425.3","2365.5","","","","Seawater scale (mol/kg-SW) "," K1, K2 from Mehrbach et al., 1973 refit by Dickson and Millero, 3615","Dickson ","Uppstrom, 3602","34.64300156","1.797999978","2501","0","0","2425.300049","2365.5","7.723820686","671.671814","674.5650024","2262.831894","63.17698797","39.49108619","35.73503221","0.398230838","0","0","18.80314361","0.911383409","0.591032293","679.1363545","1.797999978","2501","7.723820556","671.6718364","674.5650581","2262.831894","63.17698797","39.49108619","35.73503221","0.398230838","0","0","18.80314361","0.911383409","0.591032293","679.136381",2468,2435.55,1.8059,34.6422,27.7133,2.23,96.85,0.04,145.6,99.93,"dRB2102_CTD_097_01_F.csv","dRB2102","CTD","097","F.csv"
"E740",1,1,FALSE,"WCOA21","2021_WCOA_RonBrown","7/14/2021",NA,"11:58:27 AM","","E740","970111","11","Niskin; Sterivex 0.22µm filter","95% EtOH","West Coast","ML60",199.5,36.459,-122.783,1000,"Sean McAllister","","7/14/2021 11:58:27 AM","7/14/2021 ","2021/07/14 11:58:00","2021/07/14 00:00:00","2021/07/14 11:58:00",36.459,-122.783,"970111","11",200,"33RO20210613","WCOA2021","ML60","97","1","11023","2",13,"2021/07/14 00:00:00",2021,7,14,"11:58:27",195.499,36.459,-122.783,2955,201,199.5,8.303,34.084,2,-999,9,79,2,77.4,2.542,2,2234.9,2,2267.8,2,7.4149,24.95,2,58.194663602963956,24.900000000000002,2,41.5,2,2.39,2,30.3,2,0.07,2,0.04,2,-999,9,2.945,2,-999,9,-999,9,-999,9,-999,9,-999,9,-999,9,-999,9,11023,"2021/07/14 11:58:27",11,"11023","11","34.084","8.303","201.0","","","8.303","201.0","2267.8","2234.9","","","","Seawater scale (mol/kg-SW) "," K1, K2 from Mehrbach et al., 1973 refit by Dickson and Millero, 3623","Dickson ","Uppstrom, 3610","34.08399963","8.30300045","201","0","0","2267.800049","2234.899902","7.640070438","1039.967773","1044.076904","2132.314377","54.02519269","48.56033524","26.92001886","0.538577317","0","0","18.50070224","1.246047223","0.791050361","1055.260347","8.30300045","201","7.640070238","1039.967759","1044.076922","2132.314377","54.02519269","48.56033524","26.92001886","0.538577317","0","0","18.50070224","1.246047223","0.791050361","1055.260402",200,198.43,8.1987,34.0736,26.5197,1.79,77.97,0.04,152.02,99.8,"dRB2102_CTD_097_01_F.csv","dRB2102","CTD","097","F.csv"
"E741",1,1,FALSE,"WCOA21","2021_WCOA_RonBrown","7/14/2021",NA,"12:05:00 PM","","E741","970113","13","Niskin; Sterivex 0.22µm filter","95% EtOH","West Coast","ML60",100,36.459,-122.783,1000,"Sean McAllister","","7/14/2021 12:05:00 PM","7/14/2021 ","2021/07/14 12:05:00","2021/07/14 00:00:00","2021/07/14 12:05:00",36.459,-122.783,"970113","13",100,"33RO20210613","WCOA2021","ML60","97","1","11054","2",13,"2021/07/14 00:00:00",2021,7,14,"12:05:00",195.503,36.459,-122.783,2955,100.8,100,9.554,33.957,2,-999,9,116.5,2,110,3.611,2,2203.3,2,2251.5,2,7.4671,24.95,2,63.49329916549226,24.900000000000002,2,30.2,2,2.12,2,26.4,2,0.07,2,0.05,2,-999,9,8.721,2,-999,9,-999,9,-999,9,-999,9,-999,9,-999,9,-999,9,11054,"2021/07/14 12:05:00",13,"11054","13","33.957","9.554","100.8","","","9.554","100.8","2251.5","2203.3","","","","Seawater scale (mol/kg-SW) "," K1, K2 from Mehrbach et al., 1973 refit by Dickson and Millero, 3625","Dickson ","Uppstrom, 3612","33.95700073","9.553999901","100.8000031","0","0","2251.5","2203.300049","7.678878784","955.7330933","959.4483032","2099.89493","60.58687933","42.81832011","29.78940778","0.663268115","0","0","18.0131698","1.425436183","0.905446304","970.6432861","9.553999901","100.8000031","7.678878941","955.7331349","959.4482998","2099.89493","60.58687933","42.81832011","29.78940778","0.663268115","0","0","18.0131698","1.425436183","0.905446304","970.6433026",100,99.24,9.203,33.9158,26.2385,2.66,115.92,0.04,152.44,99.63,"dRB2102_CTD_097_01_F.csv","dRB2102","CTD","097","F.csv"
"E742.1B",1,1,FALSE,"WCOA21","2021_WCOA_RonBrown","7/14/2021",NA,"12:22:23 PM","","E742.1B","970123","23","Niskin; Sterivex 0.22µm filter","95% EtOH","West Coast","ML60",3.7,36.459,-122.783,1000,"Sean McAllister","","7/14/2021 12:22:23 PM","7/14/2021 ","2021/07/14 12:22:00","2021/07/14 00:00:00","2021/07/14 12:22:00",36.459,-122.783,"970123","23",4,"33RO20210613","WCOA2021","ML60","97","1","11061","2",13,"2021/07/14 00:00:00",2021,7,14,"12:22:23",195.516,36.459,-122.783,2955,3.7,3.7,14.588,33.63,2,-999,9,261.9,2,258.8,8.488,2,2056.6,2,2245,2,7.8492,24.95,2,123.17332821557117,24.900000000000002,3,3.9,2,0.69,2,6.9,2,0.28,2,0.37,2,0.8,2,4.966,2,-999,9,-999,9,-999,9,-999,9,-999,9,-999,9,-999,9,11061,"2021/07/14 12:22:23",23,"11061","23","33.630","14.588","3.7","","","14.588","3.7","2245.0","2056.6","","","","Seawater scale (mol/kg-SW) "," K1, K2 from Mehrbach et al., 1973 refit by Dickson and Millero, 3635","Dickson ","Uppstrom, 3622","33.63000107","14.5880003","3.700000048","0","0","2245","2056.600098","8.00130558","431.6567688","433.2294006","1901.510716","138.5898206","16.49952358","64.04204944","2.277858163","0","0","12.31311255","3.330720326","2.132142546","440.3074332","14.5880003","3.700000048","8.001305275","431.6567714","433.2293886","1901.510716","138.5898206","16.49952358","64.04204944","2.277858163","0","0","12.31311255","3.330720326","2.132142546","440.3074168",4,3.97,14.7458,33.6587,24.9931,6.01,261.96,0.077,149.88,99.67,"dRB2102_CTD_097_01_F.csv","dRB2102","CTD","097","F.csv"
"E742.2T",2,2,FALSE,"WCOA21","2021_WCOA_RonBrown","7/14/2021",NA,"12:22:26 PM","","E742.2T","970124","24","Niskin; Sterivex 0.22µm filter","95% EtOH","West Coast","ML60",3.7,36.459,-122.783,1000,"Sean McAllister","","7/14/2021 12:22:26 PM","7/14/2021 ","2021/07/14 12:22:00","2021/07/14 00:00:00","2021/07/14 12:22:00",36.459,-122.783,"970124","24",4,"33RO20210613","WCOA2021","ML60","97","1","11001","2",13,"2021/07/14 00:00:00",2021,7,14,"12:22:26",195.516,36.459,-122.783,2955,3.7,3.7,14.588,33.63,2,-999,9,261.9,2,-999,-999,9,-999,9,-999,9,-999,-999,9,-999,-999,9,-999,9,-999,9,-999,9,-999,9,-999,9,-999,9,-999,9,-999,9,-999,9,-999,9,-999,9,-999,9,-999,9,-999,9,11001,"2021/07/14 12:22:26",24,"11001","24","33.630","14.588","3.7","","","14.588","3.7","-999.0","-999.0","","","","Seawater scale (mol/kg-SW) "," K1, K2 from Mehrbach et al., 1973 refit by Dickson and Millero, 3636","Dickson ","Uppstrom, 3623","","","","","","","","","","","","","","","","","","","","","","","","","","","","","","","","","","","","","",4,3.97,14.7458,33.6587,24.9931,6.01,261.96,0.077,149.88,99.67,"dRB2102_CTD_097_01_F.csv","dRB2102","CTD","097","F.csv"
"E742.3T",2,3,FALSE,"WCOA21","2021_WCOA_RonBrown","7/14/2021",NA,"12:22:26 PM","","E742.3T","970124","24","Niskin; Sterivex 0.22µm filter","95% EtOH","West Coast","ML60",3.7,36.459,-122.783,1000,"Sean McAllister","","7/14/2021 12:22:26 PM","7/14/2021 ","2021/07/14 12:22:00","2021/07/14 00:00:00","2021/07/14 12:22:00",36.459,-122.783,"970124","24",4,"33RO20210613","WCOA2021","ML60","97","1","11001","2",13,"2021/07/14 00:00:00",2021,7,14,"12:22:26",195.516,36.459,-122.783,2955,3.7,3.7,14.588,33.63,2,-999,9,261.9,2,-999,-999,9,-999,9,-999,9,-999,-999,9,-999,-999,9,-999,9,-999,9,-999,9,-999,9,-999,9,-999,9,-999,9,-999,9,-999,9,-999,9,-999,9,-999,9,-999,9,-999,9,11001,"2021/07/14 12:22:26",24,"11001","24","33.630","14.588","3.7","","","14.588","3.7","-999.0","-999.0","","","","Seawater scale (mol/kg-SW) "," K1, K2 from Mehrbach et al., 1973 refit by Dickson and Millero, 3636","Dickson ","Uppstrom, 3623","","","","","","","","","","","","","","","","","","","","","","","","","","","","","","","","","","","","","",4,3.97,14.7458,33.6587,24.9931,6.01,261.96,0.077,149.88,99.67,"dRB2102_CTD_097_01_F.csv","dRB2102","CTD","097","F.csv"
"E743",1,1,FALSE,"WCOA21","2021_WCOA_RonBrown","7/14/2021",NA,"3:36:51 PM","","E743","980102","2","Niskin; Sterivex 0.22µm filter","95% EtOH","West Coast","ML38",2743,36.62,-122.416,1000,"Sean McAllister","","7/14/2021 3:36:51 PM","7/14/2021 ","2021/07/14 03:36:00","2021/07/14 00:00:00","2021/07/14 03:36:00",36.62,-122.416,"980102","2",2743,"33RO20210613","WCOA2021","ML38","98","1","11081","2",13,"2021/07/14 00:00:00",2021,7,14,"15:36:51",195.651,36.62,-122.416,2754,2781.6,2743,1.664,34.658,2,-999,9,110.8,2,-999,-999,9,-999,9,-999,9,-999,-999,9,-999,-999,9,-999,9,-999,9,-999,9,-999,9,-999,9,-999,9,-999,9,-999,9,-999,9,-999,9,-999,9,-999,9,-999,9,-999,9,11081,"2021/07/14 15:36:51",2,"11081","2","34.658","1.664","2781.6","","","1.664","2781.6","-999.0","-999.0","","","","Seawater scale (mol/kg-SW) "," K1, K2 from Mehrbach et al., 1973 refit by Dickson and Millero, 3638","Dickson ","Uppstrom, 3625","","","","","","","","","","","","","","","","","","","","","","","","","","","","","","","","","","","","","",2743,2705.17,1.668,34.6575,27.7373,2.53,109.81,0.039,150.44,99.9,"dRB2102_CTD_098_01_F.csv","dRB2102","CTD","098","F.csv"
"E744",1,1,FALSE,"WCOA21","2021_WCOA_RonBrown","7/14/2021",NA,"3:45:53 PM","","E744","980103","3","Niskin; Sterivex 0.22µm filter","95% EtOH","West Coast","ML38",2466.5,36.62,-122.416,1000,"Sean McAllister","","7/14/2021 3:45:53 PM","7/14/2021 ","2021/07/14 03:45:00","2021/07/14 00:00:00","2021/07/14 03:45:00",36.62,-122.416,"980103","3",2466,"33RO20210613","WCOA2021","ML38","98","1","11020","2",13,"2021/07/14 00:00:00",2021,7,14,"15:45:53",195.657,36.62,-122.416,2754,2499.6,2466.5,1.798,34.643,2,-999,9,97.8,2,97.4,3.202,2,2365.6,2,2425.6,6,7.4802,25.06,6,71.35002365154337,24.79,6,170.5,2,2.89,2,39.5,2,0.07,2,0.03,2,-999,9,2.74,2,-999,9,-999,9,-999,9,-999,9,-999,9,-999,9,-999,9,11020,"2021/07/14 15:45:53",3,"11020","3","34.643","1.798","2499.6","","","1.798","2499.6","2425.6","2365.6","","","","Seawater scale (mol/kg-SW) "," K1, K2 from Mehrbach et al., 1973 refit by Dickson and Millero, 3639","Dickson ","Uppstrom, 3626","34.64300156","1.797999978","2499.600098","0","0","2425.600098","2365.600098","7.724515438","670.7162476","673.6052856","2262.891566","63.27361969","39.43489923","35.78159191","0.398823323","0","0","18.79612321","0.913029165","0.592089413","678.1701228","1.797999978","2499.600098","7.724515622","670.716198","673.6053032","2262.891566","63.27361969","39.43489923","35.78159191","0.398823323","0","0","18.79612321","0.913029165","0.592089413","678.1701222",2466,2433.55,1.8094,34.6408,27.7119,2.24,97.27,0.04,151.02,99.93,"dRB2102_CTD_098_01_F.csv","dRB2102","CTD","098","F.csv"
"E745",1,1,FALSE,"WCOA21","2021_WCOA_RonBrown","7/14/2021",NA,"4:57:34 PM","","E745","980111","11","Niskin; Sterivex 0.22µm filter","95% EtOH","West Coast","ML38",198,36.619,-122.416,1000,"Sean McAllister","","7/14/2021 4:57:34 PM","7/14/2021 ","2021/07/14 04:57:00","2021/07/14 00:00:00","2021/07/14 04:57:00",36.619,-122.416,"980111","11",198,"33RO20210613","WCOA2021","ML38","98","1","11023","2",13,"2021/07/14 00:00:00",2021,7,14,"16:57:34",195.707,36.619,-122.416,2754,199.5,198,9.151,34.127,2,-999,9,65.9,2,65.2,2.142,2,2236.9,2,2265.4,2,7.406,25.06,2,56.35876147405962,24.79,2,37.8,6,2.43,6,28.8,6,0.08,6,0.03,6,-999,9,8.836,2,-999,9,-999,9,-999,9,-999,9,-999,9,-999,9,-999,9,11023,"2021/07/14 16:57:34",11,"11023","11","34.127","9.151","199.5","","","9.151","199.5","2265.4","2236.9","","","","Seawater scale (mol/kg-SW) "," K1, K2 from Mehrbach et al., 1973 refit by Dickson and Millero, 3647","Dickson ","Uppstrom, 3634","34.1269989","9.151000023","199.5","0","0","2265.399902","2236.899902","7.612612247","1115.74939","1120.109375","2133.71932","52.56525064","50.61534903","26.02267611","0.552137245","0","0","18.48269083","1.212840982","0.771042959","1132.823825","9.151000023","199.5","7.612612132","1115.749365","1120.109387","2133.71932","52.56525064","50.61534903","26.02267611","0.552137245","0","0","18.48269083","1.212840982","0.771042959","1132.823868",198,196.45,9.2008,34.1117,26.3939,1.61,69.96,0.04,160.16,99.83,"dRB2102_CTD_098_01_F.csv","dRB2102","CTD","098","F.csv"
"E746",1,1,FALSE,"WCOA21","2021_WCOA_RonBrown","7/14/2021",NA,"5:09:32 PM","","E746","980114","14","Niskin; Sterivex 0.22µm filter","95% EtOH","West Coast","ML38",98.5,36.619,-122.416,1000,"Sean McAllister","Thiamine sampling (slow flow and collect outflow); Sterivex on outlet","7/14/2021 5:09:32 PM","7/14/2021 ","2021/07/14 05:09:00","2021/07/14 00:00:00","2021/07/14 05:09:00",36.619,-122.416,"980114","14",98,"33RO20210613","WCOA2021","ML38","98","1","11011","2",13,"2021/07/14 00:00:00",2021,7,14,"17:09:32",195.715,36.619,-122.416,2754,99.2,98.5,9.572,33.992,2,-999,9,95,2,95.6,3.138,2,2207.7,2,2256,2,7.464,24.89,2,64.5078697099595,24.79,2,30.8,2,2.12,2,25.8,2,0.08,2,0.04,2,-999,9,13.666,2,-999,9,-999,9,-999,9,-999,9,-999,9,-999,9,-999,9,11011,"2021/07/14 17:09:32",14,"11011","14","33.992","9.572","99.2","","","9.572","99.2","2256.0","2207.7","","","","Seawater scale (mol/kg-SW) "," K1, K2 from Mehrbach et al., 1973 refit by Dickson and Millero, 3650","Dickson ","Uppstrom, 3637","33.99200058","9.57199955","99.19999695","0","0","2256","2207.699951","7.678538322","958.5488892","962.2741699","2104.042812","60.7470422","42.91007644","29.82016164","0.664241882","0","0","18.01138047","1.429339645","0.907994275","973.515664","9.57199955","99.19999695","7.678538523","958.5489286","962.2741663","2104.042812","60.7470422","42.91007644","29.82016164","0.664241882","0","0","18.01138047","1.429339645","0.907994275","973.5156814",98,97.26,9.6275,33.9669,26.2093,2.37,103.32,0.04,160.79,99.67,"dRB2102_CTD_098_01_F.csv","dRB2102","CTD","098","F.csv"
"E747",1,1,FALSE,"WCOA21","2021_WCOA_RonBrown","7/14/2021",NA,"5:32:41 PM","","E747","980122","22","Niskin; Sterivex 0.22µm filter","95% EtOH","West Coast","ML38",9.5,36.619,-122.416,1000,"Sean McAllister","Thiamine sampling (slow flow and collect outflow); Sterivex on outlet; DCM is very shallow","7/14/2021 5:32:41 PM","7/14/2021 ","2021/07/14 05:32:00","2021/07/14 00:00:00","2021/07/14 05:32:00",36.619,-122.416,"980122","22",10,"33RO20210613","WCOA2021","ML38","98","1","11024","2",13,"2021/07/14 00:00:00",2021,7,14,"17:32:41",195.731,36.619,-122.416,2754,9.6,9.5,13.15,33.781,2,-999,9,257.8,2,256.1,8.404,2,2091.2,2,2254.7,6,7.7879,24.89,2,119.77603221722866,24.79,2,11.2,2,0.89,2,10.2,2,0.52,2,0.58,2,-999,9,11.026,2,-999,9,-999,9,-999,9,-999,9,-999,9,-999,9,-999,9,11024,"2021/07/14 17:32:41",22,"11024","22","33.781","13.150","9.6","","","13.150","9.6","2254.7","2091.2","","","","Seawater scale (mol/kg-SW) "," K1, K2 from Mehrbach et al., 1973 refit by Dickson and Millero, 3658","Dickson ","Uppstrom, 3645","33.78099823","13.14999962","9.600000381","0","0","2254.699951","2091.199951","7.961983204","479.0153198","480.7928467","1948.903295","123.1703375","19.12622542","57.65617553","1.81103644","0","0","13.23092679","2.952299206","1.885002633","487.9361506","13.14999962","9.600000381","7.961983252","479.0153318","480.7928547","1948.903295","123.1703375","19.12622542","57.65617553","1.81103644","0","0","13.23092679","2.952299206","1.885002633","487.9361711",10,9.93,12.9516,33.8112,25.4818,5.73,249.59,0.139,160.38,5.14,"dRB2102_CTD_098_01_F.csv","dRB2102","CTD","098","F.csv"
"E748",1,1,FALSE,"WCOA21","2021_WCOA_RonBrown","7/14/2021",NA,"5:34:42 PM","","E748","980124","24","Niskin; Sterivex 0.22µm filter","95% EtOH","West Coast","ML38",3.6,36.619,-122.416,1000,"Sean McAllister","Thiamine sampling (slow flow and collect outflow); Sterivex on outlet","7/14/2021 5:34:42 PM","7/14/2021 ","2021/07/14 05:34:00","2021/07/14 00:00:00","2021/07/14 05:34:00",36.619,-122.416,"980124","24",4,"33RO20210613","WCOA2021","ML38","98","1","11001","2",13,"2021/07/14 00:00:00",2021,7,14,"17:34:42",195.732,36.619,-122.416,2754,3.6,3.6,13.32,33.784,2,-999,9,256.9,2,278.5,9.139,2,2073,6,2258.2,2,7.8313,24.89,2,134.08,24.79,2,11.6,2,0.75,2,8.4,2,0.51,2,0.23,2,10.4,2,9.795,2,-999,9,-999,9,-999,9,-999,9,-999,9,-999,9,-999,9,11001,"2021/07/14 17:34:42",24,"11001","24","33.784","13.320","3.6","","","13.320","3.6","2258.2","2073.0","","","","Seawater scale (mol/kg-SW) "," K1, K2 from Mehrbach et al., 1973 refit by Dickson and Millero, 3660","Dickson ","Uppstrom, 3647","33.7840004","13.31999969","3.599999905","0","0","2258.199951","2073","8.010046959","423.1776123","424.7445068","1919.803182","136.3899127","16.80685764","63.57043702","2.056484789","0","0","12.48209298","3.272751218","2.090181473","431.1265909","13.31999969","3.599999905","8.010047134","423.1776154","424.7445193","1919.803182","136.3899127","16.80685764","63.57043702","2.056484789","0","0","12.48209298","3.272751218","2.090181473","431.1266074",4,3.97,13.1262,33.7857,25.4272,5.92,258.01,0.159,160.49,38.25,"dRB2102_CTD_098_01_F.csv","dRB2102","CTD","098","F.csv"
"E749",1,1,FALSE,"WCOA21","2021_WCOA_RonBrown","7/14/2021",NA,"5:28:30 PM","","E749","980120","20","Niskin; Sterivex 0.22µm filter","95% EtOH","West Coast","ML38",19.9,36.619,-122.416,1000,"Sean McAllister","Thiamine sampling (slow flow and collect outflow); Sterivex on outlet; Added due to shallow DCM","7/14/2021 5:28:30 PM","7/14/2021 ","2021/07/14 05:28:00","2021/07/14 00:00:00","2021/07/14 05:28:00",36.619,-122.416,"980120","20",20,"33RO20210613","WCOA2021","ML38","98","1","11022","2",13,"2021/07/14 00:00:00",2021,7,14,"17:28:30",195.728,36.619,-122.416,2754,20.1,19.9,13.085,33.791,2,-999,9,254.7,2,246.6,8.091,2,2097.7,2,2254.5,2,7.7687,24.89,2,119.79164882702428,24.79,2,12.2,2,0.97,2,11,2,0.55,2,0.75,2,-999,9,13.117,2,-999,9,-999,9,-999,9,-999,9,-999,9,-999,9,-999,9,11022,"2021/07/14 17:28:30",20,"11022","20","33.791","13.085","20.1","","","13.085","20.1","2254.5","2097.7","","","","Seawater scale (mol/kg-SW) "," K1, K2 from Mehrbach et al., 1973 refit by Dickson and Millero, 3656","Dickson ","Uppstrom, 3643","33.79100037","13.08500004","20.10000038","0","0","2254.5","2097.699951","7.946118355","498.5412903","500.3928223","1958.60198","119.1527277","19.94531663","55.86759495","1.736564389","0","0","13.4811638","2.850487567","1.820021694","507.7952996","13.08500004","20.10000038","7.946118524","498.5412987","500.3928207","1958.60198","119.1527277","19.94531663","55.86759495","1.736564389","0","0","13.4811638","2.850487567","1.820021694","507.7953114",20,19.85,11.964,33.7832,25.6514,4.47,194.42,0.071,160.76,99.32,"dRB2102_CTD_098_01_F.csv","dRB2102","CTD","098","F.csv"
"E750",1,1,FALSE,"WCOA21","2021_WCOA_RonBrown","7/14/2021",NA,"8:57:06 PM","","E750","990102","2","Niskin; Sterivex 0.22µm filter","95% EtOH","West Coast","ML8",99.4,36.758,-121.927,1000,"Sean McAllister","Dana collected due to time crunch","7/14/2021 8:57:06 PM","7/14/2021 ","2021/07/14 08:57:00","2021/07/14 00:00:00","2021/07/14 08:57:00",36.758,-121.927,"990102","2",99,"33RO20210613","WCOA2021","ML8","99","1","11081","2",13,"2021/07/14 00:00:00",2021,7,14,"20:57:06",195.873,36.758,-121.927,110,100.2,99.4,9.719,33.976,2,-999,9,102,2,-999,-999,9,-999,9,-999,9,-999,-999,9,-999,-999,9,-999,9,-999,9,-999,9,-999,9,-999,9,-999,9,-999,9,-999,9,-999,9,-999,9,-999,9,-999,9,-999,9,-999,9,11081,"2021/07/14 20:57:06",2,"11081","2","33.976","9.719","100.2","","","9.719","100.2","-999.0","-999.0","","","","Seawater scale (mol/kg-SW) "," K1, K2 from Mehrbach et al., 1973 refit by Dickson and Millero, 3662","Dickson ","Uppstrom, 3649","","","","","","","","","","","","","","","","","","","","","","","","","","","","","","","","","","","","","",99,98.25,9.7182,33.9752,26.2008,2.34,101.91,0.042,150.27,6.43,"dRB2102_CTD_099_01_F.csv","dRB2102","CTD","099","F.csv"
"E751",1,1,FALSE,"WCOA21","2021_WCOA_RonBrown","7/14/2021",NA,"8:59:37 PM","","E751","990103","3","Niskin; Sterivex 0.22µm filter","95% EtOH","West Coast","ML8",79.2,36.758,-121.927,1000,"Sean McAllister","Dana collected due to time crunch","7/14/2021 8:59:37 PM","7/14/2021 ","2021/07/14 08:59:00","2021/07/14 00:00:00","2021/07/14 08:59:00",36.758,-121.927,"990103","3",79,"33RO20210613","WCOA2021","ML8","99","1","11020","2",13,"2021/07/14 00:00:00",2021,7,14,"20:59:37",195.875,36.758,-121.927,110,79.8,79.2,9.869,33.956,2,-999,9,108.2,2,106.7,3.505,2,2202.5,6,2252.3,2,7.4704,25.05,6,64.91540334823212,24.84,6,30.2,2,2.08,2,25.1,2,0.18,2,0.03,2,-999,9,20.064,6,-999,9,-999,9,-999,9,-999,9,-999,9,-999,9,-999,9,11020,"2021/07/14 20:59:37",3,"11020","3","33.956","9.869","79.8","","","9.869","79.8","2252.3","2202.5","","","","Seawater scale (mol/kg-SW) "," K1, K2 from Mehrbach et al., 1973 refit by Dickson and Millero, 3663","Dickson ","Uppstrom, 3650","33.95600128","9.869000435","79.80000305","0","0","2252.300049","2202.5","7.680413246","956.0922852","959.7936401","2098.662054","61.44903821","42.38879895","30.07491548","0.686252125","0","0","17.93970291","1.451458343","0.922228783","971.2349671","9.869000435","79.80000305","7.680413456","956.0922839","959.7936452","2098.662054","61.44903821","42.38879895","30.07491548","0.686252125","0","0","17.93970291","1.451458343","0.922228783","971.2349829",79,78.4,9.8757,33.9552,26.1586,2.5,108.65,0.042,150.4,26.43,"dRB2102_CTD_099_01_F.csv","dRB2102","CTD","099","F.csv"
"E752",1,1,FALSE,"WCOA21","2021_WCOA_RonBrown","7/14/2021",NA,"9:04:07 PM","","E752","990105","5","Niskin; Sterivex 0.22µm filter","95% EtOH","West Coast","ML8",50,36.758,-121.927,1000,"Sean McAllister","Dana collected due to time crunch","7/14/2021 9:04:07 PM","7/14/2021 ","2021/07/14 09:04:00","2021/07/14 00:00:00","2021/07/14 09:04:00",36.758,-121.927,"990105","5",50,"33RO20210613","WCOA2021","ML8","99","1","11008","2",13,"2021/07/14 00:00:00",2021,7,14,"21:04:07",195.878,36.758,-121.927,110,50.4,50,10.536,33.902,2,-999,9,139.2,2,136.9,4.495,2,2186,2,2246.3,6,7.5095,25.05,2,68.56395392923599,24.84,2,26.1,6,1.95,6,23.4,6,0.46,6,0.03,6,-999,9,21.718,2,-999,9,-999,9,-999,9,-999,9,-999,9,-999,9,-999,9,11008,"2021/07/14 21:04:07",5,"11008","5","33.902","10.536","50.4","","","10.536","50.4","2246.3","2186.0","","","","Seawater scale (mol/kg-SW) "," K1, K2 from Mehrbach et al., 1973 refit by Dickson and Millero, 3665","Dickson ","Uppstrom, 3652","33.90200043","10.53600025","50.40000153","0","0","2246.300049","2186","7.707025528","898.8000488","902.2495728","2080.700102","66.30518054","38.99483137","32.23108334","0.778444977","0","0","17.54116799","1.575362364","1.001651832","913.5022099","10.53600025","50.40000153","7.707025731","898.8000156","902.249578","2080.700102","66.30518054","38.99483137","32.23108334","0.778444977","0","0","17.54116799","1.575362364","1.001651832","913.5021935",50,49.63,10.4963,33.9043,26.0122,3.18,138.38,0.045,150.62,55.34,"dRB2102_CTD_099_01_F.csv","dRB2102","CTD","099","F.csv"
"E753",1,1,FALSE,"WCOA21","2021_WCOA_RonBrown","7/14/2021",NA,"9:16:23 PM","","E753","990114","14","Niskin; Sterivex 0.22µm filter","95% EtOH","West Coast","ML8",3.7,36.758,-121.927,1000,"Sean McAllister","Dana collected due to time crunch","7/14/2021 9:16:23 PM","7/14/2021 ","2021/07/14 09:16:00","2021/07/14 00:00:00","2021/07/14 09:16:00",36.758,-121.927,"990114","14",4,"33RO20210613","WCOA2021","ML8","99","1","11011","2",13,"2021/07/14 00:00:00",2021,7,14,"21:16:23",195.886,36.758,-121.927,110,3.7,3.7,13.609,33.832,2,-999,9,244.9,2,-999,-999,9,-999,9,-999,9,-999,-999,9,-999,-999,9,-999,9,-999,9,-999,9,-999,9,-999,9,-999,9,-999,9,-999,9,-999,9,-999,9,-999,9,-999,9,-999,9,-999,9,11011,"2021/07/14 21:16:23",14,"11011","14","33.832","13.609","3.7","","","13.609","3.7","-999.0","-999.0","","","","Seawater scale (mol/kg-SW) "," K1, K2 from Mehrbach et al., 1973 refit by Dickson and Millero, 3674","Dickson ","Uppstrom, 3661","","","","","","","","","","","","","","","","","","","","","","","","","","","","","","","","","","","","","",4,3.97,12.8509,33.8373,25.5218,5.64,245.63,0.108,149.89,99.43,"dRB2102_CTD_099_01_F.csv","dRB2102","CTD","099","F.csv"
"E754",1,1,FALSE,"WCOA21","2021_WCOA_RonBrown","7/14/2021",NA,"10:45:08 PM","","E754","1000102","2","Niskin; Sterivex 0.22µm filter","95% EtOH","West Coast","ML3",276.4,36.795,-121.847,1000,"Sean McAllister","","7/14/2021 10:45:08 PM","7/14/2021 ","2021/07/14 10:45:00","2021/07/14 00:00:00","2021/07/14 10:45:00",36.795,-121.847,"1000102","2",276,"33RO20210613","WCOA2021","ML3","100","1","11081","2",13,"2021/07/14 00:00:00",2021,7,14,"22:45:08",195.948,36.795,-121.847,287,278.6,276.4,7.689,34.159,2,-999,9,49.1,2,-999,-999,9,-999,9,-999,9,-999,-999,9,-999,-999,9,-999,9,-999,9,-999,9,-999,9,-999,9,-999,9,12.997,2,-999,9,-999,9,-999,9,-999,9,-999,9,-999,9,-999,9,11081,"2021/07/14 22:45:08",2,"11081","2","34.159","7.689","278.6","","","7.689","278.6","-999.0","-999.0","","","","Seawater scale (mol/kg-SW) "," K1, K2 from Mehrbach et al., 1973 refit by Dickson and Millero, 3676","Dickson ","Uppstrom, 3663","","","","","","","","","","","","","","","","","","","","","","","","","","","","","","","","","","","","","",276,273.78,7.6683,34.1598,26.6665,1.11,48.3,0.043,150.74,12.47,"dRB2102_CTD_100_01_F.csv","dRB2102","CTD","100","F.csv"
"E755",1,1,FALSE,"WCOA21","2021_WCOA_RonBrown","7/14/2021",NA,"10:47:27 PM","","E755","1000103","3","Niskin; Sterivex 0.22µm filter","95% EtOH","West Coast","ML3",245.1,36.795,-121.847,1000,"Sean McAllister","","7/14/2021 10:47:27 PM","7/14/2021 ","2021/07/14 10:47:00","2021/07/14 00:00:00","2021/07/14 10:47:00",36.795,-121.847,"1000103","3",245,"33RO20210613","WCOA2021","ML3","100","1","11020","2",13,"2021/07/14 00:00:00",2021,7,14,"22:47:27",195.95,36.795,-121.847,287,247,245.1,8.116,34.125,2,-999,9,58.9,2,61.3,2.014,2,2257.9,6,2279,2,7.3813,24.96,6,54.70168414187623,24.91,6,50.5,2,2.65,2,31.3,2,0.17,2,0.03,2,-999,9,16.439,2,-999,9,-999,9,-999,9,-999,9,-999,9,-999,9,-999,9,11020,"2021/07/14 22:47:27",3,"11020","3","34.125","8.116","247.0","","","8.116","247.0","2279.0","2257.9","","","","Seawater scale (mol/kg-SW) "," K1, K2 from Mehrbach et al., 1973 refit by Dickson and Millero, 3677","Dickson ","Uppstrom, 3664","34.125","8.116000175","247","0","0","2279","2257.899902","7.600342274","1144.145874","1148.677734","2154.502766","49.6435783","53.75350251","24.75135573","0.484164332","0","0","18.68583005","1.134718302","0.720618538","1160.82436","8.116000175","247","7.600342301","1144.145861","1148.677741","2154.502766","49.6435783","53.75350251","24.75135573","0.484164332","0","0","18.68583005","1.134718302","0.720618538","1160.82432",245,243.05,8.1986,34.1151,26.553,1.39,60.54,0.042,152.6,41.61,"dRB2102_CTD_100_01_F.csv","dRB2102","CTD","100","F.csv"
"E756",1,1,FALSE,"WCOA21","2021_WCOA_RonBrown","7/14/2021",NA,"10:56:24 PM","","E756","1000108","8","Niskin; Sterivex 0.22µm filter","95% EtOH","West Coast","ML3",99,36.795,-121.847,1000,"Sean McAllister","","7/14/2021 10:56:24 PM","7/14/2021 ","2021/07/14 10:56:00","2021/07/14 00:00:00","2021/07/14 10:56:00",36.795,-121.847,"1000108","8",99,"33RO20210613","WCOA2021","ML3","100","1","11027","2",13,"2021/07/14 00:00:00",2021,7,14,"22:56:24",195.956,36.795,-121.847,287,99.7,99,9.852,33.964,2,-999,9,107.2,2,-999,-999,9,-999,9,-999,9,-999,-999,9,-999,-999,9,-999,9,-999,9,-999,9,-999,9,-999,9,-999,9,-999,9,-999,9,-999,9,-999,9,-999,9,-999,9,-999,9,-999,9,11027,"2021/07/14 22:56:24",8,"11027","8","33.964","9.852","99.7","","","9.852","99.7","-999.0","-999.0","","","","Seawater scale (mol/kg-SW) "," K1, K2 from Mehrbach et al., 1973 refit by Dickson and Millero, 3682","Dickson ","Uppstrom, 3669","","","","","","","","","","","","","","","","","","","","","","","","","","","","","","","","","","","","","",99,98.25,9.9237,33.9581,26.1531,2.55,110.91,0.042,157.48,99.64,"dRB2102_CTD_100_01_F.csv","dRB2102","CTD","100","F.csv"
"E757",1,1,FALSE,"WCOA21","2021_WCOA_RonBrown","7/14/2021",NA,"11:11:40 PM","","E757","1000123","23","Niskin; Sterivex 0.22µm filter","95% EtOH","West Coast","ML3",3.5,36.794,-121.847,1000,"Sean McAllister","","7/14/2021 11:11:40 PM","7/14/2021 ","2021/07/14 11:11:00","2021/07/14 00:00:00","2021/07/14 11:11:00",36.794,-121.847,"1000123","23",4,"33RO20210613","WCOA2021","ML3","100","1","11061","2",13,"2021/07/14 00:00:00",2021,7,14,"23:11:40",195.966,36.794,-121.847,287,3.6,3.5,13.565,33.821,2,-999,9,288.2,2,-999,-999,9,-999,9,-999,9,-999,-999,9,-999,-999,9,-999,9,-999,9,-999,9,-999,9,-999,9,-999,9,13.631,2,-999,9,-999,9,-999,9,-999,9,-999,9,-999,9,-999,9,11061,"2021/07/14 23:11:40",23,"11061","23","33.821","13.565","3.6","","","13.565","3.6","-999.0","-999.0","","","","Seawater scale (mol/kg-SW) "," K1, K2 from Mehrbach et al., 1973 refit by Dickson and Millero, 3697","Dickson ","Uppstrom, 3684","","","","","","","","","","","","","","","","","","","","","","","","","","","","","","","","","","","","","",4,3.97,13.5139,33.8199,25.3754,6.72,292.75,0.157,156.47,99.83,"dRB2102_CTD_100_01_F.csv","dRB2102","CTD","100","F.csv"
"E758",1,1,FALSE,"WCOA21","2021_WCOA_RonBrown","7/15/2021",NA,"12:46:38 AM","","E758","1010102","2","Niskin; Sterivex 0.22µm filter","95% EtOH","West Coast","ML1",31.7,36.809,-121.818,1000,"Sean McAllister","","7/15/2021 12:46:38 AM","7/15/2021 ","2021/07/15 12:46:00","2021/07/15 00:00:00","2021/07/15 12:46:00",36.809,-121.818,"1010102","2",32,"33RO20210613","WCOA2021","ML1","101","1","11081","2",13,"2021/07/15 00:00:00",2021,7,15,"00:46:38",196.032,36.809,-121.818,42,32,31.7,10.547,33.916,2,-999,9,131.1,2,-999,-999,9,-999,9,-999,9,-999,-999,9,-999,-999,9,-999,9,-999,9,-999,9,-999,9,-999,9,-999,9,24.491,2,-999,9,-999,9,-999,9,-999,9,-999,9,-999,9,-999,9,11081,"2021/07/15 00:46:38",2,"11081","2","33.916","10.547","32.0","","","10.547","32.0","-999.0","-999.0","","","","Seawater scale (mol/kg-SW) "," K1, K2 from Mehrbach et al., 1973 refit by Dickson and Millero, 3700","Dickson ","Uppstrom, 3687","","","","","","","","","","","","","","","","","","","","","","","","","","","","","","","","","","","","","",32,31.76,10.4567,33.9213,26.032,3.03,131.68,0.054,150.71,4.97,"dRB2102_CTD_101_01_F.csv","dRB2102","CTD","101","F.csv"
"E759",1,1,FALSE,"WCOA21","2021_WCOA_RonBrown","7/15/2021",NA,"12:50:39 AM","","E759","1010106","6","Niskin; Sterivex 0.22µm filter","95% EtOH","West Coast","ML1",14.9,36.809,-121.818,1000,"Sean McAllister","","7/15/2021 12:50:39 AM","7/15/2021 ","2021/07/15 12:50:00","2021/07/15 00:00:00","2021/07/15 12:50:00",36.809,-121.818,"1010106","6",15,"33RO20210613","WCOA2021","ML1","101","1","11082","2",13,"2021/07/15 00:00:00",2021,7,15,"00:50:39",196.035,36.809,-121.818,42,15,14.9,10.872,33.889,2,-999,9,145,2,-999,-999,9,-999,9,-999,9,-999,-999,9,-999,-999,9,-999,9,-999,9,-999,9,-999,9,-999,9,-999,9,-999,9,-999,9,-999,9,-999,9,-999,9,-999,9,-999,9,-999,9,11082,"2021/07/15 00:50:39",6,"11082","6","33.889","10.872","15.0","","","10.872","15.0","-999.0","-999.0","","","","Seawater scale (mol/kg-SW) "," K1, K2 from Mehrbach et al., 1973 refit by Dickson and Millero, 3704","Dickson ","Uppstrom, 3691","","","","","","","","","","","","","","","","","","","","","","","","","","","","","","","","","","","","","",15,14.89,11.0104,33.8782,25.9004,3.56,155.1,0.059,152.44,21.94,"dRB2102_CTD_101_01_F.csv","dRB2102","CTD","101","F.csv"
"E760",1,1,FALSE,"WCOA21","2021_WCOA_RonBrown","7/15/2021",NA,"12:54:47 AM","","E760","1010112","12","Niskin; Sterivex 0.22µm filter","95% EtOH","West Coast","ML1",3.5,36.809,-121.818,1000,"Sean McAllister","","7/15/2021 12:54:47 AM","7/15/2021 ","2021/07/15 12:54:00","2021/07/15 00:00:00","2021/07/15 12:54:00",36.809,-121.818,"1010112","12",4,"33RO20210613","WCOA2021","ML1","101","1","11026","2",13,"2021/07/15 00:00:00",2021,7,15,"00:54:47",196.038,36.809,-121.818,42,3.5,3.5,14.89,33.837,2,-999,9,282,2,-999,-999,9,-999,9,-999,9,-999,-999,9,-999,-999,9,-999,9,-999,9,-999,9,-999,9,-999,9,-999,9,-999,9,-999,9,-999,9,-999,9,-999,9,-999,9,-999,9,-999,9,11026,"2021/07/15 00:54:47",12,"11026","12","33.837","14.890","3.5","","","14.890","3.5","-999.0","-999.0","","","","Seawater scale (mol/kg-SW) "," K1, K2 from Mehrbach et al., 1973 refit by Dickson and Millero, 3710","Dickson ","Uppstrom, 3697","","","","","","","","","","","","","","","","","","","","","","","","","","","","","","","","","","","","","",4,3.97,14.8592,33.8387,25.1073,6.47,281.97,0.161,150.16,33.12,"dRB2102_CTD_101_01_F.csv","dRB2102","CTD","101","F.csv"
"E761",1,1,FALSE,"WCOA21","2021_WCOA_RonBrown","7/15/2021",NA,"2:25:35 AM","","E761","1020102","2","Niskin; Sterivex 0.22µm filter","95% EtOH","West Coast","ML5",133.7,36.783,-121.871,1000,"Sean McAllister","","7/15/2021 2:25:35 AM","7/15/2021 ","2021/07/15 02:25:00","2021/07/15 00:00:00","2021/07/15 02:25:00",36.783,-121.871,"1020102","2",134,"33RO20210613","WCOA2021","ML5","102","1","11081","2",13,"2021/07/15 00:00:00",2021,7,15,"02:25:35",196.101,36.783,-121.871,144,134.8,133.7,9.881,33.96,2,-999,9,107.2,2,-999,-999,9,-999,9,-999,9,-999,-999,9,-999,-999,9,-999,9,-999,9,-999,9,-999,9,-999,9,-999,9,24.491,2,-999,9,-999,9,-999,9,-999,9,-999,9,-999,9,-999,9,11081,"2021/07/15 02:25:35",2,"11081","2","33.960","9.881","134.8","","","9.881","134.8","-999.0","-999.0","","","","Seawater scale (mol/kg-SW) "," K1, K2 from Mehrbach et al., 1973 refit by Dickson and Millero, 3713","Dickson ","Uppstrom, 3700","","","","","","","","","","","","","","","","","","","","","","","","","","","","","","","","","","","","","",134,132.97,9.8901,33.959,26.1601,2.47,107.56,0.043,157.06,13.97,"dRB2102_CTD_102_01_F.csv","dRB2102","CTD","102","F.csv"
"E762",1,1,FALSE,"WCOA21","2021_WCOA_RonBrown","7/15/2021",NA,"2:27:41 AM","","E762","1020104","4","Niskin; Sterivex 0.22µm filter","95% EtOH","West Coast","ML5",119.2,36.783,-121.871,1000,"Sean McAllister","","7/15/2021 2:27:41 AM","7/15/2021 ","2021/07/15 02:27:00","2021/07/15 00:00:00","2021/07/15 02:27:00",36.783,-121.871,"1020104","4",119,"33RO20210613","WCOA2021","ML5","102","1","11058","2",13,"2021/07/15 00:00:00",2021,7,15,"02:27:41",196.103,36.783,-121.871,144,120.2,119.2,10.007,33.948,2,-999,9,111.7,2,-999,-999,9,-999,9,-999,9,-999,-999,9,-999,-999,9,-999,9,-999,9,-999,9,-999,9,-999,9,-999,9,-999,9,-999,9,-999,9,-999,9,-999,9,-999,9,-999,9,-999,9,11058,"2021/07/15 02:27:41",4,"11058","4","33.948","10.007","120.2","","","10.007","120.2","-999.0","-999.0","","","","Seawater scale (mol/kg-SW) "," K1, K2 from Mehrbach et al., 1973 refit by Dickson and Millero, 3715","Dickson ","Uppstrom, 3702","","","","","","","","","","","","","","","","","","","","","","","","","","","","","","","","","","","","","",119,118.09,10.0244,33.947,26.1279,2.6,113.15,0.043,157.88,29.56,"dRB2102_CTD_102_01_F.csv","dRB2102","CTD","102","F.csv"
"E763",1,1,FALSE,"WCOA21","2021_WCOA_RonBrown","7/15/2021",NA,"2:30:31 AM","","E763","1020106","6","Niskin; Sterivex 0.22µm filter","95% EtOH","West Coast","ML5",100.2,36.783,-121.871,1000,"Sean McAllister","Thiamine sampling (slow flow and collect outflow); Sterivex on outlet","7/15/2021 2:30:31 AM","7/15/2021 ","2021/07/15 02:30:00","2021/07/15 00:00:00","2021/07/15 02:30:00",36.783,-121.871,"1020106","6",100,"33RO20210613","WCOA2021","ML5","102","1","11082","2",13,"2021/07/15 00:00:00",2021,7,15,"02:30:31",196.105,36.783,-121.871,144,101,100.2,10.054,33.944,2,-999,9,113.6,2,-999,-999,9,-999,9,-999,9,-999,-999,9,-999,-999,9,-999,9,-999,9,-999,9,-999,9,-999,9,-999,9,-999,9,-999,9,-999,9,-999,9,-999,9,-999,9,-999,9,-999,9,11082,"2021/07/15 02:30:31",6,"11082","6","33.944","10.054","101.0","","","10.054","101.0","-999.0","-999.0","","","","Seawater scale (mol/kg-SW) "," K1, K2 from Mehrbach et al., 1973 refit by Dickson and Millero, 3717","Dickson ","Uppstrom, 3704","","","","","","","","","","","","","","","","","","","","","","","","","","","","","","","","","","","","","",100,99.24,10.0293,33.9448,26.125,2.6,113.22,0.042,158.25,48.83,"dRB2102_CTD_102_01_F.csv","dRB2102","CTD","102","F.csv"
"E764",1,1,FALSE,"WCOA21","2021_WCOA_RonBrown","7/15/2021",NA,"2:41:04 AM","","E764","1020114","14","Niskin; Sterivex 0.22µm filter","95% EtOH","West Coast","ML5",39.8,36.782,-121.871,1000,"Sean McAllister","Thiamine sampling (slow flow and collect outflow); Sterivex on outlet","7/15/2021 2:41:04 AM","7/15/2021 ","2021/07/15 02:41:00","2021/07/15 00:00:00","2021/07/15 02:41:00",36.782,-121.871,"1020114","14",40,"33RO20210613","WCOA2021","ML5","102","1","11011","2",13,"2021/07/15 00:00:00",2021,7,15,"02:41:04",196.112,36.782,-121.871,144,40.1,39.8,10.893,33.853,2,-999,9,159.9,2,-999,-999,9,-999,9,-999,9,-999,-999,9,-999,-999,9,-999,9,-999,9,-999,9,-999,9,-999,9,-999,9,-999,9,-999,9,-999,9,-999,9,-999,9,-999,9,-999,9,-999,9,11011,"2021/07/15 02:41:04",14,"11011","14","33.853","10.893","40.1","","","10.893","40.1","-999.0","-999.0","","","","Seawater scale (mol/kg-SW) "," K1, K2 from Mehrbach et al., 1973 refit by Dickson and Millero, 3725","Dickson ","Uppstrom, 3712","","","","","","","","","","","","","","","","","","","","","","","","","","","","","","","","","","","","","",40,39.7,10.8255,33.8623,25.9215,3.56,155.1,0.053,159.04,99.44,"dRB2102_CTD_102_01_F.csv","dRB2102","CTD","102","F.csv"
"E765",1,1,FALSE,"WCOA21","2021_WCOA_RonBrown","7/15/2021",NA,"2:47:00 AM","","E765","1020119","19","Niskin; Sterivex 0.22µm filter","95% EtOH","West Coast","ML5",10.3,36.782,-121.871,1000,"Sean McAllister","Thiamine sampling (slow flow and collect outflow); Sterivex on outlet","7/15/2021 2:47:00 AM","7/15/2021 ","2021/07/15 02:47:00","2021/07/15 00:00:00","2021/07/15 02:47:00",36.782,-121.871,"1020119","19",10,"33RO20210613","WCOA2021","ML5","102","1","11028","2",13,"2021/07/15 00:00:00",2021,7,15,"02:47:00",196.116,36.782,-121.871,144,10.4,10.3,12.709,33.83,2,-999,9,221.6,2,-999,-999,9,-999,9,-999,9,-999,-999,9,-999,-999,9,-999,9,-999,9,-999,9,-999,9,-999,9,-999,9,-999,9,-999,9,-999,9,-999,9,-999,9,-999,9,-999,9,-999,9,11028,"2021/07/15 02:47:00",19,"11028","19","33.830","12.709","10.4","","","12.709","10.4","-999.0","-999.0","","","","Seawater scale (mol/kg-SW) "," K1, K2 from Mehrbach et al., 1973 refit by Dickson and Millero, 3730","Dickson ","Uppstrom, 3717","","","","","","","","","","","","","","","","","","","","","","","","","","","","","","","","","","","","","",10,9.93,11.8102,33.8277,25.7145,4.59,199.75,0.15,158.39,99.46,"dRB2102_CTD_102_01_F.csv","dRB2102","CTD","102","F.csv"
"E766",1,1,FALSE,"WCOA21","2021_WCOA_RonBrown","7/15/2021",NA,"2:49:03 AM","","E766","1020121","21","Niskin; Sterivex 0.22µm filter","95% EtOH","West Coast","ML5",5.5,36.782,-121.871,1000,"Sean McAllister","Thiamine sampling (slow flow and collect outflow); Sterivex on outlet","7/15/2021 2:49:03 AM","7/15/2021 ","2021/07/15 02:49:00","2021/07/15 00:00:00","2021/07/15 02:49:00",36.782,-121.871,"1020121","21",6,"33RO20210613","WCOA2021","ML5","102","1","11062","2",13,"2021/07/15 00:00:00",2021,7,15,"02:49:03",196.117,36.782,-121.871,144,5.5,5.5,13.359,33.835,2,-999,9,277.7,2,271.8,8.919,2,2070.5,2,2258.4,2,7.848,25.01,2,137.1843870810499,24.855,2,16.2,2,0.89,2,8.6,2,0.48,2,0.13,2,-999,9,14.92,2,-999,9,-999,9,-999,9,-999,9,-999,9,-999,9,-999,9,11062,"2021/07/15 02:49:03",21,"11062","21","33.835","13.359","5.5","","","13.359","5.5","2258.4","2070.5","","","","Seawater scale (mol/kg-SW) "," K1, K2 from Mehrbach et al., 1973 refit by Dickson and Millero, 3732","Dickson ","Uppstrom, 3719","33.83499908","13.35900021","5.5","0","0","2258.399902","2070.5","8.014825821","417.6604309","419.2061462","1915.920481","138.016784","16.56278481","64.36645798","2.08931299","0","0","12.39076759","3.309666668","2.114175723","425.5211163","13.35900021","5.5","8.014826031","417.6604167","419.2061197","1915.920481","138.016784","16.56278481","64.36645798","2.08931299","0","0","12.39076759","3.309666668","2.114175723","425.5211043",6,5.96,13.2054,33.8342,25.4489,6.14,267.53,0.2,157.72,99.69,"dRB2102_CTD_102_01_F.csv","dRB2102","CTD","102","F.csv"
"E767",1,1,FALSE,"WCOA21","2021_WCOA_RonBrown","7/15/2021",NA,"2:50:32 AM","","E767","1020123","23","Niskin; Sterivex 0.22µm filter","95% EtOH","West Coast","ML5",3.1,36.782,-121.871,1000,"Sean McAllister","Thiamine sampling (slow flow and collect outflow); Sterivex on outlet","7/15/2021 2:50:32 AM","7/15/2021 ","2021/07/15 02:50:00","2021/07/15 00:00:00","2021/07/15 02:50:00",36.782,-121.871,"1020123","23",3,"33RO20210613","WCOA2021","ML5","102","1","11061","2",13,"2021/07/15 00:00:00",2021,7,15,"02:50:32",196.118,36.782,-121.871,144,3.1,3.1,13.409,33.836,2,-999,9,273.5,2,-999,-999,9,-999,9,-999,9,-999,-999,9,-999,-999,9,-999,9,-999,9,-999,9,-999,9,-999,9,-999,9,-999,9,-999,9,-999,9,-999,9,-999,9,-999,9,-999,9,-999,9,11061,"2021/07/15 02:50:32",23,"11061","23","33.836","13.409","3.1","","","13.409","3.1","-999.0","-999.0","","","","Seawater scale (mol/kg-SW) "," K1, K2 from Mehrbach et al., 1973 refit by Dickson and Millero, 3734","Dickson ","Uppstrom, 3721","","","","","","","","","","","","","","","","","","","","","","","","","","","","","","","","","","","","","",3,2.98,13.176,33.8346,25.4551,6.18,269.18,0.187,158.74,99.64,"dRB2102_CTD_102_01_F.csv","dRB2102","CTD","102","F.csv"
"E768.1B",1,1,FALSE,"WCOA21","2021_WCOA_RonBrown","7/15/2021",NA,"4:08:40 AM","","E768.1B","1030101","1","Niskin; Sterivex 0.22µm filter","95% EtOH","West Coast","ML11",110.9,36.736,-121.968,1000,"Sean McAllister","","7/15/2021 4:08:40 AM","7/15/2021 ","2021/07/15 04:08:00","2021/07/15 00:00:00","2021/07/15 04:08:00",36.736,-121.968,"1030101","1",111,"33RO20210613","WCOA2021","ML11","103","1","11031","2",13,"2021/07/15 00:00:00",2021,7,15,"04:08:40",196.173,36.736,-121.968,121,111.8,110.9,10.051,33.923,2,-999,9,113.6,2,115.1,3.78,6,2196.2,2,2249.9,2,7.4934,25,2,69.7437834927194,24.87,2,26.9,2,1.96,2,23.9,2,0.02,2,0.01,2,-999,9,19.98,2,-999,9,-999,9,-999,9,-999,9,-999,9,-999,9,-999,9,11031,"2021/07/15 04:08:40",1,"11031","1","33.923","10.051","111.8","","","10.051","111.8","2249.9","2196.2","","","","Seawater scale (mol/kg-SW) "," K1, K2 from Mehrbach et al., 1973 refit by Dickson and Millero, 3736","Dickson ","Uppstrom, 3723","33.92300034","10.05099964","111.8000031","0","0","2249.899902","2196.199951","7.689798832","930.9775391","934.5731201","2092.026018","63.13855594","41.03538562","30.90157842","0.715884519","0","0","17.81044701","1.48295297","0.942831419","945.8524084","10.05099964","111.8000031","7.689798833","930.9775012","934.5731198","2092.026018","63.13855594","41.03538562","30.90157842","0.715884519","0","0","17.81044701","1.48295297","0.942831419","945.8524049",111,110.15,10.0963,33.9175,26.0925,2.65,115.14,0.045,161.51,11.78,"dRB2102_CTD_103_01_F.csv","dRB2102","CTD","103","F.csv"
"E768.2T",2,2,FALSE,"WCOA21","2021_WCOA_RonBrown","7/15/2021",NA,"4:08:43 AM","","E768.2T","1030102","2","Niskin; Sterivex 0.22µm filter","95% EtOH","West Coast","ML11",111.3,36.736,-121.968,1000,"Sean McAllister","","7/15/2021 4:08:43 AM","7/15/2021 ","2021/07/15 04:08:00","2021/07/15 00:00:00","2021/07/15 04:08:00",36.736,-121.968,"1030102","2",111,"33RO20210613","WCOA2021","ML11","103","1","11081","2",13,"2021/07/15 00:00:00",2021,7,15,"04:08:43",196.173,36.736,-121.968,121,112.1,111.3,10.051,33.923,2,-999,9,113.6,2,-999,-999,9,-999,9,-999,9,-999,-999,9,-999,-999,9,-999,9,-999,9,-999,9,-999,9,-999,9,-999,9,20.685,2,-999,9,-999,9,-999,9,-999,9,-999,9,-999,9,-999,9,11081,"2021/07/15 04:08:43",2,"11081","2","33.923","10.051","112.1","","","10.051","112.1","-999.0","-999.0","","","","Seawater scale (mol/kg-SW) "," K1, K2 from Mehrbach et al., 1973 refit by Dickson and Millero, 3737","Dickson ","Uppstrom, 3724","","","","","","","","","","","","","","","","","","","","","","","","","","","","","","","","","","","","","",111,110.15,10.0963,33.9175,26.0925,2.65,115.14,0.045,161.51,11.78,"dRB2102_CTD_103_01_F.csv","dRB2102","CTD","103","F.csv"
"E768.3T",2,3,FALSE,"WCOA21","2021_WCOA_RonBrown","7/15/2021",NA,"4:08:43 AM","","E768.3T","1030102","2","Niskin; Sterivex 0.22µm filter","95% EtOH","West Coast","ML11",111.3,36.736,-121.968,1000,"Sean McAllister","","7/15/2021 4:08:43 AM","7/15/2021 ","2021/07/15 04:08:00","2021/07/15 00:00:00","2021/07/15 04:08:00",36.736,-121.968,"1030102","2",111,"33RO20210613","WCOA2021","ML11","103","1","11081","2",13,"2021/07/15 00:00:00",2021,7,15,"04:08:43",196.173,36.736,-121.968,121,112.1,111.3,10.051,33.923,2,-999,9,113.6,2,-999,-999,9,-999,9,-999,9,-999,-999,9,-999,-999,9,-999,9,-999,9,-999,9,-999,9,-999,9,-999,9,20.685,2,-999,9,-999,9,-999,9,-999,9,-999,9,-999,9,-999,9,11081,"2021/07/15 04:08:43",2,"11081","2","33.923","10.051","112.1","","","10.051","112.1","-999.0","-999.0","","","","Seawater scale (mol/kg-SW) "," K1, K2 from Mehrbach et al., 1973 refit by Dickson and Millero, 3737","Dickson ","Uppstrom, 3724","","","","","","","","","","","","","","","","","","","","","","","","","","","","","","","","","","","","","",111,110.15,10.0963,33.9175,26.0925,2.65,115.14,0.045,161.51,11.78,"dRB2102_CTD_103_01_F.csv","dRB2102","CTD","103","F.csv"
"E769.1B",1,1,FALSE,"WCOA21","2021_WCOA_RonBrown","7/15/2021",NA,"4:10:59 AM","","E769.1B","1030103","3","Niskin; Sterivex 0.22µm filter","95% EtOH","West Coast","ML11",99.7,36.736,-121.968,1000,"Sean McAllister","Thiamine sampling (slow flow and collect outflow); Sterivex on outlet","7/15/2021 4:10:59 AM","7/15/2021 ","2021/07/15 04:10:00","2021/07/15 00:00:00","2021/07/15 04:10:00",36.736,-121.968,"1030103","3",100,"33RO20210613","WCOA2021","ML11","103","1","11020","2",13,"2021/07/15 00:00:00",2021,7,15,"04:10:59",196.174,36.736,-121.968,121,100.5,99.7,10.119,33.915,2,33.9336,2,116.3,2,116.2,3.816,2,2192.5,6,2251.5,2,7.4963,25,6,67.4641487146599,24.87,6,26.7,2,1.95,2,23.9,2,0.03,2,0.01,2,-999,9,20.582,2,-999,9,-999,9,-999,9,-999,9,-999,9,-999,9,-999,9,11020,"2021/07/15 04:10:59",3,"11020","3","33.915","10.119","100.5","","","10.119","100.5","2251.5","2192.5","","","","Seawater scale (mol/kg-SW) "," K1, K2 from Mehrbach et al., 1973 refit by Dickson and Millero, 3738","Dickson ","Uppstrom, 3725","33.91500092","10.11900043","100.5","0","0","2251.5","2192.5","7.706629276","895.1713257","898.6256104","2087.52209","65.60748033","39.37047702","32.03441949","0.748576788","0","0","17.63318675","1.54425358","0.981772397","909.5211665","10.11900043","100.5","7.706629149","895.1712844","898.6255599","2087.52209","65.60748033","39.37047702","32.03441949","0.748576788","0","0","17.63318675","1.54425358","0.981772397","909.5211409",100,99.24,10.1316,33.9129,26.0827,2.69,117.21,0.045,162.08,22.84,"dRB2102_CTD_103_01_F.csv","dRB2102","CTD","103","F.csv"
"E769.2T",2,2,FALSE,"WCOA21","2021_WCOA_RonBrown","7/15/2021",NA,"4:11:01 AM","","E769.2T","1030104","4","Niskin; Sterivex 0.22µm filter","95% EtOH","West Coast","ML11",99.7,36.736,-121.968,1000,"Sean McAllister","","7/15/2021 4:11:01 AM","7/15/2021 ","2021/07/15 04:11:00","2021/07/15 00:00:00","2021/07/15 04:11:00",36.736,-121.968,"1030104","4",100,"33RO20210613","WCOA2021","ML11","103","1","11058","2",13,"2021/07/15 00:00:00",2021,7,15,"04:11:01",196.174,36.736,-121.968,121,100.4,99.7,10.119,33.915,2,-999,9,116.3,2,-999,-999,9,-999,9,-999,9,-999,-999,9,-999,-999,9,-999,9,-999,9,-999,9,-999,9,-999,9,-999,9,-999,9,-999,9,-999,9,-999,9,-999,9,-999,9,-999,9,-999,9,11058,"2021/07/15 04:11:01",4,"11058","4","33.915","10.119","100.4","","","10.119","100.4","-999.0","-999.0","","","","Seawater scale (mol/kg-SW) "," K1, K2 from Mehrbach et al., 1973 refit by Dickson and Millero, 3739","Dickson ","Uppstrom, 3726","","","","","","","","","","","","","","","","","","","","","","","","","","","","","","","","","","","","","",100,99.24,10.1316,33.9129,26.0827,2.69,117.21,0.045,162.08,22.84,"dRB2102_CTD_103_01_F.csv","dRB2102","CTD","103","F.csv"
"E769.3T",2,3,FALSE,"WCOA21","2021_WCOA_RonBrown","7/15/2021",NA,"4:11:01 AM","","E769.3T","1030104","4","Niskin; Sterivex 0.22µm filter","95% EtOH","West Coast","ML11",99.7,36.736,-121.968,1000,"Sean McAllister","","7/15/2021 4:11:01 AM","7/15/2021 ","2021/07/15 04:11:00","2021/07/15 00:00:00","2021/07/15 04:11:00",36.736,-121.968,"1030104","4",100,"33RO20210613","WCOA2021","ML11","103","1","11058","2",13,"2021/07/15 00:00:00",2021,7,15,"04:11:01",196.174,36.736,-121.968,121,100.4,99.7,10.119,33.915,2,-999,9,116.3,2,-999,-999,9,-999,9,-999,9,-999,-999,9,-999,-999,9,-999,9,-999,9,-999,9,-999,9,-999,9,-999,9,-999,9,-999,9,-999,9,-999,9,-999,9,-999,9,-999,9,-999,9,11058,"2021/07/15 04:11:01",4,"11058","4","33.915","10.119","100.4","","","10.119","100.4","-999.0","-999.0","","","","Seawater scale (mol/kg-SW) "," K1, K2 from Mehrbach et al., 1973 refit by Dickson and Millero, 3739","Dickson ","Uppstrom, 3726","","","","","","","","","","","","","","","","","","","","","","","","","","","","","","","","","","","","","",100,99.24,10.1316,33.9129,26.0827,2.69,117.21,0.045,162.08,22.84,"dRB2102_CTD_103_01_F.csv","dRB2102","CTD","103","F.csv"
"E770",1,1,FALSE,"WCOA21","2021_WCOA_RonBrown","7/15/2021",NA,"4:25:27 AM","","E770","1030116","16","Niskin; Sterivex 0.22µm filter","95% EtOH","West Coast","ML11",20.2,36.736,-121.968,1000,"Sean McAllister","Thiamine sampling (slow flow and collect outflow); Sterivex on outlet","7/15/2021 4:25:27 AM","7/15/2021 ","2021/07/15 04:25:00","2021/07/15 00:00:00","2021/07/15 04:25:00",36.736,-121.968,"1030116","16",20,"33RO20210613","WCOA2021","ML11","103","1","11032","2",13,"2021/07/15 00:00:00",2021,7,15,"04:25:27",196.184,36.736,-121.968,121,20.4,20.2,11.595,33.854,2,-999,9,180.2,2,-999,-999,9,-999,9,-999,9,-999,-999,9,-999,-999,9,-999,9,-999,9,-999,9,-999,9,-999,9,-999,9,-999,9,-999,9,-999,9,-999,9,-999,9,-999,9,-999,9,-999,9,11032,"2021/07/15 04:25:27",16,"11032","16","33.854","11.595","20.4","","","11.595","20.4","-999.0","-999.0","","","","Seawater scale (mol/kg-SW) "," K1, K2 from Mehrbach et al., 1973 refit by Dickson and Millero, 3751","Dickson ","Uppstrom, 3738","","","","","","","","","","","","","","","","","","","","","","","","","","","","","","","","","","","","","",20,19.85,12.3465,33.8427,25.6247,4.93,214.89,0.229,161.93,99.38,"dRB2102_CTD_103_01_F.csv","dRB2102","CTD","103","F.csv"
"E771",1,1,FALSE,"WCOA21","2021_WCOA_RonBrown","7/15/2021",NA,"4:28:12 AM","","E771","1030119","19","Niskin; Sterivex 0.22µm filter","95% EtOH","West Coast","ML11",10.3,36.736,-121.968,1000,"Sean McAllister","Thiamine sampling (slow flow and collect outflow); Sterivex on outlet","7/15/2021 4:28:12 AM","7/15/2021 ","2021/07/15 04:28:00","2021/07/15 00:00:00","2021/07/15 04:28:00",36.736,-121.968,"1030119","19",10,"33RO20210613","WCOA2021","ML11","103","1","11028","2",13,"2021/07/15 00:00:00",2021,7,15,"04:28:12",196.186,36.736,-121.968,121,10.4,10.3,13.836,33.822,3,-999,9,263.9,3,219.5,7.201,2,2121.1,2,2255.8,2,7.7147,25,2,105.67577252916823,24.87,2,15.8,2,0.94,2,10.3,2,0.47,2,0.21,2,-999,9,18.276,2,-999,9,-999,9,-999,9,-999,9,-999,9,-999,9,-999,9,11028,"2021/07/15 04:28:12",19,"11028","19","33.822","13.836","10.4","","","13.836","10.4","2255.8","2121.1","","","","Seawater scale (mol/kg-SW) "," K1, K2 from Mehrbach et al., 1973 refit by Dickson and Millero, 3754","Dickson ","Uppstrom, 3741","33.8219986","13.83600044","10.39999962","0","0","2255.800049","2121.100098","7.878232479","596.180481","598.3734741","1991.106542","106.69758","23.29607998","49.71234523","1.599397164","0","0","14.32258117","2.557165279","1.635124155","607.6763531","13.83600044","10.39999962","7.87823251","596.1805266","598.3734827","1991.106542","106.69758","23.29607998","49.71234523","1.599397164","0","0","14.32258117","2.557165279","1.635124155","607.6763624",10,9.93,14.1567,33.837,25.2559,6.45,280.79,0.155,161.14,99.82,"dRB2102_CTD_103_01_F.csv","dRB2102","CTD","103","F.csv"
"E772.1B",1,1,FALSE,"WCOA21","2021_WCOA_RonBrown","7/15/2021",NA,"4:31:02 AM","","E772.1B","1030122","22","Niskin; Sterivex 0.22µm filter","95% EtOH","West Coast","ML11",3.1,36.736,-121.968,1000,"Sean McAllister","","7/15/2021 4:31:02 AM","7/15/2021 ","2021/07/15 04:31:00","2021/07/15 00:00:00","2021/07/15 04:31:00",36.736,-121.968,"1030122","22",3,"33RO20210613","WCOA2021","ML11","103","1","11024","2",13,"2021/07/15 00:00:00",2021,7,15,"04:31:02",196.188,36.736,-121.968,121,3.1,3.1,14.161,33.838,2,-999,9,280.5,2,-999,-999,9,-999,9,-999,9,-999,-999,9,-999,-999,9,-999,9,-999,9,-999,9,-999,9,-999,9,-999,9,12.429,2,-999,9,-999,9,-999,9,-999,9,-999,9,-999,9,-999,9,11024,"2021/07/15 04:31:02",22,"11024","22","33.838","14.161","3.1","","","14.161","3.1","-999.0","-999.0","","","","Seawater scale (mol/kg-SW) "," K1, K2 from Mehrbach et al., 1973 refit by Dickson and Millero, 3757","Dickson ","Uppstrom, 3744","","","","","","","","","","","","","","","","","","","","","","","","","","","","","","","","","","","","","",3,2.98,14.2172,33.837,25.243,6.52,283.99,0.163,161.49,99.82,"dRB2102_CTD_103_01_F.csv","dRB2102","CTD","103","F.csv"
"E772.2B",2,1,FALSE,"WCOA21","2021_WCOA_RonBrown","7/15/2021",NA,"4:31:04 AM","","E772.2B","1030123","23","Niskin; Sterivex 0.22µm filter","95% EtOH","West Coast","ML11",3,36.736,-121.968,1000,"Sean McAllister","","7/15/2021 4:31:04 AM","7/15/2021 ","2021/07/15 04:31:00","2021/07/15 00:00:00","2021/07/15 04:31:00",36.736,-121.968,"1030123","23",3,"33RO20210613","WCOA2021","ML11","103","1","11061","2",13,"2021/07/15 00:00:00",2021,7,15,"04:31:04",196.188,36.736,-121.968,121,3,3,14.16,33.838,2,-999,9,280.5,2,-999,-999,9,-999,9,-999,9,-999,-999,9,-999,-999,9,-999,9,-999,9,-999,9,-999,9,-999,9,-999,9,-999,9,-999,9,-999,9,-999,9,-999,9,-999,9,-999,9,-999,9,11061,"2021/07/15 04:31:04",23,"11061","23","33.838","14.160","3.0","","","14.160","3.0","-999.0","-999.0","","","","Seawater scale (mol/kg-SW) "," K1, K2 from Mehrbach et al., 1973 refit by Dickson and Millero, 3758","Dickson ","Uppstrom, 3745","","","","","","","","","","","","","","","","","","","","","","","","","","","","","","","","","","","","","",3,2.98,14.2172,33.837,25.243,6.52,283.99,0.163,161.49,99.82,"dRB2102_CTD_103_01_F.csv","dRB2102","CTD","103","F.csv"
"E772.3B",3,1,FALSE,"WCOA21","2021_WCOA_RonBrown","7/15/2021",NA,"4:31:07 AM","","E772.3B","1030124","24","Niskin; Sterivex 0.22µm filter","95% EtOH","West Coast","ML11",3.1,36.736,-121.968,1000,"Sean McAllister","Thiamine sampling (slow flow and collect outflow); Sterivex on outlet","7/15/2021 4:31:07 AM","7/15/2021 ","2021/07/15 04:31:00","2021/07/15 00:00:00","2021/07/15 04:31:00",36.736,-121.968,"1030124","24",3,"33RO20210613","WCOA2021","ML11","103","1","11001","2",13,"2021/07/15 00:00:00",2021,7,15,"04:31:07",196.188,36.736,-121.968,121,3.1,3.1,14.16,33.838,2,-999,9,280.5,2,-999,-999,9,-999,9,-999,9,-999,-999,9,-999,-999,9,-999,9,-999,9,-999,9,-999,9,-999,9,-999,9,-999,9,-999,9,-999,9,-999,9,-999,9,-999,9,-999,9,-999,9,11001,"2021/07/15 04:31:07",24,"11001","24","33.838","14.160","3.1","","","14.160","3.1","-999.0","-999.0","","","","Seawater scale (mol/kg-SW) "," K1, K2 from Mehrbach et al., 1973 refit by Dickson and Millero, 3759","Dickson ","Uppstrom, 3746","","","","","","","","","","","","","","","","","","","","","","","","","","","","","","","","","","","","","",3,2.98,14.2172,33.837,25.243,6.52,283.99,0.163,161.49,99.82,"dRB2102_CTD_103_01_F.csv","dRB2102","CTD","103","F.csv"
"E773",1,1,FALSE,"WCOA21","2021_WCOA_RonBrown","7/15/2021",NA,"4:48:22 PM","","E773","1040102","2","Niskin; Sterivex 0.22µm filter","95% EtOH","West Coast","CC73.3-50",77.9,35.631,-121.292,1000,"Sean McAllister","","7/15/2021 4:48:22 PM","7/15/2021 ","2021/07/15 04:48:00","2021/07/15 00:00:00","2021/07/15 04:48:00",35.631,-121.292,"1040102","2",78,"33RO20210613","WCOA2021","CC73.3-50","104","1","11081","2",14,"2021/07/15 00:00:00",2021,7,15,"16:48:22",196.7,35.631,-121.292,88,78.5,77.9,10.794,33.81,2,33.8257,3,136.6,2,-999,-999,9,-999,9,-999,9,-999,-999,9,-999,-999,9,-999,9,-999,9,-999,9,-999,9,-999,9,-999,9,-999,9,-999,9,-999,9,-999,9,-999,9,-999,9,-999,9,-999,9,11081,"2021/07/15 16:48:22",2,"11081","2","33.810","10.794","78.5","","","10.794","78.5","-999.0","-999.0","","","","Seawater scale (mol/kg-SW) "," K1, K2 from Mehrbach et al., 1973 refit by Dickson and Millero, 3761","Dickson ","Uppstrom, 3748","","","","","","","","","","","","","","","","","","","","","","","","","","","","","","","","","","","","","",78,77.42,10.7656,33.8125,25.8941,3.13,136.43,0.045,155.09,7.08,"dRB2102_CTD_104_01_F.csv","dRB2102","CTD","104","F.csv"
"E774",1,1,FALSE,"WCOA21","2021_WCOA_RonBrown","7/15/2021",NA,"4:56:26 PM","","E774","1040106","6","Niskin; Sterivex 0.22µm filter","95% EtOH","West Coast","CC73.3-50",39.4,35.631,-121.292,1000,"Sean McAllister","","7/15/2021 4:56:26 PM","7/15/2021 ","2021/07/15 04:56:00","2021/07/15 00:00:00","2021/07/15 04:56:00",35.631,-121.292,"1040106","6",39,"33RO20210613","WCOA2021","CC73.3-50","104","1","11082","2",14,"2021/07/15 00:00:00",2021,7,15,"16:56:26",196.706,35.631,-121.292,88,39.7,39.4,11.899,33.723,2,-999,9,173.9,2,-999,-999,9,-999,9,-999,9,-999,-999,9,-999,-999,9,-999,9,-999,9,-999,9,-999,9,-999,9,-999,9,-999,9,-999,9,-999,9,-999,9,-999,9,-999,9,-999,9,-999,9,11082,"2021/07/15 16:56:26",6,"11082","6","33.723","11.899","39.7","","","11.899","39.7","-999.0","-999.0","","","","Seawater scale (mol/kg-SW) "," K1, K2 from Mehrbach et al., 1973 refit by Dickson and Millero, 3765","Dickson ","Uppstrom, 3752","","","","","","","","","","","","","","","","","","","","","","","","","","","","","","","","","","","","","",39,38.71,11.6173,33.74,25.683,3.77,164.24,0.057,156.27,46.08,"dRB2102_CTD_104_01_F.csv","dRB2102","CTD","104","F.csv"
"E775",1,1,FALSE,"WCOA21","2021_WCOA_RonBrown","7/15/2021",NA,"5:04:21 PM","","E775","1040112","12","Niskin; Sterivex 0.22µm filter","95% EtOH","West Coast","CC73.3-50",3.4,35.632,-121.292,1000,"Sean McAllister","","7/15/2021 5:04:21 PM","7/15/2021 ","2021/07/15 05:04:00","2021/07/15 00:00:00","2021/07/15 05:04:00",35.632,-121.292,"1040112","12",3,"33RO20210613","WCOA2021","CC73.3-50","104","1","11026","2",14,"2021/07/15 00:00:00",2021,7,15,"17:04:21",196.711,35.632,-121.292,88,3.4,3.4,13.964,33.671,2,33.705,2,244.8,2,-999,-999,9,-999,9,-999,9,-999,-999,9,-999,-999,9,-999,9,-999,9,-999,9,-999,9,-999,9,4.7,2,-999,9,-999,9,-999,9,-999,9,-999,9,-999,9,-999,9,-999,9,11026,"2021/07/15 17:04:21",12,"11026","12","33.671","13.964","3.4","","","13.964","3.4","-999.0","-999.0","","","","Seawater scale (mol/kg-SW) "," K1, K2 from Mehrbach et al., 1973 refit by Dickson and Millero, 3771","Dickson ","Uppstrom, 3758","","","","","","","","","","","","","","","","","","","","","","","","","","","","","","","","","","","","","",3,2.98,13.6761,33.6787,25.233,5.53,240.8,0.1,155.8,81.23,"dRB2102_CTD_104_01_F.csv","dRB2102","CTD","104","F.csv"
"E777",1,1,FALSE,"WCOA21","2021_WCOA_RonBrown","7/15/2021",NA,"7:22:35 PM","","E777","1050102","2","Niskin; Sterivex 0.22µm filter","95% EtOH","West Coast","CC73.3-55",981,35.477,-121.612,1000,"Sean McAllister","","7/15/2021 7:22:35 PM","7/15/2021 ","2021/07/15 07:22:00","2021/07/15 00:00:00","2021/07/15 07:22:00",35.477,-121.612,"1050102","2",981,"33RO20210613","WCOA2021","CC73.3-55","105","1","11081","2",14,"2021/07/15 00:00:00",2021,7,15,"19:22:35",196.807,35.477,-121.612,991,990.5,981,4.233,34.44,2,-999,9,16.8,2,-999,-999,9,-999,9,-999,9,-999,-999,9,-999,-999,9,-999,9,-999,9,-999,9,-999,9,-999,9,-999,9,-999,9,-999,9,-999,9,-999,9,-999,9,-999,9,-999,9,-999,9,11081,"2021/07/15 19:22:35",2,"11081","2","34.440","4.233","990.5","","","4.233","990.5","-999.0","-999.0","","","","Seawater scale (mol/kg-SW) "," K1, K2 from Mehrbach et al., 1973 refit by Dickson and Millero, 3773","Dickson ","Uppstrom, 3760","","","","","","","","","","","","","","","","","","","","","","","","","","","","","","","","","","","","","",981,971.58,4.2377,34.4398,27.3236,0.39,16.96,0.041,142.18,19.14,"dRB2102_CTD_105_01_F.csv","dRB2102","CTD","105","F.csv"
"E778",1,1,FALSE,"WCOA21","2021_WCOA_RonBrown","7/15/2021",NA,"7:28:47 PM","","E778","1050103","3","Niskin; Sterivex 0.22µm filter","95% EtOH","West Coast","CC73.3-55",743.8,35.476,-121.613,1000,"Sean McAllister","","7/15/2021 7:28:47 PM","7/15/2021 ","2021/07/15 07:28:00","2021/07/15 00:00:00","2021/07/15 07:28:00",35.476,-121.613,"1050103","3",744,"33RO20210613","WCOA2021","CC73.3-55","105","1","11020","2",14,"2021/07/15 00:00:00",2021,7,15,"19:28:47",196.812,35.476,-121.613,991,750.6,743.8,5.199,34.377,2,-999,9,12.2,2,11.9,0.392,2,2338.4,2,2337.3,6,7.3104,24.95,6,47.422687065267645,24.88,6,93.8,2,3.2,2,41,2,0.01,2,0.01,2,-999,9,0.869,2,-999,9,-999,9,-999,9,-999,9,-999,9,-999,9,-999,9,11020,"2021/07/15 19:28:47",3,"11020","3","34.377","5.199","750.6","","","5.199","750.6","2337.3","2338.4","","","","Seawater scale (mol/kg-SW) "," K1, K2 from Mehrbach et al., 1973 refit by Dickson and Millero, 3774","Dickson ","Uppstrom, 3761","34.3769989","5.198999882","750.5999756","0","0","2337.300049","2338.399902","7.544511795","1247.402954","1252.537476","2231.804054","41.79280632","64.80301781","21.61154574","0.327801428","0","0","19.01579316","0.863126857","0.549537073","1263.350851","5.198999882","750.5999756","7.544512008","1247.402991","1252.53753","2231.804054","41.79280632","64.80301781","21.61154574","0.327801428","0","0","19.01579316","0.863126857","0.549537073","1263.350905",744,737.27,5.2497,34.3702,27.1541,0.27,11.92,0.041,143.33,100,"dRB2102_CTD_105_01_F.csv","dRB2102","CTD","105","F.csv"
"E779",1,1,FALSE,"WCOA21","2021_WCOA_RonBrown","7/15/2021",NA,"7:46:25 PM","","E779","1050107","7","Niskin; Sterivex 0.22µm filter","95% EtOH","West Coast","CC73.3-55",197.6,35.476,-121.613,1000,"Sean McAllister","","7/15/2021 7:46:25 PM","7/15/2021 ","2021/07/15 07:46:00","2021/07/15 00:00:00","2021/07/15 07:46:00",35.476,-121.613,"1050107","7",198,"33RO20210613","WCOA2021","CC73.3-55","105","1","11004","2",14,"2021/07/15 00:00:00",2021,7,15,"19:46:25",196.824,35.476,-121.613,991,199.1,197.6,9.192,34.094,2,-999,9,77.9,2,77.4,2.543,2,2227.4,2,2263.5,2,7.4317,24.95,2,59.50046899482059,24.88,2,35.3,2,2.27,2,27.7,2,0.02,2,0.01,2,-999,9,10.291,2,-999,9,-999,9,-999,9,-999,9,-999,9,-999,9,-999,9,11004,"2021/07/15 19:46:25",7,"11004","7","34.094","9.192","199.1","","","9.192","199.1","2263.5","2227.4","","","","Seawater scale (mol/kg-SW) "," K1, K2 from Mehrbach et al., 1973 refit by Dickson and Millero, 3778","Dickson ","Uppstrom, 3765","34.09400177","9.192000389","199.1000061","0","0","2263.5","2227.399902","7.638086319","1048.052002","1052.145264","2124.368946","55.54296504","47.48805236","27.48079159","0.587653141","0","0","18.35219237","1.281913735","0.81495632","1064.121945","9.192000389","199.1000061","7.638086285","1048.05194","1052.145231","2124.368946","55.54296504","47.48805236","27.48079159","0.587653141","0","0","18.35219237","1.281913735","0.81495632","1064.121912",198,196.47,9.2166,34.0892,26.3737,1.82,79.33,0.04,145.37,99.78,"dRB2102_CTD_105_01_F.csv","dRB2102","CTD","105","F.csv"
"E780",1,1,FALSE,"WCOA21","2021_WCOA_RonBrown","7/15/2021",NA,"7:54:41 PM","","E780","1050111","11","Niskin; Sterivex 0.22µm filter","95% EtOH","West Coast","CC73.3-55",99.7,35.476,-121.613,1000,"Sean McAllister","","7/15/2021 7:54:41 PM","7/15/2021 ","2021/07/15 07:54:00","2021/07/15 00:00:00","2021/07/15 07:54:00",35.476,-121.613,"1050111","11",100,"33RO20210613","WCOA2021","CC73.3-55","105","1","11023","2",14,"2021/07/15 00:00:00",2021,7,15,"19:54:41",196.83,35.476,-121.613,991,100.5,99.7,9.997,33.915,2,-999,9,111.6,2,-999,-999,9,-999,9,-999,9,-999,-999,9,-999,-999,9,-999,9,-999,9,-999,9,-999,9,-999,9,-999,9,-999,9,-999,9,-999,9,-999,9,-999,9,-999,9,-999,9,-999,9,11023,"2021/07/15 19:54:41",11,"11023","11","33.915","9.997","100.5","","","9.997","100.5","-999.0","-999.0","","","","Seawater scale (mol/kg-SW) "," K1, K2 from Mehrbach et al., 1973 refit by Dickson and Millero, 3782","Dickson ","Uppstrom, 3769","","","","","","","","","","","","","","","","","","","","","","","","","","","","","","","","","","","","","",100,99.25,10.0151,33.9093,26.0996,2.58,112.42,0.041,146.13,99.63,"dRB2102_CTD_105_01_F.csv","dRB2102","CTD","105","F.csv"
"E781",1,1,FALSE,"WCOA21","2021_WCOA_RonBrown","7/15/2021",NA,"8:11:53 PM","","E781","1050121","21","Niskin; Sterivex 0.22µm filter","95% EtOH","West Coast","CC73.3-55",3.7,35.475,-121.614,1000,"Sean McAllister","","7/15/2021 8:11:53 PM","7/15/2021 ","2021/07/15 08:11:00","2021/07/15 00:00:00","2021/07/15 08:11:00",35.475,-121.614,"1050121","21",4,"33RO20210613","WCOA2021","CC73.3-55","105","1","11062","2",14,"2021/07/15 00:00:00",2021,7,15,"20:11:53",196.842,35.475,-121.614,991,3.8,3.7,14.332,33.684,2,-999,9,241.5,2,-999,-999,9,-999,9,-999,9,-999,-999,9,-999,-999,9,-999,9,-999,9,-999,9,-999,9,-999,9,-999,9,-999,9,-999,9,-999,9,-999,9,-999,9,-999,9,-999,9,-999,9,11062,"2021/07/15 20:11:53",21,"11062","21","33.684","14.332","3.8","","","14.332","3.8","-999.0","-999.0","","","","Seawater scale (mol/kg-SW) "," K1, K2 from Mehrbach et al., 1973 refit by Dickson and Millero, 3792","Dickson ","Uppstrom, 3779","","","","","","","","","","","","","","","","","","","","","","","","","","","","","","","","","","","","","",4,3.97,14.6176,33.6851,25.0409,5.86,255.18,0.112,144.93,99.62,"dRB2102_CTD_105_01_F.csv","dRB2102","CTD","105","F.csv"
"E782",1,1,FALSE,"WCOA21","2021_WCOA_RonBrown","7/15/2021",NA,"11:08:53 PM","","E782","1060102","2","Niskin; Sterivex 0.22µm filter","95% EtOH","West Coast","CC73.3-60",2459.6,35.31,-121.963,1000,"Sean McAllister","","7/15/2021 11:08:53 PM","7/15/2021 ","2021/07/15 11:08:00","2021/07/15 00:00:00","2021/07/15 11:08:00",35.31,-121.963,"1060102","2",2460,"33RO20210613","WCOA2021","CC73.3-60","106","1","11081","2",14,"2021/07/15 00:00:00",2021,7,15,"23:08:53",196.965,35.31,-121.963,2470,2492.2,2459.6,1.792,34.644,2,-999,9,98.6,2,-999,-999,9,-999,9,-999,9,-999,-999,9,-999,-999,9,-999,9,-999,9,-999,9,-999,9,-999,9,-999,9,0,2,-999,9,-999,9,-999,9,-999,9,-999,9,-999,9,-999,9,11081,"2021/07/15 23:08:53",2,"11081","2","34.644","1.792","2492.2","","","1.792","2492.2","-999.0","-999.0","","","","Seawater scale (mol/kg-SW) "," K1, K2 from Mehrbach et al., 1973 refit by Dickson and Millero, 3794","Dickson ","Uppstrom, 3781","","","","","","","","","","","","","","","","","","","","","","","","","","","","","","","","","","","","","",2460,2427.94,1.8078,34.6425,27.7133,2.25,97.65,0.04,155.5,91.29,"dRB2102_CTD_106_01_F.csv","dRB2102","CTD","106","F.csv"
"E783",1,1,FALSE,"WCOA21","2021_WCOA_RonBrown","7/15/2021",NA,"11:20:23 PM","","E783","1060103","3","Niskin; Sterivex 0.22µm filter","95% EtOH","West Coast","CC73.3-60",1976.1,35.31,-121.963,1000,"Sean McAllister","","7/15/2021 11:20:23 PM","7/15/2021 ","2021/07/15 11:20:00","2021/07/15 00:00:00","2021/07/15 11:20:00",35.31,-121.963,"1060103","3",1976,"33RO20210613","WCOA2021","CC73.3-60","106","1","11020","2",14,"2021/07/15 00:00:00",2021,7,15,"23:20:23",196.972,35.31,-121.963,2470,2000,1976.1,2.114,34.606,2,-999,9,73.3,2,72.4,2.38,2,2374.3,6,2412.6,2,7.4266,25.1,6,64.9785549329027,24.919999999999998,2,162.6,2,3.17,2,41,2,0.01,2,0.02,2,-999,9,1.438,2,-999,9,-999,9,-999,9,-999,9,-999,9,-999,9,-999,9,11020,"2021/07/15 23:20:23",3,"11020","3","34.606","2.114","2000.0","","","2.114","2000.0","2412.6","2374.3","","","","Seawater scale (mol/kg-SW) "," K1, K2 from Mehrbach et al., 1973 refit by Dickson and Millero, 3795","Dickson ","Uppstrom, 3782","34.60599899","2.114000082","2000","0","0","2412.600098","2374.300049","7.669483662","809.4429321","812.914856","2272.538515","54.72486265","47.03665756","30.28480615","0.348901855","0","0","19.35091792","0.873396486","0.56304243","818.5506064","2.114000082","2000","7.669483439","809.4429584","812.9148471","2272.538515","54.72486265","47.03665756","30.28480615","0.348901855","0","0","19.35091792","0.873396486","0.56304243","818.5505906",1976,1952.46,2.1196,34.6044,27.6561,1.65,71.56,0.04,157.32,99.95,"dRB2102_CTD_106_01_F.csv","dRB2102","CTD","106","F.csv"
"E784",1,1,FALSE,"WCOA21","2021_WCOA_RonBrown","7/16/2021",NA,"12:18:53 AM","","E784","1060114","14","Niskin; Sterivex 0.22µm filter","95% EtOH","West Coast","CC73.3-60",99.7,35.31,-121.964,1000,"Sean McAllister","","7/16/2021 12:18:53 AM","7/16/2021 ","2021/07/16 12:18:00","2021/07/16 00:00:00","2021/07/16 12:18:00",35.31,-121.964,"1060114","14",100,"33RO20210613","WCOA2021","CC73.3-60","106","1","11011","2",14,"2021/07/16 00:00:00",2021,7,16,"00:18:53",197.013,35.31,-121.964,2470,100.4,99.7,9.681,33.964,2,-999,9,105.9,2,-999,-999,9,-999,9,-999,9,-999,-999,9,-999,-999,9,-999,9,-999,9,-999,9,-999,9,-999,9,-999,9,-999,9,-999,9,-999,9,-999,9,-999,9,-999,9,-999,9,-999,9,11011,"2021/07/16 00:18:53",14,"11011","14","33.964","9.681","100.4","","","9.681","100.4","-999.0","-999.0","","","","Seawater scale (mol/kg-SW) "," K1, K2 from Mehrbach et al., 1973 refit by Dickson and Millero, 3806","Dickson ","Uppstrom, 3793","","","","","","","","","","","","","","","","","","","","","","","","","","","","","","","","","","","","","",100,99.25,9.6313,33.9683,26.2098,2.4,104.24,0.042,166.93,99.64,"dRB2102_CTD_106_01_F.csv","dRB2102","CTD","106","F.csv"
"E785",1,1,FALSE,"WCOA21","2021_WCOA_RonBrown","7/16/2021",NA,"12:36:46 AM","","E785","1060124","24","Niskin; Sterivex 0.22µm filter","95% EtOH","West Coast","CC73.3-60",4.5,35.309,-121.965,1000,"Sean McAllister","","7/16/2021 12:36:46 AM","7/16/2021 ","2021/07/16 12:36:00","2021/07/16 00:00:00","2021/07/16 12:36:00",35.309,-121.965,"1060124","24",4,"33RO20210613","WCOA2021","CC73.3-60","106","1","11001","2",14,"2021/07/16 00:00:00",2021,7,16,"00:36:46",197.026,35.309,-121.965,2470,4.5,4.5,15.395,33.63,2,-999,9,258.2,2,-999,-999,9,-999,9,-999,9,-999,-999,9,-999,-999,9,-999,9,-999,9,-999,9,-999,9,-999,9,-999,9,16.272,2,-999,9,-999,9,-999,9,-999,9,-999,9,-999,9,-999,9,11001,"2021/07/16 00:36:46",24,"11001","24","33.630","15.395","4.5","","","15.395","4.5","-999.0","-999.0","","","","Seawater scale (mol/kg-SW) "," K1, K2 from Mehrbach et al., 1973 refit by Dickson and Millero, 3816","Dickson ","Uppstrom, 3803","","","","","","","","","","","","","","","","","","","","","","","","","","","","","","","","","","","","","",4,3.97,15.4139,33.6278,24.8235,5.85,254.76,0.067,164.85,88.21,"dRB2102_CTD_106_01_F.csv","dRB2102","CTD","106","F.csv"
"E786",1,1,FALSE,"WCOA21","2021_WCOA_RonBrown","7/16/2021",NA,"5:56:17 AM","","E786","1070101","1","Niskin; Sterivex 0.22µm filter","95% EtOH","West Coast","CC73.3-70",4042.9,34.976,-122.666,1000,"Sean McAllister","Not enough water for replicates on bottom or 100m","7/16/2021 5:56:17 AM","7/16/2021 ","2021/07/16 05:56:00","2021/07/16 00:00:00","2021/07/16 05:56:00",34.976,-122.666,"1070101","1",4043,"33RO20210613","WCOA2021","CC73.3-70","107","1","11031","2",14,"2021/07/16 00:00:00",2021,7,16,"05:56:17",197.247,34.976,-122.666,4053,4111.7,4042.9,1.509,34.681,2,-999,9,137.2,2,135.6,4.458,3,2353.4,2,2434.4,2,7.5538,25.08,2,84.83189823748619,24.89,2,168.5,6,2.84,6,36.8,6,0.02,6,0.02,6,-999,9,0,2,-999,9,-999,9,-999,9,-999,9,-999,9,-999,9,-999,9,11031,"2021/07/16 05:56:17",1,"11031","1","34.681","1.509","4111.7","","","1.509","4111.7","2434.4","2353.4","","","","Seawater scale (mol/kg-SW) "," K1, K2 from Mehrbach et al., 1973 refit by Dickson and Millero, 3817","Dickson ","Uppstrom, 3804","34.68099976","1.508999944","4111.700195","0","0","2434.399902","2353.399902","7.729159832","553.9387207","556.3341064","2250.004031","70.47496025","32.92100032","43.02046062","0.444423141","0","0","18.12393166","0.742582376","0.491093286","560.0263244","1.508999944","4111.700195","7.729159922","553.9387381","556.3341257","2250.004031","70.47496025","32.92100032","43.02046062","0.444423141","0","0","18.12393166","0.742582376","0.491093286","560.0263538",4043,3975.95,1.5079,34.6804,27.7761,3.13,136.16,0.04,150.67,99.93,"dRB2102_CTD_107_01_F.csv","dRB2102","CTD","107","F.csv"
"E787",1,1,FALSE,"WCOA21","2021_WCOA_RonBrown","7/16/2021",NA,"7:36:05 AM","","E787","1070111","11","Niskin; Sterivex 0.22µm filter","95% EtOH","West Coast","CC73.3-70",100.3,34.975,-122.667,1000,"Sean McAllister","Not enough water for replicates on bottom or 100m","7/16/2021 7:36:05 AM","7/16/2021 ","2021/07/16 07:36:00","2021/07/16 00:00:00","2021/07/16 07:36:00",34.975,-122.667,"1070111","11",100,"33RO20210613","WCOA2021","CC73.3-70","107","1","11023","2",14,"2021/07/16 00:00:00",2021,7,16,"07:36:05",197.317,34.975,-122.667,4053,101.1,100.3,9.293,33.865,2,-999,9,130.2,2,131,4.302,2,2188.3,2,2243.8,3,7.5004,25.08,2,68.67561139742917,24.845000000000002,2,26.8,2,2.08,2,24.9,2,0.03,2,0.02,2,-999,9,4.334,2,-999,9,-999,9,-999,9,-999,9,-999,9,-999,9,-999,9,11023,"2021/07/16 07:36:05",11,"11023","11","33.865","9.293","101.1","","","9.293","101.1","2243.8","2188.3","","","","Seawater scale (mol/kg-SW) "," K1, K2 from Mehrbach et al., 1973 refit by Dickson and Millero, 3827","Dickson ","Uppstrom, 3814","33.86500168","9.293000221","101.0999985","0","0","2243.800049","2188.300049","7.708079815","885.6526489","889.1071167","2084.730502","63.52243418","40.04707929","31.35496902","0.68969425","0","0","17.80749986","1.495137816","0.949154242","899.2991401","9.293000221","101.0999985","7.708079909","885.6526951","889.107165","2084.730502","63.52243418","40.04707929","31.35496902","0.68969425","0","0","17.80749986","1.495137816","0.949154242","899.2991863",100,99.25,9.4407,33.8384,26.1395,3.09,134.27,0.04,163.35,99.54,"dRB2102_CTD_107_01_F.csv","dRB2102","CTD","107","F.csv"
"E788.1B",1,1,FALSE,"WCOA21","2021_WCOA_RonBrown","7/16/2021",NA,"7:55:13 AM","","E788.1B","1070122","22","Niskin; Sterivex 0.22µm filter","95% EtOH","West Coast","CC73.3-70",3.2,34.974,-122.668,1000,"Sean McAllister","","7/16/2021 7:55:13 AM","7/16/2021 ","2021/07/16 07:55:00","2021/07/16 00:00:00","2021/07/16 07:55:00",34.974,-122.668,"1070122","22",3,"33RO20210613","WCOA2021","CC73.3-70","107","1","11024","2",14,"2021/07/16 00:00:00",2021,7,16,"07:55:13",197.33,34.974,-122.668,4053,3.2,3.2,15.055,33.658,2,-999,9,261.8,2,259.5,8.51,2,2057.6,6,2248.3,2,7.8615,25.08,2,144.20139828936476,24.845000000000002,2,2,2,0.78,2,5.5,2,0.22,2,0.49,2,0.6,2,5.925,2,-999,9,-999,9,-999,9,-999,9,-999,9,-999,9,-999,9,11024,"2021/07/16 07:55:13",22,"11024","22","33.658","15.055","3.2","","","15.055","3.2","2248.3","2057.6","","","","Seawater scale (mol/kg-SW) "," K1, K2 from Mehrbach et al., 1973 refit by Dickson and Millero, 3838","Dickson ","Uppstrom, 3825","33.65800095","15.05500031","3.200000048","0","0","2248.300049","2057.600098","7.998538494","435.6425171","437.2202454","1900.916876","140.2687903","16.41440142","64.48574839","2.370034676","0","0","12.23776444","3.37164306","2.16060311","444.5854688","15.05500031","3.200000048","7.998538362","435.6425084","437.2202406","1900.916876","140.2687903","16.41440142","64.48574839","2.370034676","0","0","12.23776444","3.37164306","2.16060311","444.5854711",3,2.98,15.0558,33.6485,24.9181,5.97,260.04,0.079,162.26,99.67,"dRB2102_CTD_107_01_F.csv","dRB2102","CTD","107","F.csv"
"E788.2B",2,1,FALSE,"WCOA21","2021_WCOA_RonBrown","7/16/2021",NA,"7:55:17 AM","","E788.2B","1070123","23","Niskin; Sterivex 0.22µm filter","95% EtOH","West Coast","CC73.3-70",3.4,34.974,-122.668,1000,"Sean McAllister","","7/16/2021 7:55:17 AM","7/16/2021 ","2021/07/16 07:55:00","2021/07/16 00:00:00","2021/07/16 07:55:00",34.974,-122.668,"1070123","23",3,"33RO20210613","WCOA2021","CC73.3-70","107","1","11061","2",14,"2021/07/16 00:00:00",2021,7,16,"07:55:17",197.33,34.974,-122.668,4053,3.4,3.4,15.054,33.659,2,-999,9,261.8,2,-999,-999,9,-999,9,-999,9,-999,-999,9,-999,-999,9,-999,9,-999,9,-999,9,-999,9,-999,9,-999,9,5.58,2,-999,9,-999,9,-999,9,-999,9,-999,9,-999,9,-999,9,11061,"2021/07/16 07:55:17",23,"11061","23","33.659","15.054","3.4","","","15.054","3.4","-999.0","-999.0","","","","Seawater scale (mol/kg-SW) "," K1, K2 from Mehrbach et al., 1973 refit by Dickson and Millero, 3839","Dickson ","Uppstrom, 3826","","","","","","","","","","","","","","","","","","","","","","","","","","","","","","","","","","","","","",3,2.98,15.0558,33.6485,24.9181,5.97,260.04,0.079,162.26,99.67,"dRB2102_CTD_107_01_F.csv","dRB2102","CTD","107","F.csv"
"E788.3B",3,1,FALSE,"WCOA21","2021_WCOA_RonBrown","7/16/2021",NA,"7:55:21 AM","","E788.3B","1070124","24","Niskin; Sterivex 0.22µm filter","95% EtOH","West Coast","CC73.3-70",2.8,34.974,-122.668,1000,"Sean McAllister","","7/16/2021 7:55:21 AM","7/16/2021 ","2021/07/16 07:55:00","2021/07/16 00:00:00","2021/07/16 07:55:00",34.974,-122.668,"1070124","24",3,"33RO20210613","WCOA2021","CC73.3-70","107","1","11001","2",14,"2021/07/16 00:00:00",2021,7,16,"07:55:21",197.33,34.974,-122.668,4053,2.8,2.8,15.052,33.658,2,-999,9,261.8,2,-999,-999,9,-999,9,-999,9,-999,-999,9,-999,-999,9,-999,9,-999,9,-999,9,-999,9,-999,9,-999,9,-999,9,-999,9,-999,9,-999,9,-999,9,-999,9,-999,9,-999,9,11001,"2021/07/16 07:55:21",24,"11001","24","33.658","15.052","2.8","","","15.052","2.8","-999.0","-999.0","","","","Seawater scale (mol/kg-SW) "," K1, K2 from Mehrbach et al., 1973 refit by Dickson and Millero, 3840","Dickson ","Uppstrom, 3827","","","","","","","","","","","","","","","","","","","","","","","","","","","","","","","","","","","","","",3,2.98,15.0558,33.6485,24.9181,5.97,260.04,0.079,162.26,99.67,"dRB2102_CTD_107_01_F.csv","dRB2102","CTD","107","F.csv"
"E789",1,1,FALSE,"WCOA21","2021_WCOA_RonBrown","7/16/2021",NA,"7:47:05 AM","","E789","1070116","16","Niskin; Sterivex 0.22µm filter","95% EtOH","West Coast","CC73.3-70",30.4,34.975,-122.668,1000,"Sean McAllister","","7/16/2021 7:47:05 AM","7/16/2021 ","2021/07/16 07:47:00","2021/07/16 00:00:00","2021/07/16 07:47:00",34.975,-122.668,"1070116","16",30,"33RO20210613","WCOA2021","CC73.3-70","107","1","11032","2",14,"2021/07/16 00:00:00",2021,7,16,"07:47:05",197.324,34.975,-122.668,4053,30.7,30.4,14.933,33.691,2,-999,9,256.4,2,252.5,8.283,2,2074.6,2,2245.3,2,7.8223,25.08,2,133.07551393605,24.845000000000002,2,3.2,2,0.91,2,7.1,2,0.28,2,1.01,2,-999,9,7.26,2,-999,9,-999,9,-999,9,-999,9,-999,9,-999,9,-999,9,11032,"2021/07/16 07:47:05",16,"11032","16","33.691","14.933","30.7","","","14.933","30.7","2245.3","2074.6","","","","Seawater scale (mol/kg-SW) "," K1, K2 from Mehrbach et al., 1973 refit by Dickson and Millero, 3832","Dickson ","Uppstrom, 3819","33.69100189","14.93299961","30.70000076","0","0","2245.300049","2074.600098","7.953336239","488.5709534","490.3431396","1928.175917","127.9507796","18.47350117","59.11769148","2.116171853","0","0","12.89750109","3.060291862","1.961325313","498.5373708","14.93299961","30.70000076","7.953336104","488.5709551","490.3431218","1928.175917","127.9507796","18.47350117","59.11769148","2.116171853","0","0","12.89750109","3.060291862","1.961325313","498.5373523",30,29.78,14.9961,33.6908,24.9645,6,261.32,0.09,161.43,99.67,"dRB2102_CTD_107_01_F.csv","dRB2102","CTD","107","F.csv"
"E790",1,1,FALSE,"WCOA21","2021_WCOA_RonBrown","7/16/2021",NA,"4:55:42 PM","","E790","1080101","1","Niskin; Sterivex 0.22µm filter","95% EtOH","West Coast","CC73.3-80",4131.7,34.643,-123.366,1000,"Sean McAllister","","7/16/2021 4:55:42 PM","7/16/2021 ","2021/07/16 04:55:00","2021/07/16 00:00:00","2021/07/16 04:55:00",34.643,-123.366,"1080101","1",4132,"33RO20210613","WCOA2021","CC73.3-80","108","1","11031","2",14,"2021/07/16 00:00:00",2021,7,16,"16:55:42",197.705,34.643,-123.366,4142,4202.8,4131.7,1.506,34.682,2,-999,9,139,2,137,4.504,2,2350,2,2433.3,2,7.557,25.16,2,83.713111668911,24.825,2,167.1,2,2.74,2,36.9,2,0.02,2,0.01,2,-999,9,0.768,2,-999,9,-999,9,-999,9,-999,9,-999,9,-999,9,-999,9,11031,"2021/07/16 16:55:42",1,"11031","1","34.682","1.506","4202.8","","","1.506","4202.8","2433.3","2350.0","","","","Seawater scale (mol/kg-SW) "," K1, K2 from Mehrbach et al., 1973 refit by Dickson and Millero, 3841","Dickson ","Uppstrom, 3828","34.68199921","1.506000042","4202.799805","0","0","2433.300049","2350","7.732698441","543.2786865","545.6280518","2246.320213","71.38879231","32.29096088","43.76988483","0.451107028","0","0","18.0223486","0.739301974","0.489470118","549.2484664","1.506000042","4202.799805","7.732698491","543.2786842","545.6280697","2246.320213","71.38879231","32.29096088","43.76988483","0.451107028","0","0","18.0223486","0.739301974","0.489470118","549.2484582",4132,4062.78,1.5022,34.6814,27.7779,3.21,139.35,0.04,150.63,99.92,"dRB2102_CTD_108_01_F.csv","dRB2102","CTD","108","F.csv"
"E791",1,1,FALSE,"WCOA21","2021_WCOA_RonBrown","7/16/2021",NA,"6:45:44 PM","","E791","1080115","15","Niskin; Sterivex 0.22µm filter","95% EtOH","West Coast","CC73.3-80",99.3,34.642,-123.368,1000,"Sean McAllister","","7/16/2021 6:45:44 PM","7/16/2021 ","2021/07/16 06:45:00","2021/07/16 00:00:00","2021/07/16 06:45:00",34.642,-123.368,"1080115","15",99,"33RO20210613","WCOA2021","CC73.3-80","108","1","11053","2",14,"2021/07/16 00:00:00",2021,7,16,"18:45:44",197.782,34.642,-123.368,4142,100.1,99.3,10.58,33.451,2,-999,9,197.1,2,205.5,6.745,2,2122.8,2,2226.8,2,7.6499,25.07,2,90.50463340971733,24.82,2,12.3,2,1.47,2,16.3,2,0.03,2,0.01,2,-999,9,5.079,2,-999,9,-999,9,-999,9,-999,9,-999,9,-999,9,-999,9,11053,"2021/07/16 18:45:44",15,"11053","15","33.451","10.580","100.1","","","10.580","100.1","2226.8","2122.8","","","","Seawater scale (mol/kg-SW) "," K1, K2 from Mehrbach et al., 1973 refit by Dickson and Millero, 3855","Dickson ","Uppstrom, 3842","33.45100021","10.57999992","100.0999985","0","0","2226.800049","2122.800049","7.846085072","627.6856079","630.0932617","2007.905522","87.63091657","27.26366059","42.57337614","1.073747415","0","0","15.73675804","2.068807009","1.315121143","637.9769742","10.57999992","100.0999985","7.846085217","627.6856228","630.0932842","2007.905522","87.63091657","27.26366059","42.57337614","1.073747415","0","0","15.73675804","2.068807009","1.315121143","637.9769858",99,98.26,10.8326,33.3902,25.5538,4.91,213.79,0.042,161.17,99.32,"dRB2102_CTD_108_01_F.csv","dRB2102","CTD","108","F.csv"
"E792",1,1,FALSE,"WCOA21","2021_WCOA_RonBrown","7/16/2021",NA,"7:03:47 PM","","E792","1080124","24","Niskin; Sterivex 0.22µm filter","95% EtOH","West Coast","CC73.3-80",3.7,34.642,-123.369,1000,"Sean McAllister","","7/16/2021 7:03:47 PM","7/16/2021 ","2021/07/16 07:03:00","2021/07/16 00:00:00","2021/07/16 07:03:00",34.642,-123.369,"1080124","24",4,"33RO20210613","WCOA2021","CC73.3-80","108","1","11001","2",14,"2021/07/16 00:00:00",2021,7,16,"19:03:47",197.794,34.642,-123.369,4142,3.7,3.7,14.148,32.825,2,-999,9,261.9,2,269.3,8.827,2,2016.7,2,2204.3,2,7.8632,25.07,2,135.8890540141004,24.775000000000002,2,1.7,2,0.59,2,1.9,2,0.11,2,0.24,2,0.4,2,3.328,2,-999,9,-999,9,-999,9,-999,9,-999,9,-999,9,-999,9,11001,"2021/07/16 19:03:47",24,"11001","24","32.825","14.148","3.7","","","14.148","3.7","2204.3","2016.7","","","","Seawater scale (mol/kg-SW) "," K1, K2 from Mehrbach et al., 1973 refit by Dickson and Millero, 3864","Dickson ","Uppstrom, 3851","32.82500076","14.14799976","3.700000048","0","0","2204.300049","2016.699829","8.021820068","403.5716248","405.0501709","1863.714415","137.2789803","15.70647731","63.78052324","2.256933537","0","0","12.25815052","3.315382256","2.116797738","411.4819085","14.14799976","3.700000048","8.021820164","403.5716253","405.0501957","1863.714415","137.2789803","15.70647731","63.78052324","2.256933537","0","0","12.25815052","3.315382256","2.116797738","411.4819307",4,3.97,14.5988,32.8681,24.4148,5.98,260.63,0.071,162.22,99.64,"dRB2102_CTD_108_01_F.csv","dRB2102","CTD","108","F.csv"
"E794",1,1,FALSE,"WCOA21","2021_WCOA_RonBrown","7/17/2021",NA,"3:36:04 AM","","E794","1090101","1","Niskin; Sterivex 0.22µm filter","95% EtOH","West Coast","CCE1",3972.1,33.483,-122.533,1000,"Sean McAllister","Not enough water for relicates on bottom","7/17/2021 3:36:04 AM","7/17/2021 ","2021/07/17 03:36:00","2021/07/17 00:00:00","2021/07/17 03:36:00",33.483,-122.533,"1090101","1",3972,"33RO20210613","WCOA2021","CCE1","109","1","11031","2",15,"2021/07/17 00:00:00",2021,7,17,"03:36:04",198.15,33.483,-122.533,3982,4038.5,3972.1,1.512,34.679,2,-999,9,136.1,2,136.2,4.48,2,2348.9,6,2430,2,7.5524,25.15,2,84.21681915634603,24.91,2,168.2,2,2.71,2,37.1,2,0.02,2,0.04,2,-999,9,0.573,6,-999,9,-999,9,-999,9,-999,9,-999,9,-999,9,-999,9,11031,"2021/07/17 03:36:04",1,"11031","1","34.679","1.512","4038.5","","","1.512","4038.5","2430.0","2348.9","","","","Seawater scale (mol/kg-SW) "," K1, K2 from Mehrbach et al., 1973 refit by Dickson and Millero, 3865","Dickson ","Uppstrom, 3852","34.67900085","1.511999965","4038.5","0","0","2430","2348.899902","7.732631683","552.7095337","555.0994873","2245.518591","70.53665955","32.84459122","42.98140385","0.445571458","0","0","18.10026275","0.753673383","0.497980304","558.7843488","1.511999965","4038.5","7.732631462","552.7095891","555.099565","2245.518591","70.53665955","32.84459122","42.98140385","0.445571458","0","0","18.10026275","0.753673383","0.497980304","558.7844021",3972,3907.26,1.5171,34.6779,27.773,3.1,134.8,0.04,142.72,99.92,"dRB2102_CTD_109_01_F.csv","dRB2102","CTD","109","F.csv"
"E795.1B",1,1,FALSE,"WCOA21","2021_WCOA_RonBrown","7/17/2021",NA,"5:13:23 AM","","E795.1B","1090111","11","Niskin; Sterivex 0.22µm filter","95% EtOH","West Coast","CCE1",100,33.483,-122.533,1000,"Sean McAllister","","7/17/2021 5:13:23 AM","7/17/2021 ","2021/07/17 05:13:00","2021/07/17 00:00:00","2021/07/17 05:13:00",33.483,-122.533,"1090111","11",100,"33RO20210613","WCOA2021","CCE1","109","1","11023","2",15,"2021/07/17 00:00:00",2021,7,17,"05:13:23",198.218,33.483,-122.533,3982,100.8,100,9.933,33.547,2,33.5522,2,181.3,2,182.6,5.995,2,2134.2,2,2225.8,2,7.6034,25.15,2,83.47671568184602,24.91,2,16.1,2,1.52,2,18.5,2,0.03,2,0.04,2,-999,9,4.778,2,-999,9,-999,9,-999,9,-999,9,-999,9,-999,9,-999,9,11023,"2021/07/17 05:13:23",11,"11023","11","33.547","9.933","100.8","","","9.933","100.8","2225.8","2134.2","","","","Seawater scale (mol/kg-SW) "," K1, K2 from Mehrbach et al., 1973 refit by Dickson and Millero, 3875","Dickson ","Uppstrom, 3862","33.54700089","9.932999611","100.8000031","0","0","2225.800049","2134.199951","7.817782879","671.7037964","674.302002","2023.590216","80.82242456","29.78731188","39.63701047","0.943370183","0","0","16.31286999","1.906304696","1.21071286","682.3768939","9.932999611","100.8000031","7.817782869","671.7038","674.3020333","2023.590216","80.82242456","29.78731188","39.63701047","0.943370183","0","0","16.31286999","1.906304696","1.21071286","682.3769364",100,99.27,9.8828,33.5492,25.8407,4.15,180.77,0.041,152.56,99.34,"dRB2102_CTD_109_01_F.csv","dRB2102","CTD","109","F.csv"
"E795.2T",2,2,FALSE,"WCOA21","2021_WCOA_RonBrown","7/17/2021",NA,"5:13:26 AM","","E795.2T","1090112","12","Niskin; Sterivex 0.22µm filter","95% EtOH","West Coast","CCE1",99.9,33.483,-122.533,1000,"Sean McAllister","","7/17/2021 5:13:26 AM","7/17/2021 ","2021/07/17 05:13:00","2021/07/17 00:00:00","2021/07/17 05:13:00",33.483,-122.533,"1090112","12",100,"33RO20210613","WCOA2021","CCE1","109","1","11026","2",15,"2021/07/17 00:00:00",2021,7,17,"05:13:26",198.218,33.483,-122.533,3982,100.6,99.9,9.95,33.545,2,-999,9,181.3,2,-999,-999,9,-999,9,-999,9,-999,-999,9,-999,-999,9,-999,9,-999,9,-999,9,-999,9,-999,9,-999,9,-999,9,-999,9,-999,9,-999,9,-999,9,-999,9,-999,9,-999,9,11026,"2021/07/17 05:13:26",12,"11026","12","33.545","9.950","100.6","","","9.950","100.6","-999.0","-999.0","","","","Seawater scale (mol/kg-SW) "," K1, K2 from Mehrbach et al., 1973 refit by Dickson and Millero, 3876","Dickson ","Uppstrom, 3863","","","","","","","","","","","","","","","","","","","","","","","","","","","","","","","","","","","","","",100,99.27,9.8828,33.5492,25.8407,4.15,180.77,0.041,152.56,99.34,"dRB2102_CTD_109_01_F.csv","dRB2102","CTD","109","F.csv"
"E795.3T",2,3,FALSE,"WCOA21","2021_WCOA_RonBrown","7/17/2021",NA,"5:13:26 AM","","E795.3T","1090112","12","Niskin; Sterivex 0.22µm filter","95% EtOH","West Coast","CCE1",99.9,33.483,-122.533,1000,"Sean McAllister","","7/17/2021 5:13:26 AM","7/17/2021 ","2021/07/17 05:13:00","2021/07/17 00:00:00","2021/07/17 05:13:00",33.483,-122.533,"1090112","12",100,"33RO20210613","WCOA2021","CCE1","109","1","11026","2",15,"2021/07/17 00:00:00",2021,7,17,"05:13:26",198.218,33.483,-122.533,3982,100.6,99.9,9.95,33.545,2,-999,9,181.3,2,-999,-999,9,-999,9,-999,9,-999,-999,9,-999,-999,9,-999,9,-999,9,-999,9,-999,9,-999,9,-999,9,-999,9,-999,9,-999,9,-999,9,-999,9,-999,9,-999,9,-999,9,11026,"2021/07/17 05:13:26",12,"11026","12","33.545","9.950","100.6","","","9.950","100.6","-999.0","-999.0","","","","Seawater scale (mol/kg-SW) "," K1, K2 from Mehrbach et al., 1973 refit by Dickson and Millero, 3876","Dickson ","Uppstrom, 3863","","","","","","","","","","","","","","","","","","","","","","","","","","","","","","","","","","","","","",100,99.27,9.8828,33.5492,25.8407,4.15,180.77,0.041,152.56,99.34,"dRB2102_CTD_109_01_F.csv","dRB2102","CTD","109","F.csv"
"E796.1B",1,1,FALSE,"WCOA21","2021_WCOA_RonBrown","7/17/2021",NA,"5:32:33 AM","","E796.1B","1090122","22","Niskin; Sterivex 0.22µm filter","95% EtOH","West Coast","CCE1",4.3,33.483,-122.533,1000,"Sean McAllister","","7/17/2021 5:32:33 AM","7/17/2021 ","2021/07/17 05:32:00","2021/07/17 00:00:00","2021/07/17 05:32:00",33.483,-122.533,"1090122","22",4,"33RO20210613","WCOA2021","CCE1","109","1","11024","2",15,"2021/07/17 00:00:00",2021,7,17,"05:32:33",198.231,33.483,-122.533,3982,4.3,4.3,16.76,33.048,2,-999,9,252,2,253.3,8.3,2,2012.1,6,2218.1,2,7.8973,25.15,2,147.08944173054593,24.91,2,1.4,2,0.42,2,0,2,0.03,2,0.06,2,0.4,2,3.373,6,-999,9,-999,9,-999,9,-999,9,-999,9,-999,9,-999,9,11024,"2021/07/17 05:32:33",22,"11024","22","33.048","16.760","4.3","","","16.760","4.3","2218.1","2012.1","","","","Seawater scale (mol/kg-SW) "," K1, K2 from Mehrbach et al., 1973 refit by Dickson and Millero, 3886","Dickson ","Uppstrom, 3873","33.04800034","16.76000023","4.300000191","0","0","2218.100098","2012.100098","8.017805099","410.5830383","412.0382385","1847.414188","149.9335601","14.7523226","67.93657457","2.891918874","0","0","11.66814053","3.622444171","2.327278531","419.7965872","16.76000023","4.300000191","8.017805415","410.5830491","412.0382499","1847.414188","149.9335601","14.7523226","67.93657457","2.891918874","0","0","11.66814053","3.622444171","2.327278531","419.796601",4,3.97,16.8136,33.0474,24.0598,5.72,249.49,0.084,152.74,99.65,"dRB2102_CTD_109_01_F.csv","dRB2102","CTD","109","F.csv"
"E796.2B",2,1,FALSE,"WCOA21","2021_WCOA_RonBrown","7/17/2021",NA,"5:32:36 AM","","E796.2B","1090123","23","Niskin; Sterivex 0.22µm filter","95% EtOH","West Coast","CCE1",4.4,33.483,-122.533,1000,"Sean McAllister","Water splash from 22 pH (also surface at least)","7/17/2021 5:32:36 AM","7/17/2021 ","2021/07/17 05:32:00","2021/07/17 00:00:00","2021/07/17 05:32:00",33.483,-122.533,"1090123","23",4,"33RO20210613","WCOA2021","CCE1","109","1","11061","2",15,"2021/07/17 00:00:00",2021,7,17,"05:32:36",198.231,33.483,-122.533,3982,4.4,4.4,16.76,33.048,2,-999,9,252,2,-999,-999,9,-999,9,-999,9,-999,-999,9,-999,-999,9,-999,9,-999,9,-999,9,-999,9,-999,9,-999,9,-999,9,-999,9,-999,9,-999,9,-999,9,-999,9,-999,9,-999,9,11061,"2021/07/17 05:32:36",23,"11061","23","33.048","16.760","4.4","","","16.760","4.4","-999.0","-999.0","","","","Seawater scale (mol/kg-SW) "," K1, K2 from Mehrbach et al., 1973 refit by Dickson and Millero, 3887","Dickson ","Uppstrom, 3874","","","","","","","","","","","","","","","","","","","","","","","","","","","","","","","","","","","","","",4,3.97,16.8136,33.0474,24.0598,5.72,249.49,0.084,152.74,99.65,"dRB2102_CTD_109_01_F.csv","dRB2102","CTD","109","F.csv"
"E796.3B",3,1,FALSE,"WCOA21","2021_WCOA_RonBrown","7/17/2021",NA,"5:32:39 AM","","E796.3B","1090124","24","Niskin; Sterivex 0.22µm filter","95% EtOH","West Coast","CCE1",3.6,33.483,-122.533,1000,"Sean McAllister","","7/17/2021 5:32:39 AM","7/17/2021 ","2021/07/17 05:32:00","2021/07/17 00:00:00","2021/07/17 05:32:00",33.483,-122.533,"1090124","24",4,"33RO20210613","WCOA2021","CCE1","109","1","11001","2",15,"2021/07/17 00:00:00",2021,7,17,"05:32:39",198.231,33.483,-122.533,3982,3.6,3.6,16.758,33.048,2,-999,9,252,2,-999,-999,9,-999,9,-999,9,-999,-999,9,-999,-999,9,-999,9,-999,9,-999,9,-999,9,-999,9,-999,9,-999,9,-999,9,-999,9,-999,9,-999,9,-999,9,-999,9,-999,9,11001,"2021/07/17 05:32:39",24,"11001","24","33.048","16.758","3.6","","","16.758","3.6","-999.0","-999.0","","","","Seawater scale (mol/kg-SW) "," K1, K2 from Mehrbach et al., 1973 refit by Dickson and Millero, 3888","Dickson ","Uppstrom, 3875","","","","","","","","","","","","","","","","","","","","","","","","","","","","","","","","","","","","","",4,3.97,16.8136,33.0474,24.0598,5.72,249.49,0.084,152.74,99.65,"dRB2102_CTD_109_01_F.csv","dRB2102","CTD","109","F.csv"
"E400",1,1,FALSE,"WCOA21","2021_WCOA_RonBrown","7/17/2021",NA,"2:34:08 PM","","E400","1100101","1","Niskin; Sterivex 0.22µm filter","95% EtOH","West Coast","80-70",3617,33.817,-121.844,1000,"Sean McAllister","Originally named E796, but that was already taken. Reassigned to E400. Corrected here, on omics log, and CTD log.","7/17/2021 2:34:08 PM","7/17/2021 ","2021/07/17 02:34:00","2021/07/17 00:00:00","2021/07/17 02:34:00",33.817,-121.844,"1100101","1",3617,"33RO20210613","WCOA2021","CC80-70","110","1","11031","2",15,"2021/07/17 00:00:00",2021,7,17,"14:34:08",198.607,33.817,-121.844,3627,3674.6,3617,1.546,34.673,2,-999,9,127.8,2,127,4.176,2,2353.3,2,2454.1,3,7.5364,25.14,2,73.47344129806905,24.87,2,171.1,6,2.77,6,37.5,6,0.03,6,0.04,6,-999,9,1.123,2,-999,9,-999,9,-999,9,-999,9,-999,9,-999,9,-999,9,11031,"2021/07/17 14:34:08",1,"11031","1","34.673","1.546","3674.6","","","1.546","3674.6","2454.1","2353.3","","","","Seawater scale (mol/kg-SW) "," K1, K2 from Mehrbach et al., 1973 refit by Dickson and Millero, 3889","Dickson ","Uppstrom, 3876","34.67300034","1.546000004","3674.600098","0","0","2454.100098","2353.300049","7.804973125","485.9781494","488.0786133","2243.238931","81.21839795","28.84277872","47.9269932","0.513353798","0","0","17.19552163","0.930618374","0.612165371","491.3265181","1.546000004","3674.600098","7.804973112","485.9781462","488.0786061","2243.238931","81.21839795","28.84277872","47.9269932","0.513353798","0","0","17.19552163","0.930618374","0.612165371","491.3265241",3617,3560.82,1.5442,34.6728,27.7644,2.92,127.06,0.04,139.48,99.92,"dRB2102_CTD_110_01_F.csv","dRB2102","CTD","110","F.csv"
"E797",1,1,FALSE,"WCOA21","2021_WCOA_RonBrown","7/17/2021",NA,"3:16:00 PM","","E797","1100105","5","Niskin; Sterivex 0.22µm filter","95% EtOH","West Coast","80-70",1975.6,33.817,-121.845,1000,"Sean McAllister","","7/17/2021 3:16:00 PM","7/17/2021 ","2021/07/17 03:16:00","2021/07/17 00:00:00","2021/07/17 03:16:00",33.817,-121.845,"1100105","5",1976,"33RO20210613","WCOA2021","CC80-70","110","1","11008","2",15,"2021/07/17 00:00:00",2021,7,17,"15:16:00",198.636,33.817,-121.845,3627,1999.3,1975.6,2.131,34.615,2,-999,9,76.4,2,77.9,2.563,2,2372.7,6,2404.9,2,7.4383,25.14,2,57.19877484624563,24.87,3,160.8,2,3.05,2,40.7,2,0.01,2,0.04,2,-999,9,0.479,2,-999,9,-999,9,-999,9,-999,9,-999,9,-999,9,-999,9,11008,"2021/07/17 15:16:00",5,"11008","5","34.615","2.131","1999.3","","","2.131","1999.3","2404.9","2372.7","","","","Seawater scale (mol/kg-SW) "," K1, K2 from Mehrbach et al., 1973 refit by Dickson and Millero, 3893","Dickson ","Uppstrom, 3880","34.61500168","2.131000042","1999.300049","0","0","2404.899902","2372.699951","7.648718357","848.781189","852.4209595","2271.226248","52.1854175","49.28835708","28.99227348","0.333248263","0","0","19.461531","0.833014174","0.537020889","858.3378125","2.131000042","1999.300049","7.648718327","848.7812108","852.420999","2271.226248","52.1854175","49.28835708","28.99227348","0.333248263","0","0","19.461531","0.833014174","0.537020889","858.3378272",1976,1952.71,2.126,34.6147,27.6638,1.76,76.39,0.04,141.84,99.95,"dRB2102_CTD_110_01_F.csv","dRB2102","CTD","110","F.csv"
"E798",1,1,FALSE,"WCOA21","2021_WCOA_RonBrown","7/17/2021",NA,"4:25:40 PM","","E798","1100124","24","Niskin; Sterivex 0.22µm filter","95% EtOH","West Coast","80-70",3.3,33.816,-121.846,1000,"Sean McAllister","","7/17/2021 4:25:40 PM","7/17/2021 ","2021/07/17 04:25:00","2021/07/17 00:00:00","2021/07/17 04:25:00",33.816,-121.846,"1100124","24",3,"33RO20210613","WCOA2021","CC80-70","110","1","11001","2",15,"2021/07/17 00:00:00",2021,7,17,"16:25:40",198.684,33.816,-121.846,3627,3.3,3.3,15.115,33.501,2,33.5036,3,260.1,2,-999,-999,9,-999,9,-999,9,-999,-999,9,-999,-999,9,-999,9,-999,9,-999,9,-999,9,-999,9,-999,9,-999,9,-999,9,-999,9,-999,9,-999,9,-999,9,-999,9,-999,9,11001,"2021/07/17 16:25:40",24,"11001","24","33.501","15.115","3.3","","","15.115","3.3","-999.0","-999.0","","","","Seawater scale (mol/kg-SW) "," K1, K2 from Mehrbach et al., 1973 refit by Dickson and Millero, 3912","Dickson ","Uppstrom, 3899","","","","","","","","","","","","","","","","","","","","","","","","","","","","","","","","","","","","","",3,2.98,15.0551,33.4801,24.7884,5.86,255.48,0.061,147.28,99.66,"dRB2102_CTD_110_01_F.csv","dRB2102","CTD","110","F.csv"
"E799",1,1,FALSE,"WCOA21","2021_WCOA_RonBrown","7/17/2021",NA,"9:05:54 PM","","E799","1110102","2","Niskin; Sterivex 0.22µm filter","95% EtOH","West Coast","80-60",2177.8,34.152,-121.15,1000,"Sean McAllister","Bleach bottle; rinsed with sample water 3X","7/17/2021 9:05:54 PM","7/17/2021 ","2021/07/17 09:05:00","2021/07/17 00:00:00","2021/07/17 09:05:00",34.152,-121.15,"1110102","2",2178,"33RO20210613","WCOA2021","CC80-60","111","1","11081","2",15,"2021/07/17 00:00:00",2021,7,17,"21:05:54",198.879,34.152,-121.15,2188,2205,2177.8,1.922,34.631,2,-999,9,88.5,2,-999,-999,9,-999,9,-999,9,-999,-999,9,-999,-999,9,-999,9,-999,9,-999,9,-999,9,-999,9,-999,9,-999,9,-999,9,-999,9,-999,9,-999,9,-999,9,-999,9,-999,9,11081,"2021/07/17 21:05:54",2,"11081","2","34.631","1.922","2205.0","","","1.922","2205.0","-999.0","-999.0","","","","Seawater scale (mol/kg-SW) "," K1, K2 from Mehrbach et al., 1973 refit by Dickson and Millero, 3914","Dickson ","Uppstrom, 3901","","","","","","","","","","","","","","","","","","","","","","","","","","","","","","","","","","","","","",2178,2151.25,1.945,34.6288,27.6903,2,87.06,0.04,140.05,36.87,"dRB2102_CTD_111_01_F.csv","dRB2102","CTD","111","F.csv"
"E800",1,1,FALSE,"WCOA21","2021_WCOA_RonBrown","7/17/2021",NA,"10:04:29 PM","","E800","1110113","13","Niskin; Sterivex 0.22µm filter","95% EtOH","West Coast","80-60",98.4,34.151,-121.152,1000,"Sean McAllister","Bleach bottle; rinsed with sample water 3X","7/17/2021 10:04:29 PM","7/17/2021 ","2021/07/17 10:04:00","2021/07/17 00:00:00","2021/07/17 10:04:00",34.151,-121.152,"1110113","13",98,"33RO20210613","WCOA2021","CC80-60","111","1","11054","2",15,"2021/07/17 00:00:00",2021,7,17,"22:04:29",198.92,34.151,-121.152,2188,99.2,98.4,9.656,33.915,2,-999,9,123.9,2,-999,-999,9,-999,9,-999,9,-999,-999,9,-999,-999,9,-999,9,-999,9,-999,9,-999,9,-999,9,-999,9,-999,9,-999,9,-999,9,-999,9,-999,9,-999,9,-999,9,-999,9,11054,"2021/07/17 22:04:29",13,"11054","13","33.915","9.656","99.2","","","9.656","99.2","-999.0","-999.0","","","","Seawater scale (mol/kg-SW) "," K1, K2 from Mehrbach et al., 1973 refit by Dickson and Millero, 3925","Dickson ","Uppstrom, 3912","","","","","","","","","","","","","","","","","","","","","","","","","","","","","","","","","","","","","",98,97.28,9.7225,33.9004,26.1416,2.88,125.25,0.04,148.64,99.56,"dRB2102_CTD_111_01_F.csv","dRB2102","CTD","111","F.csv"
"E801",1,1,FALSE,"WCOA21","2021_WCOA_RonBrown","7/17/2021",NA,"10:20:22 PM","","E801","1110122","22","Niskin; Sterivex 0.22µm filter","95% EtOH","West Coast","80-60",3.9,34.151,-121.152,1000,"Sean McAllister","Bleach bottle; rinsed with sample water 3X","7/17/2021 10:20:22 PM","7/17/2021 ","2021/07/17 10:20:00","2021/07/17 00:00:00","2021/07/17 10:20:00",34.151,-121.152,"1110122","22",4,"33RO20210613","WCOA2021","CC80-60","111","1","11024","2",15,"2021/07/17 00:00:00",2021,7,17,"22:20:22",198.931,34.151,-121.152,2188,3.9,3.9,15.813,33.533,2,-999,9,257.6,2,-999,-999,9,-999,9,-999,9,-999,-999,9,-999,-999,9,-999,9,-999,9,-999,9,-999,9,-999,9,-999,9,4.212,2,-999,9,-999,9,-999,9,-999,9,-999,9,-999,9,-999,9,11024,"2021/07/17 22:20:22",22,"11024","22","33.533","15.813","3.9","","","15.813","3.9","-999.0","-999.0","","","","Seawater scale (mol/kg-SW) "," K1, K2 from Mehrbach et al., 1973 refit by Dickson and Millero, 3934","Dickson ","Uppstrom, 3921","","","","","","","","","","","","","","","","","","","","","","","","","","","","","","","","","","","","","",4,3.97,16.2643,33.5417,24.5661,5.92,257.95,0.065,147.49,99.7,"dRB2102_CTD_111_01_F.csv","dRB2102","CTD","111","F.csv"
"E802",1,1,FALSE,"WCOA21","2021_WCOA_RonBrown","7/18/2021",NA,"12:09:54 AM","","E802","1120102","2","Niskin; Sterivex 0.22µm filter","95% EtOH","West Coast","80-57",1006.8,34.21,-121.023,1000,"Sean McAllister","Bleach bottle; rinsed with sample water 3X","7/18/2021 12:09:54 AM","7/18/2021 ","2021/07/18 12:09:00","2021/07/18 00:00:00","2021/07/18 12:09:00",34.21,-121.023,"1120102","2",1007,"33RO20210613","WCOA2021","CC80-57","112","1","11081","2",15,"2021/07/18 00:00:00",2021,7,18,"00:09:54",199.007,34.21,-121.023,1017,1016.6,1006.8,4.262,34.453,2,-999,9,19.2,2,-999,-999,9,-999,9,-999,9,-999,-999,9,-999,-999,9,-999,9,-999,9,-999,9,-999,9,-999,9,-999,9,1.103,2,-999,9,-999,9,-999,9,-999,9,-999,9,-999,9,-999,9,11081,"2021/07/18 00:09:54",2,"11081","2","34.453","4.262","1016.6","","","4.262","1016.6","-999.0","-999.0","","","","Seawater scale (mol/kg-SW) "," K1, K2 from Mehrbach et al., 1973 refit by Dickson and Millero, 3936","Dickson ","Uppstrom, 3923","","","","","","","","","","","","","","","","","","","","","","","","","","","","","","","","","","","","","",1007,997.38,4.3006,34.4499,27.3253,0.44,19.34,0.041,140.68,19.93,"dRB2102_CTD_112_01_F.csv","dRB2102","CTD","112","F.csv"
"E803",1,1,FALSE,"WCOA21","2021_WCOA_RonBrown","7/18/2021",NA,"12:23:17 AM","","E803","1120104","4","Niskin; Sterivex 0.22µm filter","95% EtOH","West Coast","80-57",498.2,34.209,-121.024,1000,"Sean McAllister","","7/18/2021 12:23:17 AM","7/18/2021 ","2021/07/18 12:23:00","2021/07/18 00:00:00","2021/07/18 12:23:00",34.209,-121.024,"1120104","4",498,"33RO20210613","WCOA2021","CC80-57","112","1","11058","2",15,"2021/07/18 00:00:00",2021,7,18,"00:23:17",199.016,34.209,-121.024,1017,502.4,498.2,6.892,34.297,2,-999,9,18.3,2,19.3,0.633,2,2303.8,2,2298.9,2,7.3174,25.26,2,49.32447531866857,25.095000000000002,2,67.2,2,3.05,2,36.8,2,0.02,2,0.02,2,-999,9,2.539,2,-999,9,-999,9,-999,9,-999,9,-999,9,-999,9,-999,9,11058,"2021/07/18 00:23:17",4,"11058","4","34.297","6.892","502.4","","","6.892","502.4","2298.9","2303.8","","","","Seawater scale (mol/kg-SW) "," K1, K2 from Mehrbach et al., 1973 refit by Dickson and Millero, 3938","Dickson ","Uppstrom, 3925","34.29700089","6.892000198","502.3999939","0","0","2298.899902","2303.800049","7.517528057","1360.351196","1365.826782","2196.54033","40.66072141","66.59902828","20.70856625","0.360492907","0","0","18.72320794","0.883544996","0.562005697","1379.097854","6.892000198","502.3999939","7.517528291","1360.351241","1365.826811","2196.54033","40.66072141","66.59902828","20.70856625","0.360492907","0","0","18.72320794","0.883544996","0.562005697","1379.09785",498,493.84,6.8779,34.2979,26.8888,0.42,18.07,0.04,142.95,99.99,"dRB2102_CTD_112_01_F.csv","dRB2102","CTD","112","F.csv"
"E804",1,1,FALSE,"WCOA21","2021_WCOA_RonBrown","7/18/2021",NA,"12:39:51 AM","","E804","1120111","11","Niskin; Sterivex 0.22µm filter","95% EtOH","West Coast","80-57",99.9,34.209,-121.024,1000,"Sean McAllister","Bleach bottle; rinsed with sample water 3X","7/18/2021 12:39:51 AM","7/18/2021 ","2021/07/18 12:39:00","2021/07/18 00:00:00","2021/07/18 12:39:00",34.209,-121.024,"1120111","11",100,"33RO20210613","WCOA2021","CC80-57","112","1","11023","2",15,"2021/07/18 00:00:00",2021,7,18,"00:39:51",199.028,34.209,-121.024,1017,100.7,99.9,9.723,33.95,2,-999,9,114.1,2,-999,-999,9,-999,9,-999,9,-999,-999,9,-999,-999,9,-999,9,-999,9,-999,9,-999,9,-999,9,-999,9,34.782,2,-999,9,-999,9,-999,9,-999,9,-999,9,-999,9,-999,9,11023,"2021/07/18 00:39:51",11,"11023","11","33.950","9.723","100.7","","","9.723","100.7","-999.0","-999.0","","","","Seawater scale (mol/kg-SW) "," K1, K2 from Mehrbach et al., 1973 refit by Dickson and Millero, 3945","Dickson ","Uppstrom, 3932","","","","","","","","","","","","","","","","","","","","","","","","","","","","","","","","","","","","","",100,99.26,9.7712,33.9372,26.1623,2.66,115.59,0.04,144.53,99.62,"dRB2102_CTD_112_01_F.csv","dRB2102","CTD","112","F.csv"
"E805",1,1,FALSE,"WCOA21","2021_WCOA_RonBrown","7/18/2021",NA,"12:53:12 AM","","E805","1120120","20","Niskin; Sterivex 0.22µm filter","95% EtOH","West Coast","80-57",4.3,34.209,-121.024,1000,"Sean McAllister","Bleach bottle; rinsed with sample water 3X","7/18/2021 12:53:12 AM","7/18/2021 ","2021/07/18 12:53:00","2021/07/18 00:00:00","2021/07/18 12:53:00",34.209,-121.024,"1120120","20",4,"33RO20210613","WCOA2021","CC80-57","112","1","11022","2",15,"2021/07/18 00:00:00",2021,7,18,"00:53:12",199.037,34.209,-121.024,1017,4.4,4.3,15.466,33.602,2,-999,9,265.4,2,-999,-999,9,-999,9,-999,9,-999,-999,9,-999,-999,9,-999,9,-999,9,-999,9,-999,9,-999,9,-999,9,45.842,2,-999,9,-999,9,-999,9,-999,9,-999,9,-999,9,-999,9,11022,"2021/07/18 00:53:12",20,"11022","20","33.602","15.466","4.4","","","15.466","4.4","-999.0","-999.0","","","","Seawater scale (mol/kg-SW) "," K1, K2 from Mehrbach et al., 1973 refit by Dickson and Millero, 3954","Dickson ","Uppstrom, 3941","","","","","","","","","","","","","","","","","","","","","","","","","","","","","","","","","","","","","",4,3.97,15.5487,33.5961,24.7693,6.66,290.42,0.223,143.27,99.86,"dRB2102_CTD_112_01_F.csv","dRB2102","CTD","112","F.csv"
"E806.1B",1,1,FALSE,"WCOA21","2021_WCOA_RonBrown","7/18/2021",NA,"2:58:14 AM","","E806.1B","1130101","1","Niskin; Sterivex 0.22µm filter","95% EtOH","West Coast","CCE2",818,34.316,-120.804,1000,"Sean McAllister","Some kind of whole macrobe on filter (squid?)","7/18/2021 2:58:14 AM","7/18/2021 ","2021/07/18 02:58:00","2021/07/18 00:00:00","2021/07/18 02:58:00",34.316,-120.804,"1130101","1",818,"33RO20210613","WCOA2021","CCE2","113","1","11031","2",15,"2021/07/18 00:00:00",2021,7,18,"02:58:14",199.124,34.316,-120.804,829,825.5,818,5.186,34.382,2,-999,9,11.9,2,11.9,0.39,6,2342.8,2,2335.5,2,7.3083,25.16,2,48.125257429059936,24.904999999999998,2,98.2,6,3.29,6,40.9,6,0.05,6,0.65,6,-999,9,1.804,2,-999,9,-999,9,-999,9,-999,9,-999,9,-999,9,-999,9,11031,"2021/07/18 02:58:14",1,"11031","1","34.382","5.186","825.5","","","5.186","825.5","2335.5","2342.8","","","","Seawater scale (mol/kg-SW) "," K1, K2 from Mehrbach et al., 1973 refit by Dickson and Millero, 3955","Dickson ","Uppstrom, 3942","34.38199997","5.18599987","825.5","0","0","2335.5","2342.800049","7.52051878","1309.469971","1314.86084","2234.95226","39.79077317","68.05711076","20.68514288","0.311697789","0","0","18.92743284","0.809797107","0.516046872","1326.201916","5.18599987","825.5","7.520518824","1309.469945","1314.860893","2234.95226","39.79077317","68.05711076","20.68514288","0.311697789","0","0","18.92743284","0.809797107","0.516046872","1326.201924",818,810.54,5.2124,34.3792,27.1664,0.27,11.9,0.04,159.45,18.35,"dRB2102_CTD_113_01_F.csv","dRB2102","CTD","113","F.csv"
"E806.2B",2,1,FALSE,"WCOA21","2021_WCOA_RonBrown","7/18/2021",NA,"2:58:16 AM","","E806.2B","1130102","2","Niskin; Sterivex 0.22µm filter","95% EtOH","West Coast","CCE2",818.1,34.316,-120.804,1000,"Sean McAllister","Bleach bottle; rinsed with sample water 3X; Some kind of whole macrobe on filter (squid?)","7/18/2021 2:58:16 AM","7/18/2021 ","2021/07/18 02:58:00","2021/07/18 00:00:00","2021/07/18 02:58:00",34.316,-120.804,"1130102","2",818,"33RO20210613","WCOA2021","CCE2","113","1","11081","2",15,"2021/07/18 00:00:00",2021,7,18,"02:58:16",199.124,34.316,-120.804,829,825.7,818.1,5.186,34.381,2,-999,9,11.9,2,-999,-999,9,-999,9,-999,9,-999,-999,9,-999,-999,9,-999,9,-999,9,-999,9,-999,9,-999,9,-999,9,1.675,2,-999,9,-999,9,-999,9,-999,9,-999,9,-999,9,-999,9,11081,"2021/07/18 02:58:16",2,"11081","2","34.381","5.186","825.7","","","5.186","825.7","-999.0","-999.0","","","","Seawater scale (mol/kg-SW) "," K1, K2 from Mehrbach et al., 1973 refit by Dickson and Millero, 3956","Dickson ","Uppstrom, 3943","","","","","","","","","","","","","","","","","","","","","","","","","","","","","","","","","","","","","",818,810.54,5.2124,34.3792,27.1664,0.27,11.9,0.04,159.45,18.35,"dRB2102_CTD_113_01_F.csv","dRB2102","CTD","113","F.csv"
"E806.3B",3,1,FALSE,"WCOA21","2021_WCOA_RonBrown","7/18/2021",NA,"2:58:19 AM","","E806.3B","1130103","3","Niskin; Sterivex 0.22µm filter","95% EtOH","West Coast","CCE2",818.6,34.316,-120.804,1000,"Sean McAllister","Bleach bottle; rinsed with sample water 3X; Some kind of whole macrobe on filter (squid?); less organisms in 3B","7/18/2021 2:58:19 AM","7/18/2021 ","2021/07/18 02:58:00","2021/07/18 00:00:00","2021/07/18 02:58:00",34.316,-120.804,"1130103","3",819,"33RO20210613","WCOA2021","CCE2","113","1","11020","2",15,"2021/07/18 00:00:00",2021,7,18,"02:58:19",199.124,34.316,-120.804,829,826.1,818.6,5.177,34.383,2,-999,9,11.8,2,-999,-999,9,-999,9,-999,9,-999,-999,9,-999,-999,9,-999,9,-999,9,-999,9,-999,9,-999,9,-999,9,-999,9,-999,9,-999,9,-999,9,-999,9,-999,9,-999,9,-999,9,11020,"2021/07/18 02:58:19",3,"11020","3","34.383","5.177","826.1","","","5.177","826.1","-999.0","-999.0","","","","Seawater scale (mol/kg-SW) "," K1, K2 from Mehrbach et al., 1973 refit by Dickson and Millero, 3957","Dickson ","Uppstrom, 3944","","","","","","","","","","","","","","","","","","","","","","","","","","","","","","","","","","","","","",819,811.53,5.2076,34.3797,27.1673,0.27,11.81,0.041,159.46,17.41,"dRB2102_CTD_113_01_F.csv","dRB2102","CTD","113","F.csv"
"E807",1,1,FALSE,"WCOA21","2021_WCOA_RonBrown","7/18/2021",NA,"3:04:42 AM","","E807","1130104","4","Niskin; Sterivex 0.22µm filter","95% EtOH","West Coast","CCE2",595.2,34.316,-120.804,1000,"Sean McAllister","","7/18/2021 3:04:42 AM","7/18/2021 ","2021/07/18 03:04:00","2021/07/18 00:00:00","2021/07/18 03:04:00",34.316,-120.804,"1130104","4",595,"33RO20210613","WCOA2021","CCE2","113","1","11058","2",15,"2021/07/18 00:00:00",2021,7,18,"03:04:42",199.128,34.316,-120.804,829,600.3,595.2,6.448,34.287,2,34.2925,3,16.7,2,18,0.59,2,2311.2,6,2307.4,2,7.3092,25.16,6,47.388292894911096,24.904999999999998,6,73.5,2,3.09,2,38,2,0.01,2,0.04,2,-999,9,2.239,2,-999,9,-999,9,-999,9,-999,9,-999,9,-999,9,-999,9,11058,"2021/07/18 03:04:42",4,"11058","4","34.287","6.448","600.3","","","6.448","600.3","2307.4","2311.2","","","","Seawater scale (mol/kg-SW) "," K1, K2 from Mehrbach et al., 1973 refit by Dickson and Millero, 3958","Dickson ","Uppstrom, 3945","34.28699875","6.447999954","600.2999878","0","0","2307.399902","2311.199951","7.523769379","1327.114868","1332.488037","2204.293782","40.91400295","65.99211894","20.95673664","0.351810171","0","0","18.8117249","0.872056249","0.555007364","1345.041919","6.447999954","600.2999878","7.523769515","1327.114834","1332.487975","2204.293782","40.91400295","65.99211894","20.95673664","0.351810171","0","0","18.8117249","0.872056249","0.555007364","1345.041866",595,589.89,6.4439,34.288,26.9399,0.38,16.72,0.041,162.82,100,"dRB2102_CTD_113_01_F.csv","dRB2102","CTD","113","F.csv"
"E808",1,1,FALSE,"WCOA21","2021_WCOA_RonBrown","7/18/2021",NA,"3:20:11 AM","","E808","1130108","8","Niskin; Sterivex 0.22µm filter","95% EtOH","West Coast","CCE2",199.3,34.316,-120.805,1000,"Sean McAllister","","7/18/2021 3:20:11 AM","7/18/2021 ","2021/07/18 03:20:00","2021/07/18 00:00:00","2021/07/18 03:20:00",34.316,-120.805,"1130108","8",199,"33RO20210613","WCOA2021","CCE2","113","1","11027","2",15,"2021/07/18 00:00:00",2021,7,18,"03:20:11",199.139,34.316,-120.805,829,200.8,199.3,9.219,34.086,2,-999,9,81.4,2,80,2.629,2,2226.2,2,2255.8,2,7.4343,25.16,2,60.241919681848294,24.904999999999998,2,35.1,2,2.27,2,27.5,2,0.03,2,0.04,2,-999,9,15.47,2,-999,9,-999,9,-999,9,-999,9,-999,9,-999,9,-999,9,11027,"2021/07/18 03:20:11",8,"11027","8","34.086","9.219","200.8","","","9.219","200.8","2255.8","2226.2","","","","Seawater scale (mol/kg-SW) "," K1, K2 from Mehrbach et al., 1973 refit by Dickson and Millero, 3962","Dickson ","Uppstrom, 3949","34.08599854","9.218999863","200.8000031","0","0","2255.800049","2226.199951","7.615749836","1102.960205","1107.266357","2123.477063","52.78977868","49.93311259","26.20824094","0.559754068","0","0","18.45319799","1.218058016","0.774399365","1119.893822","9.218999863","200.8000031","7.615749971","1102.960145","1107.26637","2123.477063","52.78977868","49.93311259","26.20824094","0.559754068","0","0","18.45319799","1.218058016","0.774399365","1119.893787",199,197.48,9.2694,34.0746,26.3538,1.89,82.13,0.04,164.44,99.76,"dRB2102_CTD_113_01_F.csv","dRB2102","CTD","113","F.csv"
"E809.1B",1,1,FALSE,"WCOA21","2021_WCOA_RonBrown","7/18/2021",NA,"3:28:27 AM","","E809.1B","1130111","11","Niskin; Sterivex 0.22µm filter","95% EtOH","West Coast","CCE2",99.7,34.316,-120.805,1000,"Sean McAllister","","7/18/2021 3:28:27 AM","7/18/2021 ","2021/07/18 03:28:00","2021/07/18 00:00:00","2021/07/18 03:28:00",34.316,-120.805,"1130111","11",100,"33RO20210613","WCOA2021","CCE2","113","1","11023","2",15,"2021/07/18 00:00:00",2021,7,18,"03:28:27",199.145,34.316,-120.805,829,100.5,99.7,9.883,33.908,2,-999,9,120.1,2,119.8,3.935,2,2182.4,2,2239.8,2,7.5152,25.13,2,65.46803349391425,24.904999999999998,2,26.1,2,1.9,2,22.8,2,0.03,2,0.07,2,-999,9,23.734,2,-999,9,-999,9,-999,9,-999,9,-999,9,-999,9,-999,9,11023,"2021/07/18 03:28:27",11,"11023","11","33.908","9.883","100.5","","","9.883","100.5","2239.8","2182.4","","","","Seawater scale (mol/kg-SW) "," K1, K2 from Mehrbach et al., 1973 refit by Dickson and Millero, 3965","Dickson ","Uppstrom, 3952","33.90800095","9.883000374","100.5","0","0","2239.800049","2182.399902","7.705377579","892.2730103","895.7267456","2078.340348","64.50757569","39.55193055","31.73605524","0.728576371","0","0","17.68273403","1.518326792","0.964889976","906.4147807","9.883000374","100.5","7.70537756","892.273009","895.7266753","2078.340348","64.50757569","39.55193055","31.73605524","0.728576371","0","0","17.68273403","1.518326792","0.964889976","906.414728",100,99.26,9.9384,33.8956,26.1019,2.77,120.67,0.042,164.8,99.58,"dRB2102_CTD_113_01_F.csv","dRB2102","CTD","113","F.csv"
"E809.2T",2,2,FALSE,"WCOA21","2021_WCOA_RonBrown","7/18/2021",NA,"3:28:31 AM","","E809.2T","1130112","12","Niskin; Sterivex 0.22µm filter","95% EtOH","West Coast","CCE2",99.5,34.316,-120.805,1000,"Sean McAllister","Bleach bottle; rinsed with sample water 3X","7/18/2021 3:28:31 AM","7/18/2021 ","2021/07/18 03:28:00","2021/07/18 00:00:00","2021/07/18 03:28:00",34.316,-120.805,"1130112","12",100,"33RO20210613","WCOA2021","CCE2","113","1","11026","2",15,"2021/07/18 00:00:00",2021,7,18,"03:28:31",199.145,34.316,-120.805,829,100.2,99.5,9.884,33.907,2,-999,9,120.1,2,-999,-999,9,-999,9,-999,9,-999,-999,9,-999,-999,9,-999,9,-999,9,-999,9,-999,9,-999,9,-999,9,24.824,2,-999,9,-999,9,-999,9,-999,9,-999,9,-999,9,-999,9,11026,"2021/07/18 03:28:31",12,"11026","12","33.907","9.884","100.2","","","9.884","100.2","-999.0","-999.0","","","","Seawater scale (mol/kg-SW) "," K1, K2 from Mehrbach et al., 1973 refit by Dickson and Millero, 3966","Dickson ","Uppstrom, 3953","","","","","","","","","","","","","","","","","","","","","","","","","","","","","","","","","","","","","",100,99.26,9.9384,33.8956,26.1019,2.77,120.67,0.042,164.8,99.58,"dRB2102_CTD_113_01_F.csv","dRB2102","CTD","113","F.csv"
"E809.3T",2,3,FALSE,"WCOA21","2021_WCOA_RonBrown","7/18/2021",NA,"3:28:31 AM","","E809.3T","1130112","12","Niskin; Sterivex 0.22µm filter","95% EtOH","West Coast","CCE2",99.5,34.316,-120.805,1000,"Sean McAllister","Bleach bottle; rinsed with sample water 3X","7/18/2021 3:28:31 AM","7/18/2021 ","2021/07/18 03:28:00","2021/07/18 00:00:00","2021/07/18 03:28:00",34.316,-120.805,"1130112","12",100,"33RO20210613","WCOA2021","CCE2","113","1","11026","2",15,"2021/07/18 00:00:00",2021,7,18,"03:28:31",199.145,34.316,-120.805,829,100.2,99.5,9.884,33.907,2,-999,9,120.1,2,-999,-999,9,-999,9,-999,9,-999,-999,9,-999,-999,9,-999,9,-999,9,-999,9,-999,9,-999,9,-999,9,24.824,2,-999,9,-999,9,-999,9,-999,9,-999,9,-999,9,-999,9,11026,"2021/07/18 03:28:31",12,"11026","12","33.907","9.884","100.2","","","9.884","100.2","-999.0","-999.0","","","","Seawater scale (mol/kg-SW) "," K1, K2 from Mehrbach et al., 1973 refit by Dickson and Millero, 3966","Dickson ","Uppstrom, 3953","","","","","","","","","","","","","","","","","","","","","","","","","","","","","","","","","","","","","",100,99.26,9.9384,33.8956,26.1019,2.77,120.67,0.042,164.8,99.58,"dRB2102_CTD_113_01_F.csv","dRB2102","CTD","113","F.csv"
"E810.1B",1,1,FALSE,"WCOA21","2021_WCOA_RonBrown","7/18/2021",NA,"3:47:48 AM","","E810.1B","1130122","22","Niskin; Sterivex 0.22µm filter","95% EtOH","West Coast","CCE2",3.4,34.316,-120.805,1000,"Sean McAllister","","7/18/2021 3:47:48 AM","7/18/2021 ","2021/07/18 03:47:00","2021/07/18 00:00:00","2021/07/18 03:47:00",34.316,-120.805,"1130122","22",3,"33RO20210613","WCOA2021","CCE2","113","1","11024","2",15,"2021/07/18 00:00:00",2021,7,18,"03:47:48",199.158,34.316,-120.805,829,3.4,3.4,15.009,33.601,2,-999,9,282.4,2,277.8,9.109,2,2012.2,2,2239.2,2,7.9354,25.13,2,197.52239457404826,24.904999999999998,4,1.7,2,0.33,2,0.1,2,0.03,2,0.09,2,-999,9,11.051,2,-999,9,-999,9,-999,9,-999,9,-999,9,-999,9,-999,9,11024,"2021/07/18 03:47:48",22,"11024","22","33.601","15.009","3.4","","","15.009","3.4","2239.2","2012.2","","","","Seawater scale (mol/kg-SW) "," K1, K2 from Mehrbach et al., 1973 refit by Dickson and Millero, 3976","Dickson ","Uppstrom, 3963","33.60100174","15.00899982","3.400000095","0","0","2239.199951","2012.199951","8.078798294","349.8158264","351.0834656","1836.485779","162.5110072","13.20316926","74.86503286","2.83573445","0","0","11.16469746","3.907495952","2.503462844","356.9800707","15.00899982","3.400000095","8.078798712","349.815805","351.0834466","1836.485779","162.5110072","13.20316926","74.86503286","2.83573445","0","0","11.16469746","3.907495952","2.503462844","356.9800522",3,2.98,15.0143,33.6011,24.8906,6.48,282.41,0.274,162.8,99.81,"dRB2102_CTD_113_01_F.csv","dRB2102","CTD","113","F.csv"
"E810.2B",2,1,FALSE,"WCOA21","2021_WCOA_RonBrown","7/18/2021",NA,"3:47:52 AM","","E810.2B","1130123","23","Niskin; Sterivex 0.22µm filter","95% EtOH","West Coast","CCE2",3.5,34.316,-120.805,1000,"Sean McAllister","","7/18/2021 3:47:52 AM","7/18/2021 ","2021/07/18 03:47:00","2021/07/18 00:00:00","2021/07/18 03:47:00",34.316,-120.805,"1130123","23",4,"33RO20210613","WCOA2021","CCE2","113","1","11061","2",15,"2021/07/18 00:00:00",2021,7,18,"03:47:52",199.158,34.316,-120.805,829,3.5,3.5,15.009,33.601,2,-999,9,282.4,2,-999,-999,9,-999,9,-999,9,-999,-999,9,-999,-999,9,-999,9,-999,9,-999,9,-999,9,-999,9,-999,9,11.627,2,-999,9,-999,9,-999,9,-999,9,-999,9,-999,9,-999,9,11061,"2021/07/18 03:47:52",23,"11061","23","33.601","15.009","3.5","","","15.009","3.5","-999.0","-999.0","","","","Seawater scale (mol/kg-SW) "," K1, K2 from Mehrbach et al., 1973 refit by Dickson and Millero, 3977","Dickson ","Uppstrom, 3964","","","","","","","","","","","","","","","","","","","","","","","","","","","","","","","","","","","","","",4,3.97,15.03,33.6014,24.8874,6.48,282.44,0.28,162.7,99.81,"dRB2102_CTD_113_01_F.csv","dRB2102","CTD","113","F.csv"
"E810.3B",3,1,FALSE,"WCOA21","2021_WCOA_RonBrown","7/18/2021",NA,"3:47:55 AM","","E810.3B","1130124","24","Niskin; Sterivex 0.22µm filter","95% EtOH","West Coast","CCE2",3.9,34.316,-120.805,1000,"Sean McAllister","","7/18/2021 3:47:55 AM","7/18/2021 ","2021/07/18 03:47:00","2021/07/18 00:00:00","2021/07/18 03:47:00",34.316,-120.805,"1130124","24",4,"33RO20210613","WCOA2021","CCE2","113","1","11001","2",15,"2021/07/18 00:00:00",2021,7,18,"03:47:55",199.158,34.316,-120.805,829,4,3.9,15.011,33.601,2,-999,9,282.4,2,-999,-999,9,-999,9,-999,9,-999,-999,9,-999,-999,9,-999,9,-999,9,-999,9,-999,9,-999,9,-999,9,-999,9,-999,9,-999,9,-999,9,-999,9,-999,9,-999,9,-999,9,11001,"2021/07/18 03:47:55",24,"11001","24","33.601","15.011","4.0","","","15.011","4.0","-999.0","-999.0","","","","Seawater scale (mol/kg-SW) "," K1, K2 from Mehrbach et al., 1973 refit by Dickson and Millero, 3978","Dickson ","Uppstrom, 3965","","","","","","","","","","","","","","","","","","","","","","","","","","","","","","","","","","","","","",4,3.97,15.03,33.6014,24.8874,6.48,282.44,0.28,162.7,99.81,"dRB2102_CTD_113_01_F.csv","dRB2102","CTD","113","F.csv"
"E811.1B",1,1,FALSE,"WCOA21","2021_WCOA_RonBrown","7/18/2021",NA,"11:11:34 AM","","E811.1B","1140101","1","Niskin; Sterivex 0.22µm filter","95% EtOH","West Coast","80-51",66.2,34.448,-120.523,1000,"Sean McAllister","","7/18/2021 11:11:34 AM","7/18/2021 ","2021/07/18 11:11:00","2021/07/18 00:00:00","2021/07/18 11:11:00",34.448,-120.523,"1140101","1",66,"33RO20210613","WCOA2021","CC80-51","114","1","11031","2",15,"2021/07/18 00:00:00",2021,7,18,"11:11:34",199.466,34.448,-120.523,76,66.7,66.2,10.568,33.762,2,-999,9,143,2,144.1,4.729,6,2157.4,6,2233.4,2,7.5695,24.91,2,78.6067881874851,24.875,2,20.2,2,1.64,2,19,2,0.1,2,0.03,2,-999,9,102.809,2,-999,9,-999,9,-999,9,-999,9,-999,9,-999,9,-999,9,11031,"2021/07/18 11:11:34",1,"11031","1","33.762","10.568","66.7","","","10.568","66.7","2233.4","2157.4","","","","Seawater scale (mol/kg-SW) "," K1, K2 from Mehrbach et al., 1973 refit by Dickson and Millero, 3979","Dickson ","Uppstrom, 3966","33.76200104","10.56799984","66.69999695","0","0","2233.399902","2157.399902","7.758309841","786.0959473","789.1116943","2049.864435","73.43868568","34.09677619","35.79786909","0.878106749","0","0","16.9329172","1.741129934","1.107033801","798.9753586","10.56799984","66.69999695","7.758309692","786.0959927","789.1117498","2049.864435","73.43868568","34.09677619","35.79786909","0.878106749","0","0","16.9329172","1.741129934","1.107033801","798.9753959",66,65.52,10.5664,33.7623,25.8897,3.28,142.88,0.046,161.2,11.33,"dRB2102_CTD_114_01_F.csv","dRB2102","CTD","114","F.csv"
"E811.2B",2,1,FALSE,"WCOA21","2021_WCOA_RonBrown","7/18/2021",NA,"11:11:37 AM","","E811.2B","1140102","2","Niskin; Sterivex 0.22µm filter","95% EtOH","West Coast","80-51",66.4,34.448,-120.523,1000,"Sean McAllister","","7/18/2021 11:11:37 AM","7/18/2021 ","2021/07/18 11:11:00","2021/07/18 00:00:00","2021/07/18 11:11:00",34.448,-120.523,"1140102","2",66,"33RO20210613","WCOA2021","CC80-51","114","1","11081","2",15,"2021/07/18 00:00:00",2021,7,18,"11:11:37",199.466,34.448,-120.523,76,66.9,66.4,10.568,33.762,2,-999,9,143,2,-999,-999,9,-999,9,-999,9,-999,-999,9,-999,-999,9,-999,9,-999,9,-999,9,-999,9,-999,9,-999,9,103.578,2,-999,9,-999,9,-999,9,-999,9,-999,9,-999,9,-999,9,11081,"2021/07/18 11:11:37",2,"11081","2","33.762","10.568","66.9","","","10.568","66.9","-999.0","-999.0","","","","Seawater scale (mol/kg-SW) "," K1, K2 from Mehrbach et al., 1973 refit by Dickson and Millero, 3980","Dickson ","Uppstrom, 3967","","","","","","","","","","","","","","","","","","","","","","","","","","","","","","","","","","","","","",66,65.52,10.5664,33.7623,25.8897,3.28,142.88,0.046,161.2,11.33,"dRB2102_CTD_114_01_F.csv","dRB2102","CTD","114","F.csv"
"E811.3B",3,1,FALSE,"WCOA21","2021_WCOA_RonBrown","7/18/2021",NA,"11:11:39 AM","","E811.3B","1140103","3","Niskin; Sterivex 0.22µm filter","95% EtOH","West Coast","80-51",66.3,34.448,-120.523,1000,"Sean McAllister","""Low water"" -- Ask Katy to clarify","7/18/2021 11:11:39 AM","7/18/2021 ","2021/07/18 11:11:00","2021/07/18 00:00:00","2021/07/18 11:11:00",34.448,-120.523,"1140103","3",66,"33RO20210613","WCOA2021","CC80-51","114","1","11020","2",15,"2021/07/18 00:00:00",2021,7,18,"11:11:39",199.466,34.448,-120.523,76,66.8,66.3,10.567,33.763,2,-999,9,142.7,2,-999,-999,9,-999,9,-999,9,-999,-999,9,-999,-999,9,-999,9,-999,9,-999,9,-999,9,-999,9,-999,9,-999,9,-999,9,-999,9,-999,9,-999,9,-999,9,-999,9,-999,9,11020,"2021/07/18 11:11:39",3,"11020","3","33.763","10.567","66.8","","","10.567","66.8","-999.0","-999.0","","","","Seawater scale (mol/kg-SW) "," K1, K2 from Mehrbach et al., 1973 refit by Dickson and Millero, 3981","Dickson ","Uppstrom, 3968","","","","","","","","","","","","","","","","","","","","","","","","","","","","","","","","","","","","","",66,65.52,10.5664,33.7623,25.8897,3.28,142.88,0.046,161.2,11.33,"dRB2102_CTD_114_01_F.csv","dRB2102","CTD","114","F.csv"
"E812",1,1,FALSE,"WCOA21","2021_WCOA_RonBrown","7/18/2021",NA,"11:14:34 AM","","E812","1140104","4","Niskin; Sterivex 0.22µm filter","95% EtOH","West Coast","80-51",60.1,34.448,-120.523,1000,"Sean McAllister","","7/18/2021 11:14:34 AM","7/18/2021 ","2021/07/18 11:14:00","2021/07/18 00:00:00","2021/07/18 11:14:00",34.448,-120.523,"1140104","4",60,"33RO20210613","WCOA2021","CC80-51","114","1","11058","2",15,"2021/07/18 00:00:00",2021,7,18,"11:14:34",199.468,34.448,-120.523,76,60.5,60.1,10.563,33.763,2,33.7668,3,142.5,2,142.5,4.677,2,2156.5,2,2232.5,2,7.5667,24.91,6,77.88180901348348,24.875,6,20.5,2,1.66,2,19.1,2,0.11,2,0.04,2,-999,9,110.594,2,-999,9,-999,9,-999,9,-999,9,-999,9,-999,9,-999,9,11058,"2021/07/18 11:14:34",4,"11058","4","33.763","10.563","60.5","","","10.563","60.5","2232.5","2156.5","","","","Seawater scale (mol/kg-SW) "," K1, K2 from Mehrbach et al., 1973 refit by Dickson and Millero, 3982","Dickson ","Uppstrom, 3969","33.76300049","10.56299973","60.5","0","0","2232.5","2156.5","7.75866127","785.5943604","788.6083984","2048.996431","73.42317364","34.08040184","35.79691869","0.877947664","0","0","16.93027357","1.742722867","1.107957482","798.4624119","10.56299973","60.5","7.758661263","785.5943665","788.6083946","2048.996431","73.42317364","34.08040184","35.79691869","0.877947664","0","0","16.93027357","1.742722867","1.107957482","798.4624152",60,59.56,10.5651,33.7631,25.8904,3.28,142.73,0.045,161.61,17.36,"dRB2102_CTD_114_01_F.csv","dRB2102","CTD","114","F.csv"
"E813.1B",1,1,FALSE,"WCOA21","2021_WCOA_RonBrown","7/18/2021",NA,"11:19:05 AM","","E813.1B","1140106","6","Niskin; Sterivex 0.22µm filter","95% EtOH","West Coast","80-51",40.5,34.448,-120.524,1000,"Sean McAllister","","7/18/2021 11:19:05 AM","7/18/2021 ","2021/07/18 11:19:00","2021/07/18 00:00:00","2021/07/18 11:19:00",34.448,-120.524,"1140106","6",40,"33RO20210613","WCOA2021","CC80-51","114","1","11082","2",15,"2021/07/18 00:00:00",2021,7,18,"11:19:05",199.472,34.448,-120.524,76,40.8,40.5,10.779,33.727,2,-999,9,147.7,2,150,4.924,2,2151.4,2,2230.8,2,7.5823,24.91,2,82.95946022896788,24.875,2,19.1,2,1.59,2,18.2,2,0.12,2,0.04,2,-999,9,121.554,2,-999,9,-999,9,-999,9,-999,9,-999,9,-999,9,-999,9,11082,"2021/07/18 11:19:05",6,"11082","6","33.727","10.779","40.8","","","10.779","40.8","2230.8","2151.4","","","","Seawater scale (mol/kg-SW) "," K1, K2 from Mehrbach et al., 1973 refit by Dickson and Millero, 3984","Dickson ","Uppstrom, 3971","33.72700119","10.77900028","40.79999924","0","0","2230.800049","2151.399902","7.767366886","770.6109619","773.5592651","2043.026308","75.1714691","33.20207364","36.53454188","0.913608169","0","0","16.77405","1.791118844","1.138814445","783.3673728","10.77900028","40.79999924","7.767366957","770.6109712","773.559251","2043.026308","75.1714691","33.20207364","36.53454188","0.913608169","0","0","16.77405","1.791118844","1.138814445","783.3673573",40,39.71,11.0764,33.6803,25.7351,3.66,159.2,0.049,161.61,37.63,"dRB2102_CTD_114_01_F.csv","dRB2102","CTD","114","F.csv"
"E813.2B",2,1,FALSE,"WCOA21","2021_WCOA_RonBrown","7/18/2021",NA,"11:19:14 AM","","E813.2B","1140107","7","Niskin; Sterivex 0.22µm filter","95% EtOH","West Coast","80-51",40.6,34.448,-120.524,1000,"Sean McAllister","","7/18/2021 11:19:14 AM","7/18/2021 ","2021/07/18 11:19:00","2021/07/18 00:00:00","2021/07/18 11:19:00",34.448,-120.524,"1140107","7",41,"33RO20210613","WCOA2021","CC80-51","114","1","11004","2",15,"2021/07/18 00:00:00",2021,7,18,"11:19:14",199.472,34.448,-120.524,76,40.9,40.6,10.772,33.729,2,-999,9,147.7,2,-999,-999,9,-999,9,-999,9,-999,-999,9,-999,-999,9,-999,9,-999,9,-999,9,-999,9,-999,9,-999,9,-999,9,-999,9,-999,9,-999,9,-999,9,-999,9,-999,9,-999,9,11004,"2021/07/18 11:19:14",7,"11004","7","33.729","10.772","40.9","","","10.772","40.9","-999.0","-999.0","","","","Seawater scale (mol/kg-SW) "," K1, K2 from Mehrbach et al., 1973 refit by Dickson and Millero, 3985","Dickson ","Uppstrom, 3972","","","","","","","","","","","","","","","","","","","","","","","","","","","","","","","","","","","","","",41,40.7,11.061,33.6823,25.7394,3.65,158.77,0.048,161.62,36.58,"dRB2102_CTD_114_01_F.csv","dRB2102","CTD","114","F.csv"
"E813.3B",3,1,FALSE,"WCOA21","2021_WCOA_RonBrown","7/18/2021",NA,"11:19:16 AM","","E813.3B","1140108","8","Niskin; Sterivex 0.22µm filter","95% EtOH","West Coast","80-51",40.7,34.448,-120.524,1000,"Sean McAllister","","7/18/2021 11:19:16 AM","7/18/2021 ","2021/07/18 11:19:00","2021/07/18 00:00:00","2021/07/18 11:19:00",34.448,-120.524,"1140108","8",41,"33RO20210613","WCOA2021","CC80-51","114","1","11027","2",15,"2021/07/18 00:00:00",2021,7,18,"11:19:16",199.472,34.448,-120.524,76,41,40.7,10.772,33.729,2,-999,9,147.7,2,-999,-999,9,-999,9,-999,9,-999,-999,9,-999,-999,9,-999,9,-999,9,-999,9,-999,9,-999,9,-999,9,-999,9,-999,9,-999,9,-999,9,-999,9,-999,9,-999,9,-999,9,11027,"2021/07/18 11:19:16",8,"11027","8","33.729","10.772","41.0","","","10.772","41.0","-999.0","-999.0","","","","Seawater scale (mol/kg-SW) "," K1, K2 from Mehrbach et al., 1973 refit by Dickson and Millero, 3986","Dickson ","Uppstrom, 3973","","","","","","","","","","","","","","","","","","","","","","","","","","","","","","","","","","","","","",41,40.7,11.061,33.6823,25.7394,3.65,158.77,0.048,161.62,36.58,"dRB2102_CTD_114_01_F.csv","dRB2102","CTD","114","F.csv"
"E814.1B",1,1,FALSE,"WCOA21","2021_WCOA_RonBrown","7/18/2021",NA,"11:30:37 AM","","E814.1B","1140115","15","Niskin; Sterivex 0.22µm filter","95% EtOH","West Coast","80-51",3.2,34.448,-120.524,1000,"Sean McAllister","","7/18/2021 11:30:37 AM","7/18/2021 ","2021/07/18 11:30:00","2021/07/18 00:00:00","2021/07/18 11:30:00",34.448,-120.524,"1140115","15",3,"33RO20210613","WCOA2021","CC80-51","114","1","11053","2",15,"2021/07/18 00:00:00",2021,7,18,"11:30:37",199.48,34.448,-120.524,76,3.2,3.2,15.359,33.585,2,-999,9,259.2,2,264.9,8.685,2,-999,9,2236.4,2,7.9164,24.91,2,156.7539705182559,24.875,3,2.4,2,0.4,2,0.6,2,0.08,2,0.08,2,5,2,298.271,6,-999,9,-999,9,-999,9,-999,9,-999,9,-999,9,-999,9,11053,"2021/07/18 11:30:37",15,"11053","15","33.585","15.359","3.2","","","15.359","3.2","2236.4","-999.0","","","","Seawater scale (mol/kg-SW) "," K1, K2 from Mehrbach et al., 1973 refit by Dickson and Millero, 3993","Dickson ","Uppstrom, 3980","","","","","","","","","","","","","","","","","","","","","","","","","","","","","","","","","","","","","",3,2.98,15.4558,33.5855,24.7817,6.15,267.97,0.146,159.58,74.19,"dRB2102_CTD_114_01_F.csv","dRB2102","CTD","114","F.csv"
"E814.2B",2,1,FALSE,"WCOA21","2021_WCOA_RonBrown","7/18/2021",NA,"11:30:40 AM","","E814.2B","1140116","16","Niskin; Sterivex 0.22µm filter","95% EtOH","West Coast","80-51",3.2,34.448,-120.524,1000,"Sean McAllister","","7/18/2021 11:30:40 AM","7/18/2021 ","2021/07/18 11:30:00","2021/07/18 00:00:00","2021/07/18 11:30:00",34.448,-120.524,"1140116","16",3,"33RO20210613","WCOA2021","CC80-51","114","1","11032","2",15,"2021/07/18 00:00:00",2021,7,18,"11:30:40",199.48,34.448,-120.524,76,3.2,3.2,15.336,33.586,2,-999,9,259.2,2,-999,-999,9,-999,9,-999,9,-999,-999,9,-999,-999,9,-999,9,-999,9,-999,9,-999,9,-999,9,-999,9,-999,9,-999,9,-999,9,-999,9,-999,9,-999,9,-999,9,-999,9,11032,"2021/07/18 11:30:40",16,"11032","16","33.586","15.336","3.2","","","15.336","3.2","-999.0","-999.0","","","","Seawater scale (mol/kg-SW) "," K1, K2 from Mehrbach et al., 1973 refit by Dickson and Millero, 3994","Dickson ","Uppstrom, 3981","","","","","","","","","","","","","","","","","","","","","","","","","","","","","","","","","","","","","",3,2.98,15.4558,33.5855,24.7817,6.15,267.97,0.146,159.58,74.19,"dRB2102_CTD_114_01_F.csv","dRB2102","CTD","114","F.csv"
"E814.3B",3,1,FALSE,"WCOA21","2021_WCOA_RonBrown","7/18/2021",NA,"11:30:43 AM","","E814.3B","1140117","17","Niskin; Sterivex 0.22µm filter","95% EtOH","West Coast","80-51",3.3,34.448,-120.524,1000,"Sean McAllister","","7/18/2021 11:30:43 AM","7/18/2021 ","2021/07/18 11:30:00","2021/07/18 00:00:00","2021/07/18 11:30:00",34.448,-120.524,"1140117","17",3,"33RO20210613","WCOA2021","CC80-51","114","1","11052","2",15,"2021/07/18 00:00:00",2021,7,18,"11:30:43",199.48,34.448,-120.524,76,3.4,3.3,15.338,33.586,2,-999,9,259.2,2,-999,-999,9,-999,9,-999,9,-999,-999,9,-999,-999,9,-999,9,-999,9,-999,9,-999,9,-999,9,-999,9,-999,9,-999,9,-999,9,-999,9,-999,9,-999,9,-999,9,-999,9,11052,"2021/07/18 11:30:43",17,"11052","17","33.586","15.338","3.4","","","15.338","3.4","-999.0","-999.0","","","","Seawater scale (mol/kg-SW) "," K1, K2 from Mehrbach et al., 1973 refit by Dickson and Millero, 3995","Dickson ","Uppstrom, 3982","","","","","","","","","","","","","","","","","","","","","","","","","","","","","","","","","","","","","",3,2.98,15.4558,33.5855,24.7817,6.15,267.97,0.146,159.58,74.19,"dRB2102_CTD_114_01_F.csv","dRB2102","CTD","114","F.csv"
"E815",1,1,FALSE,"WCOA21","2021_WCOA_RonBrown","7/18/2021",NA,"12:57:31 PM","","E815","1150102","2","Niskin; Sterivex 0.22µm filter","95% EtOH","West Coast","80-54",450.8,34.375,-120.663,1000,"Sean McAllister","","7/18/2021 12:57:31 PM","7/18/2021 ","2021/07/18 12:57:00","2021/07/18 00:00:00","2021/07/18 12:57:00",34.375,-120.663,"1150102","2",451,"33RO20210613","WCOA2021","CC80-54","115","1","11081","2",15,"2021/07/18 00:00:00",2021,7,18,"12:57:31",199.54,34.375,-120.663,461,454.5,450.8,7.042,34.251,2,-999,9,17.7,2,-999,-999,9,-999,9,-999,9,-999,-999,9,-999,-999,9,-999,9,-999,9,-999,9,-999,9,-999,9,-999,9,10.035,2,-999,9,-999,9,-999,9,-999,9,-999,9,-999,9,-999,9,11081,"2021/07/18 12:57:31",2,"11081","2","34.251","7.042","454.5","","","7.042","454.5","-999.0","-999.0","","","","Seawater scale (mol/kg-SW) "," K1, K2 from Mehrbach et al., 1973 refit by Dickson and Millero, 3999","Dickson ","Uppstrom, 3986","","","","","","","","","","","","","","","","","","","","","","","","","","","","","","","","","","","","","",451,447.28,7.0656,34.2478,26.8231,0.4,17.52,0.042,145.08,14.38,"dRB2102_CTD_115_01_F.csv","dRB2102","CTD","115","F.csv"
"E816",1,1,FALSE,"WCOA21","2021_WCOA_RonBrown","7/18/2021",NA,"1:01:06 PM","","E816","1150103","3","Niskin; Sterivex 0.22µm filter","95% EtOH","West Coast","80-54",397.3,34.375,-120.663,1000,"Sean McAllister","","7/18/2021 1:01:06 PM","7/18/2021 ","2021/07/18 01:01:00","2021/07/18 00:00:00","2021/07/18 01:01:00",34.375,-120.663,"1150103","3",397,"33RO20210613","WCOA2021","CC80-54","115","1","11020","2",15,"2021/07/18 00:00:00",2021,7,18,"13:01:06",199.542,34.375,-120.663,461,400.5,397.3,7.44,34.232,2,34.2373,3,23.1,2,23.1,0.76,6,2294.2,2,2296.6,2,7.3197,24.83,6,48.9085508352115,24.945,2,66,2,3.02,2,33.1,2,0,2,0.04,2,-999,9,6.816,2,-999,9,-999,9,-999,9,-999,9,-999,9,-999,9,-999,9,11020,"2021/07/18 13:01:06",3,"11020","3","34.232","7.440","400.5","","","7.440","400.5","2296.6","2294.2","","","","Seawater scale (mol/kg-SW) "," K1, K2 from Mehrbach et al., 1973 refit by Dickson and Millero, 4000","Dickson ","Uppstrom, 3987","34.23199844","7.440000057","400.5","0","0","2296.600098","2294.199951","7.539296627","1308.7229","1313.952881","2188.130657","43.17990128","62.88944811","21.74129442","0.397671351","0","0","18.75994163","0.95760475","0.608769116","1327.213923","7.440000057","400.5","7.539296531","1308.722881","1313.95281","2188.130657","43.17990128","62.88944811","21.74129442","0.397671351","0","0","18.75994163","0.95760475","0.608769116","1327.213887",397,393.78,7.4385,34.232,26.7578,0.53,23.11,0.041,145.69,68.72,"dRB2102_CTD_115_01_F.csv","dRB2102","CTD","115","F.csv"
"E817",1,1,FALSE,"WCOA21","2021_WCOA_RonBrown","7/18/2021",NA,"1:08:38 PM","","E817","1150105","5","Niskin; Sterivex 0.22µm filter","95% EtOH","West Coast","80-54",198.1,34.375,-120.663,1000,"Sean McAllister","","7/18/2021 1:08:38 PM","7/18/2021 ","2021/07/18 01:08:00","2021/07/18 00:00:00","2021/07/18 01:08:00",34.375,-120.663,"1150105","5",198,"33RO20210613","WCOA2021","CC80-54","115","1","11008","2",15,"2021/07/18 00:00:00",2021,7,18,"13:08:38",199.548,34.375,-120.663,461,199.7,198.1,9.349,34.06,2,-999,9,84.9,2,85.5,2.808,2,2220.6,2,2252.7,2,7.447,24.83,2,62.84342481464435,24.945,3,33.6,6,2.23,6,27.1,6,0.01,6,0.04,6,-999,9,23.622,2,-999,9,-999,9,-999,9,-999,9,-999,9,-999,9,-999,9,11008,"2021/07/18 13:08:38",5,"11008","5","34.060","9.349","199.7","","","9.349","199.7","2252.7","2220.6","","","","Seawater scale (mol/kg-SW) "," K1, K2 from Mehrbach et al., 1973 refit by Dickson and Millero, 4002","Dickson ","Uppstrom, 3989","34.06000137","9.348999977","199.6999969","0","0","2252.699951","2220.600098","7.622700691","1083.915894","1088.140625","2117.988826","53.74600024","48.86531905","26.66733891","0.576152658","0","0","18.40091484","1.240641556","0.788876293","1100.660579","9.348999977","199.6999969","7.62270087","1083.915901","1088.140609","2117.988826","53.74600024","48.86531905","26.66733891","0.576152658","0","0","18.40091484","1.240641556","0.788876293","1100.660539",198,196.49,9.3534,34.06,26.3288,1.96,85.35,0.041,146.11,99.76,"dRB2102_CTD_115_01_F.csv","dRB2102","CTD","115","F.csv"
"E818",1,1,FALSE,"WCOA21","2021_WCOA_RonBrown","7/18/2021",NA,"1:18:01 PM","","E818","1150109","9","Niskin; Sterivex 0.22µm filter","95% EtOH","West Coast","80-54",100.3,34.375,-120.663,1000,"Sean McAllister","","7/18/2021 1:18:01 PM","7/18/2021 ","2021/07/18 01:18:00","2021/07/18 00:00:00","2021/07/18 01:18:00",34.375,-120.663,"1150109","9",100,"33RO20210613","WCOA2021","CC80-54","115","1","12052","2",15,"2021/07/18 00:00:00",2021,7,18,"13:18:01",199.554,34.375,-120.663,461,101,100.3,10.296,33.809,2,-999,9,133.7,2,-999,-999,9,-999,9,-999,9,-999,-999,9,-999,-999,9,-999,9,-999,9,-999,9,-999,9,-999,9,-999,9,-999,9,-999,9,-999,9,-999,9,-999,9,-999,9,-999,9,-999,9,12052,"2021/07/18 13:18:01",9,"12052","9","33.809","10.296","101.0","","","10.296","101.0","-999.0","-999.0","","","","Seawater scale (mol/kg-SW) "," K1, K2 from Mehrbach et al., 1973 refit by Dickson and Millero, 4006","Dickson ","Uppstrom, 3993","","","","","","","","","","","","","","","","","","","","","","","","","","","","","","","","","","","","","",100,99.26,10.1479,33.8382,26.0217,2.98,129.67,0.042,146.39,99.56,"dRB2102_CTD_115_01_F.csv","dRB2102","CTD","115","F.csv"
"E819",1,1,FALSE,"WCOA21","2021_WCOA_RonBrown","7/18/2021",NA,"1:36:16 PM","","E819","1150118","18","Niskin; Sterivex 0.22µm filter","95% EtOH","West Coast","80-54",3.3,34.375,-120.663,1000,"Sean McAllister","","7/18/2021 1:36:16 PM","7/18/2021 ","2021/07/18 01:36:00","2021/07/18 00:00:00","2021/07/18 01:36:00",34.375,-120.663,"1150118","18",3,"33RO20210613","WCOA2021","CC80-54","115","1","11002","2",15,"2021/07/18 00:00:00",2021,7,18,"13:36:16",199.567,34.375,-120.663,461,3.3,3.3,14.523,33.587,2,33.589,2,251.1,2,-999,-999,9,-999,9,-999,9,-999,-999,9,-999,-999,9,-999,9,-999,9,-999,9,-999,9,-999,9,-999,9,167.395,2,-999,9,-999,9,-999,9,-999,9,-999,9,-999,9,-999,9,11002,"2021/07/18 13:36:16",18,"11002","18","33.587","14.523","3.3","","","14.523","3.3","-999.0","-999.0","","","","Seawater scale (mol/kg-SW) "," K1, K2 from Mehrbach et al., 1973 refit by Dickson and Millero, 4015","Dickson ","Uppstrom, 4002","","","","","","","","","","","","","","","","","","","","","","","","","","","","","","","","","","","","","",3,2.98,14.381,33.5792,25.0094,5.76,250.89,0.164,145.81,99.57,"dRB2102_CTD_115_01_F.csv","dRB2102","CTD","115","F.csv"
"E820",1,1,FALSE,"WCOA21","2021_WCOA_RonBrown","7/18/2021",NA,"2:56:35 PM","","E820","1160102","2","Niskin; Sterivex 0.22µm filter","95% EtOH","West Coast","80-52",247.9,34.412,-120.579,1000,"Sean McAllister","Bleach bottle; sample rinse 3X (check notation with Katy)","7/18/2021 2:56:35 PM","7/18/2021 ","2021/07/18 02:56:00","2021/07/18 00:00:00","2021/07/18 02:56:00",34.412,-120.579,"1160102","2",248,"33RO20210613","WCOA2021","CC80-52","116","1","11081","2",15,"2021/07/18 00:00:00",2021,7,18,"14:56:35",199.623,34.412,-120.579,258,249.9,247.9,9.004,34.124,2,34.1295,3,65.7,2,-999,-999,9,-999,9,2262.4,6,-999,-999,9,-999,-999,9,-999,9,-999,9,-999,9,-999,9,-999,9,-999,9,64.385,2,-999,9,-999,9,-999,9,-999,9,-999,9,-999,9,-999,9,11081,"2021/07/18 14:56:35",2,"11081","2","34.124","9.004","249.9","","","9.004","249.9","2262.4","-999.0","","","","Seawater scale (mol/kg-SW) "," K1, K2 from Mehrbach et al., 1973 refit by Dickson and Millero, 4017","Dickson ","Uppstrom, 4004","","","","","","","","","","","","","","","","","","","","","","","","","","","","","","","","","","","","","",248,246.07,8.9943,34.125,26.4381,1.5,65.28,0.04,142.12,12.41,"dRB2102_CTD_116_01_F.csv","dRB2102","CTD","116","F.csv"
"E821",1,1,FALSE,"WCOA21","2021_WCOA_RonBrown","7/18/2021",NA,"2:59:59 PM","","E821","1160103","3","Niskin; Sterivex 0.22µm filter","95% EtOH","West Coast","80-52",198.9,34.412,-120.579,1000,"Sean McAllister","","7/18/2021 2:59:59 PM","7/18/2021 ","2021/07/18 02:59:00","2021/07/18 00:00:00","2021/07/18 02:59:00",34.412,-120.579,"1160103","3",199,"33RO20210613","WCOA2021","CC80-52","116","1","11020","2",15,"2021/07/18 00:00:00",2021,7,18,"14:59:59",199.625,34.412,-120.579,258,200.4,198.9,9.303,34.065,2,-999,9,86.9,2,87.1,2.861,2,2218.1,6,2255.6,2,7.4499,25.02,6,62.191554240538274,24.81,6,34.6,6,2.23,6,26.6,6,0.05,6,0.04,6,-999,9,52.357,2,-999,9,-999,9,-999,9,-999,9,-999,9,-999,9,-999,9,11020,"2021/07/18 14:59:59",3,"11020","3","34.065","9.303","200.4","","","9.303","200.4","2255.6","2218.1","","","","Seawater scale (mol/kg-SW) "," K1, K2 from Mehrbach et al., 1973 refit by Dickson and Millero, 4018","Dickson ","Uppstrom, 4005","34.06499863","9.30300045","200.3999939","0","0","2255.600098","2218.100098","7.641545773","1036.146362","1040.187256","2115.352366","55.96533725","46.78230663","27.74143754","0.598947371","0","0","18.30547036","1.291636896","0.821255033","1052.118016","9.30300045","200.3999939","7.641545686","1036.146392","1040.187333","2115.352366","55.96533725","46.78230663","27.74143754","0.598947371","0","0","18.30547036","1.291636896","0.821255033","1052.118034",199,197.48,9.3247,34.0602,26.3336,2.02,87.98,0.04,142.87,61.41,"dRB2102_CTD_116_01_F.csv","dRB2102","CTD","116","F.csv"
"E822",1,1,FALSE,"WCOA21","2021_WCOA_RonBrown","7/18/2021",NA,"3:08:38 PM","","E822","1160107","7","Niskin; Sterivex 0.22µm filter","95% EtOH","West Coast","80-52",99,34.412,-120.579,1000,"Sean McAllister","Bleach bottle; sample rinse 3X (check notation with Katy)","7/18/2021 3:08:38 PM","7/18/2021 ","2021/07/18 03:08:00","2021/07/18 00:00:00","2021/07/18 03:08:00",34.412,-120.579,"1160107","7",99,"33RO20210613","WCOA2021","CC80-52","116","1","11004","2",15,"2021/07/18 00:00:00",2021,7,18,"15:08:38",199.631,34.412,-120.579,258,99.7,99,10.398,33.79,2,-999,9,137.9,2,-999,-999,9,-999,9,-999,9,-999,-999,9,-999,-999,9,-999,9,-999,9,-999,9,-999,9,-999,9,-999,9,-999,9,-999,9,-999,9,-999,9,-999,9,-999,9,-999,9,-999,9,11004,"2021/07/18 15:08:38",7,"11004","7","33.790","10.398","99.7","","","10.398","99.7","-999.0","-999.0","","","","Seawater scale (mol/kg-SW) "," K1, K2 from Mehrbach et al., 1973 refit by Dickson and Millero, 4022","Dickson ","Uppstrom, 4009","","","","","","","","","","","","","","","","","","","","","","","","","","","","","","","","","","","","","",99,98.27,10.214,33.8276,26.0021,3.02,131.49,0.042,143.59,99.54,"dRB2102_CTD_116_01_F.csv","dRB2102","CTD","116","F.csv"
"E823",1,1,FALSE,"WCOA21","2021_WCOA_RonBrown","7/18/2021",NA,"3:34:01 PM","","E823","1160117","17","Niskin; Sterivex 0.22µm filter","95% EtOH","West Coast","80-52",3.3,34.412,-120.579,1000,"Sean McAllister","","7/18/2021 3:34:01 PM","7/18/2021 ","2021/07/18 03:34:00","2021/07/18 00:00:00","2021/07/18 03:34:00",34.412,-120.579,"1160117","17",3,"33RO20210613","WCOA2021","CC80-52","116","1","11052","2",15,"2021/07/18 00:00:00",2021,7,18,"15:34:01",199.649,34.412,-120.579,258,3.4,3.3,14.399,33.576,2,33.5792,2,239.4,2,-999,-999,9,-999,9,-999,9,-999,-999,9,-999,-999,9,-999,9,-999,9,-999,9,-999,9,-999,9,5.4,2,371.677,2,-999,9,-999,9,-999,9,-999,9,-999,9,-999,9,-999,9,11052,"2021/07/18 15:34:01",17,"11052","17","33.576","14.399","3.4","","","14.399","3.4","-999.0","-999.0","","","","Seawater scale (mol/kg-SW) "," K1, K2 from Mehrbach et al., 1973 refit by Dickson and Millero, 4032","Dickson ","Uppstrom, 4019","","","","","","","","","","","","","","","","","","","","","","","","","","","","","","","","","","","","","",3,2.98,14.2929,33.5772,25.0265,5.49,239.34,0.122,142.85,99.47,"dRB2102_CTD_116_01_F.csv","dRB2102","CTD","116","F.csv"
"E824",1,1,FALSE,"WCOA21","2021_WCOA_RonBrown","7/18/2021",NA,"5:09:25 PM","","E824","1170102","2","Niskin; Sterivex 0.22µm filter","95% EtOH","West Coast","80-50.5",22.1,34.471,-120.492,1000,"Sean McAllister","Bleach bottle; sample rinse 3X (check notation with Katy)","7/18/2021 5:09:25 PM","7/18/2021 ","2021/07/18 05:09:00","2021/07/18 00:00:00","2021/07/18 05:09:00",34.471,-120.492,"1170102","2",22,"33RO20210613","WCOA2021","CC80-50.5","117","1","11081","2",15,"2021/07/18 00:00:00",2021,7,18,"17:09:25",199.715,34.471,-120.492,32,22.3,22.1,13.893,33.569,2,-999,9,226.9,2,-999,-999,9,-999,9,-999,9,-999,-999,9,-999,-999,9,-999,9,-999,9,-999,9,-999,9,-999,9,-999,9,566.671,2,-999,9,-999,9,-999,9,-999,9,-999,9,-999,9,-999,9,11081,"2021/07/18 17:09:25",2,"11081","2","33.569","13.893","22.3","","","13.893","22.3","-999.0","-999.0","","","","Seawater scale (mol/kg-SW) "," K1, K2 from Mehrbach et al., 1973 refit by Dickson and Millero, 4034","Dickson ","Uppstrom, 4021","","","","","","","","","","","","","","","","","","","","","","","","","","","","","","","","","","","","","",22,21.84,13.949,33.5691,25.0926,5.24,228.4,0.118,129.42,5.24,"dRB2102_CTD_117_01_F.csv","dRB2102","CTD","117","F.csv"
"E825",1,1,FALSE,"WCOA21","2021_WCOA_RonBrown","7/18/2021",NA,"5:11:27 PM","","E825","1170103","3","Niskin; Sterivex 0.22µm filter","95% EtOH","West Coast","80-50.5",14.5,34.471,-120.492,1000,"Sean McAllister","","7/18/2021 5:11:27 PM","7/18/2021 ","2021/07/18 05:11:00","2021/07/18 00:00:00","2021/07/18 05:11:00",34.471,-120.492,"1170103","3",14,"33RO20210613","WCOA2021","CC80-50.5","117","1","11020","2",15,"2021/07/18 00:00:00",2021,7,18,"17:11:27",199.716,34.471,-120.492,32,14.7,14.5,14.469,33.573,2,-999,9,237.1,2,237.7,7.796,2,2060.1,2,2234.2,2,7.8309,25.07,6,131.3456029080929,24.895,6,5.4,2,0.67,2,3.3,2,0.22,2,0.39,2,3.6,2,579.367,2,-999,9,-999,9,-999,9,-999,9,-999,9,-999,9,-999,9,11020,"2021/07/18 17:11:27",3,"11020","3","33.573","14.469","14.7","","","14.469","14.7","2234.2","2060.1","","","","Seawater scale (mol/kg-SW) "," K1, K2 from Mehrbach et al., 1973 refit by Dickson and Millero, 4035","Dickson ","Uppstrom, 4022","33.57300186","14.46899986","14.69999981","0","0","2234.199951","2060.100098","7.971842289","463.8912354","465.5838623","1912.717402","129.5808233","17.80197834","60.22821754","2.103629966","0","0","12.76217171","3.109273638","1.989916548","473.1315002","14.46899986","14.69999981","7.971842521","463.8912536","465.5838728","1912.717402","129.5808233","17.80197834","60.22821754","2.103629966","0","0","12.76217171","3.109273638","1.989916548","473.1315019",14,13.9,15.3107,33.5787,24.8088,5.78,251.79,0.121,128.89,13.13,"dRB2102_CTD_117_01_F.csv","dRB2102","CTD","117","F.csv"
"E826",1,1,FALSE,"WCOA21","2021_WCOA_RonBrown","7/18/2021",NA,"5:15:55 PM","","E826","1170109","9","Niskin; Sterivex 0.22µm filter","95% EtOH","West Coast","80-50.5",3.4,34.471,-120.492,1000,"Sean McAllister","Bleach bottle; sample rinse 3X (check notation with Katy)","7/18/2021 5:15:55 PM","7/18/2021 ","2021/07/18 05:15:00","2021/07/18 00:00:00","2021/07/18 05:15:00",34.471,-120.492,"1170109","9",3,"33RO20210613","WCOA2021","CC80-50.5","117","1","12052","2",15,"2021/07/18 00:00:00",2021,7,18,"17:15:55",199.719,34.471,-120.492,32,3.5,3.4,16.933,33.596,2,-999,9,281.6,2,-999,-999,9,-999,9,-999,9,-999,-999,9,-999,-999,9,-999,9,-999,9,-999,9,-999,9,-999,9,1.9,2,170.068,2,-999,9,-999,9,-999,9,-999,9,-999,9,-999,9,-999,9,12052,"2021/07/18 17:15:55",9,"12052","9","33.596","16.933","3.5","","","16.933","3.5","-999.0","-999.0","","","","Seawater scale (mol/kg-SW) "," K1, K2 from Mehrbach et al., 1973 refit by Dickson and Millero, 4041","Dickson ","Uppstrom, 4028","","","","","","","","","","","","","","","","","","","","","","","","","","","","","","","","","","","","","",3,2.98,16.4085,33.5896,24.5698,6.27,273.34,0.1,129.91,23.74,"dRB2102_CTD_117_01_F.csv","dRB2102","CTD","117","F.csv"
"E828",1,1,FALSE,"WCOA21","2021_WCOA_RonBrown","7/19/2021",NA,"12:53:04 AM","","E828","1180101","1","Niskin; Sterivex 0.22µm filter","95% EtOH","West Coast","SB2",278.1,34.381,-120.284,1000,"Sean McAllister","Bleach bottle; sample rinse 3X","7/19/2021 12:53:04 AM","7/19/2021 ","2021/07/19 12:53:00","2021/07/19 00:00:00","2021/07/19 12:53:00",34.381,-120.284,"1180101","1",278,"33RO20210613","WCOA2021","SB2","118","1","11031","2",16,"2021/07/19 00:00:00",2021,7,19,"00:53:04",200.037,34.381,-120.284,288,280.3,278.1,8.822,34.175,2,-999,9,49.2,2,-999,-999,9,-999,9,-999,9,-999,-999,9,-999,-999,9,43,2,2.55,2,29,2,0.08,2,0.02,2,-999,9,113.969,2,-999,9,-999,9,-999,9,-999,9,-999,9,-999,9,-999,9,11031,"2021/07/19 00:53:04",1,"11031","1","34.175","8.822","280.3","","","8.822","280.3","-999.0","-999.0","","","","Seawater scale (mol/kg-SW) "," K1, K2 from Mehrbach et al., 1973 refit by Dickson and Millero, 4043","Dickson ","Uppstrom, 4030","","","","","","","","","","","","","","","","","","","","","","","","","","","","","","","","","","","","","",278,275.82,8.8395,34.174,26.5014,1.14,49.51,0.04,140.64,11.92,"dRB2102_CTD_118_01_F.csv","dRB2102","CTD","118","F.csv"
"E829",1,1,FALSE,"WCOA21","2021_WCOA_RonBrown","7/19/2021",NA,"12:55:05 AM","","E829","1180103","3","Niskin; Sterivex 0.22µm filter","95% EtOH","West Coast","SB2",248.3,34.381,-120.284,1000,"Sean McAllister","Bleach bottle; sample rinse 3X","7/19/2021 12:55:05 AM","7/19/2021 ","2021/07/19 12:55:00","2021/07/19 00:00:00","2021/07/19 12:55:00",34.381,-120.284,"1180103","3",248,"33RO20210613","WCOA2021","SB2","118","1","11020","2",16,"2021/07/19 00:00:00",2021,7,19,"00:55:05",200.038,34.381,-120.284,288,250.3,248.3,9.088,34.128,2,-999,9,70,2,-999,-999,9,-999,9,-999,9,-999,-999,9,-999,-999,9,37.9,2,2.36,2,27.6,2,0.02,2,0.02,2,-999,9,72.504,2,-999,9,-999,9,-999,9,-999,9,-999,9,-999,9,-999,9,11020,"2021/07/19 00:55:05",3,"11020","3","34.128","9.088","250.3","","","9.088","250.3","-999.0","-999.0","","","","Seawater scale (mol/kg-SW) "," K1, K2 from Mehrbach et al., 1973 refit by Dickson and Millero, 4045","Dickson ","Uppstrom, 4032","","","","","","","","","","","","","","","","","","","","","","","","","","","","","","","","","","","","","",248,246.07,9.1207,34.1214,26.4152,1.64,71.37,0.04,141.27,42.66,"dRB2102_CTD_118_01_F.csv","dRB2102","CTD","118","F.csv"
"E830",1,1,FALSE,"WCOA21","2021_WCOA_RonBrown","7/19/2021",NA,"12:59:27 AM","","E830","1180106","6","Niskin; Sterivex 0.22µm filter","95% EtOH","West Coast","SB2",198.7,34.381,-120.284,1000,"Sean McAllister","","7/19/2021 12:59:27 AM","7/19/2021 ","2021/07/19 12:59:00","2021/07/19 00:00:00","2021/07/19 12:59:00",34.381,-120.284,"1180106","6",199,"33RO20210613","WCOA2021","SB2","118","1","11082","2",16,"2021/07/19 00:00:00",2021,7,19,"00:59:27",200.041,34.381,-120.284,288,200.2,198.7,9.338,34.06,2,-999,9,92.1,2,90.8,2.983,2,2214.4,2,2254,2,7.4591,25.01,2,64.32203049239384,24.995,2,32.4,2,2.15,2,25.5,2,0.01,2,0.02,2,-999,9,36.576,2,-999,9,-999,9,-999,9,-999,9,-999,9,-999,9,-999,9,11082,"2021/07/19 00:59:27",6,"11082","6","34.060","9.338","200.2","","","9.338","200.2","2254.0","2214.4","","","","Seawater scale (mol/kg-SW) "," K1, K2 from Mehrbach et al., 1973 refit by Dickson and Millero, 4048","Dickson ","Uppstrom, 4035","34.06000137","9.338000298","200.1999969","0","0","2254","2214.399902","7.648204327","1018.899353","1022.871216","2111.645955","56.80278595","45.95112354","28.16096454","0.610334648","0","0","18.25422543","1.311073871","0.833651507","1034.631371","9.338000298","200.1999969","7.648204198","1018.899432","1022.871298","2111.645955","56.80278595","45.95112354","28.16096454","0.610334648","0","0","18.25422543","1.311073871","0.833651507","1034.631436",199,197.48,9.3384,34.0602,26.3314,2.12,92.11,0.04,141.49,91.5,"dRB2102_CTD_118_01_F.csv","dRB2102","CTD","118","F.csv"
"E831",1,1,FALSE,"WCOA21","2021_WCOA_RonBrown","7/19/2021",NA,"1:06:56 AM","","E831","1180110","10","Niskin; Sterivex 0.22µm filter","95% EtOH","West Coast","SB2",99.3,34.381,-120.284,1000,"Sean McAllister","","7/19/2021 1:06:56 AM","7/19/2021 ","2021/07/19 01:06:00","2021/07/19 00:00:00","2021/07/19 01:06:00",34.381,-120.284,"1180110","10",99,"33RO20210613","WCOA2021","SB2","118","1","11067","2",16,"2021/07/19 00:00:00",2021,7,19,"01:06:56",200.046,34.381,-120.284,288,100.1,99.3,10.387,33.795,2,-999,9,137.1,2,137.3,4.506,2,2166.5,2,2238.9,2,7.5529,25.01,2,77.87853698256318,24.995,2,14.6,3,1.34,3,13.7,3,0.14,3,0.02,3,-999,9,31.227,2,-999,9,-999,9,-999,9,-999,9,-999,9,-999,9,-999,9,11067,"2021/07/19 01:06:56",10,"11067","10","33.795","10.387","100.1","","","10.387","100.1","2238.9","2166.5","","","","Seawater scale (mol/kg-SW) "," K1, K2 from Mehrbach et al., 1973 refit by Dickson and Millero, 4052","Dickson ","Uppstrom, 4039","33.79499817","10.38700008","100.0999985","0","0","2238.899902","2166.5","7.747664452","805.52948","808.6270752","2059.655125","71.70392416","35.14103345","35.01125022","0.843924073","0","0","17.10304872","1.689222673","1.07418522","818.6115691","10.38700008","100.0999985","7.74766434","805.5295008","808.6270739","2059.655125","71.70392416","35.14103345","35.01125022","0.843924073","0","0","17.10304872","1.689222673","1.07418522","818.6115896",99,98.27,10.3592,33.8014,25.9567,3.13,136.3,0.043,142.29,99.51,"dRB2102_CTD_118_01_F.csv","dRB2102","CTD","118","F.csv"
"E832",1,1,FALSE,"WCOA21","2021_WCOA_RonBrown","7/19/2021",NA,"1:14:55 AM","","E832","1180115","15","Niskin; Sterivex 0.22µm filter","95% EtOH","West Coast","SB2",29.5,34.381,-120.284,1000,"Sean McAllister","","7/19/2021 1:14:55 AM","7/19/2021 ","2021/07/19 01:14:00","2021/07/19 00:00:00","2021/07/19 01:14:00",34.381,-120.284,"1180115","15",30,"33RO20210613","WCOA2021","SB2","118","1","11053","2",16,"2021/07/19 00:00:00",2021,7,19,"01:14:55",200.052,34.381,-120.284,288,29.8,29.5,12.575,33.566,2,-999,9,207.7,2,203.8,6.687,2,2100.2,2,-999,9,7.7193,25.01,6,104.22297211455296,24.995,6,9.3,2,1.01,2,8,2,0.21,2,0.04,2,-999,9,8.119,2,-999,9,-999,9,-999,9,-999,9,-999,9,-999,9,-999,9,11053,"2021/07/19 01:14:55",15,"11053","15","33.566","12.575","29.8","","","12.575","29.8","-999.0","2100.2","","","","Seawater scale (mol/kg-SW) "," K1, K2 from Mehrbach et al., 1973 refit by Dickson and Millero, 4057","Dickson ","Uppstrom, 4044","","","","","","","","","","","","","","","","","","","","","","","","","","","","","","","","","","","","","",30,29.78,12.5011,33.5693,25.383,4.76,207.28,0.089,142.07,99.32,"dRB2102_CTD_118_01_F.csv","dRB2102","CTD","118","F.csv"
"E833",1,1,FALSE,"WCOA21","2021_WCOA_RonBrown","7/19/2021",NA,"1:19:34 AM","","E833","1180119","19","Niskin; Sterivex 0.22µm filter","95% EtOH","West Coast","SB2",3.6,34.381,-120.284,1000,"Sean McAllister","Bleach bottle; sample rinse 3X","7/19/2021 1:19:34 AM","7/19/2021 ","2021/07/19 01:19:00","2021/07/19 00:00:00","2021/07/19 01:19:00",34.381,-120.284,"1180119","19",4,"33RO20210613","WCOA2021","SB2","118","1","11028","2",16,"2021/07/19 00:00:00",2021,7,19,"01:19:34",200.055,34.381,-120.284,288,3.7,3.6,16.987,33.562,2,-999,9,274.7,2,-999,-999,9,-999,9,-999,9,-999,-999,9,-999,-999,9,-999,9,-999,9,-999,9,-999,9,-999,9,-999,9,92.351,2,-999,9,-999,9,-999,9,-999,9,-999,9,-999,9,-999,9,11028,"2021/07/19 01:19:34",19,"11028","19","33.562","16.987","3.7","","","16.987","3.7","-999.0","-999.0","","","","Seawater scale (mol/kg-SW) "," K1, K2 from Mehrbach et al., 1973 refit by Dickson and Millero, 4061","Dickson ","Uppstrom, 4048","","","","","","","","","","","","","","","","","","","","","","","","","","","","","","","","","","","","","",4,3.97,16.8808,33.5598,24.4372,6.25,272.59,0.08,140.98,99.8,"dRB2102_CTD_118_01_F.csv","dRB2102","CTD","118","F.csv"
"E834",1,1,FALSE,"WCOA21","2021_WCOA_RonBrown","7/19/2021",NA,"2:54:25 AM","","E834","1190101","1","Niskin; Sterivex 0.22µm filter","95% EtOH","West Coast","SB3",514.3,34.313,-120.126,1000,"Sean McAllister","Bleach bottle; sample rinse 3X","7/19/2021 2:54:25 AM","7/19/2021 ","2021/07/19 02:54:00","2021/07/19 00:00:00","2021/07/19 02:54:00",34.313,-120.126,"1190101","1",514,"33RO20210613","WCOA2021","SB3","119","1","11031","2",16,"2021/07/19 00:00:00",2021,7,19,"02:54:25",200.121,34.313,-120.126,524,518.6,514.3,6.649,34.247,2,-999,9,2.8,2,-999,-999,9,-999,9,-999,9,-999,-999,9,44.4056625682616,24.935,2,101.9,2,3.7,2,21.8,2,0.02,2,0.15,2,-999,9,10.084,2,-999,9,-999,9,-999,9,-999,9,-999,9,-999,9,-999,9,11031,"2021/07/19 02:54:25",1,"11031","1","34.247","6.649","518.6","","","6.649","518.6","-999.0","-999.0","","","","Seawater scale (mol/kg-SW) "," K1, K2 from Mehrbach et al., 1973 refit by Dickson and Millero, 4062","Dickson ","Uppstrom, 4049","","","","","","","","","","","","","","","","","","","","","","","","","","","","","","","","","","","","","",514,509.69,6.659,34.2471,26.8782,0.07,2.91,0.042,142.09,15.06,"dRB2102_CTD_119_01_F.csv","dRB2102","CTD","119","F.csv"
"E835",1,1,FALSE,"WCOA21","2021_WCOA_RonBrown","7/19/2021",NA,"2:57:55 AM","","E835","1190103","3","Niskin; Sterivex 0.22µm filter","95% EtOH","West Coast","SB3",496.3,34.312,-120.126,1000,"Sean McAllister","Bleach bottle; sample rinse 3X","7/19/2021 2:57:55 AM","7/19/2021 ","2021/07/19 02:57:00","2021/07/19 00:00:00","2021/07/19 02:57:00",34.312,-120.126,"1190103","3",496,"33RO20210613","WCOA2021","SB3","119","1","11020","2",16,"2021/07/19 00:00:00",2021,7,19,"02:57:55",200.124,34.312,-120.126,524,500.4,496.3,6.682,34.246,2,34.2493,2,3.5,2,-999,-999,9,-999,9,-999,9,-999,-999,9,-999,-999,9,99.8,2,3.61,2,22.9,2,0.02,2,0.03,2,-999,9,6.336,2,-999,9,-999,9,-999,9,-999,9,-999,9,-999,9,-999,9,11020,"2021/07/19 02:57:55",3,"11020","3","34.246","6.682","500.4","","","6.682","500.4","-999.0","-999.0","","","","Seawater scale (mol/kg-SW) "," K1, K2 from Mehrbach et al., 1973 refit by Dickson and Millero, 4064","Dickson ","Uppstrom, 4051","","","","","","","","","","","","","","","","","","","","","","","","","","","","","","","","","","","","","",496,491.86,6.6886,34.2461,26.8733,0.08,3.53,0.042,142.33,33.11,"dRB2102_CTD_119_01_F.csv","dRB2102","CTD","119","F.csv"
"E836",1,1,FALSE,"WCOA21","2021_WCOA_RonBrown","7/19/2021",NA,"3:01:42 AM","","E836","1190105","5","Niskin; Sterivex 0.22µm filter","95% EtOH","West Coast","SB3",471.3,34.312,-120.126,1000,"Sean McAllister","","7/19/2021 3:01:42 AM","7/19/2021 ","2021/07/19 03:01:00","2021/07/19 00:00:00","2021/07/19 03:01:00",34.312,-120.126,"1190105","5",471,"33RO20210613","WCOA2021","SB3","119","1","11008","2",16,"2021/07/19 00:00:00",2021,7,19,"03:01:42",200.126,34.312,-120.126,524,475.3,471.3,6.775,34.243,2,-999,9,6.3,2,6.1,0.2,2,2329.9,2,-999,9,7.2761,25.12,2,38.413913156848345,24.935,2,89.1,2,3.38,2,27.6,2,0,2,0.02,2,-999,9,2.649,2,-999,9,-999,9,-999,9,-999,9,-999,9,-999,9,-999,9,11008,"2021/07/19 03:01:42",5,"11008","5","34.243","6.775","475.3","","","6.775","475.3","-999.0","2329.9","","","","Seawater scale (mol/kg-SW) "," K1, K2 from Mehrbach et al., 1973 refit by Dickson and Millero, 4066","Dickson ","Uppstrom, 4053","","","","","","","","","","","","","","","","","","","","","","","","","","","","","","","","","","","","","",471,467.1,6.7836,34.243,26.8579,0.14,6.2,0.042,142.57,58.34,"dRB2102_CTD_119_01_F.csv","dRB2102","CTD","119","F.csv"
"E837",1,1,FALSE,"WCOA21","2021_WCOA_RonBrown","7/19/2021",NA,"3:07:38 AM","","E837","1190107","7","Niskin; Sterivex 0.22µm filter","95% EtOH","West Coast","SB3",421.6,34.312,-120.126,1000,"Sean McAllister","Bleach bottle; sample rinse 3X","7/19/2021 3:07:38 AM","7/19/2021 ","2021/07/19 03:07:00","2021/07/19 00:00:00","2021/07/19 03:07:00",34.312,-120.126,"1190107","7",422,"33RO20210613","WCOA2021","SB3","119","1","11004","2",16,"2021/07/19 00:00:00",2021,7,19,"03:07:38",200.13,34.312,-120.126,524,425.1,421.6,7.275,34.223,2,-999,9,18.6,2,-999,-999,9,-999,9,-999,9,-999,-999,9,-999,-999,9,68.2,2,3.04,2,32.4,2,0.01,2,0.02,2,-999,9,8.356,2,-999,9,-999,9,-999,9,-999,9,-999,9,-999,9,-999,9,11004,"2021/07/19 03:07:38",7,"11004","7","34.223","7.275","425.1","","","7.275","425.1","-999.0","-999.0","","","","Seawater scale (mol/kg-SW) "," K1, K2 from Mehrbach et al., 1973 refit by Dickson and Millero, 4068","Dickson ","Uppstrom, 4055","","","","","","","","","","","","","","","","","","","","","","","","","","","","","","","","","","","","","",422,418.55,7.3001,34.2222,26.77,0.44,18.97,0.041,142.72,99.6,"dRB2102_CTD_119_01_F.csv","dRB2102","CTD","119","F.csv"
"E838",1,1,FALSE,"WCOA21","2021_WCOA_RonBrown","7/19/2021",NA,"3:10:30 AM","","E838","1190108","8","Niskin; Sterivex 0.22µm filter","95% EtOH","West Coast","SB3",397.4,34.312,-120.126,1000,"Sean McAllister","","7/19/2021 3:10:30 AM","7/19/2021 ","2021/07/19 03:10:00","2021/07/19 00:00:00","2021/07/19 03:10:00",34.312,-120.126,"1190108","8",397,"33RO20210613","WCOA2021","SB3","119","1","11027","2",16,"2021/07/19 00:00:00",2021,7,19,"03:10:30",200.132,34.312,-120.126,524,400.6,397.4,7.456,34.217,2,-999,9,22.4,2,21.2,0.698,2,2293.3,2,2291,2,7.3113,25.12,2,46.98406350830637,24.935,2,63.8,6,2.98,6,32.9,6,0.01,6,2.68,6,-999,9,6.515,2,-999,9,-999,9,-999,9,-999,9,-999,9,-999,9,-999,9,11027,"2021/07/19 03:10:30",8,"11027","8","34.217","7.456","400.6","","","7.456","400.6","2291.0","2293.3","","","","Seawater scale (mol/kg-SW) "," K1, K2 from Mehrbach et al., 1973 refit by Dickson and Millero, 4069","Dickson ","Uppstrom, 4056","34.21699905","7.455999851","400.6000061","0","0","2291","2293.300049","7.523077488","1357.733887","1363.158447","2186.507065","41.57873978","65.2143113","20.98230478","0.383652275","0","0","18.6976182","0.922169455","0.586240766","1376.931471","7.455999851","400.6000061","7.523077474","1357.733849","1363.158496","2186.507065","41.57873978","65.2143113","20.98230478","0.383652275","0","0","18.6976182","0.922169455","0.586240766","1376.931509",397,393.78,7.4948,34.216,26.7373,0.53,23.21,0.042,142.83,99.95,"dRB2102_CTD_119_01_F.csv","dRB2102","CTD","119","F.csv"
"E839",1,1,FALSE,"WCOA21","2021_WCOA_RonBrown","7/19/2021",NA,"3:18:21 AM","","E839","1190110","10","Niskin; Sterivex 0.22µm filter","95% EtOH","West Coast","SB3",297.9,34.312,-120.126,1000,"Sean McAllister","","7/19/2021 3:18:21 AM","7/19/2021 ","2021/07/19 03:18:00","2021/07/19 00:00:00","2021/07/19 03:18:00",34.312,-120.126,"1190110","10",298,"33RO20210613","WCOA2021","SB3","119","1","11067","2",16,"2021/07/19 00:00:00",2021,7,19,"03:18:21",200.138,34.312,-120.126,524,300.3,297.9,8.598,34.194,2,-999,9,41.3,2,39.7,1.305,2,2265.9,2,2273.1,2,7.3539,25.12,2,51.19351483202225,24.935,2,47,2,2.67,2,30.6,2,0,2,0.03,2,-999,9,5.717,2,-999,9,-999,9,-999,9,-999,9,-999,9,-999,9,-999,9,11067,"2021/07/19 03:18:21",10,"11067","10","34.194","8.598","300.3","","","8.598","300.3","2273.1","2265.9","","","","Seawater scale (mol/kg-SW) "," K1, K2 from Mehrbach et al., 1973 refit by Dickson and Millero, 4071","Dickson ","Uppstrom, 4058","34.19400024","8.597999573","300.2999878","0","0","2273.100098","2265.899902","7.543257236","1305.996338","1311.136719","2160.810981","44.75249556","60.33643102","22.36470168","0.448665475","0","0","18.64497324","1.012584511","0.644021452","1325.466939","8.597999573","300.2999878","7.543257074","1305.996317","1311.13675","2160.810981","44.75249556","60.33643102","22.36470168","0.448665475","0","0","18.64497324","1.012584511","0.644021452","1325.46693",298,295.65,8.5601,34.1952,26.5617,0.93,40.4,0.04,143.01,99.9,"dRB2102_CTD_119_01_F.csv","dRB2102","CTD","119","F.csv"
"E840",1,1,FALSE,"WCOA21","2021_WCOA_RonBrown","7/19/2021",NA,"3:23:23 AM","","E840","1190111","11","Niskin; Sterivex 0.22µm filter","95% EtOH","West Coast","SB3",199,34.312,-120.126,1000,"Sean McAllister","","7/19/2021 3:23:23 AM","7/19/2021 ","2021/07/19 03:23:00","2021/07/19 00:00:00","2021/07/19 03:23:00",34.312,-120.126,"1190111","11",199,"33RO20210613","WCOA2021","SB3","119","1","11023","2",16,"2021/07/19 00:00:00",2021,7,19,"03:23:23",200.141,34.312,-120.126,524,200.6,199,9.292,34.072,2,-999,9,85.8,2,85,2.793,2,2220.6,2,2251,2,7.4472,25.12,2,62.18590430544036,24.935,3,33.5,2,2.18,2,26.1,2,0.01,2,0.03,2,-999,9,34.197,2,-999,9,-999,9,-999,9,-999,9,-999,9,-999,9,-999,9,11023,"2021/07/19 03:23:23",11,"11023","11","34.072","9.292","200.6","","","9.292","200.6","2251.0","2220.6","","","","Seawater scale (mol/kg-SW) "," K1, K2 from Mehrbach et al., 1973 refit by Dickson and Millero, 4072","Dickson ","Uppstrom, 4059","34.0719986","9.291999817","200.6000061","0","0","2251","2220.600098","7.617593765","1096.167847","1100.443359","2118.075021","53.0166176","49.5085067","26.34998111","0.566238257","0","0","18.42922074","1.223480442","0.777917288","1113.055736","9.291999817","200.6000061","7.617593687","1096.167876","1100.443512","2118.075021","53.0166176","49.5085067","26.34998111","0.566238257","0","0","18.42922074","1.223480442","0.777917288","1113.055829",199,197.48,9.2774,34.077,26.3544,1.96,85.08,0.04,142.95,99.72,"dRB2102_CTD_119_01_F.csv","dRB2102","CTD","119","F.csv"
"E841",1,1,FALSE,"WCOA21","2021_WCOA_RonBrown","7/19/2021",NA,"3:32:40 AM","","E841","1190115","15","Niskin; Sterivex 0.22µm filter","95% EtOH","West Coast","SB3",99.8,34.312,-120.126,1000,"Sean McAllister","Bleach bottle; sample rinse 3X","7/19/2021 3:32:40 AM","7/19/2021 ","2021/07/19 03:32:00","2021/07/19 00:00:00","2021/07/19 03:32:00",34.312,-120.126,"1190115","15",100,"33RO20210613","WCOA2021","SB3","119","1","11053","2",16,"2021/07/19 00:00:00",2021,7,19,"03:32:40",200.148,34.312,-120.126,524,100.5,99.8,9.925,33.898,2,-999,9,125.2,2,-999,-999,9,-999,9,-999,9,-999,-999,9,-999,-999,9,-999,9,-999,9,-999,9,-999,9,-999,9,-999,9,-999,9,-999,9,-999,9,-999,9,-999,9,-999,9,-999,9,-999,9,11053,"2021/07/19 03:32:40",15,"11053","15","33.898","9.925","100.5","","","9.925","100.5","-999.0","-999.0","","","","Seawater scale (mol/kg-SW) "," K1, K2 from Mehrbach et al., 1973 refit by Dickson and Millero, 4076","Dickson ","Uppstrom, 4063","","","","","","","","","","","","","","","","","","","","","","","","","","","","","","","","","","","","","",100,99.26,9.9725,33.8785,26.0828,2.98,129.91,0.04,144.33,99.54,"dRB2102_CTD_119_01_F.csv","dRB2102","CTD","119","F.csv"
"E842",1,1,FALSE,"WCOA21","2021_WCOA_RonBrown","7/19/2021",NA,"3:43:40 AM","","E842","1190120","20","Niskin; Sterivex 0.22µm filter","95% EtOH","West Coast","SB3",30.3,34.312,-120.126,1000,"Sean McAllister","","7/19/2021 3:43:40 AM","7/19/2021 ","2021/07/19 03:43:00","2021/07/19 00:00:00","2021/07/19 03:43:00",34.312,-120.126,"1190120","20",30,"33RO20210613","WCOA2021","SB3","119","1","11022","2",16,"2021/07/19 00:00:00",2021,7,19,"03:43:40",200.155,34.312,-120.126,524,30.6,30.3,13.13,33.586,2,-999,9,203.1,2,197.3,6.473,2,2102.9,2,-999,9,7.7188,24.93,3,103.74619444745356,24.845,2,10.6,2,1.08,2,8.8,2,0.28,2,0.44,2,-999,9,10.258,2,-999,9,-999,9,-999,9,-999,9,-999,9,-999,9,-999,9,11022,"2021/07/19 03:43:40",20,"11022","20","33.586","13.130","30.6","","","13.130","30.6","-999.0","2102.9","","","","Seawater scale (mol/kg-SW) "," K1, K2 from Mehrbach et al., 1973 refit by Dickson and Millero, 4081","Dickson ","Uppstrom, 4068","","","","","","","","","","","","","","","","","","","","","","","","","","","","","","","","","","","","","",30,29.78,13.5343,33.582,25.188,4.96,216.26,0.061,144.04,99.4,"dRB2102_CTD_119_01_F.csv","dRB2102","CTD","119","F.csv"
"E843",1,1,FALSE,"WCOA21","2021_WCOA_RonBrown","7/19/2021",NA,"3:49:46 AM","","E843","1190124","24","Niskin; Sterivex 0.22µm filter","95% EtOH","West Coast","SB3",3.3,34.312,-120.126,1000,"Sean McAllister","Difficult to filter (50:50 on two filters). When went for second filter; droplet (from that sample) rolled off glove finger from first sterivex and landed back in the sample water; potential glove contamination of second filter; Bleach bottle; sample rinse 3X","7/19/2021 3:49:46 AM","7/19/2021 ","2021/07/19 03:49:00","2021/07/19 00:00:00","2021/07/19 03:49:00",34.312,-120.126,"1190124","24",3,"33RO20210613","WCOA2021","SB3","119","1","11001","2",16,"2021/07/19 00:00:00",2021,7,19,"03:49:46",200.16,34.312,-120.126,524,3.3,3.3,18.768,33.586,2,-999,9,283.5,2,-999,-999,9,-999,9,-999,9,-999,-999,9,-999,-999,9,-999,9,-999,9,-999,9,-999,9,-999,9,-999,9,17.708,2,-999,9,-999,9,-999,9,-999,9,-999,9,-999,9,-999,9,11001,"2021/07/19 03:49:46",24,"11001","24","33.586","18.768","3.3","","","18.768","3.3","-999.0","-999.0","","","","Seawater scale (mol/kg-SW) "," K1, K2 from Mehrbach et al., 1973 refit by Dickson and Millero, 4085","Dickson ","Uppstrom, 4072","","","","","","","","","","","","","","","","","","","","","","","","","","","","","","","","","","","","","",3,2.98,18.9357,33.5873,23.9581,6.48,282.45,0.081,142.81,99.9,"dRB2102_CTD_119_01_F.csv","dRB2102","CTD","119","F.csv"
"E844",1,1,FALSE,"WCOA21","2021_WCOA_RonBrown","7/19/2021",NA,"5:23:46 AM","","E844","1200101","1","Niskin; Sterivex 0.22µm filter","95% EtOH","West Coast","SB4",565.7,34.276,-120.021,1000,"Sean McAllister","","7/19/2021 5:23:46 AM","7/19/2021 ","2021/07/19 05:23:00","2021/07/19 00:00:00","2021/07/19 05:23:00",34.276,-120.021,"1200101","1",566,"33RO20210613","WCOA2021","SB4","120","1","11031","2",16,"2021/07/19 00:00:00",2021,7,19,"05:23:46",200.225,34.276,-120.021,576,570.5,565.7,6.619,34.25,2,-999,9,3.2,2,1.9,0.061,2,2351,2,2335.9,2,7.2687,25.06,2,45.4035311681038,24.955,2,109.5,2,3.88,2,18.4,2,0.07,2,0.02,2,-999,9,137.491,2,-999,9,-999,9,-999,9,-999,9,-999,9,-999,9,-999,9,11031,"2021/07/19 05:23:46",1,"11031","1","34.250","6.619","570.5","","","6.619","570.5","2335.9","2351.0","","","","Seawater scale (mol/kg-SW) "," K1, K2 from Mehrbach et al., 1973 refit by Dickson and Millero, 4086","Dickson ","Uppstrom, 4073","34.25","6.618999958","570.5","0","0","2335.899902","2351","7.486372948","1476.539429","1482.504028","2239.703147","38.297253","72.99957382","19.30786248","0.327660414","0","0","18.60899433","0.821329641","0.522621491","1496.638702","6.618999958","570.5","7.486373181","1476.539407","1482.504062","2239.703147","38.297253","72.99957382","19.30786248","0.327660414","0","0","18.60899433","0.821329641","0.522621491","1496.638694",566,561.18,6.6188,34.2497,26.8863,0.07,3.08,0.042,159.98,14.96,"dRB2102_CTD_120_01_F.csv","dRB2102","CTD","120","F.csv"
"E845",1,1,FALSE,"WCOA21","2021_WCOA_RonBrown","7/19/2021",NA,"5:27:06 AM","","E845","1200102","2","Niskin; Sterivex 0.22µm filter","95% EtOH","West Coast","SB4",545.9,34.276,-120.021,1000,"Sean McAllister","","7/19/2021 5:27:06 AM","7/19/2021 ","2021/07/19 05:27:00","2021/07/19 00:00:00","2021/07/19 05:27:00",34.276,-120.021,"1200102","2",546,"33RO20210613","WCOA2021","SB4","120","1","11081","2",16,"2021/07/19 00:00:00",2021,7,19,"05:27:06",200.227,34.276,-120.021,576,550.6,545.9,6.618,34.249,2,34.2587,2,3.1,2,2,0.067,6,2350.6,2,2332.5,2,7.2706,25.06,2,43.90670345617721,24.955,2,109.3,2,3.85,2,18.5,2,0.07,2,0.02,2,-999,9,133.315,2,-999,9,-999,9,-999,9,-999,9,-999,9,-999,9,-999,9,11081,"2021/07/19 05:27:06",2,"11081","2","34.249","6.618","550.6","","","6.618","550.6","2332.5","2350.6","","","","Seawater scale (mol/kg-SW) "," K1, K2 from Mehrbach et al., 1973 refit by Dickson and Millero, 4087","Dickson ","Uppstrom, 4074","34.24900055","6.618000031","550.5999756","0","0","2332.5","2350.600098","7.477163792","1510.528931","1516.630981","2238.497218","37.41993247","74.68305257","18.87655444","0.320223974","0","0","18.52234891","0.805594603","0.51248473","1531.09","6.618000031","550.5999756","7.477164026","1510.528917","1516.630957","2238.497218","37.41993247","74.68305257","18.87655444","0.320223974","0","0","18.52234891","0.805594603","0.51248473","1531.089968",546,541.38,6.6179,34.2497,26.8861,0.07,3.18,0.042,161.2,35.25,"dRB2102_CTD_120_01_F.csv","dRB2102","CTD","120","F.csv"
"E846",1,1,FALSE,"WCOA21","2021_WCOA_RonBrown","7/19/2021",NA,"5:29:39 AM","","E846","1200103","3","Niskin; Sterivex 0.22µm filter","95% EtOH","West Coast","SB4",520.8,34.276,-120.021,1000,"Sean McAllister","","7/19/2021 5:29:39 AM","7/19/2021 ","2021/07/19 05:29:00","2021/07/19 00:00:00","2021/07/19 05:29:00",34.276,-120.021,"1200103","3",521,"33RO20210613","WCOA2021","SB4","120","1","11020","2",16,"2021/07/19 00:00:00",2021,7,19,"05:29:39",200.229,34.276,-120.021,576,525.3,520.8,6.641,34.248,2,-999,9,3.7,2,3.3,0.109,2,2337.3,2,-999,9,7.2714,25.06,2,46.23714035725218,24.955,2,99.1,2,3.56,2,24.2,2,0.02,2,0.02,2,-999,9,3.475,2,-999,9,-999,9,-999,9,-999,9,-999,9,-999,9,-999,9,11020,"2021/07/19 05:29:39",3,"11020","3","34.248","6.641","525.3","","","6.641","525.3","-999.0","2337.3","","","","Seawater scale (mol/kg-SW) "," K1, K2 from Mehrbach et al., 1973 refit by Dickson and Millero, 4088","Dickson ","Uppstrom, 4075","","","","","","","","","","","","","","","","","","","","","","","","","","","","","","","","","","","","","",521,516.62,6.6753,34.2469,26.876,0.11,4.75,0.042,161.43,60.22,"dRB2102_CTD_120_01_F.csv","dRB2102","CTD","120","F.csv"
"E847",1,1,FALSE,"WCOA21","2021_WCOA_RonBrown","7/19/2021",NA,"5:32:40 AM","","E847","1200104","4","Niskin; Sterivex 0.22µm filter","95% EtOH","West Coast","SB4",496.5,34.276,-120.021,1000,"Sean McAllister","","7/19/2021 5:32:40 AM","7/19/2021 ","2021/07/19 05:32:00","2021/07/19 00:00:00","2021/07/19 05:32:00",34.276,-120.021,"1200104","4",496,"33RO20210613","WCOA2021","SB4","120","1","11058","2",16,"2021/07/19 00:00:00",2021,7,19,"05:32:40",200.231,34.276,-120.021,576,500.6,496.5,6.712,34.245,2,-999,9,5.6,2,4.7,0.154,2,2331,6,2314.3,2,7.275,25.06,6,43.94958693901795,24.955,2,92.6,2,3.42,2,27.1,2,0.02,2,0.02,2,-999,9,1.394,2,-999,9,-999,9,-999,9,-999,9,-999,9,-999,9,-999,9,11058,"2021/07/19 05:32:40",4,"11058","4","34.245","6.712","500.6","","","6.712","500.6","2314.3","2331.0","","","","Seawater scale (mol/kg-SW) "," K1, K2 from Mehrbach et al., 1973 refit by Dickson and Millero, 4089","Dickson ","Uppstrom, 4076","34.24499893","6.711999893","500.6000061","0","0","2314.300049","2331","7.481676579","1491.538574","1497.556396","2219.986092","37.51007512","73.50388739","19.00194302","0.325422261","0","0","18.51689265","0.815442933","0.518500296","1511.927195","6.711999893","500.6000061","7.481676648","1491.538641","1497.556507","2219.986092","37.51007512","73.50388739","19.00194302","0.325422261","0","0","18.51689265","0.815442933","0.518500296","1511.927247",496,491.86,6.746,34.2437,26.8638,0.14,6.17,0.042,161.59,85.26,"dRB2102_CTD_120_01_F.csv","dRB2102","CTD","120","F.csv"
"E848",1,1,FALSE,"WCOA21","2021_WCOA_RonBrown","7/19/2021",NA,"5:35:09 AM","","E848","1200105","5","Niskin; Sterivex 0.22µm filter","95% EtOH","West Coast","SB4",471.3,34.276,-120.021,1000,"Sean McAllister","","7/19/2021 5:35:09 AM","7/19/2021 ","2021/07/19 05:35:00","2021/07/19 00:00:00","2021/07/19 05:35:00",34.276,-120.021,"1200105","5",471,"33RO20210613","WCOA2021","SB4","120","1","11008","2",16,"2021/07/19 00:00:00",2021,7,19,"05:35:09",200.233,34.276,-120.021,576,475.2,471.3,6.835,34.239,2,-999,9,8.6,2,-999,-999,9,-999,9,-999,9,-999,-999,9,-999,-999,9,85.9,2,3.29,2,29.4,2,0.02,2,0.02,2,-999,9,3.578,2,-999,9,-999,9,-999,9,-999,9,-999,9,-999,9,-999,9,11008,"2021/07/19 05:35:09",5,"11008","5","34.239","6.835","475.2","","","6.835","475.2","-999.0","-999.0","","","","Seawater scale (mol/kg-SW) "," K1, K2 from Mehrbach et al., 1973 refit by Dickson and Millero, 4090","Dickson ","Uppstrom, 4077","","","","","","","","","","","","","","","","","","","","","","","","","","","","","","","","","","","","","",471,467.1,6.8503,34.2385,26.8453,0.21,9.16,0.04,161.86,100,"dRB2102_CTD_120_01_F.csv","dRB2102","CTD","120","F.csv"
"E849",1,1,FALSE,"WCOA21","2021_WCOA_RonBrown","7/19/2021",NA,"5:41:07 AM","","E849","1200107","7","Niskin; Sterivex 0.22µm filter","95% EtOH","West Coast","SB4",422.2,34.276,-120.021,1000,"Sean McAllister","","7/19/2021 5:41:07 AM","7/19/2021 ","2021/07/19 05:41:00","2021/07/19 00:00:00","2021/07/19 05:41:00",34.276,-120.021,"1200107","7",422,"33RO20210613","WCOA2021","SB4","120","1","11004","2",16,"2021/07/19 00:00:00",2021,7,19,"05:41:07",200.237,34.276,-120.021,576,425.7,422.2,7.124,34.228,2,-999,9,14.9,2,-999,-999,9,-999,9,-999,9,-999,-999,9,-999,-999,9,74.9,2,3.13,2,31.7,2,0.02,2,0.02,2,-999,9,3.174,2,-999,9,-999,9,-999,9,-999,9,-999,9,-999,9,-999,9,11004,"2021/07/19 05:41:07",7,"11004","7","34.228","7.124","425.7","","","7.124","425.7","-999.0","-999.0","","","","Seawater scale (mol/kg-SW) "," K1, K2 from Mehrbach et al., 1973 refit by Dickson and Millero, 4092","Dickson ","Uppstrom, 4079","","","","","","","","","","","","","","","","","","","","","","","","","","","","","","","","","","","","","",422,418.55,7.1669,34.2282,26.7932,0.36,15.69,0.042,162.02,99.98,"dRB2102_CTD_120_01_F.csv","dRB2102","CTD","120","F.csv"
"E850",1,1,FALSE,"WCOA21","2021_WCOA_RonBrown","7/19/2021",NA,"5:44:04 AM","","E850","1200108","8","Niskin; Sterivex 0.22µm filter","95% EtOH","West Coast","SB4",397.1,34.276,-120.021,1000,"Sean McAllister","","7/19/2021 5:44:04 AM","7/19/2021 ","2021/07/19 05:44:00","2021/07/19 00:00:00","2021/07/19 05:44:00",34.276,-120.021,"1200108","8",397,"33RO20210613","WCOA2021","SB4","120","1","11027","2",16,"2021/07/19 00:00:00",2021,7,19,"05:44:04",200.239,34.276,-120.021,576,400.3,397.1,7.509,34.214,2,-999,9,22.1,2,20.5,0.674,2,2296.1,2,2292.2,2,7.3092,25.06,2,43.556825067619194,24.955,3,67.4,2,3.03,2,32,2,0.03,2,0.02,2,-999,9,2.559,2,-999,9,-999,9,-999,9,-999,9,-999,9,-999,9,-999,9,11027,"2021/07/19 05:44:04",8,"11027","8","34.214","7.509","400.3","","","7.509","400.3","2292.2","2296.1","","","","Seawater scale (mol/kg-SW) "," K1, K2 from Mehrbach et al., 1973 refit by Dickson and Millero, 4093","Dickson ","Uppstrom, 4080","34.2140007","7.508999825","400.2999878","0","0","2292.199951","2296.100098","7.517006874","1378.957397","1384.463013","2188.855706","41.13051792","66.11391374","20.73380064","0.380398555","0","0","18.67120372","0.912337867","0.580029844","1398.502631","7.508999825","400.2999878","7.517006868","1378.957377","1384.462986","2188.855706","41.13051792","66.11391374","20.73380064","0.380398555","0","0","18.67120372","0.912337867","0.580029844","1398.502571",397,393.78,7.5613,34.215,26.727,0.54,23.28,0.04,162.08,99.95,"dRB2102_CTD_120_01_F.csv","dRB2102","CTD","120","F.csv"
"E851",1,1,FALSE,"WCOA21","2021_WCOA_RonBrown","7/19/2021",NA,"5:51:56 AM","","E851","1200110","10","Niskin; Sterivex 0.22µm filter","95% EtOH","West Coast","SB4",298.2,34.276,-120.021,1000,"Sean McAllister","","7/19/2021 5:51:56 AM","7/19/2021 ","2021/07/19 05:51:00","2021/07/19 00:00:00","2021/07/19 05:51:00",34.276,-120.021,"1200110","10",298,"33RO20210613","WCOA2021","SB4","120","1","11067","2",16,"2021/07/19 00:00:00",2021,7,19,"05:51:56",200.244,34.276,-120.021,576,300.5,298.2,8.313,34.205,2,-999,9,35.7,2,36.2,1.19,2,2273.3,2,2278.6,2,7.3457,25.06,2,50.373425408963236,24.955,2,51.8,2,2.76,2,31,2,0.02,2,0.02,2,-999,9,3.086,2,-999,9,-999,9,-999,9,-999,9,-999,9,-999,9,-999,9,11067,"2021/07/19 05:51:56",10,"11067","10","34.205","8.313","300.5","","","8.313","300.5","2278.6","2273.3","","","","Seawater scale (mol/kg-SW) "," K1, K2 from Mehrbach et al., 1973 refit by Dickson and Millero, 4095","Dickson ","Uppstrom, 4082","34.20500183","8.312999725","300.5","0","0","2278.600098","2273.300049","7.540793419","1314.729858","1319.924072","2167.829456","44.14436148","61.32614632","22.07800689","0.433242431","0","0","18.66599853","0.998533131","0.634819448","1334.070963","8.312999725","300.5","7.540793623","1314.729936","1319.924071","2167.829456","44.14436148","61.32614632","22.07800689","0.433242431","0","0","18.66599853","0.998533131","0.634819448","1334.071014",298,295.65,8.3212,34.2036,26.6048,0.82,35.78,0.04,162.55,99.92,"dRB2102_CTD_120_01_F.csv","dRB2102","CTD","120","F.csv"
"E852",1,1,FALSE,"WCOA21","2021_WCOA_RonBrown","7/19/2021",NA,"5:56:42 AM","","E852","1200111","11","Niskin; Sterivex 0.22µm filter","95% EtOH","West Coast","SB4",199.1,34.276,-120.021,1000,"Sean McAllister","","7/19/2021 5:56:42 AM","7/19/2021 ","2021/07/19 05:56:00","2021/07/19 00:00:00","2021/07/19 05:56:00",34.276,-120.021,"1200111","11",199,"33RO20210613","WCOA2021","SB4","120","1","11023","2",16,"2021/07/19 00:00:00",2021,7,19,"05:56:42",200.248,34.276,-120.021,576,200.6,199.1,8.939,34.161,2,-999,9,62.3,2,62.4,2.051,2,2243.9,2,2268,2,7.4029,25.06,2,57.012459563581096,24.955,2,40.6,2,2.42,2,28.4,2,0.05,2,0.02,2,-999,9,27.799,2,-999,9,-999,9,-999,9,-999,9,-999,9,-999,9,-999,9,11023,"2021/07/19 05:56:42",11,"11023","11","34.161","8.939","200.6","","","8.939","200.6","2268.0","2243.9","","","","Seawater scale (mol/kg-SW) "," K1, K2 from Mehrbach et al., 1973 refit by Dickson and Millero, 4096","Dickson ","Uppstrom, 4083","34.1609993","8.93900013","200.6000061","0","0","2268","2243.899902","7.60032177","1149.342041","1153.845825","2140.527905","50.87051427","52.50155335","25.2312065","0.525458814","0","0","18.55321874","1.173153327","0.745614138","1166.754769","8.93900013","200.6000061","7.600321765","1149.342028","1153.845759","2140.527905","50.87051427","52.50155335","25.2312065","0.525458814","0","0","18.55321874","1.173153327","0.745614138","1166.754722",199,197.48,8.9489,34.1601,26.4719,1.48,64.57,0.04,162.97,99.83,"dRB2102_CTD_120_01_F.csv","dRB2102","CTD","120","F.csv"
"E853",1,1,FALSE,"WCOA21","2021_WCOA_RonBrown","7/19/2021",NA,"6:06:00 AM","","E853","1200115","15","Niskin; Sterivex 0.22µm filter","95% EtOH","West Coast","SB4",100,34.276,-120.021,1000,"Sean McAllister","Bleach bottle; sample rinse 3X","7/19/2021 6:06:00 AM","7/19/2021 ","2021/07/19 06:06:00","2021/07/19 00:00:00","2021/07/19 06:06:00",34.276,-120.021,"1200115","15",100,"33RO20210613","WCOA2021","SB4","120","1","11053","2",16,"2021/07/19 00:00:00",2021,7,19,"06:06:00",200.254,34.276,-120.021,576,100.8,100,9.974,33.888,2,-999,9,123.8,2,-999,-999,9,-999,9,-999,9,-999,-999,9,-999,-999,9,-999,9,-999,9,-999,9,-999,9,-999,9,-999,9,-999,9,-999,9,-999,9,-999,9,-999,9,-999,9,-999,9,-999,9,11053,"2021/07/19 06:06:00",15,"11053","15","33.888","9.974","100.8","","","9.974","100.8","-999.0","-999.0","","","","Seawater scale (mol/kg-SW) "," K1, K2 from Mehrbach et al., 1973 refit by Dickson and Millero, 4100","Dickson ","Uppstrom, 4087","","","","","","","","","","","","","","","","","","","","","","","","","","","","","","","","","","","","","",100,99.26,10.2062,33.8383,26.0118,3,130.65,0.042,163.57,99.52,"dRB2102_CTD_120_01_F.csv","dRB2102","CTD","120","F.csv"
"E854",1,1,FALSE,"WCOA21","2021_WCOA_RonBrown","7/19/2021",NA,"6:16:17 AM","","E854","1200120","20","Niskin; Sterivex 0.22µm filter","95% EtOH","West Coast","SB4",30.4,34.276,-120.021,1000,"Sean McAllister","","7/19/2021 6:16:17 AM","7/19/2021 ","2021/07/19 06:16:00","2021/07/19 00:00:00","2021/07/19 06:16:00",34.276,-120.021,"1200120","20",30,"33RO20210613","WCOA2021","SB4","120","1","11022","2",16,"2021/07/19 00:00:00",2021,7,19,"06:16:17",200.261,34.276,-120.021,576,30.7,30.4,14.849,33.562,2,33.5861,2,236.3,2,226.7,7.434,2,2071.9,2,-999,9,7.8059,25.06,2,123.95870114870436,24.965,2,6.4,2,0.71,2,3.9,2,0.07,2,0.42,2,-999,9,8.405,2,-999,9,-999,9,-999,9,-999,9,-999,9,-999,9,-999,9,11022,"2021/07/19 06:16:17",20,"11022","20","33.562","14.849","30.7","","","14.849","30.7","-999.0","2071.9","","","","Seawater scale (mol/kg-SW) "," K1, K2 from Mehrbach et al., 1973 refit by Dickson and Millero, 4105","Dickson ","Uppstrom, 4092","","","","","","","","","","","","","","","","","","","","","","","","","","","","","","","","","","","","","",30,29.78,14.9611,33.5606,24.8718,5.5,239.49,0.106,162.12,99.41,"dRB2102_CTD_120_01_F.csv","dRB2102","CTD","120","F.csv"
"E855",1,1,FALSE,"WCOA21","2021_WCOA_RonBrown","7/19/2021",NA,"6:21:38 AM","","E855","1200124","24","Niskin; Sterivex 0.22µm filter","95% EtOH","West Coast","SB4",3.4,34.276,-120.021,1000,"Sean McAllister","Bleach bottle; sample rinse 3X","7/19/2021 6:21:38 AM","7/19/2021 ","2021/07/19 06:21:00","2021/07/19 00:00:00","2021/07/19 06:21:00",34.276,-120.021,"1200124","24",3,"33RO20210613","WCOA2021","SB4","120","1","11001","2",16,"2021/07/19 00:00:00",2021,7,19,"06:21:38",200.265,34.276,-120.021,576,3.4,3.4,18.091,33.597,2,-999,9,275.3,2,-999,-999,9,-999,9,-999,9,-999,-999,9,-999,-999,9,-999,9,-999,9,-999,9,-999,9,-999,9,-999,9,5.513,2,-999,9,-999,9,-999,9,-999,9,-999,9,-999,9,-999,9,11001,"2021/07/19 06:21:38",24,"11001","24","33.597","18.091","3.4","","","18.091","3.4","-999.0","-999.0","","","","Seawater scale (mol/kg-SW) "," K1, K2 from Mehrbach et al., 1973 refit by Dickson and Millero, 4109","Dickson ","Uppstrom, 4096","","","","","","","","","","","","","","","","","","","","","","","","","","","","","","","","","","","","","",3,2.98,17.964,33.5955,24.2055,6.3,274.68,0.105,162.37,113.8,"dRB2102_CTD_120_01_F.csv","dRB2102","CTD","120","F.csv"
"E860.1B",1,1,FALSE,"WCOA21","2021_WCOA_RonBrown","7/19/2021",NA,"11:30:20 AM","","E860.1B","1210101","1","Niskin; Sterivex 0.22µm filter","95% EtOH","West Coast","Scorp",78.7,34.078,-119.557,1000,"Sean McAllister","Renamed from 844.1B","7/19/2021 11:30:20 AM","7/19/2021 ","2021/07/19 11:30:00","2021/07/19 00:00:00","2021/07/19 11:30:00",34.078,-119.557,"1210101","1",79,"33RO20210613","WCOA2021","SCORP","121","1","11031","2",16,"2021/07/19 00:00:00",2021,7,19,"11:30:20",200.479,34.078,-119.557,89,79.3,78.7,10.493,33.797,2,-999,9,132.4,2,141.7,4.652,2,2162.5,2,2232.9,2,7.5616,25.04,2,78.264577669582,24.99,2,20.7,2,1.43,2,14.8,2,0.16,2,0.02,2,-999,9,16.84,2,-999,9,-999,9,-999,9,-999,9,-999,9,-999,9,-999,9,11031,"2021/07/19 11:30:20",1,"11031","1","33.797","10.493","79.3","","","10.493","79.3","2232.9","2162.5","","","","Seawater scale (mol/kg-SW) "," K1, K2 from Mehrbach et al., 1973 refit by Dickson and Millero, 4110","Dickson ","Uppstrom, 4097","33.79700089","10.49300003","79.30000305","0","0","2232.899902","2162.5","7.740812302","819.3450928","822.4914551","2056.215095","70.66573028","35.61922609","34.53349992","0.838336019","0","0","17.15798901","1.67114861","1.062629307","832.7202052","10.49300003","79.30000305","7.740812421","819.3451205","822.4914915","2056.215095","70.66573028","35.61922609","34.53349992","0.838336019","0","0","17.15798901","1.67114861","1.062629307","832.7202187",79,78.42,10.5032,33.7929,25.9248,3.04,132.38,0.044,160.21,10.62,"dRB2102_CTD_121_01_F.csv","dRB2102","CTD","121","F.csv"
"E860.2B",2,1,FALSE,"WCOA21","2021_WCOA_RonBrown","7/19/2021",NA,"11:30:23 AM","","E860.2B","1210102","2","Niskin; Sterivex 0.22µm filter","95% EtOH","West Coast","Scorp",78.8,34.078,-119.557,1000,"Sean McAllister","Renamed from 844.2B; Bleach bottle; sample rinse 3X","7/19/2021 11:30:23 AM","7/19/2021 ","2021/07/19 11:30:00","2021/07/19 00:00:00","2021/07/19 11:30:00",34.078,-119.557,"1210102","2",79,"33RO20210613","WCOA2021","SCORP","121","1","11081","2",16,"2021/07/19 00:00:00",2021,7,19,"11:30:23",200.479,34.078,-119.557,89,79.4,78.8,10.487,33.798,2,-999,9,132.4,2,-999,-999,9,-999,9,-999,9,-999,-999,9,-999,-999,9,-999,9,-999,9,-999,9,-999,9,-999,9,-999,9,18.31,2,-999,9,-999,9,-999,9,-999,9,-999,9,-999,9,-999,9,11081,"2021/07/19 11:30:23",2,"11081","2","33.798","10.487","79.4","","","10.487","79.4","-999.0","-999.0","","","","Seawater scale (mol/kg-SW) "," K1, K2 from Mehrbach et al., 1973 refit by Dickson and Millero, 4111","Dickson ","Uppstrom, 4098","","","","","","","","","","","","","","","","","","","","","","","","","","","","","","","","","","","","","",79,78.42,10.5032,33.7929,25.9248,3.04,132.38,0.044,160.21,10.62,"dRB2102_CTD_121_01_F.csv","dRB2102","CTD","121","F.csv"
"E860.3B",3,1,FALSE,"WCOA21","2021_WCOA_RonBrown","7/19/2021",NA,"11:30:26 AM","","E860.3B","1210103","3","Niskin; Sterivex 0.22µm filter","95% EtOH","West Coast","Scorp",78.9,34.078,-119.557,1000,"Sean McAllister","Renamed from 844.3B; Bleach bottle; sample rinse 3X","7/19/2021 11:30:26 AM","7/19/2021 ","2021/07/19 11:30:00","2021/07/19 00:00:00","2021/07/19 11:30:00",34.078,-119.557,"1210103","3",79,"33RO20210613","WCOA2021","SCORP","121","1","11020","2",16,"2021/07/19 00:00:00",2021,7,19,"11:30:26",200.479,34.078,-119.557,89,79.4,78.9,10.487,33.798,2,-999,9,132.4,2,-999,-999,9,-999,9,-999,9,-999,-999,9,-999,-999,9,-999,9,-999,9,-999,9,-999,9,-999,9,-999,9,-999,9,-999,9,-999,9,-999,9,-999,9,-999,9,-999,9,-999,9,11020,"2021/07/19 11:30:26",3,"11020","3","33.798","10.487","79.4","","","10.487","79.4","-999.0","-999.0","","","","Seawater scale (mol/kg-SW) "," K1, K2 from Mehrbach et al., 1973 refit by Dickson and Millero, 4112","Dickson ","Uppstrom, 4099","","","","","","","","","","","","","","","","","","","","","","","","","","","","","","","","","","","","","",79,78.42,10.5032,33.7929,25.9248,3.04,132.38,0.044,160.21,10.62,"dRB2102_CTD_121_01_F.csv","dRB2102","CTD","121","F.csv"
"E861.1B",1,1,FALSE,"WCOA21","2021_WCOA_RonBrown","7/19/2021",NA,"11:40:19 AM","","E861.1B","1210110","10","Niskin; Sterivex 0.22µm filter","95% EtOH","West Coast","Scorp",30.4,34.077,-119.558,1000,"Sean McAllister","Renamed from 845.1B","7/19/2021 11:40:19 AM","7/19/2021 ","2021/07/19 11:40:00","2021/07/19 00:00:00","2021/07/19 11:40:00",34.077,-119.558,"1210110","10",30,"33RO20210613","WCOA2021","SCORP","121","1","11067","2",16,"2021/07/19 00:00:00",2021,7,19,"11:40:19",200.486,34.077,-119.558,89,30.6,30.4,16.886,33.505,2,-999,9,267.9,2,262.8,8.613,2,2027.6,2,-999,9,7.902,25.04,2,152.366416628426,24.99,2,2.5,2,0.23,2,0,2,0,2,0.02,2,-999,9,6.248,2,-999,9,-999,9,-999,9,-999,9,-999,9,-999,9,-999,9,11067,"2021/07/19 11:40:19",10,"11067","10","33.505","16.886","30.6","","","16.886","30.6","-999.0","2027.6","","","","Seawater scale (mol/kg-SW) "," K1, K2 from Mehrbach et al., 1973 refit by Dickson and Millero, 4119","Dickson ","Uppstrom, 4106","","","","","","","","","","","","","","","","","","","","","","","","","","","","","","","","","","","","","",30,29.78,16.7515,33.5221,24.4395,6.11,266.27,0.123,158.75,59.6,"dRB2102_CTD_121_01_F.csv","dRB2102","CTD","121","F.csv"
"E861.2B",2,1,FALSE,"WCOA21","2021_WCOA_RonBrown","7/19/2021",NA,"11:40:22 AM","","E861.2B","1210111","11","Niskin; Sterivex 0.22µm filter","95% EtOH","West Coast","Scorp",30.3,34.077,-119.558,1000,"Sean McAllister","Renamed from 845.2B; Bleach bottle; sample rinse 3X; airlocked at ~500mL so split into two filters.","7/19/2021 11:40:22 AM","7/19/2021 ","2021/07/19 11:40:00","2021/07/19 00:00:00","2021/07/19 11:40:00",34.077,-119.558,"1210111","11",30,"33RO20210613","WCOA2021","SCORP","121","1","11023","2",16,"2021/07/19 00:00:00",2021,7,19,"11:40:22",200.486,34.077,-119.558,89,30.5,30.3,16.872,33.521,2,-999,9,267.9,2,-999,-999,9,-999,9,-999,9,-999,-999,9,-999,-999,9,-999,9,-999,9,-999,9,-999,9,-999,9,-999,9,-999,9,-999,9,-999,9,-999,9,-999,9,-999,9,-999,9,-999,9,11023,"2021/07/19 11:40:22",11,"11023","11","33.521","16.872","30.5","","","16.872","30.5","-999.0","-999.0","","","","Seawater scale (mol/kg-SW) "," K1, K2 from Mehrbach et al., 1973 refit by Dickson and Millero, 4120","Dickson ","Uppstrom, 4107","","","","","","","","","","","","","","","","","","","","","","","","","","","","","","","","","","","","","",30,29.78,16.7515,33.5221,24.4395,6.11,266.27,0.123,158.75,59.6,"dRB2102_CTD_121_01_F.csv","dRB2102","CTD","121","F.csv"
"E861.3B",3,1,FALSE,"WCOA21","2021_WCOA_RonBrown","7/19/2021",NA,"11:40:25 AM","","E861.3B","1210112","12","Niskin; Sterivex 0.22µm filter","95% EtOH","West Coast","Scorp",30.3,34.077,-119.558,1000,"Sean McAllister","Renamed from 845.3B; Bleach bottle; sample rinse 3X","7/19/2021 11:40:25 AM","7/19/2021 ","2021/07/19 11:40:00","2021/07/19 00:00:00","2021/07/19 11:40:00",34.077,-119.558,"1210112","12",30,"33RO20210613","WCOA2021","SCORP","121","1","11026","2",16,"2021/07/19 00:00:00",2021,7,19,"11:40:25",200.486,34.077,-119.558,89,30.6,30.3,16.973,33.526,2,-999,9,267.9,2,-999,-999,9,-999,9,-999,9,-999,-999,9,-999,-999,9,-999,9,-999,9,-999,9,-999,9,-999,9,2.9,2,-999,9,-999,9,-999,9,-999,9,-999,9,-999,9,-999,9,-999,9,11026,"2021/07/19 11:40:25",12,"11026","12","33.526","16.973","30.6","","","16.973","30.6","-999.0","-999.0","","","","Seawater scale (mol/kg-SW) "," K1, K2 from Mehrbach et al., 1973 refit by Dickson and Millero, 4121","Dickson ","Uppstrom, 4108","","","","","","","","","","","","","","","","","","","","","","","","","","","","","","","","","","","","","",30,29.78,16.7515,33.5221,24.4395,6.11,266.27,0.123,158.75,59.6,"dRB2102_CTD_121_01_F.csv","dRB2102","CTD","121","F.csv"
"E862.1B",1,1,FALSE,"WCOA21","2021_WCOA_RonBrown","7/19/2021",NA,"11:47:21 AM","","E862.1B","1210118","18","Niskin; Sterivex 0.22µm filter","95% EtOH","West Coast","Scorp",3.3,34.077,-119.558,1000,"Sean McAllister","Renamed from 846.1B; This series difficult to filter. Very turbulent. Sterivex on outlet.","7/19/2021 11:47:21 AM","7/19/2021 ","2021/07/19 11:47:00","2021/07/19 00:00:00","2021/07/19 11:47:00",34.077,-119.558,"1210118","18",3,"33RO20210613","WCOA2021","SCORP","121","1","11002","2",16,"2021/07/19 00:00:00",2021,7,19,"11:47:21",200.491,34.077,-119.558,89,3.3,3.3,19.588,33.592,2,-999,9,266.6,2,-999,-999,9,-999,9,-999,9,-999,-999,9,-999,-999,9,-999,9,-999,9,-999,9,-999,9,-999,9,-999,9,7.706,2,-999,9,-999,9,-999,9,-999,9,-999,9,-999,9,-999,9,11002,"2021/07/19 11:47:21",18,"11002","18","33.592","19.588","3.3","","","19.588","3.3","-999.0","-999.0","","","","Seawater scale (mol/kg-SW) "," K1, K2 from Mehrbach et al., 1973 refit by Dickson and Millero, 4127","Dickson ","Uppstrom, 4114","","","","","","","","","","","","","","","","","","","","","","","","","","","","","","","","","","","","","",3,2.98,19.6005,33.5921,23.7921,6.1,266.15,0.083,159.31,85.93,"dRB2102_CTD_121_01_F.csv","dRB2102","CTD","121","F.csv"
"E862.2B",2,1,FALSE,"WCOA21","2021_WCOA_RonBrown","7/19/2021",NA,"11:47:23 AM","","E862.2B","1210119","19","Niskin; Sterivex 0.22µm filter","95% EtOH","West Coast","Scorp",3.3,34.077,-119.558,1000,"Sean McAllister","Renamed from 846.2B; Bleach bottle; sample rinse 3X; Sterivex on outlet","7/19/2021 11:47:23 AM","7/19/2021 ","2021/07/19 11:47:00","2021/07/19 00:00:00","2021/07/19 11:47:00",34.077,-119.558,"1210119","19",3,"33RO20210613","WCOA2021","SCORP","121","1","11028","2",16,"2021/07/19 00:00:00",2021,7,19,"11:47:23",200.491,34.077,-119.558,89,3.3,3.3,19.589,33.592,2,-999,9,266.6,2,-999,-999,9,-999,9,-999,9,-999,-999,9,-999,-999,9,-999,9,-999,9,-999,9,-999,9,-999,9,-999,9,-999,9,-999,9,-999,9,-999,9,-999,9,-999,9,-999,9,-999,9,11028,"2021/07/19 11:47:23",19,"11028","19","33.592","19.589","3.3","","","19.589","3.3","-999.0","-999.0","","","","Seawater scale (mol/kg-SW) "," K1, K2 from Mehrbach et al., 1973 refit by Dickson and Millero, 4128","Dickson ","Uppstrom, 4115","","","","","","","","","","","","","","","","","","","","","","","","","","","","","","","","","","","","","",3,2.98,19.6005,33.5921,23.7921,6.1,266.15,0.083,159.31,85.93,"dRB2102_CTD_121_01_F.csv","dRB2102","CTD","121","F.csv"
"E862.3B",3,1,FALSE,"WCOA21","2021_WCOA_RonBrown","7/19/2021",NA,"11:47:25 AM","","E862.3B","1210120","20","Niskin; Sterivex 0.22µm filter","95% EtOH","West Coast","Scorp",3.2,34.077,-119.558,1000,"Sean McAllister","Renamed from 846.3B; Bleach bottle; sample rinse 3X; Sterivex on outlet","7/19/2021 11:47:25 AM","7/19/2021 ","2021/07/19 11:47:00","2021/07/19 00:00:00","2021/07/19 11:47:00",34.077,-119.558,"1210120","20",3,"33RO20210613","WCOA2021","SCORP","121","1","11022","2",16,"2021/07/19 00:00:00",2021,7,19,"11:47:25",200.491,34.077,-119.558,89,3.2,3.2,19.589,33.592,2,-999,9,266.6,2,-999,-999,9,-999,9,-999,9,-999,-999,9,-999,-999,9,-999,9,-999,9,-999,9,-999,9,-999,9,-999,9,-999,9,-999,9,-999,9,-999,9,-999,9,-999,9,-999,9,-999,9,11022,"2021/07/19 11:47:25",20,"11022","20","33.592","19.589","3.2","","","19.589","3.2","-999.0","-999.0","","","","Seawater scale (mol/kg-SW) "," K1, K2 from Mehrbach et al., 1973 refit by Dickson and Millero, 4129","Dickson ","Uppstrom, 4116","","","","","","","","","","","","","","","","","","","","","","","","","","","","","","","","","","","","","",3,2.98,19.6005,33.5921,23.7921,6.1,266.15,0.083,159.31,85.93,"dRB2102_CTD_121_01_F.csv","dRB2102","CTD","121","F.csv"
"E863",1,1,FALSE,"WCOA21","2021_WCOA_RonBrown","7/19/2021",NA,"1:30:50 PM","","E863","1220101","1","Niskin; Sterivex 0.22µm filter","95% EtOH","West Coast","SB5",342.7,34.159,-119.717,1000,"Sean McAllister","Renamed from 847","7/19/2021 1:30:50 PM","7/19/2021 ","2021/07/19 01:30:00","2021/07/19 00:00:00","2021/07/19 01:30:00",34.159,-119.717,"1220101","1",343,"33RO20210613","WCOA2021","SB5","122","1","11031","2",16,"2021/07/19 00:00:00",2021,7,19,"13:30:50",200.563,34.159,-119.717,353,345.5,342.7,8.107,34.208,2,34.214,2,29.4,2,29.3,0.962,2,2280.3,2,2282.8,2,7.3341,24.99,2,49.58221292193499,24.885,2,57.2,2,2.85,2,30.9,2,0.06,2,0.09,2,-999,9,73.849,2,-999,9,-999,9,-999,9,-999,9,-999,9,-999,9,-999,9,11031,"2021/07/19 13:30:50",1,"11031","1","34.208","8.107","345.5","","","8.107","345.5","2282.8","2280.3","","","","Seawater scale (mol/kg-SW) "," K1, K2 from Mehrbach et al., 1973 refit by Dickson and Millero, 4130","Dickson ","Uppstrom, 4117","34.20800018","8.107000351","345.5","0","0","2282.800049","2280.300049","7.532390118","1336.00708","1341.299561","2174.340335","43.20327183","62.75641073","21.66564731","0.417505028","0","0","18.67460007","0.968828244","0.616077022","1355.473523","8.107000351","345.5","7.532389903","1336.007007","1341.299458","2174.340335","43.20327183","62.75641073","21.66564731","0.417505028","0","0","18.67460007","0.968828244","0.616077022","1355.473477",343,340.27,8.1199,34.2079,26.639,0.69,29.82,0.041,157.24,13.02,"dRB2102_CTD_122_01_F.csv","dRB2102","CTD","122","F.csv"
"E864",1,1,FALSE,"WCOA21","2021_WCOA_RonBrown","7/19/2021",NA,"1:34:18 PM","","E864","1220102","2","Niskin; Sterivex 0.22µm filter","95% EtOH","West Coast","SB5",298.2,34.159,-119.717,1000,"Sean McAllister","Renamed from 848","7/19/2021 1:34:18 PM","7/19/2021 ","2021/07/19 01:34:00","2021/07/19 00:00:00","2021/07/19 01:34:00",34.159,-119.717,"1220102","2",298,"33RO20210613","WCOA2021","SB5","122","1","11081","2",16,"2021/07/19 00:00:00",2021,7,19,"13:34:18",200.565,34.159,-119.717,353,300.5,298.2,8.41,34.203,2,-999,9,37.1,2,36.3,1.194,6,2270.5,6,2277.4,2,7.3468,24.99,2,50.47764611453553,24.885,2,50.9,2,2.76,2,31.1,2,0.02,2,0.01,2,-999,9,17.107,2,-999,9,-999,9,-999,9,-999,9,-999,9,-999,9,-999,9,11081,"2021/07/19 13:34:18",2,"11081","2","34.203","8.410","300.5","","","8.410","300.5","2277.4","2270.5","","","","Seawater scale (mol/kg-SW) "," K1, K2 from Mehrbach et al., 1973 refit by Dickson and Millero, 4131","Dickson ","Uppstrom, 4118","34.20299911","8.409999847","300.5","0","0","2277.399902","2270.5","7.544872284","1301.896118","1307.033081","2165.289902","44.68166158","60.52837893","22.33395548","0.44173248","0","0","18.66552045","1.010763058","0.642687915","1321.135466","8.409999847","300.5","7.544872347","1301.89613","1307.033038","2165.289902","44.68166158","60.52837893","22.33395548","0.44173248","0","0","18.66552045","1.010763058","0.642687915","1321.135385",298,295.66,8.4524,34.2025,26.5839,0.87,37.76,0.04,158.8,58.31,"dRB2102_CTD_122_01_F.csv","dRB2102","CTD","122","F.csv"
"E865",1,1,FALSE,"WCOA21","2021_WCOA_RonBrown","7/19/2021",NA,"1:38:49 PM","","E865","1220103","3","Niskin; Sterivex 0.22µm filter","95% EtOH","West Coast","SB5",198.7,34.159,-119.717,1000,"Sean McAllister","Renamed from 849","7/19/2021 1:38:49 PM","7/19/2021 ","2021/07/19 01:38:00","2021/07/19 00:00:00","2021/07/19 01:38:00",34.159,-119.717,"1220103","3",199,"33RO20210613","WCOA2021","SB5","122","1","11020","2",16,"2021/07/19 00:00:00",2021,7,19,"13:38:49",200.569,34.159,-119.717,353,200.2,198.7,9.001,34.142,2,-999,9,66.3,2,65.1,2.138,2,2239.7,2,2264.7,2,7.4077,24.99,6,57.08443053830586,24.885,6,39.3,2,2.4,2,28.2,2,0.02,2,0.01,2,-999,9,24.281,2,-999,9,-999,9,-999,9,-999,9,-999,9,-999,9,-999,9,11020,"2021/07/19 13:38:49",3,"11020","3","34.142","9.001","200.2","","","9.001","200.2","2264.7","2239.7","","","","Seawater scale (mol/kg-SW) "," K1, K2 from Mehrbach et al., 1973 refit by Dickson and Millero, 4132","Dickson ","Uppstrom, 4119","34.14199829","9.001000404","200.1999969","0","0","2264.699951","2239.699951","7.602687836","1141.59668","1146.066528","2136.499711","51.15538765","52.04484205","25.38328707","0.531545456","0","0","18.53642487","1.179974211","0.749994313","1158.942957","9.001000404","200.1999969","7.6026878","1141.596697","1146.066461","2136.499711","51.15538765","52.04484205","25.38328707","0.531545456","0","0","18.53642487","1.179974211","0.749994313","1158.942949",199,197.48,9.0091,34.1399,26.4466,1.54,67.01,0.04,159.51,99.8,"dRB2102_CTD_122_01_F.csv","dRB2102","CTD","122","F.csv"
"E866",1,1,FALSE,"WCOA21","2021_WCOA_RonBrown","7/19/2021",NA,"1:49:18 PM","","E866","1220107","7","Niskin; Sterivex 0.22µm filter","95% EtOH","West Coast","SB5",99.7,34.159,-119.717,1000,"Sean McAllister","Renamed from 850; Bleach bottle; sample rinse 3X","7/19/2021 1:49:18 PM","7/19/2021 ","2021/07/19 01:49:00","2021/07/19 00:00:00","2021/07/19 01:49:00",34.159,-119.717,"1220107","7",100,"33RO20210613","WCOA2021","SB5","122","1","11004","2",16,"2021/07/19 00:00:00",2021,7,19,"13:49:18",200.576,34.159,-119.717,353,100.4,99.7,9.936,33.89,2,-999,9,123.5,2,-999,-999,9,-999,9,-999,9,-999,-999,9,-999,-999,9,-999,9,-999,9,-999,9,-999,9,-999,9,-999,9,-999,9,-999,9,-999,9,-999,9,-999,9,-999,9,-999,9,-999,9,11004,"2021/07/19 13:49:18",7,"11004","7","33.890","9.936","100.4","","","9.936","100.4","-999.0","-999.0","","","","Seawater scale (mol/kg-SW) "," K1, K2 from Mehrbach et al., 1973 refit by Dickson and Millero, 4136","Dickson ","Uppstrom, 4123","","","","","","","","","","","","","","","","","","","","","","","","","","","","","","","","","","","","","",100,99.26,9.9879,33.8775,26.0794,2.86,124.57,0.042,160.68,99.54,"dRB2102_CTD_122_01_F.csv","dRB2102","CTD","122","F.csv"
"E867",1,1,FALSE,"WCOA21","2021_WCOA_RonBrown","7/19/2021",NA,"2:05:08 PM","","E867","1220113","13","Niskin; Sterivex 0.22µm filter","95% EtOH","West Coast","SB5",20.3,34.159,-119.717,1000,"Sean McAllister","Renamed from 851; DCM/high oxygen","7/19/2021 2:05:08 PM","7/19/2021 ","2021/07/19 02:05:00","2021/07/19 00:00:00","2021/07/19 02:05:00",34.159,-119.717,"1220113","13",20,"33RO20210613","WCOA2021","SB5","122","1","11054","2",16,"2021/07/19 00:00:00",2021,7,19,"14:05:08",200.587,34.159,-119.717,353,20.5,20.3,18.286,33.578,2,-999,9,272.7,2,265.8,8.71,2,2024.9,2,2239.3,2,7.9049,24.99,2,160.9506478875244,24.885,2,1.3,2,0.25,2,0.1,2,0.03,2,0.01,2,1.3,2,10.458,2,-999,9,-999,9,-999,9,-999,9,-999,9,-999,9,-999,9,11054,"2021/07/19 14:05:08",13,"11054","13","33.578","18.286","20.5","","","18.286","20.5","2239.3","2024.9","","","","Seawater scale (mol/kg-SW) "," K1, K2 from Mehrbach et al., 1973 refit by Dickson and Millero, 4142","Dickson ","Uppstrom, 4129","33.57799911","18.2859993","20.5","0","0","2239.300049","2024.899902","8.002130508","429.9883728","431.4833679","1854.186315","155.976303","14.73731745","69.91192641","3.259247562","0","0","11.44220334","3.750387218","2.421347229","440.4442149","18.2859993","20.5","8.002130355","429.9883786","431.483374","1854.186315","155.976303","14.73731745","69.91192641","3.259247562","0","0","11.44220334","3.750387218","2.421347229","440.4442101",20,19.86,18.3855,33.5805,24.0912,6.24,272.16,0.082,158.69,99.31,"dRB2102_CTD_122_01_F.csv","dRB2102","CTD","122","F.csv"
"E868",1,1,FALSE,"WCOA21","2021_WCOA_RonBrown","7/19/2021",NA,"2:10:23 PM","","E868","1220117","17","Niskin; Sterivex 0.22µm filter","95% EtOH","West Coast","SB5",3.5,34.16,-119.717,1000,"Sean McAllister","Renamed from 852; Bleach bottle; sample rinse 3X","7/19/2021 2:10:23 PM","7/19/2021 ","2021/07/19 02:10:00","2021/07/19 00:00:00","2021/07/19 02:10:00",34.16,-119.717,"1220117","17",4,"33RO20210613","WCOA2021","SB5","122","1","11052","2",16,"2021/07/19 00:00:00",2021,7,19,"14:10:23",200.591,34.16,-119.717,353,3.5,3.5,18.517,33.581,2,33.599,2,271.8,2,-999,-999,9,-999,9,-999,9,-999,-999,9,-999,-999,9,-999,9,-999,9,-999,9,-999,9,-999,9,-999,9,5.947,2,-999,9,-999,9,-999,9,-999,9,-999,9,-999,9,-999,9,11052,"2021/07/19 14:10:23",17,"11052","17","33.581","18.517","3.5","","","18.517","3.5","-999.0","-999.0","","","","Seawater scale (mol/kg-SW) "," K1, K2 from Mehrbach et al., 1973 refit by Dickson and Millero, 4146","Dickson ","Uppstrom, 4133","","","","","","","","","","","","","","","","","","","","","","","","","","","","","","","","","","","","","",4,3.97,18.5079,33.5816,24.061,6.22,271.2,0.079,159.53,99.93,"dRB2102_CTD_122_01_F.csv","dRB2102","CTD","122","F.csv"
"E869",1,1,FALSE,"WCOA21","2021_WCOA_RonBrown","7/19/2021",NA,"4:30:00 PM","9:30:00 AM","E869","NOT CTD","Bucket1","Bucket; Sterivex 0.22µm filter","95% EtOH","West Coast","La Goleta (LG)",0,34.38,-119.85,1000,"Sean McAllister","Renamed from 853. Visible methane bubbles!; Had to split on two filters","7/19/2021 4:30:00 PM","7/19/2021 9:30:00 AM","2021/07/19 04:30:00","2021/07/19 16:30:00","2021/07/19 04:30:00",34.38,-119.85,"NOT CTD","Bucket1",0,NA,NA,NA,NA,NA,NA,NA,NA,NA,NA,NA,NA,NA,NA,NA,NA,NA,NA,NA,NA,NA,NA,NA,NA,NA,NA,NA,NA,NA,NA,NA,NA,NA,NA,NA,NA,NA,NA,NA,NA,NA,NA,NA,NA,NA,NA,NA,NA,NA,NA,NA,NA,NA,NA,NA,NA,NA,NA,NA,NA,NA,NA,NA,NA,NA,NA,NA,NA,NA,NA,NA,NA,NA,NA,NA,NA,NA,NA,NA,NA,NA,NA,NA,NA,NA,NA,NA,NA,NA,NA,NA,NA,NA,NA,NA,NA,NA,NA,NA,NA,NA,NA,NA,NA,NA,NA,NA,NA,NA,NA,NA,NA,NA,NA,NA,NA,NA,NA,NA,NA,NA,NA,NA,NA,NA,NA,NA,NA,NA,NA,NA,NA,NA,NA,NA,NA,NA,NA,NA,NA
"E870",1,1,FALSE,"WCOA21","2021_WCOA_RonBrown","7/19/2021",NA,"4:45:00 PM","9:45:00 AM","E870","NOT CTD","Bucket2","Bucket; Sterivex 0.22µm filter","95% EtOH","West Coast","La Goleta (LG)",0,34.38,-119.85,1000,"Sean McAllister","Renamed from 854. Visible methane bubbles!; Had to split on two filters; Dave sampled first on this bucket with hands somewhat in water. I poured off some of the surface water before sampling.","7/19/2021 4:45:00 PM","7/19/2021 9:45:00 AM","2021/07/19 04:45:00","2021/07/19 16:45:00","2021/07/19 04:45:00",34.38,-119.85,"NOT CTD","Bucket2",0,NA,NA,NA,NA,NA,NA,NA,NA,NA,NA,NA,NA,NA,NA,NA,NA,NA,NA,NA,NA,NA,NA,NA,NA,NA,NA,NA,NA,NA,NA,NA,NA,NA,NA,NA,NA,NA,NA,NA,NA,NA,NA,NA,NA,NA,NA,NA,NA,NA,NA,NA,NA,NA,NA,NA,NA,NA,NA,NA,NA,NA,NA,NA,NA,NA,NA,NA,NA,NA,NA,NA,NA,NA,NA,NA,NA,NA,NA,NA,NA,NA,NA,NA,NA,NA,NA,NA,NA,NA,NA,NA,NA,NA,NA,NA,NA,NA,NA,NA,NA,NA,NA,NA,NA,NA,NA,NA,NA,NA,NA,NA,NA,NA,NA,NA,NA,NA,NA,NA,NA,NA,NA,NA,NA,NA,NA,NA,NA,NA,NA,NA,NA,NA,NA,NA,NA,NA,NA,NA,NA
"E871",1,1,FALSE,"WCOA21","2021_WCOA_RonBrown","7/19/2021",NA,"5:15:00 PM","10:15:00 AM","E871","NOT CTD","Underway System","Bucket; Sterivex 0.22µm filter","95% EtOH","West Coast","La Goleta (LG)",5.2,34.38,-119.85,1000,"Sean McAllister","Renamed from 855. Visible methane bubbles!","7/19/2021 5:15:00 PM","7/19/2021 10:15:00 AM","2021/07/19 05:15:00","2021/07/19 17:15:00","2021/07/19 05:15:00",34.38,-119.85,"NOT CTD","Underway System",5,NA,NA,NA,NA,NA,NA,NA,NA,NA,NA,NA,NA,NA,NA,NA,NA,NA,NA,NA,NA,NA,NA,NA,NA,NA,NA,NA,NA,NA,NA,NA,NA,NA,NA,NA,NA,NA,NA,NA,NA,NA,NA,NA,NA,NA,NA,NA,NA,NA,NA,NA,NA,NA,NA,NA,NA,NA,NA,NA,NA,NA,NA,NA,NA,NA,NA,NA,NA,NA,NA,NA,NA,NA,NA,NA,NA,NA,NA,NA,NA,NA,NA,NA,NA,NA,NA,NA,NA,NA,NA,NA,NA,NA,NA,NA,NA,NA,NA,NA,NA,NA,NA,NA,NA,NA,NA,NA,NA,NA,NA,NA,NA,NA,NA,NA,NA,NA,NA,NA,NA,NA,NA,NA,NA,NA,NA,NA,NA,NA,NA,NA,NA,NA,NA,NA,NA,NA,NA,NA,NA
"E856",1,1,FALSE,"WCOA21","2021_WCOA_RonBrown","7/19/2021",NA,"10:33:32 PM","","E856","1230101","1","Niskin; Sterivex 0.22µm filter","95% EtOH","West Coast","Anacapa",81.9,33.993,-119.371,1000,"Sean McAllister","Bleach bottle; sample rinse 3X","7/19/2021 10:33:32 PM","7/19/2021 ","2021/07/19 10:33:00","2021/07/19 00:00:00","2021/07/19 10:33:00",33.993,-119.371,"1230101","1",82,"33RO20210613","WCOA2021","Anacapa","123","1","11031","2",16,"2021/07/19 00:00:00",2021,7,19,"22:33:32",200.94,33.993,-119.371,92,82.5,81.9,10.322,33.771,2,-999,9,144.4,2,-999,-999,9,-999,9,-999,9,-999,-999,9,-999,-999,9,-999,9,-999,9,-999,9,-999,9,-999,9,-999,9,4.935,2,-999,9,-999,9,-999,9,-999,9,-999,9,-999,9,-999,9,11031,"2021/07/19 22:33:32",1,"11031","1","33.771","10.322","82.5","","","10.322","82.5","-999.0","-999.0","","","","Seawater scale (mol/kg-SW) "," K1, K2 from Mehrbach et al., 1973 refit by Dickson and Millero, 4147","Dickson ","Uppstrom, 4134","","","","","","","","","","","","","","","","","","","","","","","","","","","","","","","","","","","","","",82,81.4,10.3679,33.759,25.9218,3.32,144.4,0.043,155.46,5.53,"dRB2102_CTD_123_01_F.csv","dRB2102","CTD","123","F.csv"
"E857",1,1,FALSE,"WCOA21","2021_WCOA_RonBrown","7/19/2021",NA,"10:35:52 PM","","E857","1230103","3","Niskin; Sterivex 0.22µm filter","95% EtOH","West Coast","Anacapa",59.1,33.993,-119.371,1000,"Sean McAllister","Bleach bottle; sample rinse 3X","7/19/2021 10:35:52 PM","7/19/2021 ","2021/07/19 10:35:00","2021/07/19 00:00:00","2021/07/19 10:35:00",33.993,-119.371,"1230103","3",59,"33RO20210613","WCOA2021","Anacapa","123","1","11020","2",16,"2021/07/19 00:00:00",2021,7,19,"22:35:52",200.942,33.993,-119.371,92,59.5,59.1,11.068,33.588,2,-999,9,171.8,2,-999,-999,9,-999,9,-999,9,-999,-999,9,-999,-999,9,-999,9,-999,9,-999,9,-999,9,-999,9,-999,9,-999,9,-999,9,-999,9,-999,9,-999,9,-999,9,-999,9,-999,9,11020,"2021/07/19 22:35:52",3,"11020","3","33.588","11.068","59.5","","","11.068","59.5","-999.0","-999.0","","","","Seawater scale (mol/kg-SW) "," K1, K2 from Mehrbach et al., 1973 refit by Dickson and Millero, 4149","Dickson ","Uppstrom, 4136","","","","","","","","","","","","","","","","","","","","","","","","","","","","","","","","","","","","","",59,58.57,11.1893,33.5804,25.6375,3.99,173.7,0.053,156.9,28.42,"dRB2102_CTD_123_01_F.csv","dRB2102","CTD","123","F.csv"
"E858",1,1,FALSE,"WCOA21","2021_WCOA_RonBrown","7/19/2021",NA,"10:41:59 PM","","E858","1230109","9","Niskin; Sterivex 0.22µm filter","95% EtOH","West Coast","Anacapa",29.6,33.993,-119.371,1000,"Sean McAllister","Bleach bottle; sample rinse 3X","7/19/2021 10:41:59 PM","7/19/2021 ","2021/07/19 10:41:00","2021/07/19 00:00:00","2021/07/19 10:41:00",33.993,-119.371,"1230109","9",30,"33RO20210613","WCOA2021","Anacapa","123","1","12052","2",16,"2021/07/19 00:00:00",2021,7,19,"22:41:59",200.946,33.993,-119.371,92,29.8,29.6,13.912,33.502,2,-999,9,247.4,2,-999,-999,9,-999,9,-999,9,-999,-999,9,-999,-999,9,-999,9,-999,9,-999,9,-999,9,-999,9,-999,9,-999,9,-999,9,-999,9,-999,9,-999,9,-999,9,-999,9,-999,9,12052,"2021/07/19 22:41:59",9,"12052","9","33.502","13.912","29.8","","","13.912","29.8","-999.0","-999.0","","","","Seawater scale (mol/kg-SW) "," K1, K2 from Mehrbach et al., 1973 refit by Dickson and Millero, 4155","Dickson ","Uppstrom, 4142","","","","","","","","","","","","","","","","","","","","","","","","","","","","","","","","","","","","","",30,29.78,15.0498,33.4961,24.8028,5.84,254.42,0.083,155.67,57.29,"dRB2102_CTD_123_01_F.csv","dRB2102","CTD","123","F.csv"
"E859",1,1,FALSE,"WCOA21","2021_WCOA_RonBrown","7/19/2021",NA,"10:49:13 PM","","E859","1230116","16","Niskin; Sterivex 0.22µm filter","95% EtOH","West Coast","Anacapa",3.3,33.993,-119.371,1000,"Sean McAllister","Bleach bottle; sample rinse 3X","7/19/2021 10:49:13 PM","7/19/2021 ","2021/07/19 10:49:00","2021/07/19 00:00:00","2021/07/19 10:49:00",33.993,-119.371,"1230116","16",3,"33RO20210613","WCOA2021","Anacapa","123","1","11032","2",16,"2021/07/19 00:00:00",2021,7,19,"22:49:13",200.951,33.993,-119.371,92,3.3,3.3,19.517,33.537,2,-999,9,262.4,2,-999,-999,9,-999,9,-999,9,-999,-999,9,-999,-999,9,-999,9,-999,9,-999,9,-999,9,-999,9,-999,9,4.582,2,-999,9,-999,9,-999,9,-999,9,-999,9,-999,9,-999,9,11032,"2021/07/19 22:49:13",16,"11032","16","33.537","19.517","3.3","","","19.517","3.3","-999.0","-999.0","","","","Seawater scale (mol/kg-SW) "," K1, K2 from Mehrbach et al., 1973 refit by Dickson and Millero, 4162","Dickson ","Uppstrom, 4149","","","","","","","","","","","","","","","","","","","","","","","","","","","","","","","","","","","","","",3,2.98,20.1934,33.5373,23.5958,5.9,257.63,0.044,155.42,83.66,"dRB2102_CTD_123_01_F.csv","dRB2102","CTD","123","F.csv"
"E872.1B",1,1,FALSE,"WCOA21","2021_WCOA_RonBrown","7/20/2021",NA,"8:04:35 AM","","E872.1B","1240101","1","Niskin; Sterivex 0.22µm filter","95% EtOH","West Coast","90-28",53.4,33.484,-117.768,1000,"Sean McAllister","","7/20/2021 8:04:35 AM","7/20/2021 ","2021/07/20 08:04:00","2021/07/20 00:00:00","2021/07/20 08:04:00",33.484,-117.768,"1240101","1",53,"33RO20210613","WCOA2021","CC90-28","124","1","11031","2",17,"2021/07/20 00:00:00",2021,7,20,"08:04:35",201.337,33.484,-117.768,63,53.8,53.4,10.909,33.655,2,-999,9,159.3,2,160.7,5.275,2,2140.3,6,2233.9,2,7.6053,25.01,2,85.58482990833895,24.955000000000002,2,15.4,2,1.42,2,16.4,2,0.08,2,0.05,2,-999,9,9.089,2,-999,9,-999,9,-999,9,-999,9,-999,9,-999,9,-999,9,11031,"2021/07/20 08:04:35",1,"11031","1","33.655","10.909","53.8","","","10.909","53.8","2233.9","2140.3","","","","Seawater scale (mol/kg-SW) "," K1, K2 from Mehrbach et al., 1973 refit by Dickson and Millero, 4164","Dickson ","Uppstrom, 4151","33.65499878","10.9090004","53.79999924","0","0","2233.899902","2140.300049","7.809068203","694.8080444","697.461853","2027.983987","82.49431117","29.821817","39.92417428","1.018926057","0","0","16.17505052","1.961865848","1.247684221","706.3832674","10.9090004","53.79999924","7.809068164","694.8080354","697.4618305","2027.983987","82.49431117","29.821817","39.92417428","1.018926057","0","0","16.17505052","1.961865848","1.247684221","706.3832679",53,52.62,10.9125,33.6545,25.7445,3.67,159.82,0.053,131.08,11.7,"dRB2102_CTD_124_01_F.csv","dRB2102","CTD","124","F.csv"
"E872.2B",2,1,FALSE,"WCOA21","2021_WCOA_RonBrown","7/20/2021",NA,"8:04:37 AM","","E872.2B","1240102","2","Niskin; Sterivex 0.22µm filter","95% EtOH","West Coast","90-28",53.3,33.484,-117.768,1000,"Sean McAllister","","7/20/2021 8:04:37 AM","7/20/2021 ","2021/07/20 08:04:00","2021/07/20 00:00:00","2021/07/20 08:04:00",33.484,-117.768,"1240102","2",53,"33RO20210613","WCOA2021","CC90-28","124","1","11081","2",17,"2021/07/20 00:00:00",2021,7,20,"08:04:37",201.337,33.484,-117.768,63,53.7,53.3,10.909,33.656,2,-999,9,159.3,2,-999,-999,9,-999,9,-999,9,-999,-999,9,-999,-999,9,-999,9,-999,9,-999,9,-999,9,-999,9,-999,9,7.852,2,-999,9,-999,9,-999,9,-999,9,-999,9,-999,9,-999,9,11081,"2021/07/20 08:04:37",2,"11081","2","33.656","10.909","53.7","","","10.909","53.7","-999.0","-999.0","","","","Seawater scale (mol/kg-SW) "," K1, K2 from Mehrbach et al., 1973 refit by Dickson and Millero, 4165","Dickson ","Uppstrom, 4152","","","","","","","","","","","","","","","","","","","","","","","","","","","","","","","","","","","","","",53,52.62,10.9125,33.6545,25.7445,3.67,159.82,0.053,131.08,11.7,"dRB2102_CTD_124_01_F.csv","dRB2102","CTD","124","F.csv"
"E872.3B",3,1,FALSE,"WCOA21","2021_WCOA_RonBrown","7/20/2021",NA,"8:04:40 AM","","E872.3B","1240103","3","Niskin; Sterivex 0.22µm filter","95% EtOH","West Coast","90-28",53.2,33.484,-117.768,1000,"Sean McAllister","Bleach bottle; sample rinse 3X","7/20/2021 8:04:40 AM","7/20/2021 ","2021/07/20 08:04:00","2021/07/20 00:00:00","2021/07/20 08:04:00",33.484,-117.768,"1240103","3",53,"33RO20210613","WCOA2021","CC90-28","124","1","11020","2",17,"2021/07/20 00:00:00",2021,7,20,"08:04:40",201.337,33.484,-117.768,63,53.6,53.2,10.91,33.655,2,-999,9,159.3,2,-999,-999,9,-999,9,-999,9,-999,-999,9,-999,-999,9,-999,9,-999,9,-999,9,-999,9,-999,9,-999,9,-999,9,-999,9,-999,9,-999,9,-999,9,-999,9,-999,9,-999,9,11020,"2021/07/20 08:04:40",3,"11020","3","33.655","10.910","53.6","","","10.910","53.6","-999.0","-999.0","","","","Seawater scale (mol/kg-SW) "," K1, K2 from Mehrbach et al., 1973 refit by Dickson and Millero, 4166","Dickson ","Uppstrom, 4153","","","","","","","","","","","","","","","","","","","","","","","","","","","","","","","","","","","","","",53,52.62,10.9125,33.6545,25.7445,3.67,159.82,0.053,131.08,11.7,"dRB2102_CTD_124_01_F.csv","dRB2102","CTD","124","F.csv"
"E873.1B",1,1,FALSE,"WCOA21","2021_WCOA_RonBrown","7/20/2021",NA,"8:10:54 AM","","E873.1B","1240108","8","Niskin; Sterivex 0.22µm filter","95% EtOH","West Coast","90-28",26.3,33.484,-117.768,1000,"Sean McAllister","","7/20/2021 8:10:54 AM","7/20/2021 ","2021/07/20 08:10:00","2021/07/20 00:00:00","2021/07/20 08:10:00",33.484,-117.768,"1240108","8",26,"33RO20210613","WCOA2021","CC90-28","124","1","11027","2",17,"2021/07/20 00:00:00",2021,7,20,"08:10:54",201.341,33.484,-117.768,63,26.5,26.3,13.671,33.42,2,-999,9,251.7,2,252.7,8.288,2,2056.6,2,2230.7,2,7.8256,25.01,2,-999,-999,9,3.6,6,0.59,6,2.2,6,0.12,6,0.4,6,1.4,2,12.184,2,-999,9,-999,9,-999,9,-999,9,-999,9,-999,9,-999,9,11027,"2021/07/20 08:10:54",8,"11027","8","33.420","13.671","26.5","","","13.671","26.5","2230.7","2056.6","","","","Seawater scale (mol/kg-SW) "," K1, K2 from Mehrbach et al., 1973 refit by Dickson and Millero, 4171","Dickson ","Uppstrom, 4158","33.41999817","13.67099953","26.5","0","0","2230.699951","2056.600098","7.986034393","445.5635986","447.2059937","1909.840759","129.2196985","17.53960314","60.42392452","2.00632032","0","0","12.78108103","3.095950399","1.977783503","454.0848501","13.67099953","26.5","7.986034169","445.5636086","447.2060055","1909.840759","129.2196985","17.53960314","60.42392452","2.00632032","0","0","12.78108103","3.095950399","1.977783503","454.0848603",26,25.81,13.7441,33.4191,25.0191,5.9,257.18,0.092,130.51,38.6,"dRB2102_CTD_124_01_F.csv","dRB2102","CTD","124","F.csv"
"E873.2B",2,1,FALSE,"WCOA21","2021_WCOA_RonBrown","7/20/2021",NA,"8:10:57 AM","","E873.2B","1240109","9","Niskin; Sterivex 0.22µm filter","95% EtOH","West Coast","90-28",26.2,33.484,-117.768,1000,"Sean McAllister","Bleach bottle; sample rinse 3X","7/20/2021 8:10:57 AM","7/20/2021 ","2021/07/20 08:10:00","2021/07/20 00:00:00","2021/07/20 08:10:00",33.484,-117.768,"1240109","9",26,"33RO20210613","WCOA2021","CC90-28","124","1","12052","2",17,"2021/07/20 00:00:00",2021,7,20,"08:10:57",201.341,33.484,-117.768,63,26.4,26.2,13.67,33.419,2,-999,9,251.7,2,-999,-999,9,-999,9,-999,9,-999,-999,9,-999,-999,9,-999,9,-999,9,-999,9,-999,9,-999,9,-999,9,-999,9,-999,9,-999,9,-999,9,-999,9,-999,9,-999,9,-999,9,12052,"2021/07/20 08:10:57",9,"12052","9","33.419","13.670","26.4","","","13.670","26.4","-999.0","-999.0","","","","Seawater scale (mol/kg-SW) "," K1, K2 from Mehrbach et al., 1973 refit by Dickson and Millero, 4172","Dickson ","Uppstrom, 4159","","","","","","","","","","","","","","","","","","","","","","","","","","","","","","","","","","","","","",26,25.81,13.7441,33.4191,25.0191,5.9,257.18,0.092,130.51,38.6,"dRB2102_CTD_124_01_F.csv","dRB2102","CTD","124","F.csv"
"E873.3B",3,1,FALSE,"WCOA21","2021_WCOA_RonBrown","7/20/2021",NA,"8:11:00 AM","","E873.3B","1240110","10","Niskin; Sterivex 0.22µm filter","95% EtOH","West Coast","90-28",26.3,33.484,-117.768,1000,"Sean McAllister","Bleach bottle; sample rinse 3X","7/20/2021 8:11:00 AM","7/20/2021 ","2021/07/20 08:11:00","2021/07/20 00:00:00","2021/07/20 08:11:00",33.484,-117.768,"1240110","10",26,"33RO20210613","WCOA2021","CC90-28","124","1","11067","2",17,"2021/07/20 00:00:00",2021,7,20,"08:11:00",201.341,33.484,-117.768,63,26.4,26.3,13.67,33.419,2,-999,9,251.7,2,-999,-999,9,-999,9,-999,9,-999,-999,9,130.89225146278105,24.955000000000002,2,-999,9,-999,9,-999,9,-999,9,-999,9,-999,9,-999,9,-999,9,-999,9,-999,9,-999,9,-999,9,-999,9,-999,9,11067,"2021/07/20 08:11:00",10,"11067","10","33.419","13.670","26.4","","","13.670","26.4","-999.0","-999.0","","","","Seawater scale (mol/kg-SW) "," K1, K2 from Mehrbach et al., 1973 refit by Dickson and Millero, 4173","Dickson ","Uppstrom, 4160","","","","","","","","","","","","","","","","","","","","","","","","","","","","","","","","","","","","","",26,25.81,13.7441,33.4191,25.0191,5.9,257.18,0.092,130.51,38.6,"dRB2102_CTD_124_01_F.csv","dRB2102","CTD","124","F.csv"
"E874.1B",1,1,FALSE,"WCOA21","2021_WCOA_RonBrown","7/20/2021",NA,"8:18:09 AM","","E874.1B","1240116","16","Niskin; Sterivex 0.22µm filter","95% EtOH","West Coast","90-28",3,33.484,-117.768,1000,"Sean McAllister","","7/20/2021 8:18:09 AM","7/20/2021 ","2021/07/20 08:18:00","2021/07/20 00:00:00","2021/07/20 08:18:00",33.484,-117.768,"1240116","16",3,"33RO20210613","WCOA2021","CC90-28","124","1","11032","2",17,"2021/07/20 00:00:00",2021,7,20,"08:18:09",201.346,33.484,-117.768,63,3,3,21.479,33.529,2,-999,9,264.4,2,-999,-999,9,-999,9,-999,9,-999,-999,9,-999,-999,9,-999,9,-999,9,-999,9,-999,9,-999,9,-999,9,25.377,2,-999,9,-999,9,-999,9,-999,9,-999,9,-999,9,-999,9,11032,"2021/07/20 08:18:09",16,"11032","16","33.529","21.479","3.0","","","21.479","3.0","-999.0","-999.0","","","","Seawater scale (mol/kg-SW) "," K1, K2 from Mehrbach et al., 1973 refit by Dickson and Millero, 4179","Dickson ","Uppstrom, 4166","","","","","","","","","","","","","","","","","","","","","","","","","","","","","","","","","","","","","",3,NA,NA,NA,NA,NA,NA,NA,NA,NA,NA,NA,NA,NA,NA
"E874.2B",2,1,FALSE,"WCOA21","2021_WCOA_RonBrown","7/20/2021",NA,"8:18:12 AM","","E874.2B","1240117","17","Niskin; Sterivex 0.22µm filter","95% EtOH","West Coast","90-28",3.1,33.484,-117.768,1000,"Sean McAllister","Bleach bottle; sample rinse 3X","7/20/2021 8:18:12 AM","7/20/2021 ","2021/07/20 08:18:00","2021/07/20 00:00:00","2021/07/20 08:18:00",33.484,-117.768,"1240117","17",3,"33RO20210613","WCOA2021","CC90-28","124","1","11052","2",17,"2021/07/20 00:00:00",2021,7,20,"08:18:12",201.346,33.484,-117.768,63,3.1,3.1,21.479,33.529,2,-999,9,264.4,2,-999,-999,9,-999,9,-999,9,-999,-999,9,-999,-999,9,-999,9,-999,9,-999,9,-999,9,-999,9,-999,9,-999,9,-999,9,-999,9,-999,9,-999,9,-999,9,-999,9,-999,9,11052,"2021/07/20 08:18:12",17,"11052","17","33.529","21.479","3.1","","","21.479","3.1","-999.0","-999.0","","","","Seawater scale (mol/kg-SW) "," K1, K2 from Mehrbach et al., 1973 refit by Dickson and Millero, 4180","Dickson ","Uppstrom, 4167","","","","","","","","","","","","","","","","","","","","","","","","","","","","","","","","","","","","","",3,NA,NA,NA,NA,NA,NA,NA,NA,NA,NA,NA,NA,NA,NA
"E874.3B",3,1,FALSE,"WCOA21","2021_WCOA_RonBrown","7/20/2021",NA,"8:18:15 AM","","E874.3B","1240118","18","Niskin; Sterivex 0.22µm filter","95% EtOH","West Coast","90-28",3.2,33.484,-117.768,1000,"Sean McAllister","Bleach bottle; sample rinse 3X","7/20/2021 8:18:15 AM","7/20/2021 ","2021/07/20 08:18:00","2021/07/20 00:00:00","2021/07/20 08:18:00",33.484,-117.768,"1240118","18",3,"33RO20210613","WCOA2021","CC90-28","124","1","11002","2",17,"2021/07/20 00:00:00",2021,7,20,"08:18:15",201.346,33.484,-117.768,63,3.2,3.2,21.482,33.529,2,-999,9,264.4,2,-999,-999,9,-999,9,-999,9,-999,-999,9,-999,-999,9,-999,9,-999,9,-999,9,-999,9,-999,9,-999,9,-999,9,-999,9,-999,9,-999,9,-999,9,-999,9,-999,9,-999,9,11002,"2021/07/20 08:18:15",18,"11002","18","33.529","21.482","3.2","","","21.482","3.2","-999.0","-999.0","","","","Seawater scale (mol/kg-SW) "," K1, K2 from Mehrbach et al., 1973 refit by Dickson and Millero, 4181","Dickson ","Uppstrom, 4168","","","","","","","","","","","","","","","","","","","","","","","","","","","","","","","","","","","","","",3,NA,NA,NA,NA,NA,NA,NA,NA,NA,NA,NA,NA,NA,NA
"E875",1,1,FALSE,"WCOA21","2021_WCOA_RonBrown","7/20/2021",NA,"2:45:11 PM","","E875","1250102","2","Niskin; Sterivex 0.22µm filter","95% EtOH","West Coast","90-27.7",31.5,33.491,-117.751,1000,"Sean McAllister","Bleach bottle; sample rinse 3X","7/20/2021 2:45:11 PM","7/20/2021 ","2021/07/20 02:45:00","2021/07/20 00:00:00","2021/07/20 02:45:00",33.491,-117.751,"1250102","2",32,"33RO20210613","WCOA2021","CC90-27.7","125","1","11081","2",17,"2021/07/20 00:00:00",2021,7,20,"14:45:11",201.615,33.491,-117.751,42,31.7,31.5,12.606,33.514,2,33.5073,2,206.5,2,-999,-999,9,-999,9,-999,9,-999,-999,9,-999,-999,9,7.6,2,0.93,2,6.8,2,0.5,2,2.02,2,-999,9,26.563,2,-999,9,-999,9,-999,9,-999,9,-999,9,-999,9,-999,9,11081,"2021/07/20 14:45:11",2,"11081","2","33.514","12.606","31.7","","","12.606","31.7","-999.0","-999.0","","","","Seawater scale (mol/kg-SW) "," K1, K2 from Mehrbach et al., 1973 refit by Dickson and Millero, 4183","Dickson ","Uppstrom, 4170","","","","","","","","","","","","","","","","","","","","","","","","","","","","","","","","","","","","","",32,31.77,12.5352,33.5198,25.3381,4.62,201.1,0.087,161.69,4.67,"dRB2102_CTD_125_01_F.csv","dRB2102","CTD","125","F.csv"
"E876",1,1,FALSE,"WCOA21","2021_WCOA_RonBrown","7/20/2021",NA,"2:54:00 PM","","E876","1250110","10","Niskin; Sterivex 0.22µm filter","95% EtOH","West Coast","90-27.7",3.1,33.491,-117.751,1000,"Sean McAllister","Bleach bottle; sample rinse 3X","7/20/2021 2:54:00 PM","7/20/2021 ","2021/07/20 02:54:00","2021/07/20 00:00:00","2021/07/20 02:54:00",33.491,-117.751,"1250110","10",3,"33RO20210613","WCOA2021","CC90-27.7","125","1","11067","2",17,"2021/07/20 00:00:00",2021,7,20,"14:54:00",201.621,33.491,-117.751,42,3.1,3.1,21.343,33.529,2,-999,9,273.6,2,-999,-999,9,-999,9,-999,9,-999,-999,9,-999,-999,9,-999,9,-999,9,-999,9,-999,9,-999,9,1.5,2,-999,9,-999,9,-999,9,-999,9,-999,9,-999,9,-999,9,-999,9,11067,"2021/07/20 14:54:00",10,"11067","10","33.529","21.343","3.1","","","21.343","3.1","-999.0","-999.0","","","","Seawater scale (mol/kg-SW) "," K1, K2 from Mehrbach et al., 1973 refit by Dickson and Millero, 4191","Dickson ","Uppstrom, 4178","","","","","","","","","","","","","","","","","","","","","","","","","","","","","","","","","","","","","",3,NA,NA,NA,NA,NA,NA,NA,NA,NA,NA,NA,NA,NA,NA
"E877",1,1,FALSE,"WCOA21","2021_WCOA_RonBrown","7/20/2021",NA,"4:57:22 PM","","E877","1260102","2","Niskin; Sterivex 0.22µm filter","95% EtOH","West Coast","90-30",602.5,33.417,-117.905,1000,"Sean McAllister","Bleach bottle; sample rinse 3X","7/20/2021 4:57:22 PM","7/20/2021 ","2021/07/20 04:57:00","2021/07/20 00:00:00","2021/07/20 04:57:00",33.417,-117.905,"1260102","2",602,"33RO20210613","WCOA2021","CC90-30","126","1","11081","2",17,"2021/07/20 00:00:00",2021,7,20,"16:57:22",201.707,33.417,-117.905,613,607.7,602.5,5.984,34.351,2,34.3584,3,9.8,2,-999,-999,9,-999,9,-999,9,-999,-999,9,-999,-999,9,79.6,2,3.16,2,38.3,2,0.01,2,0.03,2,-999,9,3.408,2,-999,9,-999,9,-999,9,-999,9,-999,9,-999,9,-999,9,11081,"2021/07/20 16:57:22",2,"11081","2","34.351","5.984","607.7","","","5.984","607.7","-999.0","-999.0","","","","Seawater scale (mol/kg-SW) "," K1, K2 from Mehrbach et al., 1973 refit by Dickson and Millero, 4193","Dickson ","Uppstrom, 4180","","","","","","","","","","","","","","","","","","","","","","","","","","","","","","","","","","","","","",602,596.87,6.0165,34.3497,27.0434,0.23,9.97,0.041,142.88,15.93,"dRB2102_CTD_126_01_F.csv","dRB2102","CTD","126","F.csv"
"E878",1,1,FALSE,"WCOA21","2021_WCOA_RonBrown","7/20/2021",NA,"5:01:49 PM","","E878","1260103","3","Niskin; Sterivex 0.22µm filter","95% EtOH","West Coast","90-30",496.2,33.417,-117.905,1000,"Sean McAllister","","7/20/2021 5:01:49 PM","7/20/2021 ","2021/07/20 05:01:00","2021/07/20 00:00:00","2021/07/20 05:01:00",33.417,-117.905,"1260103","3",496,"33RO20210613","WCOA2021","CC90-30","126","1","11020","2",17,"2021/07/20 00:00:00",2021,7,20,"17:01:49",201.71,33.417,-117.905,613,500.4,496.2,7.495,34.266,2,-999,9,28.5,2,28.2,0.925,2,2285.5,2,2295.9,2,7.3393,25.02,6,50.121458554497295,24.849999999999998,6,56.7,2,2.84,2,34.1,2,0,2,0.03,2,-999,9,2.84,2,-999,9,-999,9,-999,9,-999,9,-999,9,-999,9,-999,9,11020,"2021/07/20 17:01:49",3,"11020","3","34.266","7.495","500.4","","","7.495","500.4","2295.9","2285.5","","","","Seawater scale (mol/kg-SW) "," K1, K2 from Mehrbach et al., 1973 refit by Dickson and Millero, 4194","Dickson ","Uppstrom, 4181","34.26599884","7.494999886","500.3999939","0","0","2295.899902","2285.5","7.561308384","1227.44165","1232.34314","2180.91487","45.72509828","58.86008866","23.13836875","0.424414592","0","0","18.81117054","0.994819028","0.633273874","1244.827678","7.494999886","500.3999939","7.561308522","1227.441586","1232.343156","2180.91487","45.72509828","58.86008866","23.13836875","0.424414592","0","0","18.81117054","0.994819028","0.633273874","1244.82769",496,491.9,7.53,34.2652,26.7724,0.67,29.02,0.042,143.55,99.93,"dRB2102_CTD_126_01_F.csv","dRB2102","CTD","126","F.csv"
"E879",1,1,FALSE,"WCOA21","2021_WCOA_RonBrown","7/20/2021",NA,"5:16:23 PM","","E879","1260106","6","Niskin; Sterivex 0.22µm filter","95% EtOH","West Coast","90-30",198.6,33.417,-117.905,1000,"Sean McAllister","","7/20/2021 5:16:23 PM","7/20/2021 ","2021/07/20 05:16:00","2021/07/20 00:00:00","2021/07/20 05:16:00",33.417,-117.905,"1260106","6",199,"33RO20210613","WCOA2021","CC90-30","126","1","11082","2",17,"2021/07/20 00:00:00",2021,7,20,"17:16:23",201.72,33.417,-117.905,613,200.1,198.6,9.318,34.162,2,-999,9,77.8,2,77,2.529,2,2229,2,2270,2,7.4424,25.02,2,61.83639948071468,24.849999999999998,2,35.2,2,2.27,2,26.9,2,0.01,2,0.03,2,-999,9,2.873,2,-999,9,-999,9,-999,9,-999,9,-999,9,-999,9,-999,9,11082,"2021/07/20 17:16:23",6,"11082","6","34.162","9.318","200.1","","","9.318","200.1","2270.0","2229.0","","","","Seawater scale (mol/kg-SW) "," K1, K2 from Mehrbach et al., 1973 refit by Dickson and Millero, 4197","Dickson ","Uppstrom, 4184","34.16199875","9.31799984","200.1000061","0","0","2270","2229","7.651919365","1016.330994","1020.293945","2125.40355","57.75748152","45.83894467","28.48897848","0.615262252","0","0","18.23384515","1.332321023","0.847288859","1032.007787","9.31799984","200.1000061","7.651919137","1016.331061","1020.293948","2125.40355","57.75748152","45.83894467","28.48897848","0.615262252","0","0","18.23384515","1.332321023","0.847288859","1032.00782",199,197.49,9.3036,34.1621,26.4167,1.78,77.6,0.04,144.35,99.76,"dRB2102_CTD_126_01_F.csv","dRB2102","CTD","126","F.csv"
"E880",1,1,FALSE,"WCOA21","2021_WCOA_RonBrown","7/20/2021",NA,"5:26:47 PM","","E880","1260110","10","Niskin; Sterivex 0.22µm filter","95% EtOH","West Coast","90-30",98.5,33.417,-117.905,1000,"Sean McAllister","Bleach bottle; sample rinse 3X","7/20/2021 5:26:47 PM","7/20/2021 ","2021/07/20 05:26:00","2021/07/20 00:00:00","2021/07/20 05:26:00",33.417,-117.905,"1260110","10",98,"33RO20210613","WCOA2021","CC90-30","126","1","11067","2",17,"2021/07/20 00:00:00",2021,7,20,"17:26:47",201.727,33.417,-117.905,613,99.2,98.5,10.332,33.873,2,-999,9,131.7,2,-999,-999,9,-999,9,-999,9,-999,-999,9,-999,-999,9,-999,9,-999,9,-999,9,-999,9,-999,9,-999,9,-999,9,-999,9,-999,9,-999,9,-999,9,-999,9,-999,9,-999,9,11067,"2021/07/20 17:26:47",10,"11067","10","33.873","10.332","99.2","","","10.332","99.2","-999.0","-999.0","","","","Seawater scale (mol/kg-SW) "," K1, K2 from Mehrbach et al., 1973 refit by Dickson and Millero, 4201","Dickson ","Uppstrom, 4188","","","","","","","","","","","","","","","","","","","","","","","","","","","","","","","","","","","","","",98,97.28,10.3623,33.8555,25.9984,3.12,135.89,0.042,145.24,99.49,"dRB2102_CTD_126_01_F.csv","dRB2102","CTD","126","F.csv"
"E881",1,1,FALSE,"WCOA21","2021_WCOA_RonBrown","7/20/2021",NA,"5:48:48 PM","","E881","1260120","20","Niskin; Sterivex 0.22µm filter","95% EtOH","West Coast","90-30",3.2,33.417,-117.905,1000,"Sean McAllister","Bleach bottle; sample rinse 3X","7/20/2021 5:48:48 PM","7/20/2021 ","2021/07/20 05:48:00","2021/07/20 00:00:00","2021/07/20 05:48:00",33.417,-117.905,"1260120","20",3,"33RO20210613","WCOA2021","CC90-30","126","1","11022","3",17,"2021/07/20 00:00:00",2021,7,20,"17:48:48",201.742,33.417,-117.905,613,3.3,3.2,21.647,33.565,2,-999,9,247.7,2,-999,-999,9,-999,9,-999,9,-999,-999,9,-999,-999,9,-999,9,-999,9,-999,9,-999,9,-999,9,-999,9,-999,9,-999,9,-999,9,-999,9,-999,9,-999,9,-999,9,-999,9,11022,"2021/07/20 17:48:48",20,"11022","20","33.565","21.647","3.3","","","21.647","3.3","-999.0","-999.0","","","","Seawater scale (mol/kg-SW) "," K1, K2 from Mehrbach et al., 1973 refit by Dickson and Millero, 4211","Dickson ","Uppstrom, 4198","","","","","","","","","","","","","","","","","","","","","","","","","","","","","","","","","","","","","",3,2.98,21.3149,33.5472,23.3031,5.71,249.17,0.049,144.96,99.78,"dRB2102_CTD_126_01_F.csv","dRB2102","CTD","126","F.csv"
"E882.1B",1,1,FALSE,"WCOA21","2021_WCOA_RonBrown","7/21/2021",NA,"1:13:14 AM","","E882.1B","1270101","1","Niskin; Sterivex 0.22µm filter","95% EtOH","West Coast","90-35",315.5,33.252,-118.249,1000,"Sean McAllister","","7/21/2021 1:13:14 AM","7/21/2021 ","2021/07/21 01:13:00","2021/07/21 00:00:00","2021/07/21 01:13:00",33.252,-118.249,"1270101","1",316,"33RO20210613","WCOA2021","CC90-35","127","1","11031","2",17,"2021/07/21 00:00:00",2021,7,21,"01:13:14",202.051,33.252,-118.249,325,317.9,315.5,8.081,34.197,2,-999,9,53.5,2,51.7,1.697,6,2264,2,2278.9,2,7.3803,25.06,2,49.30419211289793,25.175,2,46.6,2,2.58,2,31.1,2,0,2,0.05,2,-999,9,1.771,2,-999,9,-999,9,-999,9,-999,9,-999,9,-999,9,-999,9,11031,"2021/07/21 01:13:14",1,"11031","1","34.197","8.081","317.9","","","8.081","317.9","2278.9","2264.0","","","","Seawater scale (mol/kg-SW) "," K1, K2 from Mehrbach et al., 1973 refit by Dickson and Millero, 4232","Dickson ","Uppstrom, 4219","34.1969986","8.081000328","317.8999939","0","0","2278.899902","2264","7.576150894","1203.29541","1208.063843","2160.10487","47.31880546","56.57633474","23.72512814","0.459412446","0","0","18.71667623","1.066713288","0.678058075","1220.807142","8.081000328","317.8999939","7.576151103","1203.295407","1208.063759","2160.10487","47.31880546","56.57633474","23.72512814","0.459412446","0","0","18.71667623","1.066713288","0.678058075","1220.807104",316,313.53,8.1399,34.2057,26.6339,1.2,52.42,0.041,151.98,11.91,"dRB2102_CTD_127_01_F.csv","dRB2102","CTD","127","F.csv"
"E882.2B",2,1,FALSE,"WCOA21","2021_WCOA_RonBrown","7/21/2021",NA,"1:13:16 AM","","E882.2B","1270102","2","Niskin; Sterivex 0.22µm filter","95% EtOH","West Coast","90-35",315.4,33.252,-118.249,1000,"Sean McAllister","Bleach bottle; sample rinse 3X","7/21/2021 1:13:16 AM","7/21/2021 ","2021/07/21 01:13:00","2021/07/21 00:00:00","2021/07/21 01:13:00",33.252,-118.249,"1270102","2",315,"33RO20210613","WCOA2021","CC90-35","127","1","11081","2",17,"2021/07/21 00:00:00",2021,7,21,"01:13:16",202.051,33.252,-118.249,325,317.9,315.4,8.081,34.197,2,-999,9,53.5,2,-999,-999,9,-999,9,-999,9,-999,-999,9,-999,-999,9,-999,9,-999,9,-999,9,-999,9,-999,9,-999,9,1.918,2,-999,9,-999,9,-999,9,-999,9,-999,9,-999,9,-999,9,11081,"2021/07/21 01:13:16",2,"11081","2","34.197","8.081","317.9","","","8.081","317.9","-999.0","-999.0","","","","Seawater scale (mol/kg-SW) "," K1, K2 from Mehrbach et al., 1973 refit by Dickson and Millero, 4233","Dickson ","Uppstrom, 4220","","","","","","","","","","","","","","","","","","","","","","","","","","","","","","","","","","","","","",315,312.53,8.1795,34.2127,26.6335,1.18,51.41,0.041,152.04,12.76,"dRB2102_CTD_127_01_F.csv","dRB2102","CTD","127","F.csv"
"E882.3B",3,1,FALSE,"WCOA21","2021_WCOA_RonBrown","7/21/2021",NA,"1:13:18 AM","","E882.3B","1270103","3","Niskin; Sterivex 0.22µm filter","95% EtOH","West Coast","90-35",315.4,33.252,-118.249,1000,"Sean McAllister","Bleach bottle; sample rinse 3X","7/21/2021 1:13:18 AM","7/21/2021 ","2021/07/21 01:13:00","2021/07/21 00:00:00","2021/07/21 01:13:00",33.252,-118.249,"1270103","3",315,"33RO20210613","WCOA2021","CC90-35","127","1","11020","2",17,"2021/07/21 00:00:00",2021,7,21,"01:13:18",202.051,33.252,-118.249,325,317.9,315.4,8.08,34.197,2,34.2119,2,53.5,2,-999,-999,9,-999,9,-999,9,-999,-999,9,-999,-999,9,-999,9,-999,9,-999,9,-999,9,-999,9,-999,9,-999,9,-999,9,-999,9,-999,9,-999,9,-999,9,-999,9,-999,9,11020,"2021/07/21 01:13:18",3,"11020","3","34.197","8.080","317.9","","","8.080","317.9","-999.0","-999.0","","","","Seawater scale (mol/kg-SW) "," K1, K2 from Mehrbach et al., 1973 refit by Dickson and Millero, 4234","Dickson ","Uppstrom, 4221","","","","","","","","","","","","","","","","","","","","","","","","","","","","","","","","","","","","","",315,312.53,8.1795,34.2127,26.6335,1.18,51.41,0.041,152.04,12.76,"dRB2102_CTD_127_01_F.csv","dRB2102","CTD","127","F.csv"
"E883",1,1,FALSE,"WCOA21","2021_WCOA_RonBrown","7/21/2021",NA,"1:15:11 AM","","E883","1270104","4","Niskin; Sterivex 0.22µm filter","95% EtOH","West Coast","90-35",297.3,33.251,-118.249,1000,"Sean McAllister","","7/21/2021 1:15:11 AM","7/21/2021 ","2021/07/21 01:15:00","2021/07/21 00:00:00","2021/07/21 01:15:00",33.251,-118.249,"1270104","4",297,"33RO20210613","WCOA2021","CC90-35","127","1","11058","2",17,"2021/07/21 00:00:00",2021,7,21,"01:15:11",202.052,33.251,-118.249,325,299.6,297.3,8.509,34.261,2,-999,9,44.6,2,45.2,1.486,2,2262.4,2,2279,2,7.3768,25.06,6,53.48833757918573,25.175,6,45,2,2.61,2,30.5,2,0,2,0.04,2,-999,9,4.611,3,-999,9,-999,9,-999,9,-999,9,-999,9,-999,9,-999,9,11058,"2021/07/21 01:15:11",4,"11058","4","34.261","8.509","299.6","","","8.509","299.6","2279.0","2262.4","","","","Seawater scale (mol/kg-SW) "," K1, K2 from Mehrbach et al., 1973 refit by Dickson and Millero, 4235","Dickson ","Uppstrom, 4222","34.26100159","8.508999825","299.6000061","0","0","2279","2262.399902","7.576065063","1208.578979","1213.341431","2158.307942","48.10945036","55.98260555","24.02017709","0.479894894","0","0","18.65739083","1.088193603","0.692090861","1226.521691","8.508999825","299.6000061","7.576065079","1208.578882","1213.341416","2158.307942","48.10945036","55.98260555","24.02017709","0.479894894","0","0","18.65739083","1.088193603","0.692090861","1226.52162",297,294.69,8.4818,34.249,26.6159,1.06,46.25,0.04,152.28,29.94,"dRB2102_CTD_127_01_F.csv","dRB2102","CTD","127","F.csv"
"E884",1,1,FALSE,"WCOA21","2021_WCOA_RonBrown","7/21/2021",NA,"1:18:04 AM","","E884","1270105","5","Niskin; Sterivex 0.22µm filter","95% EtOH","West Coast","90-35",196.7,33.251,-118.249,1000,"Sean McAllister","","7/21/2021 1:18:04 AM","7/21/2021 ","2021/07/21 01:18:00","2021/07/21 00:00:00","2021/07/21 01:18:00",33.251,-118.249,"1270105","5",197,"33RO20210613","WCOA2021","CC90-35","127","1","11008","2",17,"2021/07/21 00:00:00",2021,7,21,"01:18:04",202.054,33.251,-118.249,325,198.2,196.7,9.894,34.253,2,-999,9,61.4,2,63.8,2.096,2,2237.6,3,2271.4,2,7.4329,25.06,2,59.96152900268966,25.175,2,33.9,2,2.33,2,26.3,2,0,2,0.03,2,-999,9,1.971,2,-999,9,-999,9,-999,9,-999,9,-999,9,-999,9,-999,9,11008,"2021/07/21 01:18:04",5,"11008","5","34.253","9.894","198.2","","","9.894","198.2","2271.4","2237.6","","","","Seawater scale (mol/kg-SW) "," K1, K2 from Mehrbach et al., 1973 refit by Dickson and Millero, 4236","Dickson ","Uppstrom, 4223","34.25299835","9.894000053","198.1999969","0","0","2271.399902","2237.600098","7.618710995","1105.993286","1110.27356","2133.609178","55.08042498","48.91043826","27.04895108","0.605359907","0","0","18.31805661","1.270685693","0.80897501","1123.528989","9.894000053","198.1999969","7.61871086","1105.99327","1110.273558","2133.609178","55.08042498","48.91043826","27.04895108","0.605359907","0","0","18.31805661","1.270685693","0.80897501","1123.529018",197,195.51,9.8004,34.2148,26.3762,1.56,67.8,0.04,152.88,99.74,"dRB2102_CTD_127_01_F.csv","dRB2102","CTD","127","F.csv"
"E885.1B",1,1,FALSE,"WCOA21","2021_WCOA_RonBrown","7/21/2021",NA,"1:24:37 AM","","E885.1B","1270108","8","Niskin; Sterivex 0.22µm filter","95% EtOH","West Coast","90-35",99.5,33.251,-118.249,1000,"Sean McAllister","","7/21/2021 1:24:37 AM","7/21/2021 ","2021/07/21 01:24:00","2021/07/21 00:00:00","2021/07/21 01:24:00",33.251,-118.249,"1270108","8",100,"33RO20210613","WCOA2021","CC90-35","127","1","11027","2",17,"2021/07/21 00:00:00",2021,7,21,"01:24:37",202.059,33.251,-118.249,325,100.2,99.5,11.123,33.607,2,-999,9,170.7,2,171.1,5.617,2,2133.6,2,2227.4,2,7.6256,25.06,2,88.81055221700073,25.175,2,13.7,6,1.35,6,15.5,6,0.01,6,0.03,6,-999,9,4.277,2,-999,9,-999,9,-999,9,-999,9,-999,9,-999,9,-999,9,11027,"2021/07/21 01:24:37",8,"11027","8","33.607","11.123","100.2","","","11.123","100.2","2227.4","2133.6","","","","Seawater scale (mol/kg-SW) "," K1, K2 from Mehrbach et al., 1973 refit by Dickson and Millero, 4239","Dickson ","Uppstrom, 4226","33.60699844","11.12300014","100.1999969","0","0","2227.399902","2133.600098","7.805709362","695.8572998","698.5076904","2021.474397","82.4577507","29.66803322","39.98974817","1.036253441","0","0","16.14534558","1.945269694","1.238168913","707.572417","11.12300014","100.1999969","7.805709538","695.8572838","698.5077383","2021.474397","82.4577507","29.66803322","39.98974817","1.036253441","0","0","16.14534558","1.945269694","1.238168913","707.5724504",100,99.27,11.157,33.5967,25.6568,3.95,171.82,0.044,153.98,99.34,"dRB2102_CTD_127_01_F.csv","dRB2102","CTD","127","F.csv"
"E885.2T",2,2,FALSE,"WCOA21","2021_WCOA_RonBrown","7/21/2021",NA,"1:24:39 AM","","E885.2T","1270109","9","Niskin; Sterivex 0.22µm filter","95% EtOH","West Coast","90-35",99.7,33.251,-118.249,1000,"Sean McAllister","Bleach bottle; sample rinse 3X","7/21/2021 1:24:39 AM","7/21/2021 ","2021/07/21 01:24:00","2021/07/21 00:00:00","2021/07/21 01:24:00",33.251,-118.249,"1270109","9",100,"33RO20210613","WCOA2021","CC90-35","127","1","12052","2",17,"2021/07/21 00:00:00",2021,7,21,"01:24:39",202.059,33.251,-118.249,325,100.4,99.7,11.115,33.61,2,-999,9,170.7,2,-999,-999,9,-999,9,-999,9,-999,-999,9,-999,-999,9,-999,9,-999,9,-999,9,-999,9,-999,9,-999,9,-999,9,-999,9,-999,9,-999,9,-999,9,-999,9,-999,9,-999,9,12052,"2021/07/21 01:24:39",9,"12052","9","33.610","11.115","100.4","","","11.115","100.4","-999.0","-999.0","","","","Seawater scale (mol/kg-SW) "," K1, K2 from Mehrbach et al., 1973 refit by Dickson and Millero, 4240","Dickson ","Uppstrom, 4227","","","","","","","","","","","","","","","","","","","","","","","","","","","","","","","","","","","","","",100,99.27,11.157,33.5967,25.6568,3.95,171.82,0.044,153.98,99.34,"dRB2102_CTD_127_01_F.csv","dRB2102","CTD","127","F.csv"
"E885.3T",2,3,FALSE,"WCOA21","2021_WCOA_RonBrown","7/21/2021",NA,"1:24:39 AM","","E885.3T","1270109","9","Niskin; Sterivex 0.22µm filter","95% EtOH","West Coast","90-35",99.7,33.251,-118.249,1000,"Sean McAllister","Bleach bottle; sample rinse 3X","7/21/2021 1:24:39 AM","7/21/2021 ","2021/07/21 01:24:00","2021/07/21 00:00:00","2021/07/21 01:24:00",33.251,-118.249,"1270109","9",100,"33RO20210613","WCOA2021","CC90-35","127","1","12052","2",17,"2021/07/21 00:00:00",2021,7,21,"01:24:39",202.059,33.251,-118.249,325,100.4,99.7,11.115,33.61,2,-999,9,170.7,2,-999,-999,9,-999,9,-999,9,-999,-999,9,-999,-999,9,-999,9,-999,9,-999,9,-999,9,-999,9,-999,9,-999,9,-999,9,-999,9,-999,9,-999,9,-999,9,-999,9,-999,9,12052,"2021/07/21 01:24:39",9,"12052","9","33.610","11.115","100.4","","","11.115","100.4","-999.0","-999.0","","","","Seawater scale (mol/kg-SW) "," K1, K2 from Mehrbach et al., 1973 refit by Dickson and Millero, 4240","Dickson ","Uppstrom, 4227","","","","","","","","","","","","","","","","","","","","","","","","","","","","","","","","","","","","","",100,99.27,11.157,33.5967,25.6568,3.95,171.82,0.044,153.98,99.34,"dRB2102_CTD_127_01_F.csv","dRB2102","CTD","127","F.csv"
"E886.1B",1,1,FALSE,"WCOA21","2021_WCOA_RonBrown","7/21/2021",NA,"1:41:09 AM","","E886.1B","1270122","22","Niskin; Sterivex 0.22µm filter","95% EtOH","West Coast","90-35",4.2,33.251,-118.249,1000,"Sean McAllister","","7/21/2021 1:41:09 AM","7/21/2021 ","2021/07/21 01:41:00","2021/07/21 00:00:00","2021/07/21 01:41:00",33.251,-118.249,"1270122","22",4,"33RO20210613","WCOA2021","CC90-35","127","1","11024","2",17,"2021/07/21 00:00:00",2021,7,21,"01:41:09",202.07,33.251,-118.249,325,4.3,4.2,20.691,33.47,2,-999,9,240,2,-999,-999,9,-999,9,-999,9,-999,-999,9,-999,-999,9,-999,9,-999,9,-999,9,-999,9,-999,9,-999,9,3.542,2,-999,9,-999,9,-999,9,-999,9,-999,9,-999,9,-999,9,11024,"2021/07/21 01:41:09",22,"11024","22","33.470","20.691","4.3","","","20.691","4.3","-999.0","-999.0","","","","Seawater scale (mol/kg-SW) "," K1, K2 from Mehrbach et al., 1973 refit by Dickson and Millero, 4253","Dickson ","Uppstrom, 4240","","","","","","","","","","","","","","","","","","","","","","","","","","","","","","","","","","","","","",4,3.97,20.6026,33.4673,23.4343,5.46,238.25,0.045,155.21,99.7,"dRB2102_CTD_127_01_F.csv","dRB2102","CTD","127","F.csv"
"E886.2B",2,1,FALSE,"WCOA21","2021_WCOA_RonBrown","7/21/2021",NA,"1:41:19 AM","","E886.2B","1270123","23","Niskin; Sterivex 0.22µm filter","95% EtOH","West Coast","90-35",4.4,33.251,-118.249,1000,"Sean McAllister","","7/21/2021 1:41:19 AM","7/21/2021 ","2021/07/21 01:41:00","2021/07/21 00:00:00","2021/07/21 01:41:00",33.251,-118.249,"1270123","23",4,"33RO20210613","WCOA2021","CC90-35","127","1","11061","2",17,"2021/07/21 00:00:00",2021,7,21,"01:41:19",202.07,33.251,-118.249,325,4.4,4.4,20.688,33.471,2,-999,9,240,2,-999,-999,9,-999,9,-999,9,-999,-999,9,-999,-999,9,-999,9,-999,9,-999,9,-999,9,-999,9,-999,9,-999,9,-999,9,-999,9,-999,9,-999,9,-999,9,-999,9,-999,9,11061,"2021/07/21 01:41:19",23,"11061","23","33.471","20.688","4.4","","","20.688","4.4","-999.0","-999.0","","","","Seawater scale (mol/kg-SW) "," K1, K2 from Mehrbach et al., 1973 refit by Dickson and Millero, 4254","Dickson ","Uppstrom, 4241","","","","","","","","","","","","","","","","","","","","","","","","","","","","","","","","","","","","","",4,3.97,20.6026,33.4673,23.4343,5.46,238.25,0.045,155.21,99.7,"dRB2102_CTD_127_01_F.csv","dRB2102","CTD","127","F.csv"
"E886.3B",3,1,FALSE,"WCOA21","2021_WCOA_RonBrown","7/21/2021",NA,"1:41:23 AM","","E886.3B","1270124","24","Niskin; Sterivex 0.22µm filter","95% EtOH","West Coast","90-35",4.2,33.251,-118.249,1000,"Sean McAllister","","7/21/2021 1:41:23 AM","7/21/2021 ","2021/07/21 01:41:00","2021/07/21 00:00:00","2021/07/21 01:41:00",33.251,-118.249,"1270124","24",4,"33RO20210613","WCOA2021","CC90-35","127","1","11001","2",17,"2021/07/21 00:00:00",2021,7,21,"01:41:23",202.07,33.251,-118.249,325,4.3,4.2,20.687,33.471,2,-999,9,240,2,-999,-999,9,-999,9,-999,9,-999,-999,9,-999,-999,9,-999,9,-999,9,-999,9,-999,9,-999,9,-999,9,-999,9,-999,9,-999,9,-999,9,-999,9,-999,9,-999,9,-999,9,11001,"2021/07/21 01:41:23",24,"11001","24","33.471","20.687","4.3","","","20.687","4.3","-999.0","-999.0","","","","Seawater scale (mol/kg-SW) "," K1, K2 from Mehrbach et al., 1973 refit by Dickson and Millero, 4255","Dickson ","Uppstrom, 4242","","","","","","","","","","","","","","","","","","","","","","","","","","","","","","","","","","","","","",4,3.97,20.6026,33.4673,23.4343,5.46,238.25,0.045,155.21,99.7,"dRB2102_CTD_127_01_F.csv","dRB2102","CTD","127","F.csv"
"E888",1,1,FALSE,"WCOA21","2021_WCOA_RonBrown","7/21/2021",NA,"8:34:38 AM","","E888","1280102","2","Niskin; Sterivex 0.22µm filter","95% EtOH","West Coast","90-37",1165.6,33.183,-118.387,1000,"Sean McAllister","Bleach bottle; sample rinse 3X","7/21/2021 8:34:38 AM","7/21/2021 ","2021/07/21 08:34:00","2021/07/21 00:00:00","2021/07/21 08:34:00",33.183,-118.387,"1280102","2",1166,"33RO20210613","WCOA2021","CC90-37","128","1","11081","2",17,"2021/07/21 00:00:00",2021,7,21,"08:34:38",202.357,33.183,-118.387,1176,1177.2,1165.6,4.205,34.47,2,-999,9,13.4,2,-999,-999,9,-999,9,-999,9,-999,-999,9,-999,-999,9,-999,9,-999,9,-999,9,-999,9,-999,9,-999,9,2.569,2,-999,9,-999,9,-999,9,-999,9,-999,9,-999,9,-999,9,11081,"2021/07/21 08:34:38",2,"11081","2","34.470","4.205","1177.2","","","4.205","1177.2","-999.0","-999.0","","","","Seawater scale (mol/kg-SW) "," K1, K2 from Mehrbach et al., 1973 refit by Dickson and Millero, 4257","Dickson ","Uppstrom, 4244","","","","","","","","","","","","","","","","","","","","","","","","","","","","","","","","","","","","","",1166,1154.52,4.2088,34.4694,27.3518,0.31,13.63,0.042,157.99,21.74,"dRB2102_CTD_128_01_F.csv","dRB2102","CTD","128","F.csv"
"E889",1,1,FALSE,"WCOA21","2021_WCOA_RonBrown","7/21/2021",NA,"8:38:37 AM","","E889","1280103","3","Niskin; Sterivex 0.22µm filter","95% EtOH","West Coast","90-37",1090.4,33.183,-118.387,1000,"Sean McAllister","","7/21/2021 8:38:37 AM","7/21/2021 ","2021/07/21 08:38:00","2021/07/21 00:00:00","2021/07/21 08:38:00",33.183,-118.387,"1280103","3",1090,"33RO20210613","WCOA2021","CC90-37","128","1","11020","2",17,"2021/07/21 00:00:00",2021,7,21,"08:38:37",202.36,33.183,-118.387,1176,1101,1090.4,4.249,34.466,2,34.4722,2,14.2,2,13.7,0.449,2,2367.9,6,2366.6,2,7.3209,25.05,2,51.61076257716357,24.855,2,116.9,2,3.26,2,41,2,0.01,2,0.04,2,-999,9,1.504,2,-999,9,-999,9,-999,9,-999,9,-999,9,-999,9,-999,9,11020,"2021/07/21 08:38:37",3,"11020","3","34.466","4.249","1101.0","","","4.249","1101.0","2366.6","2367.9","","","","Seawater scale (mol/kg-SW) "," K1, K2 from Mehrbach et al., 1973 refit by Dickson and Millero, 4258","Dickson ","Uppstrom, 4245","34.4659996","4.249000072","1101","0","0","2366.600098","2367.899902","7.542828083","1211.829834","1216.881348","2261.149573","41.63231709","65.11809551","21.91091006","0.304102859","0","0","19.18383476","0.800688971","0.511474388","1226.705926","4.249000072","1101","7.542827854","1211.829829","1216.881315","2261.149573","41.63231709","65.11809551","21.91091006","0.304102859","0","0","19.18383476","0.800688971","0.511474388","1226.705914",1090,1079.47,4.2637,34.4645,27.3415,0.33,14.44,0.042,158.53,98.79,"dRB2102_CTD_128_01_F.csv","dRB2102","CTD","128","F.csv"
"E890",1,1,FALSE,"WCOA21","2021_WCOA_RonBrown","7/21/2021",NA,"9:13:14 AM","","E890","1280110","10","Niskin; Sterivex 0.22µm filter","95% EtOH","West Coast","90-37",199.2,33.182,-118.387,1000,"Sean McAllister","","7/21/2021 9:13:14 AM","7/21/2021 ","2021/07/21 09:13:00","2021/07/21 00:00:00","2021/07/21 09:13:00",33.182,-118.387,"1280110","10",199,"33RO20210613","WCOA2021","CC90-37","128","1","11067","2",17,"2021/07/21 00:00:00",2021,7,21,"09:13:14",202.384,33.182,-118.387,1176,200.7,199.2,8.834,34.036,2,-999,9,110.8,2,111.3,3.657,2,2205.6,2,2258.2,2,7.4913,25.04,2,66.83909712753587,24.855,2,32.8,2,2.02,2,26.3,2,0.02,2,0.04,2,-999,9,2.432,2,-999,9,-999,9,-999,9,-999,9,-999,9,-999,9,-999,9,11067,"2021/07/21 09:13:14",10,"11067","10","34.036","8.834","200.7","","","8.834","200.7","2258.2","2205.6","","","","Seawater scale (mol/kg-SW) "," K1, K2 from Mehrbach et al., 1973 refit by Dickson and Millero, 4265","Dickson ","Uppstrom, 4252","34.0359993","8.833999634","200.6999969","0","0","2258.199951","2205.600098","7.699101925","898.7213135","902.2478638","2102.105738","62.26574813","41.22854456","30.93176083","0.6513289","0","0","17.95257719","1.436900241","0.912884565","912.270488","8.833999634","200.6999969","7.699101927","898.7213221","902.24782","2102.105738","62.26574813","41.22854456","30.93176083","0.6513289","0","0","17.95257719","1.436900241","0.912884565","912.2704597",199,197.5,8.8576,34.0345,26.3879,2.57,111.92,0.04,162.91,99.63,"dRB2102_CTD_128_01_F.csv","dRB2102","CTD","128","F.csv"
"E891",1,1,FALSE,"WCOA21","2021_WCOA_RonBrown","7/21/2021",NA,"9:21:33 AM","","E891","1280114","14","Niskin; Sterivex 0.22µm filter","95% EtOH","West Coast","90-37",99.6,33.182,-118.387,1000,"Sean McAllister","Bleach bottle; sample rinse 3X","7/21/2021 9:21:33 AM","7/21/2021 ","2021/07/21 09:21:00","2021/07/21 00:00:00","2021/07/21 09:21:00",33.182,-118.387,"1280114","14",100,"33RO20210613","WCOA2021","CC90-37","128","1","11011","2",17,"2021/07/21 00:00:00",2021,7,21,"09:21:33",202.39,33.182,-118.387,1176,100.4,99.6,10.655,33.691,2,-999,9,155.9,2,-999,-999,9,-999,9,-999,9,-999,-999,9,-999,-999,9,-999,9,-999,9,-999,9,-999,9,-999,9,-999,9,-999,9,-999,9,-999,9,-999,9,-999,9,-999,9,-999,9,-999,9,11011,"2021/07/21 09:21:33",14,"11011","14","33.691","10.655","100.4","","","10.655","100.4","-999.0","-999.0","","","","Seawater scale (mol/kg-SW) "," K1, K2 from Mehrbach et al., 1973 refit by Dickson and Millero, 4269","Dickson ","Uppstrom, 4256","","","","","","","","","","","","","","","","","","","","","","","","","","","","","","","","","","","","","",100,99.27,10.6482,33.6926,25.8218,3.58,155.89,0.043,164.21,99.39,"dRB2102_CTD_128_01_F.csv","dRB2102","CTD","128","F.csv"
"E892",1,1,FALSE,"WCOA21","2021_WCOA_RonBrown","7/21/2021",NA,"9:40:06 AM","","E892","1280124","24","Niskin; Sterivex 0.22µm filter","95% EtOH","West Coast","90-37",3.7,33.182,-118.387,1000,"Sean McAllister","Bleach bottle; sample rinse 3X","7/21/2021 9:40:06 AM","7/21/2021 ","2021/07/21 09:40:00","2021/07/21 00:00:00","2021/07/21 09:40:00",33.182,-118.387,"1280124","24",4,"33RO20210613","WCOA2021","CC90-37","128","1","11001","2",17,"2021/07/21 00:00:00",2021,7,21,"09:40:06",202.403,33.182,-118.387,1176,3.7,3.7,20.722,33.503,2,-999,9,237.6,2,-999,-999,9,-999,9,-999,9,-999,-999,9,-999,-999,9,-999,9,-999,9,-999,9,-999,9,-999,9,-999,9,3.356,2,-999,9,-999,9,-999,9,-999,9,-999,9,-999,9,-999,9,11001,"2021/07/21 09:40:06",24,"11001","24","33.503","20.722","3.7","","","20.722","3.7","-999.0","-999.0","","","","Seawater scale (mol/kg-SW) "," K1, K2 from Mehrbach et al., 1973 refit by Dickson and Millero, 4279","Dickson ","Uppstrom, 4266","","","","","","","","","","","","","","","","","","","","","","","","","","","","","","","","","","","","","",4,3.97,20.7505,33.5054,23.4237,5.42,236.69,0.048,165.56,98.37,"dRB2102_CTD_128_01_F.csv","dRB2102","CTD","128","F.csv"
"E893",1,1,FALSE,"WCOA21","2021_WCOA_RonBrown","7/21/2021",NA,"6:58:00 PM","","E893","1290102","2","Niskin; Sterivex 0.22µm filter","95% EtOH","West Coast","90-49",819.7,32.811,-119.151,1000,"Sean McAllister","Bleach bottle; sample rinse 3X; Note station name was officially changed from 90-45","7/21/2021 6:58:00 PM","7/21/2021 ","2021/07/21 06:58:00","2021/07/21 00:00:00","2021/07/21 06:58:00",32.811,-119.151,"1290102","2",820,"33RO20210613","WCOA2021","CC90-49","129","1","11081","2",17,"2021/07/21 00:00:00",2021,7,21,"18:58:00",202.79,32.811,-119.151,830,827.1,819.7,5.164,34.396,2,-999,9,11.2,2,-999,-999,9,-999,9,-999,9,-999,-999,9,-999,-999,9,-999,9,-999,9,-999,9,-999,9,-999,9,-999,9,1.721,2,-999,9,-999,9,-999,9,-999,9,-999,9,-999,9,-999,9,11081,"2021/07/21 18:58:00",2,"11081","2","34.396","5.164","827.1","","","5.164","827.1","-999.0","-999.0","","","","Seawater scale (mol/kg-SW) "," K1, K2 from Mehrbach et al., 1973 refit by Dickson and Millero, 4281","Dickson ","Uppstrom, 4268","","","","","","","","","","","","","","","","","","","","","","","","","","","","","","","","","","","","","",820,812.62,5.166,34.3965,27.1854,0.26,11.13,0.04,157.88,27.47,"dRB2102_CTD_129_01_F.csv","dRB2102","CTD","129","F.csv"
"E894",1,1,FALSE,"WCOA21","2021_WCOA_RonBrown","7/21/2021",NA,"7:22:28 PM","","E894","1290107","7","Niskin; Sterivex 0.22µm filter","95% EtOH","West Coast","90-49",198.8,32.811,-119.151,1000,"Sean McAllister","","7/21/2021 7:22:28 PM","7/21/2021 ","2021/07/21 07:22:00","2021/07/21 00:00:00","2021/07/21 07:22:00",32.811,-119.151,"1290107","7",199,"33RO20210613","WCOA2021","CC90-49","129","1","11004","2",17,"2021/07/21 00:00:00",2021,7,21,"19:22:28",202.807,32.811,-119.151,830,200.3,198.8,8.63,34.124,2,-999,9,74.1,2,70.8,2.325,2,2237.6,2,2266.6,2,7.4107,25.08,2,57.33359087814114,24.865,2,39.6,2,2.34,2,29.5,2,0.02,2,0.04,2,-999,9,2.904,2,-999,9,-999,9,-999,9,-999,9,-999,9,-999,9,-999,9,11004,"2021/07/21 19:22:28",7,"11004","7","34.124","8.630","200.3","","","8.630","200.3","2266.6","2237.6","","","","Seawater scale (mol/kg-SW) "," K1, K2 from Mehrbach et al., 1973 refit by Dickson and Millero, 4286","Dickson ","Uppstrom, 4273","34.12400055","8.630000114","200.3000031","0","0","2266.600098","2237.600098","7.621761322","1088.634888","1092.918091","2134.747371","52.59228174","50.26038886","26.15801082","0.534410197","0","0","18.52546891","1.213032997","0.770530489","1104.889913","8.630000114","200.3000031","7.62176123","1088.634918","1092.918019","2134.747371","52.59228174","50.26038886","26.15801082","0.534410197","0","0","18.52546891","1.213032997","0.770530489","1104.889831",199,197.5,8.651,34.1072,26.4771,1.82,79.22,0.04,161.12,99.76,"dRB2102_CTD_129_01_F.csv","dRB2102","CTD","129","F.csv"
"E895",1,1,FALSE,"WCOA21","2021_WCOA_RonBrown","7/21/2021",NA,"7:32:49 PM","","E895","1290111","11","Niskin; Sterivex 0.22µm filter","95% EtOH","West Coast","90-49",99.1,32.81,-119.151,1000,"Sean McAllister","Bleach bottle; sample rinse 3X","7/21/2021 7:32:49 PM","7/21/2021 ","2021/07/21 07:32:00","2021/07/21 00:00:00","2021/07/21 07:32:00",32.81,-119.151,"1290111","11",99,"33RO20210613","WCOA2021","CC90-49","129","1","11023","2",17,"2021/07/21 00:00:00",2021,7,21,"19:32:49",202.814,32.81,-119.151,830,99.8,99.1,9.541,33.964,2,-999,9,103.9,2,-999,-999,9,-999,9,-999,9,-999,-999,9,-999,-999,9,-999,9,-999,9,-999,9,-999,9,-999,9,-999,9,-999,9,-999,9,-999,9,-999,9,-999,9,-999,9,-999,9,-999,9,11023,"2021/07/21 19:32:49",11,"11023","11","33.964","9.541","99.8","","","9.541","99.8","-999.0","-999.0","","","","Seawater scale (mol/kg-SW) "," K1, K2 from Mehrbach et al., 1973 refit by Dickson and Millero, 4290","Dickson ","Uppstrom, 4277","","","","","","","","","","","","","","","","","","","","","","","","","","","","","","","","","","","","","",99,98.28,9.4868,33.9624,26.2289,2.37,103.27,0.042,162.69,99.65,"dRB2102_CTD_129_01_F.csv","dRB2102","CTD","129","F.csv"
"E896",1,1,FALSE,"WCOA21","2021_WCOA_RonBrown","7/21/2021",NA,"7:51:40 PM","","E896","1290121","21","Niskin; Sterivex 0.22µm filter","95% EtOH","West Coast","90-49",3.6,32.81,-119.151,1000,"Sean McAllister","","7/21/2021 7:51:40 PM","7/21/2021 ","2021/07/21 07:51:00","2021/07/21 00:00:00","2021/07/21 07:51:00",32.81,-119.151,"1290121","21",4,"33RO20210613","WCOA2021","CC90-49","129","1","11062","2",17,"2021/07/21 00:00:00",2021,7,21,"19:51:40",202.828,32.81,-119.151,830,3.6,3.6,18.827,33.802,2,-999,9,246.7,2,-999,-999,9,-999,9,-999,9,-999,-999,9,-999,-999,9,-999,9,-999,9,-999,9,-999,9,-999,9,-999,9,-999,9,-999,9,-999,9,-999,9,-999,9,-999,9,-999,9,-999,9,11062,"2021/07/21 19:51:40",21,"11062","21","33.802","18.827","3.6","","","18.827","3.6","-999.0","-999.0","","","","Seawater scale (mol/kg-SW) "," K1, K2 from Mehrbach et al., 1973 refit by Dickson and Millero, 4300","Dickson ","Uppstrom, 4287","","","","","","","","","","","","","","","","","","","","","","","","","","","","","","","","","","","","","",4,3.97,18.8058,33.8049,24.1572,5.66,246.7,0.048,162.72,99.7,"dRB2102_CTD_129_01_F.csv","dRB2102","CTD","129","F.csv"
"E897",1,1,FALSE,"WCOA21","2021_WCOA_RonBrown","7/22/2021",NA,"2:02:19 AM","","E897","1300102","2","Niskin; Sterivex 0.22µm filter","95% EtOH","West Coast","90-53",1310.8,32.65,-119.483,1000,"Sean McAllister","Bleach bottle; sample rinse 3X","7/22/2021 2:02:19 AM","7/22/2021 ","2021/07/22 02:02:00","2021/07/22 00:00:00","2021/07/22 02:02:00",32.65,-119.483,"1300102","2",1311,"33RO20210613","WCOA2021","CC90-53","130","1","11081","2",17,"2021/07/22 00:00:00",2021,7,22,"02:02:19",203.085,32.65,-119.483,1321,1324.3,1310.8,4.066,34.472,2,-999,9,19.3,2,-999,-999,9,-999,9,-999,9,-999,-999,9,-999,-999,9,-999,9,-999,9,-999,9,-999,9,-999,9,-999,9,4.07,2,-999,9,-999,9,-999,9,-999,9,-999,9,-999,9,-999,9,11081,"2021/07/22 02:02:19",2,"11081","2","34.472","4.066","1324.3","","","4.066","1324.3","-999.0","-999.0","","","","Seawater scale (mol/kg-SW) "," K1, K2 from Mehrbach et al., 1973 refit by Dickson and Millero, 4302","Dickson ","Uppstrom, 4289","","","","","","","","","","","","","","","","","","","","","","","","","","","","","","","","","","","","","",1311,1297.71,4.072,34.4716,27.369,0.45,19.76,0.04,132.64,22.96,"dRB2102_CTD_130_01_F.csv","dRB2102","CTD","130","F.csv"
"E898",1,1,FALSE,"WCOA21","2021_WCOA_RonBrown","7/22/2021",NA,"2:06:03 AM","","E898","1300103","3","Niskin; Sterivex 0.22µm filter","95% EtOH","West Coast","90-53",1188.3,32.65,-119.483,1000,"Sean McAllister","","7/22/2021 2:06:03 AM","7/22/2021 ","2021/07/22 02:06:00","2021/07/22 00:00:00","2021/07/22 02:06:00",32.65,-119.483,"1300103","3",1188,"33RO20210613","WCOA2021","CC90-53","130","1","11020","2",17,"2021/07/22 00:00:00",2021,7,22,"02:06:03",203.088,32.65,-119.483,1321,1200.1,1188.3,4.104,34.468,2,34.4742,2,19.2,2,18.3,0.602,2,2362.6,6,2364.4,6,7.3275,25.02,6,52.09968630256309,24.900000000000002,2,120.8,6,3.22,6,41.9,6,0.01,6,0.03,6,-999,9,3.93,3,-999,9,-999,9,-999,9,-999,9,-999,9,-999,9,-999,9,11020,"2021/07/22 02:06:03",3,"11020","3","34.468","4.104","1200.1","","","4.104","1200.1","2364.4","2362.6","","","","Seawater scale (mol/kg-SW) "," K1, K2 from Mehrbach et al., 1973 refit by Dickson and Millero, 4303","Dickson ","Uppstrom, 4290","34.4679985","4.104000092","1200.099976","0","0","2364.399902","2362.600098","7.551098824","1172.680786","1177.578491","2256.862558","42.38999118","63.34751242","22.47818978","0.307688219","0","0","19.24689248","0.799194856","0.511056204","1186.988664","4.104000092","1200.099976","7.55109892","1172.680747","1177.578492","2256.862558","42.38999118","63.34751242","22.47818978","0.307688219","0","0","19.24689248","0.799194856","0.511056204","1186.98869",1188,1176.3,4.1097,34.4675,27.3608,0.45,19.42,0.042,133.2,100,"dRB2102_CTD_130_01_F.csv","dRB2102","CTD","130","F.csv"
"E899",1,1,FALSE,"WCOA21","2021_WCOA_RonBrown","7/22/2021",NA,"2:32:43 AM","","E899","1300109","9","Niskin; Sterivex 0.22µm filter","95% EtOH","West Coast","90-53",197.9,32.651,-119.483,1000,"Sean McAllister","","7/22/2021 2:32:43 AM","7/22/2021 ","2021/07/22 02:32:00","2021/07/22 00:00:00","2021/07/22 02:32:00",32.651,-119.483,"1300109","9",198,"33RO20210613","WCOA2021","CC90-53","130","1","12052","2",17,"2021/07/22 00:00:00",2021,7,22,"02:32:43",203.106,32.651,-119.483,1321,199.4,197.9,8.641,34.137,2,-999,9,65,2,65.6,2.156,2,2241.1,2,2267.1,2,7.4019,25.02,2,51.643998239159195,24.87,3,40.8,6,2.38,6,29.9,6,0.02,6,0.03,6,-999,9,2.593,2,-999,9,-999,9,-999,9,-999,9,-999,9,-999,9,-999,9,12052,"2021/07/22 02:32:43",9,"12052","9","34.137","8.641","199.4","","","8.641","199.4","2267.1","2241.1","","","","Seawater scale (mol/kg-SW) "," K1, K2 from Mehrbach et al., 1973 refit by Dickson and Millero, 4309","Dickson ","Uppstrom, 4296","34.13700104","8.640999794","199.3999939","0","0","2267.100098","2241.100098","7.611309052","1117.053345","1121.447632","2138.093104","51.45773099","51.54934967","25.59414325","0.522359195","0","0","18.5624342","1.186981031","0.754004528","1133.741148","8.640999794","199.3999939","7.611308875","1117.053323","1121.447601","2138.093104","51.45773099","51.54934967","25.59414325","0.522359195","0","0","18.5624342","1.186981031","0.754004528","1133.741094",198,196.52,8.6315,34.1073,26.4802,1.7,73.97,0.04,136.3,99.78,"dRB2102_CTD_130_01_F.csv","dRB2102","CTD","130","F.csv"
"E900",1,1,FALSE,"WCOA21","2021_WCOA_RonBrown","7/22/2021",NA,"2:41:18 AM","","E900","1300113","13","Niskin; Sterivex 0.22µm filter","95% EtOH","West Coast","90-53",99.4,32.65,-119.483,1000,"Sean McAllister","Bleach bottle; sample rinse 3X","7/22/2021 2:41:18 AM","7/22/2021 ","2021/07/22 02:41:00","2021/07/22 00:00:00","2021/07/22 02:41:00",32.65,-119.483,"1300113","13",99,"33RO20210613","WCOA2021","CC90-53","130","1","11054","2",17,"2021/07/22 00:00:00",2021,7,22,"02:41:18",203.112,32.65,-119.483,1321,100.2,99.4,9.977,33.868,2,-999,9,124.8,2,-999,-999,9,-999,9,-999,9,-999,-999,9,-999,-999,9,-999,9,-999,9,-999,9,-999,9,-999,9,-999,9,-999,9,-999,9,-999,9,-999,9,-999,9,-999,9,-999,9,-999,9,11054,"2021/07/22 02:41:18",13,"11054","13","33.868","9.977","100.2","","","9.977","100.2","-999.0","-999.0","","","","Seawater scale (mol/kg-SW) "," K1, K2 from Mehrbach et al., 1973 refit by Dickson and Millero, 4313","Dickson ","Uppstrom, 4300","","","","","","","","","","","","","","","","","","","","","","","","","","","","","","","","","","","","","",99,98.28,10.0562,33.7699,25.9839,3.22,140.08,0.041,136.88,99.46,"dRB2102_CTD_130_01_F.csv","dRB2102","CTD","130","F.csv"
"E901",1,1,FALSE,"WCOA21","2021_WCOA_RonBrown","7/22/2021",NA,"3:01:29 AM","","E901","1300123","23","Niskin; Sterivex 0.22µm filter","95% EtOH","West Coast","90-53",3.6,32.65,-119.483,1000,"Sean McAllister","Bleach bottle; sample rinse 3X","7/22/2021 3:01:29 AM","7/22/2021 ","2021/07/22 03:01:00","2021/07/22 00:00:00","2021/07/22 03:01:00",32.65,-119.483,"1300123","23",4,"33RO20210613","WCOA2021","CC90-53","130","1","11061","2",17,"2021/07/22 00:00:00",2021,7,22,"03:01:29",203.126,32.65,-119.483,1321,3.6,3.6,18.861,33.635,2,-999,9,244.4,2,-999,-999,9,-999,9,-999,9,-999,-999,9,-999,-999,9,-999,9,-999,9,-999,9,-999,9,-999,9,-999,9,5.073,2,-999,9,-999,9,-999,9,-999,9,-999,9,-999,9,-999,9,11061,"2021/07/22 03:01:29",23,"11061","23","33.635","18.861","3.6","","","18.861","3.6","-999.0","-999.0","","","","Seawater scale (mol/kg-SW) "," K1, K2 from Mehrbach et al., 1973 refit by Dickson and Millero, 4323","Dickson ","Uppstrom, 4310","","","","","","","","","","","","","","","","","","","","","","","","","","","","","","","","","","","","","",4,3.97,18.8916,33.6359,24.0064,5.57,242.8,0.048,135.4,99.68,"dRB2102_CTD_130_01_F.csv","dRB2102","CTD","130","F.csv"
"E902.1B",1,1,FALSE,"WCOA21","2021_WCOA_RonBrown","7/22/2021",NA,"10:05:15 AM","","E902.1B","1310101","1","Niskin; Sterivex 0.22µm filter","95% EtOH","West Coast","90-60",881.5,32.418,-119.959,1000,"Sean McAllister","","7/22/2021 10:05:15 AM","7/22/2021 ","2021/07/22 10:05:00","2021/07/22 00:00:00","2021/07/22 10:05:00",32.418,-119.959,"1310101","1",882,"33RO20210613","WCOA2021","CC90-60","131","1","11031","2",17,"2021/07/22 00:00:00",2021,7,22,"10:05:15",203.42,32.418,-119.959,892,889.7,881.5,4.623,34.426,2,-999,9,14.5,2,14.6,0.48,6,2352.1,2,2346.9,2,7.3186,25,2,49.07291399804861,24.930000000000003,2,104.5,2,3.21,2,42.3,2,0.02,2,0.03,2,-999,9,1.757,2,-999,9,-999,9,-999,9,-999,9,-999,9,-999,9,-999,9,11031,"2021/07/22 10:05:15",1,"11031","1","34.426","4.623","889.7","","","4.623","889.7","2346.9","2352.1","","","","Seawater scale (mol/kg-SW) "," K1, K2 from Mehrbach et al., 1973 refit by Dickson and Millero, 4324","Dickson ","Uppstrom, 4311","34.42599869","4.623000145","889.7000122","0","0","2346.899902","2352.100098","7.532916546","1263.185059","1268.424438","2244.72591","40.39562216","66.97856655","21.10863525","0.303843272","0","0","19.03498152","0.810747001","0.516753345","1278.93958","4.623000145","889.7000122","7.532916524","1263.185017","1268.424439","2244.72591","40.39562216","66.97856655","21.10863525","0.303843272","0","0","19.03498152","0.810747001","0.516753345","1278.939576",882,873.97,4.6545,34.4233,27.2649,0.33,14.36,0.041,146.01,17.45,"dRB2102_CTD_131_01_F.csv","dRB2102","CTD","131","F.csv"
"E902.2B",1,1,FALSE,"WCOA21","2021_WCOA_RonBrown","7/22/2021",NA,"10:05:18 AM","","E902.2B","1310102","2","Niskin; Sterivex 0.22µm filter","95% EtOH","West Coast","90-60",880.7,32.418,-119.959,1000,"Sean McAllister","Bleach bottle; sample rinse 3X","7/22/2021 10:05:18 AM","7/22/2021 ","2021/07/22 10:05:00","2021/07/22 00:00:00","2021/07/22 10:05:00",32.418,-119.959,"1310102","2",881,"33RO20210613","WCOA2021","CC90-60","131","1","11081","2",17,"2021/07/22 00:00:00",2021,7,22,"10:05:18",203.42,32.418,-119.959,892,888.8,880.7,4.627,34.426,2,-999,9,14.5,2,-999,-999,9,-999,9,-999,9,-999,-999,9,-999,-999,9,-999,9,-999,9,-999,9,-999,9,-999,9,-999,9,2.785,2,-999,9,-999,9,-999,9,-999,9,-999,9,-999,9,-999,9,11081,"2021/07/22 10:05:18",2,"11081","2","34.426","4.627","888.8","","","4.627","888.8","-999.0","-999.0","","","","Seawater scale (mol/kg-SW) "," K1, K2 from Mehrbach et al., 1973 refit by Dickson and Millero, 4325","Dickson ","Uppstrom, 4312","","","","","","","","","","","","","","","","","","","","","","","","","","","","","","","","","","","","","",881,872.98,4.6544,34.4232,27.2649,0.33,14.36,0.04,146.01,18.41,"dRB2102_CTD_131_01_F.csv","dRB2102","CTD","131","F.csv"
"E902.3B",1,1,FALSE,"WCOA21","2021_WCOA_RonBrown","7/22/2021",NA,"10:05:21 AM","","E902.3B","1310103","3","Niskin; Sterivex 0.22µm filter","95% EtOH","West Coast","90-60",879.1,32.418,-119.959,1000,"Sean McAllister","Bleach bottle; sample rinse 3X","7/22/2021 10:05:21 AM","7/22/2021 ","2021/07/22 10:05:00","2021/07/22 00:00:00","2021/07/22 10:05:00",32.418,-119.959,"1310103","3",879,"33RO20210613","WCOA2021","CC90-60","131","1","11020","2",17,"2021/07/22 00:00:00",2021,7,22,"10:05:21",203.42,32.418,-119.959,892,887.2,879.1,4.628,34.426,2,-999,9,14.5,2,-999,-999,9,-999,9,-999,9,-999,-999,9,-999,-999,9,-999,9,-999,9,-999,9,-999,9,-999,9,-999,9,-999,9,-999,9,-999,9,-999,9,-999,9,-999,9,-999,9,-999,9,11020,"2021/07/22 10:05:21",3,"11020","3","34.426","4.628","887.2","","","4.628","887.2","-999.0","-999.0","","","","Seawater scale (mol/kg-SW) "," K1, K2 from Mehrbach et al., 1973 refit by Dickson and Millero, 4326","Dickson ","Uppstrom, 4313","","","","","","","","","","","","","","","","","","","","","","","","","","","","","","","","","","","","","",879,871,4.6572,34.423,27.2644,0.33,14.34,0.041,145.95,20.51,"dRB2102_CTD_131_01_F.csv","dRB2102","CTD","131","F.csv"
"E903.1B",1,1,FALSE,"WCOA21","2021_WCOA_RonBrown","7/22/2021",NA,"10:38:59 AM","","E903.1B","1310111","11","Niskin; Sterivex 0.22µm filter","95% EtOH","West Coast","90-60",99.2,32.418,-119.96,1000,"Sean McAllister","","7/22/2021 10:38:59 AM","7/22/2021 ","2021/07/22 10:38:00","2021/07/22 00:00:00","2021/07/22 10:38:00",32.418,-119.96,"1310111","11",99,"33RO20210613","WCOA2021","CC90-60","131","1","11023","2",17,"2021/07/22 00:00:00",2021,7,22,"10:38:59",203.444,32.418,-119.96,892,99.9,99.2,10.359,33.581,2,-999,9,178,2,179.8,5.9,2,2135.7,2,2222.6,2,7.6128,24.92,2,84.17268255110973,24.930000000000003,2,15.7,2,1.45,2,17.7,2,0.03,2,0.03,2,-999,9,7.871,2,-999,9,-999,9,-999,9,-999,9,-999,9,-999,9,-999,9,11023,"2021/07/22 10:38:59",11,"11023","11","33.581","10.359","99.9","","","10.359","99.9","2222.6","2135.7","","","","Seawater scale (mol/kg-SW) "," K1, K2 from Mehrbach et al., 1973 refit by Dickson and Millero, 4334","Dickson ","Uppstrom, 4321","33.58100128","10.35900021","99.90000153","0","0","2222.600098","2135.699951","7.796824932","708.0379639","710.7616577","2026.244734","78.50067934","30.95443443","38.43109937","0.939230456","0","0","16.48226379","1.851745324","1.176986118","719.5221924","10.35900021","99.90000153","7.796825159","708.037969","710.7616385","2026.244734","78.50067934","30.95443443","38.43109937","0.939230456","0","0","16.48226379","1.851745324","1.176986118","719.5221907",99,98.28,10.4386,33.5288,25.7305,4.22,183.69,0.042,149.61,99.34,"dRB2102_CTD_131_01_F.csv","dRB2102","CTD","131","F.csv"
"E903.2T",1,1,FALSE,"WCOA21","2021_WCOA_RonBrown","7/22/2021",NA,"10:39:03 AM","","E903.2T","1310112","12","Niskin; Sterivex 0.22µm filter","95% EtOH","West Coast","90-60",100.4,32.418,-119.96,1000,"Sean McAllister","Bleach bottle; sample rinse 3X","7/22/2021 10:39:03 AM","7/22/2021 ","2021/07/22 10:39:00","2021/07/22 00:00:00","2021/07/22 10:39:00",32.418,-119.96,"1310112","12",100,"33RO20210613","WCOA2021","CC90-60","131","1","11026","2",17,"2021/07/22 00:00:00",2021,7,22,"10:39:03",203.444,32.418,-119.96,892,101.2,100.4,10.34,33.611,2,-999,9,174.5,2,-999,-999,9,-999,9,-999,9,-999,-999,9,-999,-999,9,-999,9,-999,9,-999,9,-999,9,-999,9,-999,9,-999,9,-999,9,-999,9,-999,9,-999,9,-999,9,-999,9,-999,9,11026,"2021/07/22 10:39:03",12,"11026","12","33.611","10.340","101.2","","","10.340","101.2","-999.0","-999.0","","","","Seawater scale (mol/kg-SW) "," K1, K2 from Mehrbach et al., 1973 refit by Dickson and Millero, 4335","Dickson ","Uppstrom, 4322","","","","","","","","","","","","","","","","","","","","","","","","","","","","","","","","","","","","","",100,99.28,10.3972,33.5363,25.7435,4.17,181.46,0.042,149.62,99.34,"dRB2102_CTD_131_01_F.csv","dRB2102","CTD","131","F.csv"
"E903.3T",1,1,FALSE,"WCOA21","2021_WCOA_RonBrown","7/22/2021",NA,"10:39:03 AM","","E903.3T","1310112","12","Niskin; Sterivex 0.22µm filter","95% EtOH","West Coast","90-60",100.4,32.418,-119.96,1000,"Sean McAllister","Bleach bottle; sample rinse 3X","7/22/2021 10:39:03 AM","7/22/2021 ","2021/07/22 10:39:00","2021/07/22 00:00:00","2021/07/22 10:39:00",32.418,-119.96,"1310112","12",100,"33RO20210613","WCOA2021","CC90-60","131","1","11026","2",17,"2021/07/22 00:00:00",2021,7,22,"10:39:03",203.444,32.418,-119.96,892,101.2,100.4,10.34,33.611,2,-999,9,174.5,2,-999,-999,9,-999,9,-999,9,-999,-999,9,-999,-999,9,-999,9,-999,9,-999,9,-999,9,-999,9,-999,9,-999,9,-999,9,-999,9,-999,9,-999,9,-999,9,-999,9,-999,9,11026,"2021/07/22 10:39:03",12,"11026","12","33.611","10.340","101.2","","","10.340","101.2","-999.0","-999.0","","","","Seawater scale (mol/kg-SW) "," K1, K2 from Mehrbach et al., 1973 refit by Dickson and Millero, 4335","Dickson ","Uppstrom, 4322","","","","","","","","","","","","","","","","","","","","","","","","","","","","","","","","","","","","","",100,99.28,10.3972,33.5363,25.7435,4.17,181.46,0.042,149.62,99.34,"dRB2102_CTD_131_01_F.csv","dRB2102","CTD","131","F.csv"
"E904.1B",1,1,FALSE,"WCOA21","2021_WCOA_RonBrown","7/22/2021",NA,"10:57:05 AM","","E904.1B","1310122","22","Niskin; Sterivex 0.22µm filter","95% EtOH","West Coast","90-60",4.7,32.417,-119.96,1000,"Sean McAllister","","7/22/2021 10:57:05 AM","7/22/2021 ","2021/07/22 10:57:00","2021/07/22 00:00:00","2021/07/22 10:57:00",32.417,-119.96,"1310122","22",5,"33RO20210613","WCOA2021","CC90-60","131","1","11024","2",17,"2021/07/22 00:00:00",2021,7,22,"10:57:05",203.456,32.417,-119.96,892,4.7,4.7,17.101,33.603,2,-999,9,255.9,2,256.9,8.422,2,2021.1,2,2240.5,2,7.929,24.92,2,160.34899557172355,24.860000000000003,2,0.7,2,0.28,2,0.1,2,0.04,2,0.07,2,0.8,2,3.883,2,-999,9,-999,9,-999,9,-999,9,-999,9,-999,9,-999,9,11024,"2021/07/22 10:57:05",22,"11024","22","33.603","17.101","4.7","","","17.101","4.7","2240.5","2021.1","","","","Seawater scale (mol/kg-SW) "," K1, K2 from Mehrbach et al., 1973 refit by Dickson and Millero, 4345","Dickson ","Uppstrom, 4332","33.60300064","17.10099983","4.699999809","0","0","2240.5","2021.099854","8.030670166","398.8236084","400.2310791","1848.291401","158.6647129","14.14379258","71.78157847","3.107050229","0","0","11.33222672","3.819912508","2.458933652","407.9327189","17.10099983","4.699999809","8.030670204","398.823621","400.2310766","1848.291401","158.6647129","14.14379258","71.78157847","3.107050229","0","0","11.33222672","3.819912508","2.458933652","407.9327212",5,4.96,17.2062,33.6054,24.3955,5.87,255.78,0.097,149.52,99.7,"dRB2102_CTD_131_01_F.csv","dRB2102","CTD","131","F.csv"
"E904.2B",1,1,FALSE,"WCOA21","2021_WCOA_RonBrown","7/22/2021",NA,"10:57:08 AM","","E904.2B","1310123","23","Niskin; Sterivex 0.22µm filter","95% EtOH","West Coast","90-60",3.7,32.417,-119.96,1000,"Sean McAllister","","7/22/2021 10:57:08 AM","7/22/2021 ","2021/07/22 10:57:00","2021/07/22 00:00:00","2021/07/22 10:57:00",32.417,-119.96,"1310123","23",4,"33RO20210613","WCOA2021","CC90-60","131","1","11061","2",17,"2021/07/22 00:00:00",2021,7,22,"10:57:08",203.456,32.417,-119.96,892,3.7,3.7,17.098,33.603,2,-999,9,255.9,2,-999,-999,9,-999,9,-999,9,-999,-999,9,-999,-999,9,-999,9,-999,9,-999,9,-999,9,-999,9,-999,9,4.052,2,-999,9,-999,9,-999,9,-999,9,-999,9,-999,9,-999,9,11061,"2021/07/22 10:57:08",23,"11061","23","33.603","17.098","3.7","","","17.098","3.7","-999.0","-999.0","","","","Seawater scale (mol/kg-SW) "," K1, K2 from Mehrbach et al., 1973 refit by Dickson and Millero, 4346","Dickson ","Uppstrom, 4333","","","","","","","","","","","","","","","","","","","","","","","","","","","","","","","","","","","","","",4,3.97,17.2034,33.6048,24.3957,5.85,254.86,0.095,150.44,97.7,"dRB2102_CTD_131_01_F.csv","dRB2102","CTD","131","F.csv"
"E904.3B",1,1,FALSE,"WCOA21","2021_WCOA_RonBrown","7/22/2021",NA,"10:57:11 AM","","E904.3B","1310124","24","Niskin; Sterivex 0.22µm filter","95% EtOH","West Coast","90-60",4.2,32.417,-119.96,1000,"Sean McAllister","","7/22/2021 10:57:11 AM","7/22/2021 ","2021/07/22 10:57:00","2021/07/22 00:00:00","2021/07/22 10:57:00",32.417,-119.96,"1310124","24",4,"33RO20210613","WCOA2021","CC90-60","131","1","11001","2",17,"2021/07/22 00:00:00",2021,7,22,"10:57:11",203.456,32.417,-119.96,892,4.2,4.2,17.098,33.603,2,-999,9,255.9,2,-999,-999,9,-999,9,-999,9,-999,-999,9,-999,-999,9,-999,9,-999,9,-999,9,-999,9,-999,9,-999,9,-999,9,-999,9,-999,9,-999,9,-999,9,-999,9,-999,9,-999,9,11001,"2021/07/22 10:57:11",24,"11001","24","33.603","17.098","4.2","","","17.098","4.2","-999.0","-999.0","","","","Seawater scale (mol/kg-SW) "," K1, K2 from Mehrbach et al., 1973 refit by Dickson and Millero, 4347","Dickson ","Uppstrom, 4334","","","","","","","","","","","","","","","","","","","","","","","","","","","","","","","","","","","","","",4,3.97,17.2034,33.6048,24.3957,5.85,254.86,0.095,150.44,97.7,"dRB2102_CTD_131_01_F.csv","dRB2102","CTD","131","F.csv"
"E905",1,1,FALSE,"WCOA21","2021_WCOA_RonBrown","7/23/2021",NA,"12:15:37 AM","","E905","1320201","1","Niskin; Sterivex 0.22µm filter","95% EtOH","West Coast","90-70",3800.8,32.084,-120.638,1000,"Sean McAllister","Cast 1 failed mid-cast; no samples taken","7/23/2021 12:15:37 AM","7/23/2021 ","2021/07/23 12:15:00","2021/07/23 00:00:00","2021/07/23 12:15:00",32.084,-120.638,"1320201","1",3801,"33RO20210613","WCOA2021","CC90-70","132","2","11031","2",17,"2021/07/23 00:00:00",2021,7,23,"00:15:37",204.011,32.084,-120.638,3811,3862.3,3800.8,1.544,34.678,2,34.6987,2,129.5,2,128.5,4.226,6,2353,2,2424.7,2,7.5411,25.09,2,68.92976123746601,24.87,2,170,6,2.66,6,37.2,6,0.12,6,0.03,6,-999,9,0,2,-999,9,-999,9,-999,9,-999,9,-999,9,-999,9,-999,9,11031,"2021/07/23 00:15:37",1,"11031","1","34.678","1.544","3862.3","","","1.544","3862.3","2424.7","2353.0","","","","Seawater scale (mol/kg-SW) "," K1, K2 from Mehrbach et al., 1973 refit by Dickson and Millero, 4348","Dickson ","Uppstrom, 4335","34.6780014","1.54400003","3862.300049","0","0","2424.699951","2353","7.709943771","595.0524902","597.6244507","2251.310824","66.37119719","35.31796744","40.24798086","0.418537231","0","0","18.49129386","0.733621231","0.483694844","601.600763","1.54400003","3862.300049","7.709943581","595.0524703","597.6244327","2251.310824","66.37119719","35.31796744","40.24798086","0.418537231","0","0","18.49129386","0.733621231","0.483694844","601.600738",3801,3740.94,1.5427,34.6785,27.7704,2.96,128.61,0.039,NA,99.93,"dRB2102_CTD_132_02_F.csv","dRB2102","CTD","132","F.csv"
"E906",1,1,FALSE,"WCOA21","2021_WCOA_RonBrown","7/23/2021",NA,"1:44:16 AM","","E906","1320215","15","Niskin; Sterivex 0.22µm filter","95% EtOH","West Coast","90-70",99.3,32.084,-120.638,1000,"Sean McAllister","","7/23/2021 1:44:16 AM","7/23/2021 ","2021/07/23 01:44:00","2021/07/23 00:00:00","2021/07/23 01:44:00",32.084,-120.638,"1320215","15",99,"33RO20210613","WCOA2021","CC90-70","132","2","11053","2",17,"2021/07/23 00:00:00",2021,7,23,"01:44:16",204.072,32.084,-120.638,3811,100.1,99.3,10.311,33.582,2,-999,9,176.1,2,176.8,5.803,2,2139.8,2,2225.5,2,7.6045,25.09,2,82.81770169368275,24.88,2,16.3,2,1.48,2,18,2,0.11,2,0.03,2,-999,9,7.1,2,-999,9,-999,9,-999,9,-999,9,-999,9,-999,9,-999,9,11053,"2021/07/23 01:44:16",15,"11053","15","33.582","10.311","100.1","","","10.311","100.1","2225.5","2139.8","","","","Seawater scale (mol/kg-SW) "," K1, K2 from Mehrbach et al., 1973 refit by Dickson and Millero, 4362","Dickson ","Uppstrom, 4349","33.58200073","10.31099987","100.0999985","0","0","2225.5","2139.800049","7.79363203","714.5157471","717.2660522","2030.567986","77.94521925","31.28678969","38.13018428","0.927838742","0","0","16.54519152","1.838533034","1.168496351","726.0781122","10.31099987","100.0999985","7.793631935","714.5157597","717.2660602","2030.567986","77.94521925","31.28678969","38.13018428","0.927838742","0","0","16.54519152","1.838533034","1.168496351","726.0781172",99,98.29,10.7174,33.5018,25.661,4.37,190.13,0.042,NA,99.34,"dRB2102_CTD_132_02_F.csv","dRB2102","CTD","132","F.csv"
"E907",1,1,FALSE,"WCOA21","2021_WCOA_RonBrown","7/23/2021",NA,"1:59:09 AM","","E907","1320224","24","Niskin; Sterivex 0.22µm filter","95% EtOH","West Coast","90-70",3.5,32.084,-120.639,1000,"Sean McAllister","","7/23/2021 1:59:09 AM","7/23/2021 ","2021/07/23 01:59:00","2021/07/23 00:00:00","2021/07/23 01:59:00",32.084,-120.639,"1320224","24",4,"33RO20210613","WCOA2021","CC90-70","132","2","11001","2",17,"2021/07/23 00:00:00",2021,7,23,"01:59:09",204.083,32.084,-120.639,3811,3.5,3.5,16.336,33.478,2,-999,9,256.2,2,257.9,8.453,2,2030.9,2,2231.7,2,7.9029,24.58,2,152.6882643228191,24.88,3,1.4,2,0.44,2,1.6,2,0.18,2,0.08,2,0.6,2,4.188,2,-999,9,-999,9,-999,9,-999,9,-999,9,-999,9,-999,9,11001,"2021/07/23 01:59:09",24,"11001","24","33.478","16.336","3.5","","","16.336","3.5","2231.7","2030.9","","","","Seawater scale (mol/kg-SW) "," K1, K2 from Mehrbach et al., 1973 refit by Dickson and Millero, 4371","Dickson ","Uppstrom, 4358","33.47800064","16.33600044","3.5","0","0","2231.699951","2030.900024","8.005660057","425.2431335","426.7583923","1868.833736","146.6315154","15.43472995","66.89367468","2.719508953","0","0","11.85348305","3.531703769","2.268802446","434.5742381","16.33600044","3.5","8.005660471","425.2431517","426.7584068","1868.833736","146.6315154","15.43472995","66.89367468","2.719508953","0","0","11.85348305","3.531703769","2.268802446","434.5742442",4,3.97,16.2693,33.4481,24.493,5.89,256.62,0.054,NA,98.33,"dRB2102_CTD_132_02_F.csv","dRB2102","CTD","132","F.csv"
"E908",1,1,FALSE,"WCOA21","2021_WCOA_RonBrown","7/23/2021",NA,"10:56:50 AM","","E908","1330101","1","Niskin; Sterivex 0.22µm filter","95% EtOH","West Coast","P02-12",3995.4,31.777,-120.251,1000,"Sean McAllister","Not enough water for replicates","7/23/2021 10:56:50 AM","7/23/2021 ","2021/07/23 10:56:00","2021/07/23 00:00:00","2021/07/23 10:56:00",31.777,-120.251,"1330101","1",3995,"33RO20210613","WCOA2021","P02-12","133","1","11031","2",17,"2021/07/23 00:00:00",2021,7,23,"10:56:50",204.456,31.777,-120.251,4005,4061.8,3995.4,1.561,34.678,2,34.7013,2,132,2,131.4,4.32,6,2352.5,2,2424.7,4,7.5436,25.16,2,81.82653968330933,24.875,2,168.3,2,2.64,2,37.2,2,0.1,2,0.03,2,-999,9,1.14,2,-999,9,-999,9,-999,9,-999,9,-999,9,-999,9,-999,9,11031,"2021/07/23 10:56:50",1,"11031","1","34.678","1.561","4061.8","","","1.561","4061.8","2424.7","2352.5","","","","Seawater scale (mol/kg-SW) "," K1, K2 from Mehrbach et al., 1973 refit by Dickson and Millero, 4372","Dickson ","Uppstrom, 4359","34.6780014","1.56099999","4061.800049","0","0","2424.699951","2352.5","7.703165531","591.8590088","594.4165649","2251.079295","66.31509696","35.10570985","40.59125282","0.419304802","0","0","18.48940832","0.705789152","0.466489373","598.3763949","1.56099999","4061.800049","7.703165727","591.8589846","594.4165584","2251.079295","66.31509696","35.10570985","40.59125282","0.419304802","0","0","18.48940832","0.705789152","0.466489373","598.3763781",3995,3930.24,1.5552,34.6784,27.771,3.02,131.2,0.039,NA,99.95,"dRB2102_CTD_133_01_F.csv","dRB2102","CTD","133","F.csv"
"E909",1,1,FALSE,"WCOA21","2021_WCOA_RonBrown","7/23/2021",NA,"12:33:34 PM","","E909","1330112","12","Niskin; Sterivex 0.22µm filter","95% EtOH","West Coast","P02-12",298.4,31.775,-120.254,1000,"Sean McAllister","Bleach bottle; sample rinse 3X; Not enough water for replicates","7/23/2021 12:33:34 PM","7/23/2021 ","2021/07/23 12:33:00","2021/07/23 00:00:00","2021/07/23 12:33:00",31.775,-120.254,"1330112","12",298,"33RO20210613","WCOA2021","P02-12","133","1","11026","2",17,"2021/07/23 00:00:00",2021,7,23,"12:33:34",204.523,31.775,-120.254,4005,300.7,298.4,7.578,34.2,2,-999,9,41.2,2,42.3,1.39,2,2274.3,2,2280.6,4,7.3565,25.1,2,50.95005111440384,24.88,2,53.2,6,2.71,6,33.4,6,0.11,6,0.03,6,-999,9,1.749,2,-999,9,-999,9,-999,9,-999,9,-999,9,-999,9,-999,9,11026,"2021/07/23 12:33:34",12,"11026","12","34.200","7.578","300.7","","","7.578","300.7","2280.6","2274.3","","","","Seawater scale (mol/kg-SW) "," K1, K2 from Mehrbach et al., 1973 refit by Dickson and Millero, 4383","Dickson ","Uppstrom, 4370","34.20000076","7.578000069","300.7000122","0","0","2280.600098","2274.300049","7.554585457","1267.317139","1272.372437","2169.420967","44.25699606","60.62200831","22.27926376","0.414299","0","0","18.74553858","1.000615601","0.635441587","1285.337035","7.578000069","300.7000122","7.554585637","1267.317132","1272.372425","2169.420967","44.25699606","60.62200831","22.27926376","0.414299","0","0","18.74553858","1.000615601","0.635441587","1285.337024",298,295.72,7.4913,34.2036,26.7266,0.93,40.37,0.04,NA,99.95,"dRB2102_CTD_133_01_F.csv","dRB2102","CTD","133","F.csv"
"E910.1B",1,1,FALSE,"WCOA21","2021_WCOA_RonBrown","7/23/2021",NA,"12:55:53 PM","","E910.1B","1330122","22","Niskin; Sterivex 0.22µm filter","95% EtOH","West Coast","P02-12",2.7,31.776,-120.254,1000,"Sean McAllister","","7/23/2021 12:55:53 PM","7/23/2021 ","2021/07/23 12:55:00","2021/07/23 00:00:00","2021/07/23 12:55:00",31.776,-120.254,"1330122","22",3,"33RO20210613","WCOA2021","P02-12","133","1","11024","2",17,"2021/07/23 00:00:00",2021,7,23,"12:55:53",204.539,31.776,-120.254,4005,2.7,2.7,17.493,33.588,2,-999,9,250.1,2,249.3,8.172,6,2021,2,2236.1,4,7.9265,25.1,2,153.34309559709496,24.88,2,0.2,2,0.3,2,0,2,0.1,2,0.03,2,0.3,2,3.086,2,-999,9,-999,9,-999,9,-999,9,-999,9,-999,9,-999,9,11024,"2021/07/23 12:55:53",22,"11024","22","33.588","17.493","2.7","","","17.493","2.7","2236.1","2021.0","","","","Seawater scale (mol/kg-SW) "," K1, K2 from Mehrbach et al., 1973 refit by Dickson and Millero, 4393","Dickson ","Uppstrom, 4380","33.58800125","17.49300003","2.700000048","0","0","2236.100098","2021","8.016592026","413.6192627","415.0717468","1850.476624","156.0202058","14.50319202","70.47151775","3.121415372","0","0","11.42832546","3.759147822","2.421925798","423.2635569","17.49300003","2.700000048","8.016592083","413.6192783","415.0717594","1850.476624","156.0202058","14.50319202","70.47151775","3.121415372","0","0","11.42832546","3.759147822","2.421925798","423.2635585",3,2.98,17.5097,33.5926,24.3133,5.72,249.22,0.051,NA,101.01,"dRB2102_CTD_133_01_F.csv","dRB2102","CTD","133","F.csv"
"E910.2B",2,1,FALSE,"WCOA21","2021_WCOA_RonBrown","7/23/2021",NA,"12:55:56 PM","","E910.2B","1330123","23","Niskin; Sterivex 0.22µm filter","95% EtOH","West Coast","P02-12",2.6,31.776,-120.254,1000,"Sean McAllister","Bleach bottle; sample rinse 3X","7/23/2021 12:55:56 PM","7/23/2021 ","2021/07/23 12:55:00","2021/07/23 00:00:00","2021/07/23 12:55:00",31.776,-120.254,"1330123","23",3,"33RO20210613","WCOA2021","P02-12","133","1","11061","2",17,"2021/07/23 00:00:00",2021,7,23,"12:55:56",204.539,31.776,-120.254,4005,2.6,2.6,17.492,33.588,2,-999,9,249.5,2,-999,-999,9,-999,9,-999,9,-999,-999,9,-999,-999,9,-999,9,-999,9,-999,9,-999,9,-999,9,-999,9,-999,9,-999,9,-999,9,-999,9,-999,9,-999,9,-999,9,-999,9,11061,"2021/07/23 12:55:56",23,"11061","23","33.588","17.492","2.6","","","17.492","2.6","-999.0","-999.0","","","","Seawater scale (mol/kg-SW) "," K1, K2 from Mehrbach et al., 1973 refit by Dickson and Millero, 4394","Dickson ","Uppstrom, 4381","","","","","","","","","","","","","","","","","","","","","","","","","","","","","","","","","","","","","",3,2.98,17.5097,33.5926,24.3133,5.72,249.22,0.051,NA,101.01,"dRB2102_CTD_133_01_F.csv","dRB2102","CTD","133","F.csv"
"E910.3B",3,1,FALSE,"WCOA21","2021_WCOA_RonBrown","7/23/2021",NA,"12:56:00 PM","","E910.3B","1330124","24","Niskin; Sterivex 0.22µm filter","95% EtOH","West Coast","P02-12",2.8,31.776,-120.254,1000,"Sean McAllister","Bleach bottle; sample rinse 3X","7/23/2021 12:56:00 PM","7/23/2021 ","2021/07/23 12:56:00","2021/07/23 00:00:00","2021/07/23 12:56:00",31.776,-120.254,"1330124","24",3,"33RO20210613","WCOA2021","P02-12","133","1","11001","2",17,"2021/07/23 00:00:00",2021,7,23,"12:56:00",204.539,31.776,-120.254,4005,2.8,2.8,17.49,33.589,2,-999,9,249.9,2,-999,-999,9,-999,9,-999,9,-999,-999,9,-999,-999,9,-999,9,-999,9,-999,9,-999,9,-999,9,-999,9,-999,9,-999,9,-999,9,-999,9,-999,9,-999,9,-999,9,-999,9,11001,"2021/07/23 12:56:00",24,"11001","24","33.589","17.490","2.8","","","17.490","2.8","-999.0","-999.0","","","","Seawater scale (mol/kg-SW) "," K1, K2 from Mehrbach et al., 1973 refit by Dickson and Millero, 4395","Dickson ","Uppstrom, 4382","","","","","","","","","","","","","","","","","","","","","","","","","","","","","","","","","","","","","",3,2.98,17.5097,33.5926,24.3133,5.72,249.22,0.051,NA,101.01,"dRB2102_CTD_133_01_F.csv","dRB2102","CTD","133","F.csv"
"E913",1,1,FALSE,"WCOA21","2021_WCOA_RonBrown","7/24/2021",NA,"","2:53:00 PM","E913","NOT CTD","3","Niskin; Sterivex 0.22µm filter","95% EtOH","West Coast","NH30",NA,NA,NA,NA,"Sean McAllister","Methane oxidation rate experiment end point filter","7/24/2021 ","7/24/2021 2:53:00 PM","2021/07/24 16:53:00","2021/07/24 09:53:00","2021/07/24 09:53:00",NA,NA,"NOT CTD","3",NA,NA,NA,NA,NA,NA,NA,NA,NA,NA,NA,NA,NA,NA,NA,NA,NA,NA,NA,NA,NA,NA,NA,NA,NA,NA,NA,NA,NA,NA,NA,NA,NA,NA,NA,NA,NA,NA,NA,NA,NA,NA,NA,NA,NA,NA,NA,NA,NA,NA,NA,NA,NA,NA,NA,NA,NA,NA,NA,NA,NA,NA,NA,NA,NA,NA,NA,NA,NA,NA,NA,NA,NA,NA,NA,NA,NA,NA,NA,NA,NA,NA,NA,NA,NA,NA,NA,NA,NA,NA,NA,NA,NA,NA,NA,NA,NA,NA,NA,NA,NA,NA,NA,NA,NA,NA,NA,NA,NA,NA,NA,NA,NA,NA,NA,NA,NA,NA,NA,NA,NA,NA,NA,NA,NA,NA,NA,NA,NA,NA,NA,NA,NA,NA,NA,NA,NA,NA,NA,NA,NA
"E914",1,1,FALSE,"WCOA21","2021_WCOA_RonBrown","7/24/2021",NA,"","2:53:00 PM","E914","NOT CTD","4","Niskin; Sterivex 0.22µm filter","95% EtOH","West Coast","JF23",NA,NA,NA,NA,"Sean McAllister","Methane oxidation rate experiment end point filter","7/24/2021 ","7/24/2021 2:53:00 PM","2021/07/24 16:53:00","2021/07/24 09:53:00","2021/07/24 09:53:00",NA,NA,"NOT CTD","4",NA,NA,NA,NA,NA,NA,NA,NA,NA,NA,NA,NA,NA,NA,NA,NA,NA,NA,NA,NA,NA,NA,NA,NA,NA,NA,NA,NA,NA,NA,NA,NA,NA,NA,NA,NA,NA,NA,NA,NA,NA,NA,NA,NA,NA,NA,NA,NA,NA,NA,NA,NA,NA,NA,NA,NA,NA,NA,NA,NA,NA,NA,NA,NA,NA,NA,NA,NA,NA,NA,NA,NA,NA,NA,NA,NA,NA,NA,NA,NA,NA,NA,NA,NA,NA,NA,NA,NA,NA,NA,NA,NA,NA,NA,NA,NA,NA,NA,NA,NA,NA,NA,NA,NA,NA,NA,NA,NA,NA,NA,NA,NA,NA,NA,NA,NA,NA,NA,NA,NA,NA,NA,NA,NA,NA,NA,NA,NA,NA,NA,NA,NA,NA,NA,NA,NA,NA,NA,NA,NA,NA
"E915",1,1,FALSE,"WCOA21","2021_WCOA_RonBrown","7/24/2021",NA,"","2:53:00 PM","E915","NOT CTD","3","Niskin; Sterivex 0.22µm filter","95% EtOH","West Coast","NH35",NA,NA,NA,NA,"Sean McAllister","Methane oxidation rate experiment end point filter","7/24/2021 ","7/24/2021 2:53:00 PM","2021/07/24 16:53:00","2021/07/24 09:53:00","2021/07/24 09:53:00",NA,NA,"NOT CTD","3",NA,NA,NA,NA,NA,NA,NA,NA,NA,NA,NA,NA,NA,NA,NA,NA,NA,NA,NA,NA,NA,NA,NA,NA,NA,NA,NA,NA,NA,NA,NA,NA,NA,NA,NA,NA,NA,NA,NA,NA,NA,NA,NA,NA,NA,NA,NA,NA,NA,NA,NA,NA,NA,NA,NA,NA,NA,NA,NA,NA,NA,NA,NA,NA,NA,NA,NA,NA,NA,NA,NA,NA,NA,NA,NA,NA,NA,NA,NA,NA,NA,NA,NA,NA,NA,NA,NA,NA,NA,NA,NA,NA,NA,NA,NA,NA,NA,NA,NA,NA,NA,NA,NA,NA,NA,NA,NA,NA,NA,NA,NA,NA,NA,NA,NA,NA,NA,NA,NA,NA,NA,NA,NA,NA,NA,NA,NA,NA,NA,NA,NA,NA,NA,NA,NA,NA,NA,NA,NA,NA,NA
"E916",1,1,FALSE,"WCOA21","2021_WCOA_RonBrown","7/24/2021",NA,"","2:53:00 PM","E916","NOT CTD","3","Niskin; Sterivex 0.22µm filter","95% EtOH","West Coast","HH29",NA,NA,NA,NA,"Sean McAllister","Methane oxidation rate experiment end point filter","7/24/2021 ","7/24/2021 2:53:00 PM","2021/07/24 16:53:00","2021/07/24 09:53:00","2021/07/24 09:53:00",NA,NA,"NOT CTD","3",NA,NA,NA,NA,NA,NA,NA,NA,NA,NA,NA,NA,NA,NA,NA,NA,NA,NA,NA,NA,NA,NA,NA,NA,NA,NA,NA,NA,NA,NA,NA,NA,NA,NA,NA,NA,NA,NA,NA,NA,NA,NA,NA,NA,NA,NA,NA,NA,NA,NA,NA,NA,NA,NA,NA,NA,NA,NA,NA,NA,NA,NA,NA,NA,NA,NA,NA,NA,NA,NA,NA,NA,NA,NA,NA,NA,NA,NA,NA,NA,NA,NA,NA,NA,NA,NA,NA,NA,NA,NA,NA,NA,NA,NA,NA,NA,NA,NA,NA,NA,NA,NA,NA,NA,NA,NA,NA,NA,NA,NA,NA,NA,NA,NA,NA,NA,NA,NA,NA,NA,NA,NA,NA,NA,NA,NA,NA,NA,NA,NA,NA,NA,NA,NA,NA,NA,NA,NA,NA,NA,NA
"E917",1,1,FALSE,"WCOA21","2021_WCOA_RonBrown","7/24/2021",NA,"","2:53:00 PM","E917","NOT CTD","11","Niskin; Sterivex 0.22µm filter","95% EtOH","West Coast","Station 18 Point Blunt",NA,NA,NA,NA,"Sean McAllister","Methane oxidation rate experiment end point filter; Methane added enrichment","7/24/2021 ","7/24/2021 2:53:00 PM","2021/07/24 16:53:00","2021/07/24 09:53:00","2021/07/24 09:53:00",NA,NA,"NOT CTD","11",NA,NA,NA,NA,NA,NA,NA,NA,NA,NA,NA,NA,NA,NA,NA,NA,NA,NA,NA,NA,NA,NA,NA,NA,NA,NA,NA,NA,NA,NA,NA,NA,NA,NA,NA,NA,NA,NA,NA,NA,NA,NA,NA,NA,NA,NA,NA,NA,NA,NA,NA,NA,NA,NA,NA,NA,NA,NA,NA,NA,NA,NA,NA,NA,NA,NA,NA,NA,NA,NA,NA,NA,NA,NA,NA,NA,NA,NA,NA,NA,NA,NA,NA,NA,NA,NA,NA,NA,NA,NA,NA,NA,NA,NA,NA,NA,NA,NA,NA,NA,NA,NA,NA,NA,NA,NA,NA,NA,NA,NA,NA,NA,NA,NA,NA,NA,NA,NA,NA,NA,NA,NA,NA,NA,NA,NA,NA,NA,NA,NA,NA,NA,NA,NA,NA,NA,NA,NA,NA,NA,NA
"E918",1,1,FALSE,"WCOA21","2021_WCOA_RonBrown","7/24/2021",NA,"","2:53:00 PM","E918","NOT CTD","4","Niskin; Sterivex 0.22µm filter","95% EtOH","West Coast","CR24",NA,NA,NA,NA,"Sean McAllister","Methane oxidation rate experiment end point filter; Methane measured just before filtering","7/24/2021 ","7/24/2021 2:53:00 PM","2021/07/24 16:53:00","2021/07/24 09:53:00","2021/07/24 09:53:00",NA,NA,"NOT CTD","4",NA,NA,NA,NA,NA,NA,NA,NA,NA,NA,NA,NA,NA,NA,NA,NA,NA,NA,NA,NA,NA,NA,NA,NA,NA,NA,NA,NA,NA,NA,NA,NA,NA,NA,NA,NA,NA,NA,NA,NA,NA,NA,NA,NA,NA,NA,NA,NA,NA,NA,NA,NA,NA,NA,NA,NA,NA,NA,NA,NA,NA,NA,NA,NA,NA,NA,NA,NA,NA,NA,NA,NA,NA,NA,NA,NA,NA,NA,NA,NA,NA,NA,NA,NA,NA,NA,NA,NA,NA,NA,NA,NA,NA,NA,NA,NA,NA,NA,NA,NA,NA,NA,NA,NA,NA,NA,NA,NA,NA,NA,NA,NA,NA,NA,NA,NA,NA,NA,NA,NA,NA,NA,NA,NA,NA,NA,NA,NA,NA,NA,NA,NA,NA,NA,NA,NA,NA,NA,NA,NA,NA
"E919",1,1,FALSE,"WCOA21","2021_WCOA_RonBrown","7/24/2021",NA,"","2:53:00 PM","E919","NOT CTD","3","Niskin; Sterivex 0.22µm filter","95% EtOH","West Coast","C32",NA,NA,NA,NA,"Sean McAllister","Methane oxidation rate experiment end point filter; Methane measured just before filtering","7/24/2021 ","7/24/2021 2:53:00 PM","2021/07/24 16:53:00","2021/07/24 09:53:00","2021/07/24 09:53:00",NA,NA,"NOT CTD","3",NA,NA,NA,NA,NA,NA,NA,NA,NA,NA,NA,NA,NA,NA,NA,NA,NA,NA,NA,NA,NA,NA,NA,NA,NA,NA,NA,NA,NA,NA,NA,NA,NA,NA,NA,NA,NA,NA,NA,NA,NA,NA,NA,NA,NA,NA,NA,NA,NA,NA,NA,NA,NA,NA,NA,NA,NA,NA,NA,NA,NA,NA,NA,NA,NA,NA,NA,NA,NA,NA,NA,NA,NA,NA,NA,NA,NA,NA,NA,NA,NA,NA,NA,NA,NA,NA,NA,NA,NA,NA,NA,NA,NA,NA,NA,NA,NA,NA,NA,NA,NA,NA,NA,NA,NA,NA,NA,NA,NA,NA,NA,NA,NA,NA,NA,NA,NA,NA,NA,NA,NA,NA,NA,NA,NA,NA,NA,NA,NA,NA,NA,NA,NA,NA,NA,NA,NA,NA,NA,NA,NA
"E920",1,1,FALSE,"WCOA21","2021_WCOA_RonBrown","7/24/2021",NA,"","2:53:00 PM","E920","NOT CTD","9","Niskin; Sterivex 0.22µm filter","95% EtOH","West Coast","Station 18 Point Blunt",NA,NA,NA,NA,"Sean McAllister","Methane oxidation rate experiment end point filter; Methane measured just before filtering; No methane added","7/24/2021 ","7/24/2021 2:53:00 PM","2021/07/24 16:53:00","2021/07/24 09:53:00","2021/07/24 09:53:00",NA,NA,"NOT CTD","9",NA,NA,NA,NA,NA,NA,NA,NA,NA,NA,NA,NA,NA,NA,NA,NA,NA,NA,NA,NA,NA,NA,NA,NA,NA,NA,NA,NA,NA,NA,NA,NA,NA,NA,NA,NA,NA,NA,NA,NA,NA,NA,NA,NA,NA,NA,NA,NA,NA,NA,NA,NA,NA,NA,NA,NA,NA,NA,NA,NA,NA,NA,NA,NA,NA,NA,NA,NA,NA,NA,NA,NA,NA,NA,NA,NA,NA,NA,NA,NA,NA,NA,NA,NA,NA,NA,NA,NA,NA,NA,NA,NA,NA,NA,NA,NA,NA,NA,NA,NA,NA,NA,NA,NA,NA,NA,NA,NA,NA,NA,NA,NA,NA,NA,NA,NA,NA,NA,NA,NA,NA,NA,NA,NA,NA,NA,NA,NA,NA,NA,NA,NA,NA,NA,NA,NA,NA,NA,NA,NA,NA
"E921",1,1,FALSE,"WCOA21","2021_WCOA_RonBrown","7/24/2021",NA,"","2:53:00 PM","E921","NOT CTD","Bucket3","Bucket; Sterivex 0.22µm filter","95% EtOH","West Coast","La Goleta (LG)",NA,NA,NA,NA,"Sean McAllister","Methane oxidation rate experiment filter; Labelled #4 (day 5); Methane measured just before filtering","7/24/2021 ","7/24/2021 2:53:00 PM","2021/07/24 16:53:00","2021/07/24 09:53:00","2021/07/24 09:53:00",NA,NA,"NOT CTD","Bucket3",NA,NA,NA,NA,NA,NA,NA,NA,NA,NA,NA,NA,NA,NA,NA,NA,NA,NA,NA,NA,NA,NA,NA,NA,NA,NA,NA,NA,NA,NA,NA,NA,NA,NA,NA,NA,NA,NA,NA,NA,NA,NA,NA,NA,NA,NA,NA,NA,NA,NA,NA,NA,NA,NA,NA,NA,NA,NA,NA,NA,NA,NA,NA,NA,NA,NA,NA,NA,NA,NA,NA,NA,NA,NA,NA,NA,NA,NA,NA,NA,NA,NA,NA,NA,NA,NA,NA,NA,NA,NA,NA,NA,NA,NA,NA,NA,NA,NA,NA,NA,NA,NA,NA,NA,NA,NA,NA,NA,NA,NA,NA,NA,NA,NA,NA,NA,NA,NA,NA,NA,NA,NA,NA,NA,NA,NA,NA,NA,NA,NA,NA,NA,NA,NA,NA,NA,NA,NA,NA,NA,NA
