,Sample_Name,Biological_Replicate,Technical_Replicate,Negative_control,Cruise_ID_short,Cruise_ID_long,Collection_Date_UTC,Collection_Date_local,Collection_Time_UTC,Collection_Time_local,Field_Sample_Name,Cast_No.,Rosette_position,Field_collection_method,Preservation,Area.within.region,Station,Depth_m,Lat,Lon,Sample_volume_ml,Personnel_responsible_for_Collecting_Sample,Field_Notes,Combined_date,Combined_date_local,Date_UTC,Date_local_check,Date_local,Lat_dec,Lon_dec,Cast,Bottle,pressure,btl_X,btl_EXPOCODE,btl_Cruise_ID,btl_Section_ID,btl_Station_ID,btl_Cast_number,btl_Niskin_ID,btl_Niskin_flag,btl_Line_ID,btl_Date_UTC.mm.dd.yy,btl_Year_UTC.yyyy,btl_Month_UTC,btl_Day_UTC,btl_Time_UTC.hh.mm.ss,btl_Yearday_UTC,btl_Latitude.decimal.degrees,btl_Longitude.decimal.degrees,btl_Depth_bottom.m,btl_CTDPRES.dbar,btl_Depth.m,btl_CTDTEMP_ITS90.deg_C,btl_CTDSAL_PSS78,btl_CTDSAL_flag,btl_Salinity_PSS78,btl_Salinity_flag,btl_CTDOXY.umol.kg,btl_CTDOXY_flag,btl_Oxygen_djg.umol.kg,btl_Oxygen.mg.L,btl_Oxygen_flag,btl_DIC.umol.kg,btl_DIC_flag,btl_TA.umol.kg,btl_TA_flag,btl_pH_T_measured,btl_TEMP_pH.deg_C,btl_pH_flag,btl_Carbonate_measured.umol.kg,btl_TEMP_Carbonate.deg_C,btl_Carbonate_flag,btl_Silicate.umol.kg,btl_Silicate_flag,btl_Phosphate.umol.kg,btl_Phosphate_flag,btl_Nitrate.umol.kg,btl_Nitrate_flag,btl_Nitrite.umol.kg,btl_Nitrite_flag,btl_Ammonium.umol.kg,btl_Ammonium_flag,btl_Chl_a.ug.L,btl_Chl_a_flag,btl_Methane_CH4.nmol.L,btl_Methane_CH4_flag,btl_SYNECHOCOCCUS.cells.ml,btl_SYNECHOCOCCUS_FLAG,btl_EUK_PHYTOPLANKTON.cells.ml,btl_EUK_PHYTOPLANKTON_FLAG,btl_LARGE_DIATOM.cells.ml,btl_LARGE_DIATOM_FLAG,btl_CRYPTOPHYTE.cells.ml,btl_CRYPTOPHYTE_FLAG,btl_BACTERIA.ML,btl_BACTERIA_FLAG,btl_BACTERIA_HNA.ML,btl_BACTERIA_HNA_FLAG,btl_BACTERIA_LNA.ML,btl_BACTERIA_LNA_FLAG,co2Sys_BOH3,co2Sys_BOH4,co2Sys_CO2,co2Sys_CO3,co2Sys_F,co2Sys_H2PO4,co2Sys_H2S,co2Sys_H3PO4,co2Sys_H3SiO4,co2Sys_H4SiO4,co2Sys_HCO3,co2Sys_HF,co2Sys_HPO4,co2Sys_HS,co2Sys_HSO4,co2Sys_Hfree,co2Sys_NH3,co2Sys_NH4,co2Sys_OH,co2Sys_PO4,co2Sys_SO4,co2Sys_alkalinity,co2Sys_alkalinity_alpha,co2Sys_alkalinity_ammonia,co2Sys_alkalinity_beta,co2Sys_alkalinity_borate,co2Sys_alkalinity_phosphate,co2Sys_alkalinity_silicate,co2Sys_alkalinity_sulfide,co2Sys_alpha,co2Sys_alphaH,co2Sys_aqueous_CO2,co2Sys_beta,co2Sys_betaH,co2Sys_beta_alk,co2Sys_beta_dic,co2Sys_bh_upsilon,co2Sys_bicarbonate,co2Sys_carbonate,co2Sys_dic,co2Sys_dlnfCO2_dT,co2Sys_dlnpCO2_dT,co2Sys_fCO2,co2Sys_fH,co2Sys_fugacity_factor,co2Sys_gamma_alk,co2Sys_gamma_dic,co2Sys_gas_constant,co2Sys_hydrogen_free,co2Sys_hydroxide,co2Sys_isocapnic_quotient,co2Sys_isocapnic_quotient_approx,co2Sys_k_CO2,co2Sys_k_alpha,co2Sys_k_ammonia,co2Sys_k_aragonite,co2Sys_k_beta,co2Sys_k_bisulfate,co2Sys_k_borate,co2Sys_k_calcite,co2Sys_k_carbonic_1,co2Sys_k_carbonic_2,co2Sys_k_fluoride,co2Sys_k_phosphoric_1,co2Sys_k_phosphoric_2,co2Sys_k_phosphoric_3,co2Sys_k_silicate,co2Sys_k_sulfide,co2Sys_k_water,co2Sys_omega_alk,co2Sys_omega_dic,co2Sys_opt_adjust_temperature,co2Sys_opt_buffers_mode,co2Sys_opt_gas_constant,co2Sys_opt_k_bisulfate,co2Sys_opt_k_carbonic,co2Sys_opt_k_fluoride,co2Sys_opt_pH_scale,co2Sys_opt_pressured_kCO2,co2Sys_opt_total_borate,co2Sys_opt_which_fCO2_insitu,co2Sys_pCO2,co2Sys_pH,co2Sys_pH_free,co2Sys_pH_nbs,co2Sys_pH_sws,co2Sys_pH_total,co2Sys_par1,co2Sys_par1_type,co2Sys_par2,co2Sys_par2_type,co2Sys_peng_correction,co2Sys_phosphate,co2Sys_pressure,co2Sys_pressure_atmosphere,co2Sys_pressure_atmosphere_out,co2Sys_psi,co2Sys_revelle_factor,co2Sys_salinity,co2Sys_saturation_aragonite,co2Sys_saturation_calcite,co2Sys_silicate,co2Sys_substrate_inhibitor_ratio,co2Sys_temperature,co2Sys_total_alpha,co2Sys_total_ammonia,co2Sys_total_beta,co2Sys_total_borate,co2Sys_total_calcium,co2Sys_total_fluoride,co2Sys_total_phosphate,co2Sys_total_silicate,co2Sys_total_sulfate,co2Sys_total_sulfide,co2Sys_vp_factor,co2Sys_xCO2,btl_Cast,btl_Time_UTC,btl_Date_full_UTC,btl_bottle,Cast.y,bottle,btl_pressure,ctd_Depth,ctd_TemperatureITS90,ctd_SalinityPSS78,ctd_SigmathetaEOS80,ctd_Oxygen,ctd_Oxygen_alt1,ctd_Fluorescence,ctd_OxygenReductionPotential,ctd_Altimeter,ctd_value,ctd_Cruise,ctd_CTD,ctd_Station,ctd_F,Rep Chem Bottle
0,E367.1T,1.0,1.0,False,WCOA21,2021_WCOA_RonBrown,6/25/2021,,2:39:24 AM,,E367.1T,10102,2,Niskin; Sterivex 0.22µm filter,95% EtOH,West Coast,QC85,1335.0,51.458,-130.846,1000.0,Sean McAllister,,6/25/2021 2:39:24 AM,6/25/2021 ,2021/06/25 02:39:00,2021/06/25 00:00:00,2021/06/24 19:39:00,51.458,-130.846,10102,2,1335.0,0.0,33RO20210613,WCOA2021,QC85,1.0,1.0,11081.0,2.0,1.0,2021-06-25,2021.0,6.0,25.0,02:39:24,176.111,51.458,-130.846,1345.0,1351.1,1335.0,2.748,34.458,2.0,,9.0,20.1,2.0,,,9.0,,9.0,,9.0,,,9.0,,,9.0,,9.0,,9.0,,9.0,,9.0,,9.0,,9.0,,9.0,,9.0,,9.0,,9.0,,9.0,,9.0,,9.0,,9.0,,,,,,,,,,,,,,,,,,,,,,,,,,,,,,,,,,,,,,,,,,,,,,,,,,,,,,,,,,,,,,,,,,,,,,,,,,,,,,,,,,,,,,,,,,,,,0.0,1351.1,,,,,34.458,,,0.0,,2.748,,,,,,,,,,,,,11081.0,02:39:24,2021/06/25 02:39:24,2.0,11081.0,2.0,1335.0,1319.15,2.7915,34.4501,27.473,0.45,19.66,0.041,193.67,100.0,dRB2102_CTD_001_01_F.csv,dRB2102,CTD,1.0,F.csv,10101
1,E367.2T,1.0,2.0,False,WCOA21,2021_WCOA_RonBrown,6/25/2021,,2:39:24 AM,,E367.2T,10102,2,Niskin; Sterivex 0.22µm filter,95% EtOH,West Coast,QC85,1335.0,51.458,-130.846,1000.0,Sean McAllister,,6/25/2021 2:39:24 AM,6/25/2021 ,2021/06/25 02:39:00,2021/06/25 00:00:00,2021/06/24 19:39:00,51.458,-130.846,10102,2,1335.0,0.0,33RO20210613,WCOA2021,QC85,1.0,1.0,11081.0,2.0,1.0,2021-06-25,2021.0,6.0,25.0,02:39:24,176.111,51.458,-130.846,1345.0,1351.1,1335.0,2.748,34.458,2.0,,9.0,20.1,2.0,,,9.0,,9.0,,9.0,,,9.0,,,9.0,,9.0,,9.0,,9.0,,9.0,,9.0,,9.0,,9.0,,9.0,,9.0,,9.0,,9.0,,9.0,,9.0,,9.0,,,,,,,,,,,,,,,,,,,,,,,,,,,,,,,,,,,,,,,,,,,,,,,,,,,,,,,,,,,,,,,,,,,,,,,,,,,,,,,,,,,,,,,,,,,,,0.0,1351.1,,,,,34.458,,,0.0,,2.748,,,,,,,,,,,,,11081.0,02:39:24,2021/06/25 02:39:24,2.0,11081.0,2.0,1335.0,1319.15,2.7915,34.4501,27.473,0.45,19.66,0.041,193.67,100.0,dRB2102_CTD_001_01_F.csv,dRB2102,CTD,1.0,F.csv,10101
2,E367.3T,1.0,3.0,False,WCOA21,2021_WCOA_RonBrown,6/25/2021,,2:39:24 AM,,E367.3T,10102,2,Niskin; Sterivex 0.22µm filter,95% EtOH,West Coast,QC85,1335.0,51.458,-130.846,1000.0,Sean McAllister,,6/25/2021 2:39:24 AM,6/25/2021 ,2021/06/25 02:39:00,2021/06/25 00:00:00,2021/06/24 19:39:00,51.458,-130.846,10102,2,1335.0,0.0,33RO20210613,WCOA2021,QC85,1.0,1.0,11081.0,2.0,1.0,2021-06-25,2021.0,6.0,25.0,02:39:24,176.111,51.458,-130.846,1345.0,1351.1,1335.0,2.748,34.458,2.0,,9.0,20.1,2.0,,,9.0,,9.0,,9.0,,,9.0,,,9.0,,9.0,,9.0,,9.0,,9.0,,9.0,,9.0,,9.0,,9.0,,9.0,,9.0,,9.0,,9.0,,9.0,,9.0,,,,,,,,,,,,,,,,,,,,,,,,,,,,,,,,,,,,,,,,,,,,,,,,,,,,,,,,,,,,,,,,,,,,,,,,,,,,,,,,,,,,,,,,,,,,,0.0,1351.1,,,,,34.458,,,0.0,,2.748,,,,,,,,,,,,,11081.0,02:39:24,2021/06/25 02:39:24,2.0,11081.0,2.0,1335.0,1319.15,2.7915,34.4501,27.473,0.45,19.66,0.041,193.67,100.0,dRB2102_CTD_001_01_F.csv,dRB2102,CTD,1.0,F.csv,10101
3,E368.1T,1.0,1.0,False,WCOA21,2021_WCOA_RonBrown,6/25/2021,,3:18:45 AM,,E368.1T,10109,9,Niskin; Sterivex 0.22µm filter,95% EtOH,West Coast,QC85,100.7,51.457,-130.846,1000.0,Sean McAllister,,6/25/2021 3:18:45 AM,6/25/2021 ,2021/06/25 03:18:00,2021/06/25 00:00:00,2021/06/24 20:18:00,51.457,-130.846,10109,9,101.0,7.0,33RO20210613,WCOA2021,QC85,1.0,1.0,12052.0,2.0,1.0,2021-06-25,2021.0,6.0,25.0,03:18:45,176.138,51.457,-130.846,1345.0,101.6,100.7,7.169,32.935,2.0,,9.0,209.1,2.0,211.8,6.952,2.0,2123.2,2.0,2206.3,2.0,7.5779,25.03,2.0,,,9.0,27.7,2.0,1.71,2.0,20.2,2.0,0.03,2.0,0.02,2.0,,9.0,3.956,6.0,,9.0,,9.0,,9.0,,9.0,,9.0,,9.0,,9.0,353.91544066801947,37.25825933198056,30.898052081670112,73.90335801173906,64.29436233395853,0.0306456120964573,0.0,1.7732620696542372e-08,0.367265041705404,27.3327349582946,2018.3985899065904,0.00025281279507528544,1.6076286361957834,0.0,0.0017058145545509,0.0126253679081068,0.0,0.0,0.7326736050905397,0.0717257339751385,26569.54181320682,2206.3,0.0,0.0,0.0,37.25825933198056,1.7510800864134397,0.367265041705404,0.0,0.0,0.0,30.89805208167026,0.0,0.0,-0.00013885088634778815,0.00013609430328998673,28995.0,2018.3985899065904,73.90335801173906,2123.2,0.0423908688136761,0.0423383336543304,632.1834753982163,0.775300999371782,0.9960055510589226,-0.00013609430328998602,0.0001255073073843714,83.14462618,0.0126253679081068,0.7326736050905397,1.0843536215241405,1.076724305181794,0.0488751340142313,1e-07,1.3413001324204148e-10,6.479102784019262e-07,1e-07,0.196651060132305,1.5087076048453446e-09,4.092006729216522e-07,9.361767731801592e-07,5.247340746566871e-10,0.0032108342405756,0.0247672281218985,7.517950504973214e-07,6.39398033586493e-10,1.9256552163873823e-10,1.5400895485563674e-07,1.0500079200365701e-14,0.00014172144690785036,-0.00014863194622854594,1.0,1.0,3.0,1.0,10.0,1.0,1.0,0.0,1.0,1.0,634.7188273459903,7.843717971264947,7.898755957515629,7.9466531089278,7.836123452708182,7.843717971264947,2123.2,2.0,2206.3,1.0,0.0,,101.6,1.0,1.0,0.8444167661734279,16.916943278032495,32.935,1.103888100684804,1.747847679556981,,0.1598684968705392,7.169,0.0,0.0,0.0,391.17370000000005,9677.780088499592,64.29461514675361,1.71,27.7,26569.543519021376,0.0,0.9901850917537678,641.0102844729839,12052.0,03:18:45,2021/06/25 03:18:45,9.0,12052.0,9.0,101.0,100.1,7.2155,32.8244,25.6773,5.03,218.83,0.041,201.53,99.31,dRB2102_CTD_001_01_F.csv,dRB2102,CTD,1.0,F.csv,10109
4,E368.2T,1.0,2.0,False,WCOA21,2021_WCOA_RonBrown,6/25/2021,,3:18:45 AM,,E368.2T,10109,9,Niskin; Sterivex 0.22µm filter,95% EtOH,West Coast,QC85,100.7,51.457,-130.846,1000.0,Sean McAllister,,6/25/2021 3:18:45 AM,6/25/2021 ,2021/06/25 03:18:00,2021/06/25 00:00:00,2021/06/24 20:18:00,51.457,-130.846,10109,9,101.0,7.0,33RO20210613,WCOA2021,QC85,1.0,1.0,12052.0,2.0,1.0,2021-06-25,2021.0,6.0,25.0,03:18:45,176.138,51.457,-130.846,1345.0,101.6,100.7,7.169,32.935,2.0,,9.0,209.1,2.0,211.8,6.952,2.0,2123.2,2.0,2206.3,2.0,7.5779,25.03,2.0,,,9.0,27.7,2.0,1.71,2.0,20.2,2.0,0.03,2.0,0.02,2.0,,9.0,3.956,6.0,,9.0,,9.0,,9.0,,9.0,,9.0,,9.0,,9.0,353.91544066801947,37.25825933198056,30.898052081670112,73.90335801173906,64.29436233395853,0.0306456120964573,0.0,1.7732620696542372e-08,0.367265041705404,27.3327349582946,2018.3985899065904,0.00025281279507528544,1.6076286361957834,0.0,0.0017058145545509,0.0126253679081068,0.0,0.0,0.7326736050905397,0.0717257339751385,26569.54181320682,2206.3,0.0,0.0,0.0,37.25825933198056,1.7510800864134397,0.367265041705404,0.0,0.0,0.0,30.89805208167026,0.0,0.0,-0.00013885088634778815,0.00013609430328998673,28995.0,2018.3985899065904,73.90335801173906,2123.2,0.0423908688136761,0.0423383336543304,632.1834753982163,0.775300999371782,0.9960055510589226,-0.00013609430328998602,0.0001255073073843714,83.14462618,0.0126253679081068,0.7326736050905397,1.0843536215241405,1.076724305181794,0.0488751340142313,1e-07,1.3413001324204148e-10,6.479102784019262e-07,1e-07,0.196651060132305,1.5087076048453446e-09,4.092006729216522e-07,9.361767731801592e-07,5.247340746566871e-10,0.0032108342405756,0.0247672281218985,7.517950504973214e-07,6.39398033586493e-10,1.9256552163873823e-10,1.5400895485563674e-07,1.0500079200365701e-14,0.00014172144690785036,-0.00014863194622854594,1.0,1.0,3.0,1.0,10.0,1.0,1.0,0.0,1.0,1.0,634.7188273459903,7.843717971264947,7.898755957515629,7.9466531089278,7.836123452708182,7.843717971264947,2123.2,2.0,2206.3,1.0,0.0,,101.6,1.0,1.0,0.8444167661734279,16.916943278032495,32.935,1.103888100684804,1.747847679556981,,0.1598684968705392,7.169,0.0,0.0,0.0,391.17370000000005,9677.780088499592,64.29461514675361,1.71,27.7,26569.543519021376,0.0,0.9901850917537678,641.0102844729839,12052.0,03:18:45,2021/06/25 03:18:45,9.0,12052.0,9.0,101.0,100.1,7.2155,32.8244,25.6773,5.03,218.83,0.041,201.53,99.31,dRB2102_CTD_001_01_F.csv,dRB2102,CTD,1.0,F.csv,10109
5,E368.3T,1.0,3.0,False,WCOA21,2021_WCOA_RonBrown,6/25/2021,,3:18:45 AM,,E368.3T,10109,9,Niskin; Sterivex 0.22µm filter,95% EtOH,West Coast,QC85,100.7,51.457,-130.846,1000.0,Sean McAllister,,6/25/2021 3:18:45 AM,6/25/2021 ,2021/06/25 03:18:00,2021/06/25 00:00:00,2021/06/24 20:18:00,51.457,-130.846,10109,9,101.0,7.0,33RO20210613,WCOA2021,QC85,1.0,1.0,12052.0,2.0,1.0,2021-06-25,2021.0,6.0,25.0,03:18:45,176.138,51.457,-130.846,1345.0,101.6,100.7,7.169,32.935,2.0,,9.0,209.1,2.0,211.8,6.952,2.0,2123.2,2.0,2206.3,2.0,7.5779,25.03,2.0,,,9.0,27.7,2.0,1.71,2.0,20.2,2.0,0.03,2.0,0.02,2.0,,9.0,3.956,6.0,,9.0,,9.0,,9.0,,9.0,,9.0,,9.0,,9.0,353.91544066801947,37.25825933198056,30.898052081670112,73.90335801173906,64.29436233395853,0.0306456120964573,0.0,1.7732620696542372e-08,0.367265041705404,27.3327349582946,2018.3985899065904,0.00025281279507528544,1.6076286361957834,0.0,0.0017058145545509,0.0126253679081068,0.0,0.0,0.7326736050905397,0.0717257339751385,26569.54181320682,2206.3,0.0,0.0,0.0,37.25825933198056,1.7510800864134397,0.367265041705404,0.0,0.0,0.0,30.89805208167026,0.0,0.0,-0.00013885088634778815,0.00013609430328998673,28995.0,2018.3985899065904,73.90335801173906,2123.2,0.0423908688136761,0.0423383336543304,632.1834753982163,0.775300999371782,0.9960055510589226,-0.00013609430328998602,0.0001255073073843714,83.14462618,0.0126253679081068,0.7326736050905397,1.0843536215241405,1.076724305181794,0.0488751340142313,1e-07,1.3413001324204148e-10,6.479102784019262e-07,1e-07,0.196651060132305,1.5087076048453446e-09,4.092006729216522e-07,9.361767731801592e-07,5.247340746566871e-10,0.0032108342405756,0.0247672281218985,7.517950504973214e-07,6.39398033586493e-10,1.9256552163873823e-10,1.5400895485563674e-07,1.0500079200365701e-14,0.00014172144690785036,-0.00014863194622854594,1.0,1.0,3.0,1.0,10.0,1.0,1.0,0.0,1.0,1.0,634.7188273459903,7.843717971264947,7.898755957515629,7.9466531089278,7.836123452708182,7.843717971264947,2123.2,2.0,2206.3,1.0,0.0,,101.6,1.0,1.0,0.8444167661734279,16.916943278032495,32.935,1.103888100684804,1.747847679556981,,0.1598684968705392,7.169,0.0,0.0,0.0,391.17370000000005,9677.780088499592,64.29461514675361,1.71,27.7,26569.543519021376,0.0,0.9901850917537678,641.0102844729839,12052.0,03:18:45,2021/06/25 03:18:45,9.0,12052.0,9.0,101.0,100.1,7.2155,32.8244,25.6773,5.03,218.83,0.041,201.53,99.31,dRB2102_CTD_001_01_F.csv,dRB2102,CTD,1.0,F.csv,10109
6,E369.1B,1.0,1.0,False,WCOA21,2021_WCOA_RonBrown,6/25/2021,,3:38:25 AM,,E369.1B,10119,19,Niskin; Sterivex 0.22µm filter,95% EtOH,West Coast,QC85,6.0,51.456,-130.847,1000.0,Sean McAllister,,6/25/2021 3:38:25 AM,6/25/2021 ,2021/06/25 03:38:00,2021/06/25 00:00:00,2021/06/24 20:38:00,51.456,-130.847,10119,19,6.0,17.0,33RO20210613,WCOA2021,QC85,1.0,1.0,11028.0,2.0,1.0,2021-06-25,2021.0,6.0,25.0,03:38:25,176.152,51.456,-130.847,1345.0,6.0,6.0,13.192,31.952,2.0,,9.0,282.4,2.0,287.1,9.407,6.0,1975.3,6.0,2157.0,2.0,7.8156,25.03,2.0,,,9.0,6.3,2.0,0.67,2.0,2.1,2.0,0.07,2.0,0.23,2.0,0.4,2.0,4.469,6.0,,9.0,,9.0,,9.0,,9.0,,9.0,,9.0,,9.0,317.26527420480573,62.23319436662287,15.274891267047405,131.7458164768368,62.37546438847353,0.0064245586361707,0.0,2.3576648669047033e-09,0.1706034323930838,6.129396567606916,1828.279292256116,0.0001707464610768278,0.6037493200064764,0.0,0.0013228846858126,0.0076267579072755,0.0,0.0,2.110995824600835,0.0598261189996879,25776.52986034808,2157.0,0.0,0.0,0.0,62.23319436662287,0.7234015556481874,0.1706034323930838,0.0,0.0,0.0,15.274891267047378,0.0,0.0,-0.0001945289467308388,0.00018369747081119244,28995.0,1828.279292256116,131.7458164768368,1975.3,0.0422681927299495,0.0422208323291498,379.12099583472224,0.7509558220185472,0.9963049167298694,-0.00018369747081119228,0.00015946502035706702,83.14462618,0.0076267579072755,2.110995824600835,1.1519609153146262,1.1551340339572778,0.0402902805037647,1e-07,2.21948548515438e-10,6.08635638511338e-07,1e-07,0.1486080797841875,1.7555178474183454e-09,3.870588927636111e-07,1.0711988755992598e-06,6.449113024147399e-10,0.0027861342674078,0.0243874796860888,8.41044650203147e-07,8.86828968742776e-10,2.491011537292235e-10,1.9818642116050813e-07,1.889265828899908e-14,0.0002067177847004535,-0.00021661439210593107,1.0,1.0,3.0,1.0,10.0,1.0,1.0,0.0,1.0,1.0,380.5270750636215,8.04819430473577,8.117660039005678,8.164372221169565,8.039986609814333,8.04819430473577,1975.3,2.0,2157.0,1.0,0.0,,6.0,1.0,1.0,0.7361700153288233,12.387042597661829,31.952,2.032336343421802,3.195772920282113,,0.2397190673263708,13.192,0.0,0.0,0.0,379.4984685714286,9388.93060233001,62.375635134934605,0.67,6.3,25776.531183232764,0.0,0.98530529518261,386.2022024281288,11028.0,03:38:25,2021/06/25 03:38:25,19.0,11028.0,19.0,6.0,5.95,12.8195,31.9858,24.094,6.33,276.17,0.05,213.85,99.62,dRB2102_CTD_001_01_F.csv,dRB2102,CTD,1.0,F.csv,10119
7,E369.2B,2.0,1.0,False,WCOA21,2021_WCOA_RonBrown,6/25/2021,,3:39:26 AM,,E369.2B,10120,20,Niskin; Sterivex 0.22µm filter,95% EtOH,West Coast,QC85,5.2,51.456,-130.847,1000.0,Sean McAllister,,6/25/2021 3:39:26 AM,6/25/2021 ,2021/06/25 03:39:00,2021/06/25 00:00:00,2021/06/24 20:39:00,51.456,-130.847,10120,20,5.0,18.0,33RO20210613,WCOA2021,QC85,1.0,1.0,11022.0,2.0,1.0,2021-06-25,2021.0,6.0,25.0,03:39:26,176.152,51.456,-130.847,1345.0,5.3,5.2,13.417,31.955,2.0,,9.0,282.6,2.0,287.1,9.407,9.0,1975.3,9.0,2157.0,9.0,7.8156,25.03,9.0,,,9.0,6.3,9.0,0.67,9.0,2.1,9.0,0.07,9.0,0.23,9.0,0.4,9.0,4.469,9.0,,9.0,,9.0,,9.0,,9.0,,9.0,,9.0,,9.0,,,,,,,,,,,,,,,,,,,,,,,,,,,,,,,,,,,,,,,,,,,,,,,,,,,,,,,,,,,,,,,,,,,,,,,,,,,,,,,,,,,,,,,,,,,,,0.0,5.3,,,,,31.955,,,0.0,,13.417,,,,,,,,,,,,,11022.0,03:39:26,2021/06/25 03:39:26,20.0,11022.0,20.0,5.0,4.96,12.8871,31.992,24.0857,6.07,264.64,0.05,214.25,99.62,dRB2102_CTD_001_01_F.csv,dRB2102,CTD,1.0,F.csv,10119
8,E369.3B,3.0,1.0,False,WCOA21,2021_WCOA_RonBrown,6/25/2021,,3:39:42 AM,,E369.3B,10121,21,Niskin; Sterivex 0.22µm filter,95% EtOH,West Coast,QC85,5.0,51.456,-130.847,1000.0,Sean McAllister,,6/25/2021 3:39:42 AM,6/25/2021 ,2021/06/25 03:39:00,2021/06/25 00:00:00,2021/06/24 20:39:00,51.456,-130.847,10121,21,5.0,19.0,33RO20210613,WCOA2021,QC85,1.0,1.0,11062.0,2.0,1.0,2021-06-25,2021.0,6.0,25.0,03:39:42,176.153,51.456,-130.847,1345.0,5.1,5.0,13.512,31.956,2.0,,9.0,282.6,2.0,287.1,9.407,9.0,1975.3,9.0,2157.0,9.0,7.8156,25.03,9.0,,,9.0,6.3,9.0,0.67,9.0,2.1,9.0,0.07,9.0,0.23,9.0,0.4,9.0,4.469,9.0,,9.0,,9.0,,9.0,,9.0,,9.0,,9.0,,9.0,,,,,,,,,,,,,,,,,,,,,,,,,,,,,,,,,,,,,,,,,,,,,,,,,,,,,,,,,,,,,,,,,,,,,,,,,,,,,,,,,,,,,,,,,,,,,0.0,5.1,,,,,31.956,,,0.0,,13.512,,,,,,,,,,,,,11062.0,03:39:42,2021/06/25 03:39:42,21.0,11062.0,21.0,5.0,4.96,12.8871,31.992,24.0857,6.07,264.64,0.05,214.25,99.62,dRB2102_CTD_001_01_F.csv,dRB2102,CTD,1.0,F.csv,10119
9,E370,1.0,1.0,False,WCOA21,2021_WCOA_RonBrown,6/25/2021,,1:58:18 PM,,E370,20102,2,Niskin; Sterivex 0.22µm filter,95% EtOH,West Coast,QC74,876.7,51.711,-130.642,1000.0,Sean McAllister,,6/25/2021 1:58:18 PM,6/25/2021 ,2021/06/25 01:58:00,2021/06/25 00:00:00,2021/06/24 18:58:00,51.711,-130.642,20102,2,877.0,22.0,33RO20210613,WCOA2021,QC74,2.0,1.0,11081.0,2.0,1.0,2021-06-25,2021.0,6.0,25.0,13:58:18,176.582,51.711,-130.642,887.0,886.3,876.7,4.062,34.242,2.0,,9.0,21.4,2.0,,,9.0,,9.0,,9.0,,,9.0,,,9.0,,9.0,,9.0,,9.0,,9.0,,9.0,,9.0,,9.0,,9.0,,9.0,,9.0,,9.0,,9.0,,9.0,,9.0,,,,,,,,,,,,,,,,,,,,,,,,,,,,,,,,,,,,,,,,,,,,,,,,,,,,,,,,,,,,,,,,,,,,,,,,,,,,,,,,,,,,,,,,,,,,,0.0,886.3,,,,,34.242,,,0.0,,4.062,,,,,,,,,,,,,11081.0,13:58:18,2021/06/25 13:58:18,2.0,11081.0,2.0,877.0,867.51,4.0604,34.2414,27.1832,0.49,21.47,0.041,500.0,65.98,dRB2102_CTD_002_01_F.csv,dRB2102,CTD,2.0,F.csv,20101
10,E371,1.0,1.0,False,WCOA21,2021_WCOA_RonBrown,6/25/2021,,2:04:00 PM,,E371,20103,3,Niskin; Sterivex 0.22µm filter,95% EtOH,West Coast,QC74,744.6,51.711,-130.642,1000.0,Sean McAllister,,6/25/2021 2:04:00 PM,6/25/2021 ,2021/06/25 02:04:00,2021/06/25 00:00:00,2021/06/24 19:04:00,51.711,-130.642,20103,3,745.0,23.0,33RO20210613,WCOA2021,QC74,2.0,1.0,11020.0,2.0,1.0,2021-06-25,2021.0,6.0,25.0,14:04:00,176.586,51.711,-130.642,887.0,752.5,744.6,4.219,34.207,2.0,34.2064,2.0,24.5,2.0,23.0,0.755,2.0,2346.1,2.0,2331.9,2.0,7.2785,25.0,6.0,,,9.0,109.6,6.0,3.11,6.0,41.2,6.0,0.02,6.0,0.03,6.0,,9.0,2.67,2.0,,9.0,,9.0,,9.0,,9.0,,9.0,,9.0,,9.0,387.1913125780264,19.082986850545016,73.64979638155829,36.44123701934407,66.77608458204952,0.1199422121555869,0.0,1.4278293558791465e-07,0.6444359848216069,108.95556401517838,2236.0089665990977,0.000515495555230864,2.935715958463467,0.0,0.0031408876546431,0.0277025940412909,0.0,0.0,0.2680963152227902,0.0543416865980094,27595.212691177105,2331.9,0.0,0.0,0.0,19.082986850545016,3.0443991888765503,0.6444359848216069,0.0,0.0,0.0,73.6497963815582,0.0,0.0,-0.00012880056339715403,0.00013087622764221068,28995.0,2236.0089665990977,36.44123701934407,2346.1,0.0403980040210748,0.0403426992299205,1367.0069990423294,0.7904301772799225,0.9958471743071442,-0.0001308762276422109,0.00012585162171931545,83.14462618,0.0277025940412909,0.2680963152227902,1.0399248404927306,1.0340576940644557,0.0538766783441153,1e-07,1.1088233285380824e-10,7.663047355011262e-07,1e-07,0.2433894677947703,1.5201419642699602e-09,4.87203568733764e-07,9.364085960986716e-07,5.02670005711318e-10,0.0035885290262395,0.0259095069928136,7.549277343774434e-07,5.70929496944954e-10,1.8242895543784002e-10,1.389782915765122e-07,8.269023887164835e-15,0.00012678971029539196,-0.00013631873124326978,1.0,1.0,3.0,1.0,10.0,1.0,1.0,0.0,1.0,1.0,1372.707614492573,7.510836598480171,7.557479562160423,7.605774537351414,7.503638049872239,7.510836598480171,2346.1,2.0,2331.9,1.0,0.0,,752.5,1.0,1.0,0.9232159115002704,18.641793947101164,34.2064,0.4779880652805608,0.7518100060093651,,0.0807147866104636,4.219,0.0,0.0,0.0,406.2742994285715,10051.374429004172,66.77660007760475,3.11,109.6,27595.21583206476,0.0,0.9920067884230984,1383.7683678300623,11020.0,14:04:00,2021/06/25 14:04:00,3.0,11020.0,3.0,745.0,737.17,4.1184,34.2254,27.1634,0.54,23.53,0.041,500.0,66.15,dRB2102_CTD_002_01_F.csv,dRB2102,CTD,2.0,F.csv,20103
11,E372,1.0,1.0,False,WCOA21,2021_WCOA_RonBrown,6/25/2021,,2:42:21 PM,,E372,20111,11,Niskin; Sterivex 0.22µm filter,95% EtOH,West Coast,QC74,100.4,51.714,-130.645,1000.0,Sean McAllister,,6/25/2021 2:42:21 PM,6/25/2021 ,2021/06/25 02:42:00,2021/06/25 00:00:00,2021/06/24 19:42:00,51.714,-130.645,20111,11,100.0,31.0,33RO20210613,WCOA2021,QC74,2.0,1.0,11023.0,2.0,1.0,2021-06-25,2021.0,6.0,25.0,14:42:21,176.613,51.714,-130.645,887.0,101.3,100.4,6.585,33.227,2.0,,9.0,154.6,2.0,,,9.0,,9.0,,9.0,,,9.0,,,9.0,,9.0,,9.0,,9.0,,9.0,,9.0,,9.0,,9.0,,9.0,,9.0,,9.0,,9.0,,9.0,,9.0,,9.0,,,,,,,,,,,,,,,,,,,,,,,,,,,,,,,,,,,,,,,,,,,,,,,,,,,,,,,,,,,,,,,,,,,,,,,,,,,,,,,,,,,,,,,,,,,,,0.0,101.3,,,,,33.227,,,0.0,,6.585,,,,,,,,,,,,,11023.0,14:42:21,2021/06/25 14:42:21,11.0,11023.0,11.0,100.0,99.1,6.6536,33.1624,26.0186,3.66,159.4,0.044,494.64,66.33,dRB2102_CTD_002_01_F.csv,dRB2102,CTD,2.0,F.csv,20110
12,E373,1.0,1.0,False,WCOA21,2021_WCOA_RonBrown,6/25/2021,,3:01:18 PM,,E373,20124,24,Niskin; Sterivex 0.22µm filter,95% EtOH,West Coast,QC74,3.6,51.716,-130.644,1000.0,Sean McAllister,,6/25/2021 3:01:18 PM,6/25/2021 ,2021/06/25 03:01:00,2021/06/25 00:00:00,2021/06/24 20:01:00,51.716,-130.644,20124,24,4.0,44.0,33RO20210613,WCOA2021,QC74,2.0,1.0,11001.0,2.0,1.0,2021-06-25,2021.0,6.0,25.0,15:01:18,176.626,51.716,-130.644,887.0,3.7,3.6,9.973,32.032,2.0,,9.0,261.6,2.0,,,9.0,,9.0,,9.0,,,9.0,,,9.0,,9.0,,9.0,,9.0,,9.0,,9.0,,9.0,,9.0,,9.0,,9.0,,9.0,,9.0,,9.0,,9.0,,9.0,,,,,,,,,,,,,,,,,,,,,,,,,,,,,,,,,,,,,,,,,,,,,,,,,,,,,,,,,,,,,,,,,,,,,,,,,,,,,,,,,,,,,,,,,,,,,0.0,3.7,,,,,32.032,,,0.0,,9.973,,,,,,,,,,,,,11001.0,15:01:18,2021/06/25 15:01:18,24.0,11001.0,24.0,4.0,3.97,9.7979,32.1248,24.7408,5.99,260.99,0.076,494.91,66.32,dRB2102_CTD_002_01_F.csv,dRB2102,CTD,2.0,F.csv,20122
13,E374,1.0,1.0,False,WCOA21,2021_WCOA_RonBrown,6/25/2021,,5:06:12 PM,,E374,30102,2,Niskin; Sterivex 0.22µm filter,95% EtOH,West Coast,QC62,202.6,51.83,-130.374,1000.0,Sean McAllister,,6/25/2021 5:06:12 PM,6/25/2021 ,2021/06/25 05:06:00,2021/06/25 00:00:00,2021/06/24 22:06:00,51.83,-130.374,30102,2,203.0,46.0,33RO20210613,WCOA2021,QC62,3.0,1.0,11081.0,2.0,1.0,2021-06-25,2021.0,6.0,25.0,17:06:12,176.713,51.83,-130.374,213.0,204.5,202.6,5.562,33.893,2.0,33.8931,2.0,84.6,2.0,,,9.0,,9.0,,9.0,,,9.0,,,9.0,,9.0,,9.0,,9.0,,9.0,,9.0,,9.0,,9.0,,9.0,,9.0,,9.0,,9.0,,9.0,,9.0,,9.0,,,,,,,,,,,,,,,,,,,,,,,,,,,,,,,,,,,,,,,,,,,,,,,,,,,,,,,,,,,,,,,,,,,,,,,,,,,,,,,,,,,,,,,,,,,,,0.0,204.5,,,,,33.8931,,,0.0,,5.562,,,,,,,,,,,,,11081.0,17:06:12,2021/06/25 17:06:12,2.0,11081.0,2.0,203.0,201.13,5.5597,33.8939,26.7347,1.93,84.1,0.041,-171.64,65.03,dRB2102_CTD_003_01_F.csv,dRB2102,CTD,3.0,F.csv,30101
14,E375,1.0,1.0,False,WCOA21,2021_WCOA_RonBrown,6/25/2021,,5:11:14 PM,,E375,30103,3,Niskin; Sterivex 0.22µm filter,95% EtOH,West Coast,QC62,149.8,51.83,-130.373,1000.0,Sean McAllister,,6/25/2021 5:11:14 PM,6/25/2021 ,2021/06/25 05:11:00,2021/06/25 00:00:00,2021/06/24 22:11:00,51.83,-130.373,30103,3,150.0,47.0,33RO20210613,WCOA2021,QC62,3.0,1.0,11020.0,2.0,1.0,2021-06-25,2021.0,6.0,25.0,17:11:14,176.716,51.83,-130.373,213.0,151.2,149.8,6.339,33.514,2.0,,9.0,127.0,2.0,,,5.0,2213.8,2.0,2249.8,2.0,7.4282,25.02,6.0,,,9.0,52.8,6.0,2.32,6.0,29.6,6.0,0.03,6.0,0.03,6.0,,9.0,3.079,2.0,,9.0,,9.0,,9.0,,9.0,,9.0,,9.0,,9.0,371.18644497214825,26.86412074213754,47.08926645978293,52.97442371376261,65.42455912736332,0.0606722327143526,0.0,5.0171191901055866e-08,0.4743789509336168,52.32562104906638,2113.7363098264545,0.0003606245206922663,2.194444301100712,0.0,0.0023749389587002,0.0182322921058661,0.0,0.0,0.4730998255777037,0.0648834160137424,27036.635897308875,2249.8,0.0,0.0,0.0,26.86412074213754,2.3242110829570053,0.4743789509336168,0.0,0.0,0.0,47.08926645978279,0.0,0.0,-0.0001261888601820353,0.00012585428963114207,28995.0,2113.7363098264545,52.97442371376261,2213.8,0.0411881025643345,0.0411348042919306,939.0946929886032,0.78018304797223,0.9959618074451414,-0.0001258542896311422,0.00011878556412914938,83.14462618,0.0182322921058661,0.4730998255777037,1.0595082875079604,1.0522848286138649,0.0501432569168552,1e-07,1.251317685940301e-10,6.673799449858434e-07,1e-07,0.2075589528033418,1.4914207040225334e-09,4.2177477729357523e-07,9.250144727636156e-07,5.164580822869093e-10,0.0033077053956779,0.0249204111768137,7.453396587827667e-07,6.09296649233146e-10,1.8682313858927687e-10,1.4885460098719657e-07,9.749277520983016e-15,0.0001265252143164856,-0.0001338175424190219,1.0,1.0,3.0,1.0,10.0,1.0,1.0,0.0,1.0,1.0,942.902314093334,7.685980354826928,7.739158729789641,7.786249428122746,7.678445937733355,7.685980354826928,2213.8,2.0,2249.8,1.0,0.0,,151.2,1.0,1.0,0.8876681037617398,18.636944785589016,33.514,0.7816951833118088,1.2368868802015025,,0.1159336575759652,6.339,0.0,0.0,0.0,398.0505657142858,9847.916255836504,65.42491975188402,2.32,52.8,27036.63827224784,0.0,0.9907325492454456,951.7223541423568,11020.0,17:11:14,2021/06/25 17:11:14,3.0,11020.0,3.0,150.0,148.64,6.2578,33.5534,26.3787,2.8,121.65,0.041,376.61,65.05,dRB2102_CTD_003_01_F.csv,dRB2102,CTD,3.0,F.csv,30103
15,E376,1.0,1.0,False,WCOA21,2021_WCOA_RonBrown,6/25/2021,,5:17:43 PM,,E376,30106,6,Niskin; Sterivex 0.22µm filter,95% EtOH,West Coast,QC62,98.3,51.83,-130.373,1000.0,Sean McAllister,,6/25/2021 5:17:43 PM,6/25/2021 ,2021/06/25 05:17:00,2021/06/25 00:00:00,2021/06/24 22:17:00,51.83,-130.373,30106,6,98.0,50.0,33RO20210613,WCOA2021,QC62,3.0,1.0,11082.0,2.0,1.0,2021-06-25,2021.0,6.0,25.0,17:17:43,176.721,51.83,-130.373,213.0,99.1,98.3,6.672,33.249,2.0,,9.0,154.2,2.0,,,9.0,,9.0,,9.0,,,9.0,,,9.0,,9.0,,9.0,,9.0,,9.0,,9.0,,9.0,,9.0,,9.0,,9.0,,9.0,,9.0,,9.0,,9.0,,9.0,,,,,,,,,,,,,,,,,,,,,,,,,,,,,,,,,,,,,,,,,,,,,,,,,,,,,,,,,,,,,,,,,,,,,,,,,,,,,,,,,,,,,,,,,,,,,0.0,99.1,,,,,33.249,,,0.0,,6.672,,,,,,,,,,,,,11082.0,17:17:43,2021/06/25 17:17:43,6.0,11082.0,6.0,98.0,97.12,6.6788,33.2343,26.072,3.57,155.46,0.041,494.65,65.11,dRB2102_CTD_003_01_F.csv,dRB2102,CTD,3.0,F.csv,30105
16,E377,1.0,1.0,False,WCOA21,2021_WCOA_RonBrown,6/25/2021,,5:37:37 PM,,E377,30116,16,Niskin; Sterivex 0.22µm filter,95% EtOH,West Coast,QC62,3.9,51.83,-130.371,1000.0,Sean McAllister,,6/25/2021 5:37:37 PM,6/25/2021 ,2021/06/25 05:37:00,2021/06/25 00:00:00,2021/06/24 22:37:00,51.83,-130.371,30116,16,4.0,60.0,33RO20210613,WCOA2021,QC62,3.0,1.0,11032.0,2.0,1.0,2021-06-25,2021.0,6.0,25.0,17:37:37,176.734,51.83,-130.371,213.0,3.9,3.9,13.445,31.598,2.0,31.6064,2.0,294.7,2.0,,,9.0,,9.0,,9.0,,,9.0,,,9.0,,9.0,,9.0,,9.0,,9.0,,9.0,,9.0,,9.0,,9.0,,9.0,,9.0,,9.0,,9.0,,9.0,,9.0,,,,,,,,,,,,,,,,,,,,,,,,,,,,,,,,,,,,,,,,,,,,,,,,,,,,,,,,,,,,,,,,,,,,,,,,,,,,,,,,,,,,,,,,,,,,,0.0,3.9,,,,,31.6064,,,0.0,,13.445,,,,,,,,,,,,,11032.0,17:37:37,2021/06/25 17:37:37,16.0,11032.0,16.0,4.0,3.96,13.242,31.6024,23.7149,6.8,296.51,0.071,498.51,65.03,dRB2102_CTD_003_01_F.csv,dRB2102,CTD,3.0,F.csv,30115
17,E378,1.0,1.0,False,WCOA21,2021_WCOA_RonBrown,6/25/2021,,10:56:35 PM,,E378,40102,2,Niskin; Sterivex 0.22µm filter,95% EtOH,West Coast,QC2,35.0,52.399,-129.051,1000.0,Sean McAllister,,6/25/2021 10:56:35 PM,6/25/2021 ,2021/06/25 10:56:00,2021/06/25 00:00:00,2021/06/25 03:56:00,52.399,-129.051,40102,2,35.0,62.0,33RO20210613,WCOA2021,QC2,4.0,1.0,11081.0,2.0,1.0,2021-06-25,2021.0,6.0,25.0,22:56:35,176.956,52.399,-129.051,45.0,35.3,35.0,9.569,31.86,2.0,,9.0,258.0,2.0,,,9.0,,9.0,,9.0,,,9.0,,,9.0,,9.0,,9.0,,9.0,,9.0,,9.0,,9.0,,9.0,,9.0,,9.0,,9.0,,9.0,,9.0,,9.0,,9.0,,,,,,,,,,,,,,,,,,,,,,,,,,,,,,,,,,,,,,,,,,,,,,,,,,,,,,,,,,,,,,,,,,,,,,,,,,,,,,,,,,,,,,,,,,,,,0.0,35.3,,,,,31.86,,,0.0,,9.569,,,,,,,,,,,,,11081.0,22:56:35,2021/06/25 22:56:35,2.0,11081.0,2.0,35.0,34.69,9.3845,31.9253,24.6519,5.73,249.88,0.056,129.25,13.52,dRB2102_CTD_004_01_F.csv,dRB2102,CTD,4.0,F.csv,40101
18,E379,1.0,1.0,False,WCOA21,2021_WCOA_RonBrown,6/25/2021,,11:01:22 PM,,E379,40104,4,Niskin; Sterivex 0.22µm filter,95% EtOH,West Coast,QC2,10.1,52.398,-129.051,1000.0,Sean McAllister,,6/25/2021 11:01:22 PM,6/25/2021 ,2021/06/25 11:01:00,2021/06/25 00:00:00,2021/06/25 04:01:00,52.398,-129.051,40104,4,10.0,64.0,33RO20210613,WCOA2021,QC2,4.0,1.0,11058.0,2.0,1.0,2021-06-25,2021.0,6.0,25.0,23:01:22,176.959,52.398,-129.051,45.0,10.2,10.1,12.86,30.403,2.0,,9.0,306.0,2.0,304.9,9.978,2.0,1869.0,2.0,2063.5,2.0,7.9199,25.0,2.0,,,9.0,11.9,2.0,0.53,2.0,1.4,2.0,0.08,2.0,0.06,2.0,4.3,3.0,4.808,6.0,,9.0,,9.0,,9.0,,9.0,,9.0,,9.0,,9.0,295.25193420642466,65.84884007928956,12.53747218802435,137.91683497040555,59.35158613676332,0.0044091186230272,0.0,1.3958483800099695e-09,0.3674647313976267,11.532535268602372,1718.54569284157,0.0001425502489713147,0.4717320515331648,0.0,0.0010963552071123,0.00653898109671,0.0,0.0,2.332660586451035,0.0538588284479597,24526.91044482612,2063.5,0.0,0.0,0.0,65.84884007928956,0.5794497070332358,0.3674647313976267,0.0,0.0,0.0,12.537472188024324,0.0,0.0,-0.0001986345294215956,0.00018614710040472452,28995.0,1718.54569284157,137.91683497040555,1869.0,0.0426565318460184,0.0426089023092767,305.2564768395346,0.7483807085391172,0.9962892068397792,-0.0001861471004047245,0.00015955272111117563,83.14462618,0.00653898109671,2.332660586451035,1.166680825675284,1.1739081107627247,0.0410719284905304,1e-07,2.1774477072979278e-10,5.771979197053447e-07,1e-07,0.146285622322938,1.7028780651358683e-09,3.652906901225841e-07,1.046596491363327e-06,6.127514840618263e-10,0.0027225410170006,0.0241180232670378,8.169054157570115e-07,8.717454525996015e-10,2.432870792653618e-10,1.9449056599074688e-07,1.7810648174542293e-14,0.000212917837495535,-0.0002233803158982508,1.0,1.0,3.0,1.0,10.0,1.0,1.0,0.0,1.0,1.0,306.3934395192391,8.117171826589182,8.1844899181207,8.235015789948037,8.10913837384951,8.117171826589182,1869.0,2.0,2063.5,1.0,0.0,,10.2,1.0,1.0,0.7142649094643212,11.7139963955719,30.403,2.134651809556184,3.372975597482667,,0.2628155162745793,12.86,0.0,0.0,0.0,361.10077428571424,8933.764931855261,59.35172868701229,0.53,11.9,24526.91154118132,0.0,0.9856088798987752,310.86716624418665,11058.0,23:01:22,2021/06/25 23:01:22,4.0,11058.0,4.0,10.0,9.91,12.9115,30.3576,22.8166,6.93,302.77,0.143,128.26,38.1,dRB2102_CTD_004_01_F.csv,dRB2102,CTD,4.0,F.csv,40104
19,E380,1.0,1.0,False,WCOA21,2021_WCOA_RonBrown,6/25/2021,,11:04:40 PM,,E380,40107,7,Niskin; Sterivex 0.22µm filter,95% EtOH,West Coast,QC2,3.6,52.398,-129.052,1000.0,Sean McAllister,,6/25/2021 11:04:40 PM,6/25/2021 ,2021/06/25 11:04:00,2021/06/25 00:00:00,2021/06/25 04:04:00,52.398,-129.052,40107,7,4.0,67.0,33RO20210613,WCOA2021,QC2,4.0,1.0,11004.0,2.0,1.0,2021-06-25,2021.0,6.0,25.0,23:04:40,176.962,52.398,-129.052,45.0,3.6,3.6,12.933,30.422,2.0,,9.0,306.3,2.0,,,9.0,,9.0,2060.7,2.0,,,9.0,,,9.0,,9.0,,9.0,,9.0,,9.0,,9.0,,9.0,4.909,2.0,,9.0,,9.0,,9.0,,9.0,,9.0,,9.0,,9.0,,,,,,,,,,,,,,,,,,,,,,,,,,,,,,,,,,,,,,,,,,,,,,,,,,,,,,,,,,,,,,,,,,,,,,,,,,,,,,,,,,,,,,,,,,,,,0.0,3.6,,,,,30.422,,,0.0,,12.933,,,,,,,,,,,,,11004.0,23:04:40,2021/06/25 23:04:40,7.0,11004.0,7.0,4.0,3.96,12.9548,30.346,22.7991,6.86,299.45,0.113,128.29,43.94,dRB2102_CTD_004_01_F.csv,dRB2102,CTD,4.0,F.csv,40106
20,E381,1.0,1.0,False,WCOA21,2021_WCOA_RonBrown,6/26/2021,,1:07:45 AM,,E381,50102,2,Niskin; Sterivex 0.22µm filter,95% EtOH,West Coast,QC18,149.7,52.249,-129.402,1000.0,Sean McAllister,,6/26/2021 1:07:45 AM,6/26/2021 ,2021/06/26 01:07:00,2021/06/26 00:00:00,2021/06/25 18:07:00,52.249,-129.402,50102,2,150.0,69.0,33RO20210613,WCOA2021,QC18,5.0,1.0,11081.0,2.0,1.0,2021-06-26,2021.0,6.0,26.0,01:07:45,177.047,52.249,-129.402,160.0,151.1,149.7,5.698,33.821,2.0,,9.0,93.5,2.0,,,9.0,,9.0,,9.0,,,9.0,,,9.0,,9.0,,9.0,,9.0,,9.0,,9.0,,9.0,,9.0,,9.0,,9.0,,9.0,,9.0,,9.0,,9.0,,9.0,,,,,,,,,,,,,,,,,,,,,,,,,,,,,,,,,,,,,,,,,,,,,,,,,,,,,,,,,,,,,,,,,,,,,,,,,,,,,,,,,,,,,,,,,,,,,0.0,151.1,,,,,33.821,,,0.0,,5.698,,,,,,,,,,,,,11081.0,01:07:45,2021/06/26 01:07:45,2.0,11081.0,2.0,150.0,148.63,5.7053,33.8407,26.6745,2.16,93.89,0.04,156.27,10.67,dRB2102_CTD_005_01_F.csv,dRB2102,CTD,5.0,F.csv,50101
21,E382,1.0,1.0,False,WCOA21,2021_WCOA_RonBrown,6/26/2021,,1:16:20 AM,,E382,50106,6,Niskin; Sterivex 0.22µm filter,95% EtOH,West Coast,QC18,99.4,52.249,-129.402,1000.0,Sean McAllister,,6/26/2021 1:16:20 AM,6/26/2021 ,2021/06/26 01:16:00,2021/06/26 00:00:00,2021/06/25 18:16:00,52.249,-129.402,50106,6,99.0,73.0,33RO20210613,WCOA2021,QC18,5.0,1.0,11082.0,2.0,1.0,2021-06-26,2021.0,6.0,26.0,01:16:20,177.053,52.249,-129.402,160.0,100.3,99.4,7.186,32.642,2.0,,9.0,206.8,2.0,,,9.0,,9.0,,9.0,,,9.0,,,9.0,,9.0,,9.0,,9.0,,9.0,,9.0,,9.0,,9.0,,9.0,,9.0,,9.0,,9.0,,9.0,,9.0,,9.0,,,,,,,,,,,,,,,,,,,,,,,,,,,,,,,,,,,,,,,,,,,,,,,,,,,,,,,,,,,,,,,,,,,,,,,,,,,,,,,,,,,,,,,,,,,,,0.0,100.3,,,,,32.642,,,0.0,,7.186,,,,,,,,,,,,,11082.0,01:16:20,2021/06/26 01:16:20,6.0,11082.0,6.0,99.0,98.11,6.9492,32.9366,25.8016,4.15,180.77,0.042,156.23,61.86,dRB2102_CTD_005_01_F.csv,dRB2102,CTD,5.0,F.csv,50105
22,E383,1.0,1.0,False,WCOA21,2021_WCOA_RonBrown,6/26/2021,,1:36:22 AM,,E383,50116,16,Niskin; Sterivex 0.22µm filter,95% EtOH,West Coast,QC18,3.3,52.248,-129.403,1000.0,Sean McAllister,,6/26/2021 1:36:22 AM,6/26/2021 ,2021/06/26 01:36:00,2021/06/26 00:00:00,2021/06/25 18:36:00,52.248,-129.403,50116,16,3.0,83.0,33RO20210613,WCOA2021,QC18,5.0,1.0,11032.0,2.0,1.0,2021-06-26,2021.0,6.0,26.0,01:36:22,177.067,52.248,-129.403,160.0,3.3,3.3,13.765,31.546,2.0,,9.0,304.6,2.0,,,9.0,,9.0,,9.0,,,9.0,,,9.0,,9.0,,9.0,,9.0,,9.0,,9.0,,9.0,,9.0,,9.0,,9.0,,9.0,,9.0,,9.0,,9.0,,9.0,,,,,,,,,,,,,,,,,,,,,,,,,,,,,,,,,,,,,,,,,,,,,,,,,,,,,,,,,,,,,,,,,,,,,,,,,,,,,,,,,,,,,,,,,,,,,0.0,3.3,,,,,31.546,,,0.0,,13.765,,,,,,,,,,,,,11032.0,01:36:22,2021/06/26 01:36:22,16.0,11032.0,16.0,3.0,2.97,13.7231,31.4969,23.5376,6.91,301.55,0.084,156.53,99.9,dRB2102_CTD_005_01_F.csv,dRB2102,CTD,5.0,F.csv,50115
23,E384.3B,3.0,1.0,False,WCOA21,2021_WCOA_RonBrown,6/26/2021,,4:14:56 AM,,E384.3B,60101,1,Niskin; Sterivex 0.22µm filter,95% EtOH,West Coast,QC43,119.8,52.018,-129.971,1000.0,Sean McAllister,,6/26/2021 4:14:56 AM,6/26/2021 ,2021/06/26 04:14:00,2021/06/26 00:00:00,2021/06/25 21:14:00,52.018,-129.971,60101,1,120.0,84.0,33RO20210613,WCOA2021,QC43,6.0,1.0,11031.0,2.0,1.0,2021-06-26,2021.0,6.0,26.0,04:14:56,177.177,52.018,-129.971,130.0,120.9,119.8,6.648,33.286,2.0,,9.0,140.1,2.0,141.5,4.645,6.0,2191.8,2.0,2234.2,6.0,7.4485,25.04,2.0,,,9.0,47.0,2.0,2.21,2.0,28.7,2.0,0.07,2.0,0.07,2.0,,9.0,3.224,6.0,554.0,2.0,339.0,2.0,0.0,2.0,0.0,2.0,1050000.0,2.0,856000.0,2.0,105000.0,2.0,367.31461311282686,28.02796403003032,44.18910251916688,55.40087378820593,64.97948161129611,0.0548211367001689,0.0,4.324473351237388e-08,0.4481273421219931,46.551872657878,2092.210023692628,0.00034409918941548503,2.0891147608225453,0.0,0.0022880625963644,0.0173105136372796,0.0,0.0,0.5108371981882277,0.0660640592325524,26852.70229897689,2234.2,0.0,0.0,0.0,28.02796403003032,2.2212428360429164,0.4481273421219931,0.0,0.0,0.0,44.1891025191668,0.0,0.0,-0.00012666899784756543,0.0001260243422677515,28995.0,2092.210023692628,55.40087378820593,2191.8,0.0412976397900851,0.0412446270759298,889.6757673238299,0.7783109748945182,0.9959781662548638,-0.0001260243422677511,0.00011859848448764478,83.14462618,0.0173105136372796,0.5108371981882277,1.0626134289336568,1.055256935267364,0.0496687716381087,1e-07,1.2825546790913682e-10,6.583833738271192e-07,1e-07,0.2031561855356769,1.4954705736469372e-09,4.159185596642515e-07,9.279287361912004e-07,5.189623636509115e-10,0.0032689068651583,0.0248450192718573,7.468592913722167e-07,6.197656243371152e-10,1.8866390250015488e-10,1.5067384721277006e-07,1.001168187126644e-14,0.00012732028258442374,-0.00013444223136714026,1.0,1.0,3.0,1.0,10.0,1.0,1.0,0.0,1.0,1.0,893.2683440935673,7.7077754731156976,7.761690045554603,7.809063380679251,7.700216535119444,7.7077754731156976,2191.8,2.0,2234.2,1.0,0.0,,120.9,1.0,1.0,0.8821520089455483,18.48084323732092,33.286,0.8230333807248646,1.3028307618957895,,0.1208635438284672,6.648,0.0,0.0,0.0,395.3425771428572,9780.919630356682,64.97982571048551,2.21,47.0,26852.704587039487,0.0,0.9905319130041904,901.8067286538686,11031.0,04:14:56,2021/06/26 04:14:56,1.0,11031.0,1.0,120.0,118.92,6.6591,33.2744,26.1064,3.25,141.29,0.04,176.28,13.95,dRB2102_CTD_006_01_F.csv,dRB2102,CTD,6.0,F.csv,60101
24,E384.1T,1.0,1.0,False,WCOA21,2021_WCOA_RonBrown,6/26/2021,,4:15:01 AM,,E384.1T,60102,2,Niskin; Sterivex 0.22µm filter,95% EtOH,West Coast,QC43,119.5,52.018,-129.971,1000.0,Sean McAllister,,6/26/2021 4:15:01 AM,6/26/2021 ,2021/06/26 04:15:00,2021/06/26 00:00:00,2021/06/25 21:15:00,52.018,-129.971,60102,2,120.0,85.0,33RO20210613,WCOA2021,QC43,6.0,1.0,11081.0,2.0,1.0,2021-06-26,2021.0,6.0,26.0,04:15:01,177.177,52.018,-129.971,130.0,120.6,119.5,6.647,33.287,2.0,,9.0,140.1,2.0,141.5,4.645,9.0,2191.8,9.0,2234.2,9.0,7.4485,25.04,9.0,,,9.0,47.0,9.0,2.21,9.0,28.7,9.0,0.07,9.0,0.07,9.0,,9.0,3.224,9.0,554.0,9.0,339.0,9.0,0.0,9.0,0.0,9.0,1050000.0,9.0,856000.0,9.0,105000.0,9.0,,,,,,,,,,,,,,,,,,,,,,,,,,,,,,,,,,,,,,,,,,,,,,,,,,,,,,,,,,,,,,,,,,,,,,,,,,,,,,,,,,,,,,,,,,,,,0.0,120.6,,,,,33.287,,,0.0,,6.647,,,,,,,,,,,,,11081.0,04:15:01,2021/06/26 04:15:01,2.0,11081.0,2.0,120.0,118.92,6.6591,33.2744,26.1064,3.25,141.29,0.04,176.28,13.95,dRB2102_CTD_006_01_F.csv,dRB2102,CTD,6.0,F.csv,60101
25,E384.2T,1.0,2.0,False,WCOA21,2021_WCOA_RonBrown,6/26/2021,,4:15:01 AM,,E384.2T,60102,2,Niskin; Sterivex 0.22µm filter,95% EtOH,West Coast,QC43,119.5,52.018,-129.971,1000.0,Sean McAllister,,6/26/2021 4:15:01 AM,6/26/2021 ,2021/06/26 04:15:00,2021/06/26 00:00:00,2021/06/25 21:15:00,52.018,-129.971,60102,2,120.0,85.0,33RO20210613,WCOA2021,QC43,6.0,1.0,11081.0,2.0,1.0,2021-06-26,2021.0,6.0,26.0,04:15:01,177.177,52.018,-129.971,130.0,120.6,119.5,6.647,33.287,2.0,,9.0,140.1,2.0,141.5,4.645,9.0,2191.8,9.0,2234.2,9.0,7.4485,25.04,9.0,,,9.0,47.0,9.0,2.21,9.0,28.7,9.0,0.07,9.0,0.07,9.0,,9.0,3.224,9.0,554.0,9.0,339.0,9.0,0.0,9.0,0.0,9.0,1050000.0,9.0,856000.0,9.0,105000.0,9.0,,,,,,,,,,,,,,,,,,,,,,,,,,,,,,,,,,,,,,,,,,,,,,,,,,,,,,,,,,,,,,,,,,,,,,,,,,,,,,,,,,,,,,,,,,,,,0.0,120.6,,,,,33.287,,,0.0,,6.647,,,,,,,,,,,,,11081.0,04:15:01,2021/06/26 04:15:01,2.0,11081.0,2.0,120.0,118.92,6.6591,33.2744,26.1064,3.25,141.29,0.04,176.28,13.95,dRB2102_CTD_006_01_F.csv,dRB2102,CTD,6.0,F.csv,60101
26,E385.3T,1.0,3.0,False,WCOA21,2021_WCOA_RonBrown,6/26/2021,,4:25:13 AM,,E385.3T,60106,6,Niskin; Sterivex 0.22µm filter,95% EtOH,West Coast,QC43,60.0,52.018,-129.971,1000.0,Sean McAllister,,6/26/2021 4:25:13 AM,6/26/2021 ,2021/06/26 04:25:00,2021/06/26 00:00:00,2021/06/25 21:25:00,52.018,-129.971,60106,6,60.0,89.0,33RO20210613,WCOA2021,QC43,6.0,1.0,11082.0,2.0,1.0,2021-06-26,2021.0,6.0,26.0,04:25:13,177.184,52.018,-129.971,130.0,60.5,60.0,7.579,32.345,2.0,,9.0,223.5,2.0,,,9.0,,9.0,,9.0,,,9.0,,,9.0,,9.0,,9.0,,9.0,,9.0,,9.0,,9.0,,9.0,,9.0,,9.0,,9.0,,9.0,,9.0,,9.0,,9.0,,,,,,,,,,,,,,,,,,,,,,,,,,,,,,,,,,,,,,,,,,,,,,,,,,,,,,,,,,,,,,,,,,,,,,,,,,,,,,,,,,,,,,,,,,,,,0.0,60.5,,,,,32.345,,,0.0,,7.579,,,,,,,,,,,,,11082.0,04:25:13,2021/06/26 04:25:13,6.0,11082.0,6.0,60.0,59.47,7.6089,32.3282,25.2324,5.21,227.0,0.044,177.06,74.86,dRB2102_CTD_006_01_F.csv,dRB2102,CTD,6.0,F.csv,60105
27,E385.1T,1.0,1.0,False,WCOA21,2021_WCOA_RonBrown,6/26/2021,,4:25:13 AM,,E385.1T,60106,6,Niskin; Sterivex 0.22µm filter,95% EtOH,West Coast,QC43,60.0,52.018,-129.971,1000.0,Sean McAllister,,6/26/2021 4:25:13 AM,6/26/2021 ,2021/06/26 04:25:00,2021/06/26 00:00:00,2021/06/25 21:25:00,52.018,-129.971,60106,6,60.0,89.0,33RO20210613,WCOA2021,QC43,6.0,1.0,11082.0,2.0,1.0,2021-06-26,2021.0,6.0,26.0,04:25:13,177.184,52.018,-129.971,130.0,60.5,60.0,7.579,32.345,2.0,,9.0,223.5,2.0,,,9.0,,9.0,,9.0,,,9.0,,,9.0,,9.0,,9.0,,9.0,,9.0,,9.0,,9.0,,9.0,,9.0,,9.0,,9.0,,9.0,,9.0,,9.0,,9.0,,,,,,,,,,,,,,,,,,,,,,,,,,,,,,,,,,,,,,,,,,,,,,,,,,,,,,,,,,,,,,,,,,,,,,,,,,,,,,,,,,,,,,,,,,,,,0.0,60.5,,,,,32.345,,,0.0,,7.579,,,,,,,,,,,,,11082.0,04:25:13,2021/06/26 04:25:13,6.0,11082.0,6.0,60.0,59.47,7.6089,32.3282,25.2324,5.21,227.0,0.044,177.06,74.86,dRB2102_CTD_006_01_F.csv,dRB2102,CTD,6.0,F.csv,60105
28,E385.2T,1.0,2.0,False,WCOA21,2021_WCOA_RonBrown,6/26/2021,,4:25:13 AM,,E385.2T,60106,6,Niskin; Sterivex 0.22µm filter,95% EtOH,West Coast,QC43,60.0,52.018,-129.971,1000.0,Sean McAllister,,6/26/2021 4:25:13 AM,6/26/2021 ,2021/06/26 04:25:00,2021/06/26 00:00:00,2021/06/25 21:25:00,52.018,-129.971,60106,6,60.0,89.0,33RO20210613,WCOA2021,QC43,6.0,1.0,11082.0,2.0,1.0,2021-06-26,2021.0,6.0,26.0,04:25:13,177.184,52.018,-129.971,130.0,60.5,60.0,7.579,32.345,2.0,,9.0,223.5,2.0,,,9.0,,9.0,,9.0,,,9.0,,,9.0,,9.0,,9.0,,9.0,,9.0,,9.0,,9.0,,9.0,,9.0,,9.0,,9.0,,9.0,,9.0,,9.0,,9.0,,,,,,,,,,,,,,,,,,,,,,,,,,,,,,,,,,,,,,,,,,,,,,,,,,,,,,,,,,,,,,,,,,,,,,,,,,,,,,,,,,,,,,,,,,,,,0.0,60.5,,,,,32.345,,,0.0,,7.579,,,,,,,,,,,,,11082.0,04:25:13,2021/06/26 04:25:13,6.0,11082.0,6.0,60.0,59.47,7.6089,32.3282,25.2324,5.21,227.0,0.044,177.06,74.86,dRB2102_CTD_006_01_F.csv,dRB2102,CTD,6.0,F.csv,60105
29,E386.1B,1.0,1.0,False,WCOA21,2021_WCOA_RonBrown,6/26/2021,,4:38:37 AM,,E386.1B,60115,15,Niskin; Sterivex 0.22µm filter,95% EtOH,West Coast,QC43,4.1,52.017,-129.971,1000.0,Sean McAllister,,6/26/2021 4:38:37 AM,6/26/2021 ,2021/06/26 04:38:00,2021/06/26 00:00:00,2021/06/25 21:38:00,52.017,-129.971,60115,15,4.0,98.0,33RO20210613,WCOA2021,QC43,6.0,1.0,11053.0,2.0,1.0,2021-06-26,2021.0,6.0,26.0,04:38:37,177.193,52.017,-129.971,130.0,4.1,4.1,13.278,31.648,2.0,,9.0,289.3,2.0,,,9.0,,9.0,,9.0,,,9.0,,,9.0,,9.0,,9.0,,9.0,,9.0,,9.0,,9.0,,9.0,,9.0,,9.0,,9.0,,9.0,,9.0,,9.0,,9.0,,,,,,,,,,,,,,,,,,,,,,,,,,,,,,,,,,,,,,,,,,,,,,,,,,,,,,,,,,,,,,,,,,,,,,,,,,,,,,,,,,,,,,,,,,,,,0.0,4.1,,,,,31.648,,,0.0,,13.278,,,,,,,,,,,,,11053.0,04:38:37,2021/06/26 04:38:37,15.0,11053.0,15.0,4.0,3.96,13.4684,31.6422,23.7009,6.59,287.56,0.082,176.45,71.45,dRB2102_CTD_006_01_F.csv,dRB2102,CTD,6.0,F.csv,60114
30,E386.2B,2.0,1.0,False,WCOA21,2021_WCOA_RonBrown,6/26/2021,,4:38:42 AM,,E386.2B,60116,16,Niskin; Sterivex 0.22µm filter,95% EtOH,West Coast,QC43,3.9,52.017,-129.971,1000.0,Sean McAllister,,6/26/2021 4:38:42 AM,6/26/2021 ,2021/06/26 04:38:00,2021/06/26 00:00:00,2021/06/25 21:38:00,52.017,-129.971,60116,16,4.0,99.0,33RO20210613,WCOA2021,QC43,6.0,1.0,11032.0,2.0,1.0,2021-06-26,2021.0,6.0,26.0,04:38:42,177.194,52.017,-129.971,130.0,3.9,3.9,13.398,31.642,2.0,,9.0,288.3,2.0,,,9.0,,9.0,,9.0,,,9.0,,,9.0,,9.0,,9.0,,9.0,,9.0,,9.0,,9.0,,9.0,,9.0,,9.0,,9.0,,9.0,,9.0,,9.0,,9.0,,,,,,,,,,,,,,,,,,,,,,,,,,,,,,,,,,,,,,,,,,,,,,,,,,,,,,,,,,,,,,,,,,,,,,,,,,,,,,,,,,,,,,,,,,,,,0.0,3.9,,,,,31.642,,,0.0,,13.398,,,,,,,,,,,,,11032.0,04:38:42,2021/06/26 04:38:42,16.0,11032.0,16.0,4.0,3.96,13.4684,31.6422,23.7009,6.59,287.56,0.082,176.45,71.45,dRB2102_CTD_006_01_F.csv,dRB2102,CTD,6.0,F.csv,60114
31,E386.3B,3.0,1.0,False,WCOA21,2021_WCOA_RonBrown,6/26/2021,,4:38:46 AM,,E386.3B,60117,17,Niskin; Sterivex 0.22µm filter,95% EtOH,West Coast,QC43,3.9,52.017,-129.971,1000.0,Sean McAllister,,6/26/2021 4:38:46 AM,6/26/2021 ,2021/06/26 04:38:00,2021/06/26 00:00:00,2021/06/25 21:38:00,52.017,-129.971,60117,17,4.0,100.0,33RO20210613,WCOA2021,QC43,6.0,1.0,11052.0,2.0,1.0,2021-06-26,2021.0,6.0,26.0,04:38:46,177.194,52.017,-129.971,130.0,3.9,3.9,13.409,31.644,2.0,,9.0,288.3,2.0,,,9.0,,9.0,,9.0,,,9.0,,,9.0,,9.0,,9.0,,9.0,,9.0,,9.0,,9.0,,9.0,,9.0,,9.0,,9.0,,9.0,,9.0,,9.0,,9.0,,,,,,,,,,,,,,,,,,,,,,,,,,,,,,,,,,,,,,,,,,,,,,,,,,,,,,,,,,,,,,,,,,,,,,,,,,,,,,,,,,,,,,,,,,,,,0.0,3.9,,,,,31.644,,,0.0,,13.409,,,,,,,,,,,,,11052.0,04:38:46,2021/06/26 04:38:46,17.0,11052.0,17.0,4.0,3.96,13.4684,31.6422,23.7009,6.59,287.56,0.082,176.45,71.45,dRB2102_CTD_006_01_F.csv,dRB2102,CTD,6.0,F.csv,60114
32,E388.1B,1.0,1.0,False,WCOA21,2021_WCOA_RonBrown,6/27/2021,,12:51:28 PM,,E388.1B,70101,1,Niskin; Sterivex 0.22µm filter,95% EtOH,West Coast,BS64,2467.9,48.185,-126.596,1000.0,Sean McAllister,,6/27/2021 12:51:28 PM,6/27/2021 ,2021/06/27 12:51:00,2021/06/27 00:00:00,2021/06/27 05:51:00,48.185,-126.596,70101,1,2468.0,102.0,33RO20210613,WCOA2021,BS64,7.0,1.0,11031.0,2.0,2.0,2021-06-27,2021.0,6.0,27.0,12:51:28,178.536,48.185,-126.596,2478.0,2503.6,2467.9,1.777,34.636,2.0,34.6382,9.0,75.1,2.0,74.8,2.46,6.0,2395.9,2.0,2436.6,6.0,7.4395,24.95,2.0,65.8760605267836,24.98833333333333,2.0,192.7,2.0,2.94,2.0,38.3,2.0,0.02,2.0,0.01,2.0,,9.0,1.41,6.0,,9.0,,9.0,,9.0,,9.0,,9.0,,9.0,,9.0,381.1104657875035,30.26625421249666,48.14243426244254,53.59123196303688,67.61491219078195,0.0736945024107048,0.0,5.691226799212502e-08,1.7343137382562206,190.9656862617437,2294.1663337745204,0.00033876482628511864,2.791291527368561,0.0,0.001813133255743,0.0204597717906227,0.0,0.0,0.3319267214511135,0.0750139133084651,27941.78380474513,2436.6,0.0,0.0,0.0,30.26625421249666,2.941319297073224,1.7343137382562206,0.0,0.0,0.0,48.14243426244256,0.0,0.0,-0.00013198269823780462,0.00013168322195040893,28995.0,2294.1663337745204,53.59123196303688,2395.9,0.0437042693169293,0.0436465483800233,818.1298979366351,0.8012486617997068,0.9957097755994472,-0.0001316832219504094,0.00012455422159031912,83.14462618,0.0204597717906227,0.3319267214511135,1.057236119892735,1.0485820000657693,0.0588444871454519,1e-07,1.0856487103176416e-10,1.088571567463582e-06,1e-07,0.3153008849499671,1.7688241868458999e-09,7.059415359323898e-07,1.0613869025420147e-06,5.202902725766367e-10,0.0040836166146189,0.0288407178489241,8.436202082990137e-07,5.985679964702634e-10,2.022782530883157e-10,1.3415033182082064e-07,7.392972388284558e-15,0.00013228353977850815,-0.0001396778395195055,1.0,1.0,3.0,1.0,10.0,1.0,1.0,0.0,1.0,1.0,821.6549821900627,7.652223132116637,7.689099214740476,7.741900011754659,7.645667328948005,7.652223132116637,2395.9,2.0,2436.6,1.0,0.0,,2503.6,1.0,1.0,0.8917250010365858,19.235799231924386,34.636,0.5010517306089126,0.772628666832719,,0.1121305925233239,1.777,0.0,0.0,0.0,411.3767200000001,10177.610175960886,67.61525095560825,2.94,192.7,27941.78561787838,0.0,0.9932790045498394,827.2146883467472,11031.0,12:51:28,2021/06/27 12:51:28,1.0,11031.0,1.0,2468.0,2432.94,1.776,34.635,27.7097,1.72,74.94,0.04,121.61,46.2,dRB2102_CTD_007_01_F.csv,dRB2102,CTD,7.0,F.csv,70101
33,E388.2T,2.0,2.0,False,WCOA21,2021_WCOA_RonBrown,6/27/2021,,12:51:32 PM,,E388.2T,70102,2,Niskin; Sterivex 0.22µm filter,95% EtOH,West Coast,BS64,2467.8,48.185,-126.596,1000.0,Sean McAllister,,6/27/2021 12:51:32 PM,6/27/2021 ,2021/06/27 12:51:00,2021/06/27 00:00:00,2021/06/27 05:51:00,48.185,-126.596,70102,2,2468.0,103.0,33RO20210613,WCOA2021,BS64,7.0,1.0,11081.0,2.0,2.0,2021-06-27,2021.0,6.0,27.0,12:51:32,178.536,48.185,-126.596,2478.0,2503.5,2467.8,1.776,34.636,2.0,34.6382,2.0,74.8,2.0,74.8,2.46,9.0,2395.9,9.0,2436.6,9.0,7.4395,24.95,9.0,65.8760605267836,24.98833333333333,9.0,192.7,9.0,2.94,9.0,38.3,9.0,0.02,9.0,0.01,9.0,,9.0,1.41,9.0,,9.0,,9.0,,9.0,,9.0,,9.0,,9.0,,9.0,,,,,,,,,,,,,,,,,,,,,,,,,,,,,,,,,,,,,,,,,,,,,,,,,,,,,,,,,,,,,,,,,,,,,,,,,,,,,,,,,,,,,,,,,,,,,0.0,2503.5,,,,,34.6382,,,0.0,,1.776,,,,,,,,,,,,,11081.0,12:51:32,2021/06/27 12:51:32,2.0,11081.0,2.0,2468.0,2432.94,1.776,34.635,27.7097,1.72,74.94,0.04,121.61,46.2,dRB2102_CTD_007_01_F.csv,dRB2102,CTD,7.0,F.csv,70101
34,E388.3T,2.0,3.0,False,WCOA21,2021_WCOA_RonBrown,6/27/2021,,12:51:32 PM,,E388.3T,70102,2,Niskin; Sterivex 0.22µm filter,95% EtOH,West Coast,BS64,2467.8,48.185,-126.596,1000.0,Sean McAllister,,6/27/2021 12:51:32 PM,6/27/2021 ,2021/06/27 12:51:00,2021/06/27 00:00:00,2021/06/27 05:51:00,48.185,-126.596,70102,2,2468.0,103.0,33RO20210613,WCOA2021,BS64,7.0,1.0,11081.0,2.0,2.0,2021-06-27,2021.0,6.0,27.0,12:51:32,178.536,48.185,-126.596,2478.0,2503.5,2467.8,1.776,34.636,2.0,34.6382,2.0,74.8,2.0,74.8,2.46,9.0,2395.9,9.0,2436.6,9.0,7.4395,24.95,9.0,65.8760605267836,24.98833333333333,9.0,192.7,9.0,2.94,9.0,38.3,9.0,0.02,9.0,0.01,9.0,,9.0,1.41,9.0,,9.0,,9.0,,9.0,,9.0,,9.0,,9.0,,9.0,,,,,,,,,,,,,,,,,,,,,,,,,,,,,,,,,,,,,,,,,,,,,,,,,,,,,,,,,,,,,,,,,,,,,,,,,,,,,,,,,,,,,,,,,,,,,0.0,2503.5,,,,,34.6382,,,0.0,,1.776,,,,,,,,,,,,,11081.0,12:51:32,2021/06/27 12:51:32,2.0,11081.0,2.0,2468.0,2432.94,1.776,34.635,27.7097,1.72,74.94,0.04,121.61,46.2,dRB2102_CTD_007_01_F.csv,dRB2102,CTD,7.0,F.csv,70101
35,E389.1B,1.0,1.0,False,WCOA21,2021_WCOA_RonBrown,6/27/2021,,1:53:08 PM,,E389.1B,70110,10,Niskin; Sterivex 0.22µm filter,95% EtOH,West Coast,BS64,100.0,48.185,-126.59,1000.0,Sean McAllister,,6/27/2021 1:53:08 PM,6/27/2021 ,2021/06/27 01:53:00,2021/06/27 00:00:00,2021/06/26 18:53:00,48.185,-126.59,70110,10,100.0,111.0,33RO20210613,WCOA2021,BS64,7.0,1.0,11067.0,2.0,2.0,2021-06-27,2021.0,6.0,27.0,13:53:08,178.579,48.185,-126.59,2478.0,100.9,100.0,7.685,32.861,2.0,,9.0,181.6,2.0,179.0,5.876,2.0,2137.6,2.0,2200.5,2.0,7.5268,24.95,2.0,68.79555415008925,24.98833333333333,2.0,29.4,2.0,1.85,2.0,20.2,2.0,0.02,2.0,0.01,2.0,,9.0,8.308,2.0,,9.0,,9.0,,9.0,,9.0,,9.0,,9.0,,9.0,357.99868681305963,32.296104615511766,36.43693716598288,64.18927319261087,64.14985341303942,0.0389050932320605,0.0,2.6663258651251226e-08,0.3378016235373732,29.062198376462625,2036.9737896414065,0.00030138694448761106,1.7434149273518245,0.0,0.0020588132949428,0.0149075091640114,0.0,0.0,0.6522506375308467,0.0676799527528563,26509.84368518432,2200.4999999999995,0.0,0.0,0.0,32.296104615511766,1.8787748061942784,0.3378016235373732,0.0,0.0,0.0,36.43693716598277,0.0,0.0,-0.00013099914694695162,0.00012932019046269484,28995.0,2036.9737896414065,64.18927319261087,2137.6,0.0416111110723243,0.041559044064541,758.5960021319922,0.7731985973182234,0.9960324307764312,-0.00012932019046269432,0.00012046809988873708,83.14462618,0.0149075091640114,0.6522506375308467,1.073480785221427,1.06587513106574,0.048032071173033,1e-07,1.4025111811784299e-10,6.456851950983917e-07,1e-07,0.1919531696458978,1.5305813971460484e-09,4.080326636223196e-07,9.484868150074784e-07,5.346440504994508e-10,0.0031730456315906,0.0247560274580488,7.602948009796322e-07,6.586383397424641e-10,1.9720639340026168e-10,1.576028743968591e-07,1.1066294744696518e-14,0.00013272227246323982,-0.00013957637186574797,1.0,1.0,3.0,1.0,10.0,1.0,1.0,0.0,1.0,1.0,761.6177733697369,7.7704122790382,7.8265949150106735,7.874474171527706,7.7627652290188465,7.7704122790382,2137.6,2.0,2200.5,1.0,0.0,,100.9,1.0,1.0,0.863098089443175,17.744116508638076,32.861,0.959932037851382,1.5190301179294174,,0.1366407873529208,7.685,0.0,0.0,0.0,390.2947914285714,9656.035569703508,64.15015479998391,1.85,29.399999999999995,26509.84574399761,0.0,0.9898320906392934,769.4413836167284,11067.0,13:53:08,2021/06/27 13:53:08,10.0,11067.0,10.0,100.0,99.14,7.651,32.8447,25.6328,4.17,181.56,0.043,126.29,99.31,dRB2102_CTD_007_01_F.csv,dRB2102,CTD,7.0,F.csv,70110
36,E389.2T,2.0,2.0,False,WCOA21,2021_WCOA_RonBrown,6/27/2021,,1:53:12 PM,,E389.2T,70111,11,Niskin; Sterivex 0.22µm filter,95% EtOH,West Coast,BS64,100.1,48.185,-126.59,1000.0,Sean McAllister,,6/27/2021 1:53:12 PM,6/27/2021 ,2021/06/27 01:53:00,2021/06/27 00:00:00,2021/06/26 18:53:00,48.185,-126.59,70111,11,100.0,112.0,33RO20210613,WCOA2021,BS64,7.0,1.0,11023.0,2.0,2.0,2021-06-27,2021.0,6.0,27.0,13:53:12,178.579,48.185,-126.59,2478.0,101.0,100.1,7.682,32.858,2.0,,9.0,181.6,2.0,179.0,5.876,9.0,2137.6,9.0,2200.5,9.0,7.5268,24.95,9.0,68.79555415008925,24.98833333333333,9.0,29.4,9.0,1.85,9.0,20.2,9.0,0.02,9.0,0.01,9.0,,9.0,8.308,9.0,,9.0,,9.0,,9.0,,9.0,,9.0,,9.0,,9.0,,,,,,,,,,,,,,,,,,,,,,,,,,,,,,,,,,,,,,,,,,,,,,,,,,,,,,,,,,,,,,,,,,,,,,,,,,,,,,,,,,,,,,,,,,,,,0.0,101.0,,,,,32.858,,,0.0,,7.682,,,,,,,,,,,,,11023.0,13:53:12,2021/06/27 13:53:12,11.0,11023.0,11.0,100.0,99.14,7.651,32.8447,25.6328,4.17,181.56,0.043,126.29,99.31,dRB2102_CTD_007_01_F.csv,dRB2102,CTD,7.0,F.csv,70110
37,E389.3T,2.0,3.0,False,WCOA21,2021_WCOA_RonBrown,6/27/2021,,1:53:12 PM,,E389.3T,70111,11,Niskin; Sterivex 0.22µm filter,95% EtOH,West Coast,BS64,100.1,48.185,-126.59,1000.0,Sean McAllister,,6/27/2021 1:53:12 PM,6/27/2021 ,2021/06/27 01:53:00,2021/06/27 00:00:00,2021/06/26 18:53:00,48.185,-126.59,70111,11,100.0,112.0,33RO20210613,WCOA2021,BS64,7.0,1.0,11023.0,2.0,2.0,2021-06-27,2021.0,6.0,27.0,13:53:12,178.579,48.185,-126.59,2478.0,101.0,100.1,7.682,32.858,2.0,,9.0,181.6,2.0,179.0,5.876,9.0,2137.6,9.0,2200.5,9.0,7.5268,24.95,9.0,68.79555415008925,24.98833333333333,9.0,29.4,9.0,1.85,9.0,20.2,9.0,0.02,9.0,0.01,9.0,,9.0,8.308,9.0,,9.0,,9.0,,9.0,,9.0,,9.0,,9.0,,9.0,,,,,,,,,,,,,,,,,,,,,,,,,,,,,,,,,,,,,,,,,,,,,,,,,,,,,,,,,,,,,,,,,,,,,,,,,,,,,,,,,,,,,,,,,,,,,0.0,101.0,,,,,32.858,,,0.0,,7.682,,,,,,,,,,,,,11023.0,13:53:12,2021/06/27 13:53:12,11.0,11023.0,11.0,100.0,99.14,7.651,32.8447,25.6328,4.17,181.56,0.043,126.29,99.31,dRB2102_CTD_007_01_F.csv,dRB2102,CTD,7.0,F.csv,70110
38,E390.1B,1.0,1.0,False,WCOA21,2021_WCOA_RonBrown,6/27/2021,,2:11:17 PM,,E390.1B,70122,22,Niskin; Sterivex 0.22µm filter,95% EtOH,West Coast,BS64,3.8,48.185,-126.588,1000.0,Sean McAllister,,6/27/2021 2:11:17 PM,6/27/2021 ,2021/06/27 02:11:00,2021/06/27 00:00:00,2021/06/26 19:11:00,48.185,-126.588,70122,22,4.0,123.0,33RO20210613,WCOA2021,BS64,7.0,1.0,11024.0,2.0,2.0,2021-06-27,2021.0,6.0,27.0,14:11:17,178.591,48.185,-126.588,2478.0,3.8,3.8,15.047,32.001,2.0,31.9439,9.0,270.4,2.0,,,9.0,,9.0,,9.0,,,9.0,,,9.0,,9.0,,9.0,,9.0,,9.0,,9.0,,9.0,,9.0,,9.0,,9.0,,9.0,,9.0,,9.0,,9.0,,9.0,,,,,,,,,,,,,,,,,,,,,,,,,,,,,,,,,,,,,,,,,,,,,,,,,,,,,,,,,,,,,,,,,,,,,,,,,,,,,,,,,,,,,,,,,,,,,0.0,3.8,,,,,32.001,,,0.0,,15.047,,,,,,,,,,,,,11024.0,14:11:17,2021/06/27 14:11:17,22.0,11024.0,22.0,4.0,3.97,15.0795,31.9406,23.5975,6.26,273.21,0.049,125.17,99.78,dRB2102_CTD_007_01_F.csv,dRB2102,CTD,7.0,F.csv,70121
39,E390.2B,2.0,1.0,False,WCOA21,2021_WCOA_RonBrown,6/27/2021,,2:11:20 PM,,E390.2B,70123,23,Niskin; Sterivex 0.22µm filter,95% EtOH,West Coast,BS64,3.9,48.185,-126.588,1000.0,Sean McAllister,,6/27/2021 2:11:20 PM,6/27/2021 ,2021/06/27 02:11:00,2021/06/27 00:00:00,2021/06/26 19:11:00,48.185,-126.588,70123,23,4.0,124.0,33RO20210613,WCOA2021,BS64,7.0,1.0,11061.0,2.0,2.0,2021-06-27,2021.0,6.0,27.0,14:11:20,178.591,48.185,-126.588,2478.0,3.9,3.9,15.053,31.999,2.0,31.9439,9.0,270.4,2.0,,,9.0,,9.0,,9.0,,,9.0,,,9.0,,9.0,,9.0,,9.0,,9.0,,9.0,,9.0,,9.0,,9.0,,9.0,,9.0,,9.0,,9.0,,9.0,,9.0,,,,,,,,,,,,,,,,,,,,,,,,,,,,,,,,,,,,,,,,,,,,,,,,,,,,,,,,,,,,,,,,,,,,,,,,,,,,,,,,,,,,,,,,,,,,,0.0,3.9,,,,,31.999,,,0.0,,15.053,,,,,,,,,,,,,11061.0,14:11:20,2021/06/27 14:11:20,23.0,11061.0,23.0,4.0,3.97,15.0795,31.9406,23.5975,6.26,273.21,0.049,125.17,99.78,dRB2102_CTD_007_01_F.csv,dRB2102,CTD,7.0,F.csv,70121
40,E390.3B,3.0,1.0,False,WCOA21,2021_WCOA_RonBrown,6/27/2021,,2:11:24 PM,,E390.3B,70124,24,Niskin; Sterivex 0.22µm filter,95% EtOH,West Coast,BS64,3.8,48.185,-126.588,1000.0,Sean McAllister,,6/27/2021 2:11:24 PM,6/27/2021 ,2021/06/27 02:11:00,2021/06/27 00:00:00,2021/06/26 19:11:00,48.185,-126.588,70124,24,4.0,125.0,33RO20210613,WCOA2021,BS64,7.0,1.0,11001.0,2.0,2.0,2021-06-27,2021.0,6.0,27.0,14:11:24,178.591,48.185,-126.588,2478.0,3.9,3.8,15.059,31.989,2.0,31.9439,2.0,269.2,2.0,,,9.0,,9.0,,9.0,,,9.0,,,9.0,,9.0,,9.0,,9.0,,9.0,,9.0,,9.0,,9.0,,9.0,,9.0,,9.0,,9.0,,9.0,,9.0,,9.0,,,,,,,,,,,,,,,,,,,,,,,,,,,,,,,,,,,,,,,,,,,,,,,,,,,,,,,,,,,,,,,,,,,,,,,,,,,,,,,,,,,,,,,,,,,,,0.0,3.9,,,,,31.9439,,,0.0,,15.059,,,,,,,,,,,,,11001.0,14:11:24,2021/06/27 14:11:24,24.0,11001.0,24.0,4.0,3.97,15.0795,31.9406,23.5975,6.26,273.21,0.049,125.17,99.78,dRB2102_CTD_007_01_F.csv,dRB2102,CTD,7.0,F.csv,70121
41,E392,1.0,1.0,False,WCOA21,2021_WCOA_RonBrown,6/27/2021,,4:39:34 PM,,E392,80102,2,Niskin; Sterivex 0.22µm filter,95% EtOH,West Coast,BS48,1275.1,48.356,-126.307,1000.0,Sean McAllister,,6/27/2021 4:39:34 PM,6/27/2021 ,2021/06/27 04:39:00,2021/06/27 00:00:00,2021/06/26 21:39:00,48.356,-126.307,80102,2,1275.0,127.0,33RO20210613,WCOA2021,BS48,8.0,1.0,11081.0,2.0,2.0,2021-06-27,2021.0,6.0,27.0,16:39:34,178.694,48.356,-126.307,1285.0,1290.0,1275.1,3.044,34.468,2.0,34.4964,3.0,22.3,2.0,,,9.0,,9.0,,9.0,,,9.0,,,9.0,,9.0,,9.0,,9.0,,9.0,,9.0,,9.0,,9.0,,9.0,,9.0,,9.0,,9.0,,9.0,,9.0,,9.0,,,,,,,,,,,,,,,,,,,,,,,,,,,,,,,,,,,,,,,,,,,,,,,,,,,,,,,,,,,,,,,,,,,,,,,,,,,,,,,,,,,,,,,,,,,,,0.0,1290.0,,,,,34.4964,,,0.0,,3.044,,,,,,,,,,,,,11081.0,16:39:34,2021/06/27 16:39:34,2.0,11081.0,2.0,1275.0,1260.4,3.0845,34.4633,27.4571,0.5,21.65,0.04,124.82,25.43,dRB2102_CTD_008_01_F.csv,dRB2102,CTD,8.0,F.csv,80101
42,E393,1.0,1.0,False,WCOA21,2021_WCOA_RonBrown,6/27/2021,,4:48:00 PM,,E393,80103,3,Niskin; Sterivex 0.22µm filter,95% EtOH,West Coast,BS48,990.2,48.356,-126.307,1000.0,Sean McAllister,,6/27/2021 4:48:00 PM,6/27/2021 ,2021/06/27 04:48:00,2021/06/27 00:00:00,2021/06/26 21:48:00,48.356,-126.307,80103,3,990.0,128.0,33RO20210613,WCOA2021,BS48,8.0,1.0,11020.0,2.0,2.0,2021-06-27,2021.0,6.0,27.0,16:48:00,178.7,48.356,-126.307,1285.0,1001.0,990.2,3.782,34.369,2.0,,9.0,13.3,2.0,11.1,0.364,2.0,2364.3,6.0,2359.4,2.0,7.2901,24.94,6.0,46.6964184753827,24.815,6.0,125.7,2.0,3.21,2.0,42.3,2.0,0.01,2.0,0.01,2.0,,9.0,3.147,2.0,,9.0,,9.0,,9.0,,9.0,,9.0,,9.0,,9.0,387.53377331212266,20.671749545020244,68.92051437028265,39.15377905797787,67.093543188365,0.1151738304355538,0.0,1.272090124585582e-07,0.7923141887186962,124.9076858112813,2256.2257065717395,0.0004792187634192634,3.035225997172941,0.0,0.0028586955080884,0.026209412211229,0.0,0.0,0.2777929447201505,0.0596000451824921,27726.386733083626,2359.4,0.0,0.0,0.0,20.671749545020244,3.154425960328913,0.7923141887186962,0.0,0.0,0.0,68.92051437028258,0.0,0.0,-0.00012859292121866227,0.00013023256007361006,28995.0,2256.2257065717395,39.15377905797787,2364.3,0.0409741782431807,0.0409184494276771,1260.167318936127,0.7926564430766734,0.9958230146387824,-0.00013023256007361098,0.0001249241768482631,83.14462618,0.026209412211229,0.2777929447201505,1.042492841332025,1.0362179059474976,0.0546915582832826,1e-07,1.0963654495477876e-10,8.079662653399206e-07,1e-07,0.2542041630384248,1.550545242750445e-09,5.151513855756252e-07,9.515920352881772e-07,5.044381311235396e-10,0.0036694772082563,0.02631798862981,7.660444807579293e-07,5.707846969619956e-10,1.8438476599065424e-10,1.377803611137679e-07,8.074915322669094e-15,0.00012699405540907873,-0.00013601210068735304,1.0,1.0,3.0,1.0,10.0,1.0,1.0,0.0,1.0,1.0,1265.453098001788,7.536583234682747,7.581542718705524,7.630396760312714,7.52948175443247,7.536583234682747,2364.3,2.0,2359.4,1.0,0.0,,1001.0,1.0,1.0,0.9184784016785568,18.92588015906444,34.369,0.4894016566581337,0.7675802489386763,,0.0860845595615872,3.782,0.0,0.0,0.0,408.20552285714285,10099.153601385831,67.09402240712842,3.21,125.7,27726.38959177913,0.0,0.9922493583189153,1275.337784189389,11020.0,16:48:00,2021/06/27 16:48:00,3.0,11020.0,3.0,990.0,979.33,3.827,34.3631,27.3046,0.3,13.06,0.04,126.01,100.0,dRB2102_CTD_008_01_F.csv,dRB2102,CTD,8.0,F.csv,80103
43,E394,1.0,1.0,False,WCOA21,2021_WCOA_RonBrown,6/27/2021,,5:23:10 PM,,E394,80112,12,Niskin; Sterivex 0.22µm filter,95% EtOH,West Coast,BS48,99.4,48.356,-126.307,1000.0,Sean McAllister,,6/27/2021 5:23:10 PM,6/27/2021 ,2021/06/27 05:23:00,2021/06/27 00:00:00,2021/06/26 22:23:00,48.356,-126.307,80112,12,99.0,137.0,33RO20210613,WCOA2021,BS48,8.0,1.0,11026.0,2.0,2.0,2021-06-27,2021.0,6.0,27.0,17:23:10,178.724,48.356,-126.307,1285.0,100.2,99.4,7.54,33.207,2.0,,9.0,189.8,2.0,,,9.0,,9.0,,9.0,,,9.0,,,9.0,,9.0,,9.0,,9.0,,9.0,,9.0,,9.0,4.445,2.0,,9.0,,9.0,,9.0,,9.0,,9.0,,9.0,,9.0,,,,,,,,,,,,,,,,,,,,,,,,,,,,,,,,,,,,,,,,,,,,,,,,,,,,,,,,,,,,,,,,,,,,,,,,,,,,,,,,,,,,,,,,,,,,,0.0,100.2,,,,,33.207,,,0.0,,7.54,,,,,,,,,,,,,11026.0,17:23:10,2021/06/27 17:23:10,12.0,11026.0,12.0,99.0,98.14,7.6352,33.1041,25.8389,4.46,194.29,0.041,127.93,99.31,dRB2102_CTD_008_01_F.csv,dRB2102,CTD,8.0,F.csv,80111
44,E395,1.0,1.0,False,WCOA21,2021_WCOA_RonBrown,6/27/2021,,5:40:48 PM,,E395,80121,21,Niskin; Sterivex 0.22µm filter,95% EtOH,West Coast,BS48,4.2,48.356,-126.307,1000.0,Sean McAllister,,6/27/2021 5:40:48 PM,6/27/2021 ,2021/06/27 05:40:00,2021/06/27 00:00:00,2021/06/26 22:40:00,48.356,-126.307,80121,21,4.0,146.0,33RO20210613,WCOA2021,BS48,8.0,1.0,11062.0,2.0,2.0,2021-06-27,2021.0,6.0,27.0,17:40:48,178.737,48.356,-126.307,1285.0,4.2,4.2,14.842,31.71,2.0,31.7215,3.0,275.6,2.0,,,9.0,,9.0,,9.0,,,9.0,,,9.0,,9.0,,9.0,,9.0,,9.0,,9.0,,9.0,,9.0,,9.0,,9.0,,9.0,,9.0,,9.0,,9.0,,9.0,,,,,,,,,,,,,,,,,,,,,,,,,,,,,,,,,,,,,,,,,,,,,,,,,,,,,,,,,,,,,,,,,,,,,,,,,,,,,,,,,,,,,,,,,,,,,0.0,4.2,,,,,31.7215,,,0.0,,14.842,,,,,,,,,,,,,11062.0,17:40:48,2021/06/27 17:40:48,21.0,11062.0,21.0,4.0,3.97,14.4177,31.7376,23.5812,6.29,274.31,0.046,127.17,99.82,dRB2102_CTD_008_01_F.csv,dRB2102,CTD,8.0,F.csv,80120
45,E396,1.0,1.0,False,WCOA21,2021_WCOA_RonBrown,6/27/2021,,7:17:37 PM,,E396,90102,2,Niskin; Sterivex 0.22µm filter,95% EtOH,West Coast,BS43,586.1,48.433,-126.227,1000.0,Sean McAllister,,6/27/2021 7:17:37 PM,6/27/2021 ,2021/06/27 07:17:00,2021/06/27 00:00:00,2021/06/27 00:17:00,48.433,-126.227,90102,2,586.0,148.0,33RO20210613,WCOA2021,BS43,9.0,1.0,11081.0,2.0,2.0,2021-06-27,2021.0,6.0,27.0,19:17:37,178.804,48.433,-126.227,597.0,592.0,586.1,4.782,34.168,2.0,34.1693,2.0,22.6,2.0,,,9.0,,9.0,,9.0,,,9.0,,,9.0,,9.0,,9.0,,9.0,,9.0,,9.0,,9.0,,9.0,,9.0,,9.0,,9.0,,9.0,,9.0,,9.0,,9.0,,,,,,,,,,,,,,,,,,,,,,,,,,,,,,,,,,,,,,,,,,,,,,,,,,,,,,,,,,,,,,,,,,,,,,,,,,,,,,,,,,,,,,,,,,,,,0.0,592.0,,,,,34.1693,,,0.0,,4.782,,,,,,,,,,,,,11081.0,19:17:37,2021/06/27 19:17:37,2.0,11081.0,2.0,586.0,580.24,4.8021,34.1637,27.0398,0.55,23.99,0.04,124.9,16.16,dRB2102_CTD_009_01_F.csv,dRB2102,CTD,9.0,F.csv,90101
46,E397,1.0,1.0,False,WCOA21,2021_WCOA_RonBrown,6/27/2021,,7:22:54 PM,,E397,90103,3,Niskin; Sterivex 0.22µm filter,95% EtOH,West Coast,BS43,396.3,48.433,-126.227,1000.0,Sean McAllister,,6/27/2021 7:22:54 PM,6/27/2021 ,2021/06/27 07:22:00,2021/06/27 00:00:00,2021/06/27 00:22:00,48.433,-126.227,90103,3,396.0,149.0,33RO20210613,WCOA2021,BS43,9.0,1.0,11020.0,2.0,2.0,2021-06-27,2021.0,6.0,27.0,19:22:54,178.808,48.433,-126.227,597.0,400.1,396.3,5.538,34.036,2.0,,9.0,51.0,2.0,49.7,1.633,2.0,2293.0,2.0,2293.3,2.0,7.3141,24.8,6.0,46.67402228865381,24.715,6.0,74.3,2.0,2.81,2.0,37.9,2.0,0.02,2.0,0.01,2.0,,9.0,2.248,2.0,,9.0,,9.0,,9.0,,9.0,,9.0,,9.0,,9.0,383.3334222473886,20.91701203832569,64.87993503401883,40.69351763907059,66.4434735318213,0.0976896893247341,0.0,1.0667210198342997e-07,0.4954808833027888,73.80451911669721,2187.4265473269106,0.0004773148435201323,2.655364273354607,0.0,0.0030467779044195,0.0246446905412934,0.0,0.0,0.3328372286305714,0.0569459306485563,27457.746557394297,2293.3,0.0,0.0,0.0,20.91701203832569,2.7692560279796177,0.4954808833027888,0.0,0.0,0.0,64.87993503401886,0.0,0.0,-0.00012616027306389918,0.0001275051896521902,28995.0,2187.4265473269106,40.69351763907059,2293.0,0.0402316486957354,0.0401776020661461,1261.5707004628398,0.7848910944968192,0.9959189911228364,-0.00012750518965218966,0.00012200772420485244,83.14462618,0.0246446905412934,0.3328372286305714,1.0450583394056876,1.0388433197752016,0.051427902542613,1e-07,1.1966491800321547e-10,7.116964807139232e-07,1e-07,0.2220994401615763,1.5110156127624707e-09,4.511193619642775e-07,9.336176727115672e-07,5.151547944693362e-10,0.0034306053245781,0.0253596857297732,7.526990554833828e-07,5.93860690505655e-10,1.8590451610760784e-10,1.4534614071139268e-07,9.21675172670692e-15,0.00012484343251966082,-0.0001335214442030278,1.0,1.0,3.0,1.0,10.0,1.0,1.0,0.0,1.0,1.0,1266.7402787856247,7.5576540082205454,7.608276630828487,7.655422451732419,7.550231853267203,7.5576540082205454,2293.0,2.0,2293.3,1.0,0.0,,400.1,1.0,1.0,0.9137687577684672,18.79389206662051,34.036,0.5718564330866149,0.9021741144721448,,0.0887585317276257,5.538,0.0,0.0,0.0,404.25043428571433,10001.303266803465,66.44395084666482,2.81,74.29999999999998,27457.7496041722,0.0,0.9912349124905208,1277.9415482883717,11020.0,19:22:54,2021/06/27 19:22:54,3.0,11020.0,3.0,396.0,392.29,5.5431,34.036,26.8511,1.17,51.0,0.041,125.51,99.89,dRB2102_CTD_009_01_F.csv,dRB2102,CTD,9.0,F.csv,90103
47,E398,1.0,1.0,False,WCOA21,2021_WCOA_RonBrown,6/27/2021,,7:42:24 PM,,E398,90110,10,Niskin; Sterivex 0.22µm filter,95% EtOH,West Coast,BS43,99.4,48.432,-126.228,1000.0,Sean McAllister,,6/27/2021 7:42:24 PM,6/27/2021 ,2021/06/27 07:42:00,2021/06/27 00:00:00,2021/06/27 00:42:00,48.432,-126.228,90110,10,99.0,156.0,33RO20210613,WCOA2021,BS43,9.0,1.0,11067.0,2.0,2.0,2021-06-27,2021.0,6.0,27.0,19:42:24,178.821,48.432,-126.228,597.0,100.2,99.4,7.769,33.366,2.0,,9.0,165.3,2.0,166.0,5.45,2.0,,9.0,,9.0,,,9.0,,,9.0,,9.0,,9.0,,9.0,,9.0,,9.0,,9.0,4.536,2.0,,9.0,,9.0,,9.0,,9.0,,9.0,,9.0,,9.0,,,,,,,,,,,,,,,,,,,,,,,,,,,,,,,,,,,,,,,,,,,,,,,,,,,,,,,,,,,,,,,,,,,,,,,,,,,,,,,,,,,,,,,,,,,,,0.0,100.2,,,,,33.366,,,0.0,,7.769,,,,,,,,,,,,,11067.0,19:42:24,2021/06/27 19:42:24,10.0,11067.0,10.0,99.0,98.14,7.8236,33.2836,25.953,3.95,172.08,0.041,125.99,99.34,dRB2102_CTD_009_01_F.csv,dRB2102,CTD,9.0,F.csv,90109
48,E399,1.0,1.0,False,WCOA21,2021_WCOA_RonBrown,6/27/2021,,8:01:15 PM,,E399,90120,20,Niskin; Sterivex 0.22µm filter,95% EtOH,West Coast,BS43,3.6,48.432,-126.227,1000.0,Sean McAllister,,6/27/2021 8:01:15 PM,6/27/2021 ,2021/06/27 08:01:00,2021/06/27 00:00:00,2021/06/27 01:01:00,48.432,-126.227,90120,20,4.0,166.0,33RO20210613,WCOA2021,BS43,9.0,1.0,11022.0,2.0,2.0,2021-06-27,2021.0,6.0,27.0,20:01:15,178.834,48.432,-126.227,597.0,3.7,3.6,14.626,31.751,2.0,31.7537,2.0,286.4,2.0,,,9.0,,9.0,,9.0,,,9.0,,,9.0,,9.0,,9.0,,9.0,,9.0,,9.0,,9.0,,9.0,,9.0,,9.0,,9.0,,9.0,,9.0,,9.0,,9.0,,,,,,,,,,,,,,,,,,,,,,,,,,,,,,,,,,,,,,,,,,,,,,,,,,,,,,,,,,,,,,,,,,,,,,,,,,,,,,,,,,,,,,,,,,,,,0.0,3.7,,,,,31.7537,,,0.0,,14.626,,,,,,,,,,,,,11022.0,20:01:15,2021/06/27 20:01:15,20.0,11022.0,20.0,4.0,3.97,14.5604,31.7534,23.5635,6.54,285.19,0.05,124.87,99.86,dRB2102_CTD_009_01_F.csv,dRB2102,CTD,9.0,F.csv,90119
49,E404,1.0,1.0,False,WCOA21,2021_WCOA_RonBrown,6/27/2021,,9:34:47 PM,,E404,100102,2,Niskin; Sterivex 0.22µm filter,95% EtOH,West Coast,BS32,114.0,48.537,-125.996,1000.0,Sean McAllister,Note: 400-403 null due to dropped station,6/27/2021 9:34:47 PM,6/27/2021 ,2021/06/27 09:34:00,2021/06/27 00:00:00,2021/06/27 02:34:00,48.537,-125.996,100102,2,114.0,168.0,33RO20210613,WCOA2021,BS32,10.0,1.0,11081.0,2.0,2.0,2021-06-27,2021.0,6.0,27.0,21:34:47,178.899,48.537,-125.996,124.0,115.0,114.0,7.131,33.641,2.0,,9.0,73.2,2.0,,,9.0,,9.0,,9.0,,,9.0,,,9.0,,9.0,,9.0,,9.0,,9.0,,9.0,,9.0,,9.0,,9.0,,9.0,,9.0,,9.0,,9.0,,9.0,,9.0,,,,,,,,,,,,,,,,,,,,,,,,,,,,,,,,,,,,,,,,,,,,,,,,,,,,,,,,,,,,,,,,,,,,,,,,,,,,,,,,,,,,,,,,,,,,,0.0,115.0,,,,,33.641,,,0.0,,7.131,,,,,,,,,,,,,11081.0,21:34:47,2021/06/27 21:34:47,2.0,11081.0,2.0,114.0,113.01,7.1374,33.6383,26.3288,1.71,74.43,0.042,126.39,10.47,dRB2102_CTD_010_01_F.csv,dRB2102,CTD,10.0,F.csv,100101
50,E405,1.0,1.0,False,WCOA21,2021_WCOA_RonBrown,6/27/2021,,9:42:49 PM,,E405,100106,6,Niskin; Sterivex 0.22µm filter,95% EtOH,West Coast,BS32,59.3,48.537,-125.996,1000.0,Sean McAllister,,6/27/2021 9:42:49 PM,6/27/2021 ,2021/06/27 09:42:00,2021/06/27 00:00:00,2021/06/27 02:42:00,48.537,-125.996,100106,6,59.0,172.0,33RO20210613,WCOA2021,BS32,10.0,1.0,11082.0,2.0,2.0,2021-06-27,2021.0,6.0,27.0,21:42:49,178.905,48.537,-125.996,124.0,59.8,59.3,7.874,32.899,2.0,,9.0,126.0,2.0,,,9.0,,9.0,,9.0,,,9.0,,,9.0,,9.0,,9.0,,9.0,,9.0,,9.0,,9.0,,9.0,,9.0,,9.0,,9.0,,9.0,,9.0,,9.0,,9.0,,,,,,,,,,,,,,,,,,,,,,,,,,,,,,,,,,,,,,,,,,,,,,,,,,,,,,,,,,,,,,,,,,,,,,,,,,,,,,,,,,,,,,,,,,,,,0.0,59.8,,,,,32.899,,,0.0,,7.874,,,,,,,,,,,,,11082.0,21:42:49,2021/06/27 21:42:49,6.0,11082.0,6.0,59.0,58.49,7.9227,32.8706,25.6138,2.92,127.11,0.044,127.42,66.06,dRB2102_CTD_010_01_F.csv,dRB2102,CTD,10.0,F.csv,100105
51,E406,1.0,1.0,False,WCOA21,2021_WCOA_RonBrown,6/27/2021,,9:55:22 PM,,E406,100113,13,Niskin; Sterivex 0.22µm filter,95% EtOH,West Coast,BS32,3.4,48.536,-125.996,1000.0,Sean McAllister,,6/27/2021 9:55:22 PM,6/27/2021 ,2021/06/27 09:55:00,2021/06/27 00:00:00,2021/06/27 02:55:00,48.536,-125.996,100113,13,3.0,179.0,33RO20210613,WCOA2021,BS32,10.0,1.0,11054.0,2.0,2.0,2021-06-27,2021.0,6.0,27.0,21:55:22,178.913,48.536,-125.996,124.0,3.4,3.4,16.756,31.726,2.0,,9.0,290.5,2.0,,,9.0,,9.0,,9.0,,,9.0,,,9.0,,9.0,,9.0,,9.0,,9.0,,9.0,,9.0,,9.0,,9.0,,9.0,,9.0,,9.0,,9.0,,9.0,,9.0,,,,,,,,,,,,,,,,,,,,,,,,,,,,,,,,,,,,,,,,,,,,,,,,,,,,,,,,,,,,,,,,,,,,,,,,,,,,,,,,,,,,,,,,,,,,,0.0,3.4,,,,,31.726,,,0.0,,16.756,,,,,,,,,,,,,11054.0,21:55:22,2021/06/27 21:55:22,13.0,11054.0,13.0,3.0,2.97,16.1175,31.7178,23.1982,6.65,290.16,0.058,126.19,54.79,dRB2102_CTD_010_01_F.csv,dRB2102,CTD,10.0,F.csv,100112
52,E408,1.0,1.0,False,WCOA21,2021_WCOA_RonBrown,6/27/2021,,11:22:25 PM,,E408,110102,2,Niskin; Sterivex 0.22µm filter,95% EtOH,West Coast,BS20,56.7,48.658,-125.782,1000.0,Sean McAllister,,6/27/2021 11:22:25 PM,6/27/2021 ,2021/06/27 11:22:00,2021/06/27 00:00:00,2021/06/27 04:22:00,48.658,-125.782,110102,2,57.0,181.0,33RO20210613,WCOA2021,BS20,11.0,1.0,11081.0,2.0,2.0,2021-06-27,2021.0,6.0,27.0,23:22:25,178.974,48.658,-125.782,67.0,57.2,56.7,8.334,32.905,2.0,,9.0,127.9,2.0,,,9.0,,9.0,,9.0,,,9.0,,,9.0,,9.0,,9.0,,9.0,,9.0,,9.0,,9.0,,9.0,,9.0,,9.0,,9.0,,9.0,,9.0,,9.0,,9.0,,,,,,,,,,,,,,,,,,,,,,,,,,,,,,,,,,,,,,,,,,,,,,,,,,,,,,,,,,,,,,,,,,,,,,,,,,,,,,,,,,,,,,,,,,,,,0.0,57.2,,,,,32.905,,,0.0,,8.334,,,,,,,,,,,,,11081.0,23:22:25,2021/06/27 23:22:25,2.0,11081.0,2.0,57.0,56.51,8.332,32.9059,25.5814,2.91,126.89,0.045,136.68,10.43,dRB2102_CTD_011_01_F.csv,dRB2102,CTD,11.0,F.csv,110101
53,E409,1.0,1.0,False,WCOA21,2021_WCOA_RonBrown,6/27/2021,,11:27:47 PM,,E409,110105,5,Niskin; Sterivex 0.22µm filter,95% EtOH,West Coast,BS20,20.1,48.658,-125.782,1000.0,Sean McAllister,,6/27/2021 11:27:47 PM,6/27/2021 ,2021/06/27 11:27:00,2021/06/27 00:00:00,2021/06/27 04:27:00,48.658,-125.782,110105,5,20.0,184.0,33RO20210613,WCOA2021,BS20,11.0,1.0,11008.0,2.0,2.0,2021-06-27,2021.0,6.0,27.0,23:27:47,178.978,48.658,-125.782,67.0,20.3,20.1,9.769,32.223,2.0,,9.0,205.2,2.0,201.4,6.605,2.0,2090.8,2.0,2186.2,2.0,7.6341,24.99,2.0,83.7240662849835,24.925,2.0,26.0,6.0,1.62,6.0,15.1,6.0,0.42,6.0,2.05,6.0,,9.0,12.964,2.0,,9.0,,9.0,,9.0,,9.0,,9.0,,9.0,,9.0,343.3041055994553,39.41306868625899,27.95097344769293,80.91638154146483,62.904418407428025,0.0268325271867373,0.0,1.5234153624813614e-08,0.3941446910821376,25.60585530891786,1981.9326450108424,0.0002539433793603383,1.5131154156044582,0.0,0.0018268225487544,0.012098405603542,0.0,0.0,0.968338216097656,0.0800520419746506,25995.1522892675,2186.2,0.0,0.0,0.0,39.41306868625899,1.673219484319606,0.3941446910821376,0.0,0.0,0.0,27.95097344769279,0.0,0.0,-0.0001443556495716684,0.00014078909519900262,28995.0,1981.9326450108424,80.91638154146483,2090.8,0.0418211725495221,0.0417709481999225,622.1134573047201,0.7638343423110472,0.9961385878959018,-0.00014078909519900322,0.00012884868354762598,83.14462618,0.012098405603542,0.968338216097656,1.0926700321851803,1.0858066451374662,0.0449290609606631,1e-07,1.6660524111282254e-10,6.206247378160967e-07,1e-07,0.1721567846509388,1.5986874894485602e-09,3.925355660983512e-07,9.87402623753024e-07,5.685254175754942e-10,0.0029969010023611,0.0245270643597946,7.852587805340526e-07,7.367203766052877e-10,2.1434764559590155e-10,1.7181758480715e-07,1.3484330712063836e-14,0.00014810760074600434,-0.0001551685717358966,1.0,1.0,3.0,1.0,10.0,1.0,1.0,0.0,1.0,1.0,624.5250057211236,7.85619767656889,7.917271859700765,7.965349927736288,7.848349108273841,7.85619767656889,2090.8,2.0,2186.2,1.0,0.0,,20.3,1.0,1.0,0.8303787429772302,16.22678588894689,32.223,1.2345009371537208,1.951827774665364,,0.1638176723411045,9.769,0.0,0.0,0.0,382.7171742857143,9468.562556299446,62.90467235080739,1.62,26.0,25995.154116090045,0.0,0.9882875519039014,631.9264110106396,11008.0,23:27:47,2021/06/27 23:27:47,5.0,11008.0,5.0,20.0,19.83,9.7977,32.223,24.8178,4.71,205.18,0.056,136.0,47.75,dRB2102_CTD_011_01_F.csv,dRB2102,CTD,11.0,F.csv,110105
54,E410,1.0,1.0,False,WCOA21,2021_WCOA_RonBrown,6/27/2021,,11:33:24 PM,,E410,110109,9,Niskin; Sterivex 0.22µm filter,95% EtOH,West Coast,BS20,3.3,48.658,-125.782,1000.0,Sean McAllister,,6/27/2021 11:33:24 PM,6/27/2021 ,2021/06/27 11:33:00,2021/06/27 00:00:00,2021/06/27 04:33:00,48.658,-125.782,110109,9,3.0,188.0,33RO20210613,WCOA2021,BS20,11.0,1.0,12052.0,2.0,2.0,2021-06-27,2021.0,6.0,27.0,23:33:24,178.982,48.658,-125.782,67.0,3.3,3.3,13.198,31.717,2.0,,9.0,292.3,2.0,,,9.0,,9.0,,9.0,,,9.0,,,9.0,,9.0,,9.0,,9.0,,9.0,,9.0,,9.0,,9.0,,9.0,,9.0,,9.0,,9.0,,9.0,,9.0,,9.0,,,,,,,,,,,,,,,,,,,,,,,,,,,,,,,,,,,,,,,,,,,,,,,,,,,,,,,,,,,,,,,,,,,,,,,,,,,,,,,,,,,,,,,,,,,,,0.0,3.3,,,,,31.717,,,0.0,,13.198,,,,,,,,,,,,,12052.0,23:33:24,2021/06/27 23:33:24,9.0,12052.0,9.0,3.0,2.97,14.4892,31.6613,23.5074,6.83,297.95,0.079,134.94,64.39,dRB2102_CTD_011_01_F.csv,dRB2102,CTD,11.0,F.csv,110108
55,E411.1T,1.0,1.0,False,WCOA21,2021_WCOA_RonBrown,6/28/2021,,1:31:35 AM,,E411.1T,120102,2,Niskin; Sterivex 0.22µm filter,95% EtOH,West Coast,BS14,156.6,48.719,-125.677,1000.0,Sean McAllister,,6/28/2021 1:31:35 AM,6/28/2021 ,2021/06/28 01:31:00,2021/06/28 00:00:00,2021/06/27 18:31:00,48.719,-125.677,120102,2,157.0,190.0,33RO20210613,WCOA2021,BS14,12.0,1.0,11081.0,2.0,2.0,2021-06-28,2021.0,6.0,28.0,01:31:35,179.064,48.719,-125.677,167.0,158.0,156.6,7.709,33.309,2.0,,9.0,100.2,2.0,,,9.0,,9.0,,9.0,,,9.0,,,9.0,,9.0,,9.0,,9.0,,9.0,,9.0,,9.0,,9.0,1135.0,2.0,813.0,2.0,52.4,2.0,0.0,2.0,1120000.0,2.0,876000.0,2.0,224000.0,2.0,,,,,,,,,,,,,,,,,,,,,,,,,,,,,,,,,,,,,,,,,,,,,,,,,,,,,,,,,,,,,,,,,,,,,,,,,,,,,,,,,,,,,,,,,,,,,0.0,158.0,,,,,33.309,,,0.0,,7.709,,,,,,,,,,,,,11081.0,01:31:35,2021/06/28 01:31:35,2.0,11081.0,2.0,157.0,155.61,7.7173,33.3013,25.983,2.32,100.91,0.043,151.54,11.61,dRB2102_CTD_012_01_F.csv,dRB2102,CTD,12.0,F.csv,120101
56,E411.2T,1.0,2.0,False,WCOA21,2021_WCOA_RonBrown,6/28/2021,,1:31:35 AM,,E411.2T,120102,2,Niskin; Sterivex 0.22µm filter,95% EtOH,West Coast,BS14,156.6,48.719,-125.677,1000.0,Sean McAllister,,6/28/2021 1:31:35 AM,6/28/2021 ,2021/06/28 01:31:00,2021/06/28 00:00:00,2021/06/27 18:31:00,48.719,-125.677,120102,2,157.0,190.0,33RO20210613,WCOA2021,BS14,12.0,1.0,11081.0,2.0,2.0,2021-06-28,2021.0,6.0,28.0,01:31:35,179.064,48.719,-125.677,167.0,158.0,156.6,7.709,33.309,2.0,,9.0,100.2,2.0,,,9.0,,9.0,,9.0,,,9.0,,,9.0,,9.0,,9.0,,9.0,,9.0,,9.0,,9.0,,9.0,1135.0,2.0,813.0,2.0,52.4,2.0,0.0,2.0,1120000.0,2.0,876000.0,2.0,224000.0,2.0,,,,,,,,,,,,,,,,,,,,,,,,,,,,,,,,,,,,,,,,,,,,,,,,,,,,,,,,,,,,,,,,,,,,,,,,,,,,,,,,,,,,,,,,,,,,,0.0,158.0,,,,,33.309,,,0.0,,7.709,,,,,,,,,,,,,11081.0,01:31:35,2021/06/28 01:31:35,2.0,11081.0,2.0,157.0,155.61,7.7173,33.3013,25.983,2.32,100.91,0.043,151.54,11.61,dRB2102_CTD_012_01_F.csv,dRB2102,CTD,12.0,F.csv,120101
57,E411.3T,1.0,3.0,False,WCOA21,2021_WCOA_RonBrown,6/28/2021,,1:31:35 AM,,E411.3T,120102,2,Niskin; Sterivex 0.22µm filter,95% EtOH,West Coast,BS14,156.6,48.719,-125.677,1000.0,Sean McAllister,,6/28/2021 1:31:35 AM,6/28/2021 ,2021/06/28 01:31:00,2021/06/28 00:00:00,2021/06/27 18:31:00,48.719,-125.677,120102,2,157.0,190.0,33RO20210613,WCOA2021,BS14,12.0,1.0,11081.0,2.0,2.0,2021-06-28,2021.0,6.0,28.0,01:31:35,179.064,48.719,-125.677,167.0,158.0,156.6,7.709,33.309,2.0,,9.0,100.2,2.0,,,9.0,,9.0,,9.0,,,9.0,,,9.0,,9.0,,9.0,,9.0,,9.0,,9.0,,9.0,,9.0,1135.0,2.0,813.0,2.0,52.4,2.0,0.0,2.0,1120000.0,2.0,876000.0,2.0,224000.0,2.0,,,,,,,,,,,,,,,,,,,,,,,,,,,,,,,,,,,,,,,,,,,,,,,,,,,,,,,,,,,,,,,,,,,,,,,,,,,,,,,,,,,,,,,,,,,,,0.0,158.0,,,,,33.309,,,0.0,,7.709,,,,,,,,,,,,,11081.0,01:31:35,2021/06/28 01:31:35,2.0,11081.0,2.0,157.0,155.61,7.7173,33.3013,25.983,2.32,100.91,0.043,151.54,11.61,dRB2102_CTD_012_01_F.csv,dRB2102,CTD,12.0,F.csv,120101
58,E412.1B,1.0,1.0,False,WCOA21,2021_WCOA_RonBrown,6/28/2021,,1:39:20 AM,,E412.1B,120105,5,Niskin; Sterivex 0.22µm filter,95% EtOH,West Coast,BS14,79.0,48.719,-125.677,1000.0,Sean McAllister,,6/28/2021 1:39:20 AM,6/28/2021 ,2021/06/28 01:39:00,2021/06/28 00:00:00,2021/06/27 18:39:00,48.719,-125.677,120105,5,79.0,193.0,33RO20210613,WCOA2021,BS14,12.0,1.0,11008.0,2.0,2.0,2021-06-28,2021.0,6.0,28.0,01:39:20,179.069,48.719,-125.677,167.0,79.7,79.0,8.236,33.033,2.0,,9.0,125.3,2.0,129.4,4.246,2.0,2188.1,2.0,2226.5,2.0,7.4412,25.11,2.0,58.080171871421534,25.2,2.0,44.1,2.0,2.29,2.0,27.1,2.0,0.22,2.0,1.46,2.0,,9.0,23.455,2.0,809.0,9.0,536.0,9.0,64.7,9.0,9.25,9.0,1260000.0,9.0,796000.0,9.0,573000.0,9.0,365.4434133459759,26.89424665402416,45.88123349611639,54.13618304049566,64.4855480355657,0.059312300995323,0.0,5.0643563048721054e-08,0.4175633392697825,43.68243666073022,2088.0825834633874,0.0003794623153233559,2.1614891664954943,0.0,0.0026253730123086,0.0185085557935154,0.0,0.0,0.5548677738650066,0.0691984818656197,26648.600109220373,2226.4999999999995,0.0,0.0,0.0,26.89424665402416,2.299886079583171,0.4175633392697825,0.0,0.0,0.0,45.88123349611632,0.0,0.0,-0.0001261554128504682,0.00012568126063383845,28995.0,2088.0825834633874,54.13618304049566,2188.0999999999995,0.0405100865496855,0.0404585141917011,974.3904739847046,0.7717165945747029,0.9960608702957654,-0.00012568126063383905,0.00011843190264969868,83.14462618,0.0185085557935154,0.5548677738650066,1.0612111924401162,1.0541221862074002,0.0470871121189108,1e-07,1.4652741549998642e-10,6.463955233302786e-07,1e-07,0.1878693426146156,1.5553190460445822e-09,4.0887125191968923e-07,9.6181784658009e-07,5.479238518916204e-10,0.003145330420162,0.0247514567780273,7.70173437074055e-07,6.765871556452023e-10,2.0202064414562807e-10,1.6144485453757618e-07,1.1726536173024114e-14,0.0001266331562421892,-0.00013387596829207132,1.0,1.0,3.0,1.0,10.0,1.0,1.0,0.0,1.0,1.0,978.243903603375,7.675019754609253,7.732627467545135,7.779833237596786,7.66729107677992,7.675019754609253,2188.1,2.0,2226.5,1.0,0.0,,79.7,1.0,1.0,0.8846389995202197,18.47559611088936,33.033,0.8129341926182765,1.285189458548147,,0.1128171536860244,8.236,0.0,0.0,0.0,392.33766,9706.57688366197,64.48592749788104,2.29,44.1,26648.602734593387,0.0,0.9894442582449444,988.6801560085491,11008.0,01:39:20,2021/06/28 01:39:20,5.0,11008.0,5.0,79.0,78.32,8.2045,33.0193,25.6897,2.87,124.84,0.044,152.36,90.34,dRB2102_CTD_012_01_F.csv,dRB2102,CTD,12.0,F.csv,120105
59,E412.2T,2.0,2.0,False,WCOA21,2021_WCOA_RonBrown,6/28/2021,,1:39:26 AM,,E412.2T,120106,6,Niskin; Sterivex 0.22µm filter,95% EtOH,West Coast,BS14,79.0,48.719,-125.677,1000.0,Sean McAllister,,6/28/2021 1:39:26 AM,6/28/2021 ,2021/06/28 01:39:00,2021/06/28 00:00:00,2021/06/27 18:39:00,48.719,-125.677,120106,6,79.0,194.0,33RO20210613,WCOA2021,BS14,12.0,1.0,11082.0,2.0,2.0,2021-06-28,2021.0,6.0,28.0,01:39:26,179.069,48.719,-125.677,167.0,79.7,79.0,8.235,33.034,2.0,,9.0,124.9,2.0,129.4,4.246,9.0,2188.1,9.0,2226.5,9.0,7.4412,25.11,9.0,58.080171871421534,25.2,9.0,44.1,9.0,2.29,9.0,27.1,9.0,0.22,9.0,1.46,9.0,,9.0,23.455,9.0,809.0,2.0,536.0,2.0,64.7,2.0,9.25,2.0,1260000.0,2.0,796000.0,2.0,573000.0,2.0,,,,,,,,,,,,,,,,,,,,,,,,,,,,,,,,,,,,,,,,,,,,,,,,,,,,,,,,,,,,,,,,,,,,,,,,,,,,,,,,,,,,,,,,,,,,,0.0,79.7,,,,,33.034,,,0.0,,8.235,,,,,,,,,,,,,11082.0,01:39:26,2021/06/28 01:39:26,6.0,11082.0,6.0,79.0,78.32,8.2045,33.0193,25.6897,2.87,124.84,0.044,152.36,90.34,dRB2102_CTD_012_01_F.csv,dRB2102,CTD,12.0,F.csv,120105
60,E412.3T,2.0,3.0,False,WCOA21,2021_WCOA_RonBrown,6/28/2021,,1:39:26 AM,,E412.3T,120106,6,Niskin; Sterivex 0.22µm filter,95% EtOH,West Coast,BS14,79.0,48.719,-125.677,1000.0,Sean McAllister,,6/28/2021 1:39:26 AM,6/28/2021 ,2021/06/28 01:39:00,2021/06/28 00:00:00,2021/06/27 18:39:00,48.719,-125.677,120106,6,79.0,194.0,33RO20210613,WCOA2021,BS14,12.0,1.0,11082.0,2.0,2.0,2021-06-28,2021.0,6.0,28.0,01:39:26,179.069,48.719,-125.677,167.0,79.7,79.0,8.235,33.034,2.0,,9.0,124.9,2.0,129.4,4.246,9.0,2188.1,9.0,2226.5,9.0,7.4412,25.11,9.0,58.080171871421534,25.2,9.0,44.1,9.0,2.29,9.0,27.1,9.0,0.22,9.0,1.46,9.0,,9.0,23.455,9.0,809.0,2.0,536.0,2.0,64.7,2.0,9.25,2.0,1260000.0,2.0,796000.0,2.0,573000.0,2.0,,,,,,,,,,,,,,,,,,,,,,,,,,,,,,,,,,,,,,,,,,,,,,,,,,,,,,,,,,,,,,,,,,,,,,,,,,,,,,,,,,,,,,,,,,,,,0.0,79.7,,,,,33.034,,,0.0,,8.235,,,,,,,,,,,,,11082.0,01:39:26,2021/06/28 01:39:26,6.0,11082.0,6.0,79.0,78.32,8.2045,33.0193,25.6897,2.87,124.84,0.044,152.36,90.34,dRB2102_CTD_012_01_F.csv,dRB2102,CTD,12.0,F.csv,120105
61,E413.1B,1.0,1.0,False,WCOA21,2021_WCOA_RonBrown,6/28/2021,,1:54:10 AM,,E413.1B,120116,16,Niskin; Sterivex 0.22µm filter,95% EtOH,West Coast,BS14,3.1,48.718,-125.677,1000.0,Sean McAllister,,6/28/2021 1:54:10 AM,6/28/2021 ,2021/06/28 01:54:00,2021/06/28 00:00:00,2021/06/27 18:54:00,48.718,-125.677,120116,16,3.0,204.0,33RO20210613,WCOA2021,BS14,12.0,1.0,11032.0,2.0,2.0,2021-06-28,2021.0,6.0,28.0,01:54:10,179.079,48.718,-125.677,167.0,3.1,3.1,17.599,31.496,2.0,,9.0,346.1,2.0,,,9.0,,9.0,,9.0,,,9.0,,,9.0,,9.0,,9.0,,9.0,,9.0,,9.0,,9.0,,9.0,,9.0,,9.0,,9.0,,9.0,,9.0,,9.0,,9.0,,,,,,,,,,,,,,,,,,,,,,,,,,,,,,,,,,,,,,,,,,,,,,,,,,,,,,,,,,,,,,,,,,,,,,,,,,,,,,,,,,,,,,,,,,,,,0.0,3.1,,,,,31.496,,,0.0,,17.599,,,,,,,,,,,,,11032.0,01:54:10,2021/06/28 01:54:10,16.0,11032.0,16.0,3.0,2.97,15.5446,31.6013,23.2356,7.9,345.01,0.08,149.52,99.94,dRB2102_CTD_012_01_F.csv,dRB2102,CTD,12.0,F.csv,120115
62,E413.2B,2.0,1.0,False,WCOA21,2021_WCOA_RonBrown,6/28/2021,,1:54:12 AM,,E413.2B,120117,17,Niskin; Sterivex 0.22µm filter,95% EtOH,West Coast,BS14,3.1,48.718,-125.677,1000.0,Sean McAllister,,6/28/2021 1:54:12 AM,6/28/2021 ,2021/06/28 01:54:00,2021/06/28 00:00:00,2021/06/27 18:54:00,48.718,-125.677,120117,17,3.0,205.0,33RO20210613,WCOA2021,BS14,12.0,1.0,11052.0,2.0,2.0,2021-06-28,2021.0,6.0,28.0,01:54:12,179.079,48.718,-125.677,167.0,3.1,3.1,17.716,31.488,2.0,,9.0,346.2,2.0,,,9.0,,9.0,,9.0,,,9.0,,,9.0,,9.0,,9.0,,9.0,,9.0,,9.0,,9.0,,9.0,,9.0,,9.0,,9.0,,9.0,,9.0,,9.0,,9.0,,,,,,,,,,,,,,,,,,,,,,,,,,,,,,,,,,,,,,,,,,,,,,,,,,,,,,,,,,,,,,,,,,,,,,,,,,,,,,,,,,,,,,,,,,,,,0.0,3.1,,,,,31.488,,,0.0,,17.716,,,,,,,,,,,,,11052.0,01:54:12,2021/06/28 01:54:12,17.0,11052.0,17.0,3.0,2.97,15.5446,31.6013,23.2356,7.9,345.01,0.08,149.52,99.94,dRB2102_CTD_012_01_F.csv,dRB2102,CTD,12.0,F.csv,120115
63,E413.3B,3.0,1.0,False,WCOA21,2021_WCOA_RonBrown,6/28/2021,,1:54:21 AM,,E413.3B,120118,18,Niskin; Sterivex 0.22µm filter,95% EtOH,West Coast,BS14,3.1,48.718,-125.677,1000.0,Sean McAllister,,6/28/2021 1:54:21 AM,6/28/2021 ,2021/06/28 01:54:00,2021/06/28 00:00:00,2021/06/27 18:54:00,48.718,-125.677,120118,18,3.0,206.0,33RO20210613,WCOA2021,BS14,12.0,1.0,11002.0,2.0,2.0,2021-06-28,2021.0,6.0,28.0,01:54:21,179.079,48.718,-125.677,167.0,3.1,3.1,17.751,31.487,2.0,,9.0,346.2,2.0,,,9.0,,9.0,,9.0,,,9.0,,,9.0,,9.0,,9.0,,9.0,,9.0,,9.0,,9.0,,9.0,,9.0,,9.0,,9.0,,9.0,,9.0,,9.0,,9.0,,,,,,,,,,,,,,,,,,,,,,,,,,,,,,,,,,,,,,,,,,,,,,,,,,,,,,,,,,,,,,,,,,,,,,,,,,,,,,,,,,,,,,,,,,,,,0.0,3.1,,,,,31.487,,,0.0,,17.751,,,,,,,,,,,,,11002.0,01:54:21,2021/06/28 01:54:21,18.0,11002.0,18.0,3.0,2.97,15.5446,31.6013,23.2356,7.9,345.01,0.08,149.52,99.94,dRB2102_CTD_012_01_F.csv,dRB2102,CTD,12.0,F.csv,120115
64,E414,1.0,1.0,False,WCOA21,2021_WCOA_RonBrown,6/28/2021,,5:04:34 AM,,E414,130102,2,Niskin; Sterivex 0.22µm filter,95% EtOH,West Coast,BS9,132.1,48.781,-125.575,1000.0,Sean McAllister,,6/28/2021 5:04:34 AM,6/28/2021 ,2021/06/28 05:04:00,2021/06/28 00:00:00,2021/06/27 22:04:00,48.781,-125.575,130102,2,132.0,208.0,33RO20210613,WCOA2021,BS9,13.0,1.0,11081.0,2.0,2.0,2021-06-28,2021.0,6.0,28.0,05:04:34,179.212,48.781,-125.575,142.0,133.3,132.1,7.723,33.325,2.0,,9.0,101.8,2.0,,,9.0,,9.0,,9.0,,,9.0,,,9.0,,9.0,,9.0,,9.0,,9.0,,9.0,,9.0,,9.0,706.5,2.0,693.0,2.0,54.7,2.0,0.0,2.0,1690000.0,2.0,1110000.0,2.0,523000.0,2.0,,,,,,,,,,,,,,,,,,,,,,,,,,,,,,,,,,,,,,,,,,,,,,,,,,,,,,,,,,,,,,,,,,,,,,,,,,,,,,,,,,,,,,,,,,,,,0.0,133.3,,,,,33.325,,,0.0,,7.723,,,,,,,,,,,,,11081.0,05:04:34,2021/06/28 05:04:34,2.0,11081.0,2.0,132.0,130.84,7.7234,33.324,25.9996,2.34,101.99,0.044,155.72,11.7,dRB2102_CTD_013_01_F.csv,dRB2102,CTD,13.0,F.csv,130101
65,E415,1.0,1.0,False,WCOA21,2021_WCOA_RonBrown,6/28/2021,,5:14:56 AM,,E415,130106,6,Niskin; Sterivex 0.22µm filter,95% EtOH,West Coast,BS9,59.8,48.781,-125.575,1000.0,Sean McAllister,,6/28/2021 5:14:56 AM,6/28/2021 ,2021/06/28 05:14:00,2021/06/28 00:00:00,2021/06/27 22:14:00,48.781,-125.575,130106,6,60.0,212.0,33RO20210613,WCOA2021,BS9,13.0,1.0,11082.0,2.0,2.0,2021-06-28,2021.0,6.0,28.0,05:14:56,179.219,48.781,-125.575,142.0,60.4,59.8,8.547,32.819,2.0,,9.0,140.1,2.0,,,9.0,,9.0,,9.0,,,9.0,,,9.0,,9.0,,9.0,,9.0,,9.0,,9.0,,9.0,,9.0,601.5,2.0,782.0,2.0,96.6,2.0,0.0,2.0,1430000.0,2.0,755000.0,2.0,642000.0,2.0,,,,,,,,,,,,,,,,,,,,,,,,,,,,,,,,,,,,,,,,,,,,,,,,,,,,,,,,,,,,,,,,,,,,,,,,,,,,,,,,,,,,,,,,,,,,,0.0,60.4,,,,,32.819,,,0.0,,8.547,,,,,,,,,,,,,11082.0,05:14:56,2021/06/28 05:14:56,6.0,11082.0,6.0,60.0,59.48,8.7001,32.7487,25.4028,3.33,145.16,0.045,157.06,84.44,dRB2102_CTD_013_01_F.csv,dRB2102,CTD,13.0,F.csv,130105
66,E416,1.0,1.0,False,WCOA21,2021_WCOA_RonBrown,6/28/2021,,5:30:08 AM,,E416,130114,14,Niskin; Sterivex 0.22µm filter,95% EtOH,West Coast,BS9,3.7,48.78,-125.575,1000.0,Sean McAllister,,6/28/2021 5:30:08 AM,6/28/2021 ,2021/06/28 05:30:00,2021/06/28 00:00:00,2021/06/27 22:30:00,48.78,-125.575,130114,14,4.0,220.0,33RO20210613,WCOA2021,BS9,13.0,1.0,11011.0,2.0,2.0,2021-06-28,2021.0,6.0,28.0,05:30:08,179.229,48.78,-125.575,142.0,3.8,3.7,16.335,31.357,2.0,,9.0,360.2,2.0,,,9.0,,9.0,,9.0,,,9.0,,,9.0,,9.0,,9.0,,9.0,,9.0,,9.0,,9.0,,9.0,18200.0,2.0,4210.0,2.0,741.0,2.0,0.0,2.0,5710000.0,2.0,3350000.0,2.0,2280000.0,2.0,,,,,,,,,,,,,,,,,,,,,,,,,,,,,,,,,,,,,,,,,,,,,,,,,,,,,,,,,,,,,,,,,,,,,,,,,,,,,,,,,,,,,,,,,,,,,0.0,3.8,,,,,31.357,,,0.0,,16.335,,,,,,,,,,,,,11011.0,05:30:08,2021/06/28 05:30:08,14.0,11011.0,14.0,4.0,3.97,16.6866,31.3419,22.781,8.2,358.19,0.113,153.25,99.93,dRB2102_CTD_013_01_F.csv,dRB2102,CTD,13.0,F.csv,130113
67,E417.1B,1.0,1.0,False,WCOA21,2021_WCOA_RonBrown,6/28/2021,,9:46:41 AM,,E417.1B,140101,1,Niskin; Sterivex 0.22µm filter,95% EtOH,West Coast,BS6,102.0,48.81,-125.517,1000.0,Sean McAllister,,6/28/2021 9:46:41 AM,6/28/2021 ,2021/06/28 09:46:00,2021/06/28 00:00:00,2021/06/28 02:46:00,48.81,-125.517,140101,1,102.0,221.0,33RO20210613,WCOA2021,BS6,14.0,1.0,11031.0,2.0,2.0,2021-06-28,2021.0,6.0,28.0,09:46:41,179.407,48.81,-125.517,112.0,102.9,102.0,7.736,33.32,2.0,,9.0,103.3,2.0,103.6,3.4,6.0,2216.0,2.0,2241.9,6.0,7.3803,25.09,2.0,54.03355597355813,24.94,2.0,51.5,2.0,2.52,2.0,29.5,2.0,0.25,2.0,1.4,2.0,,9.0,27.104,6.0,704.0,9.0,886.0,9.0,98.5,9.0,0.0,9.0,1850000.0,9.0,1230000.0,9.0,528000.0,9.0,371.100995319615,24.645404680385,51.49392586852292,49.338697409851655,65.04578452736119,0.0722217361370717,0.0,6.755263310405653e-08,0.4358221362205663,51.06417786377944,2115.1673767216257,0.0004148559644381186,2.3803848461130084,0.0,0.0028314854228366,0.0203920639232811,0.0,0.0,0.4824685684215833,0.0673933501972871,26880.13046299741,2241.9,0.0,0.0,0.0,24.645404680385,2.515171478954949,0.4358221362205663,0.0,0.0,0.0,51.49392586852302,0.0,0.0,-0.00012501896776247908,0.00012514067658355726,28995.0,2115.1673767216257,49.338697409851655,2216.0,0.0402176749688819,0.0401656539727486,1076.8284289589192,0.7744228183365599,0.9960350744929456,-0.00012514067658355772,0.00011856069456587589,83.14462618,0.0203920639232811,0.4824685684215833,1.055498848431808,1.0486824676777728,0.0478199910809447,1e-07,1.405168035720648e-10,6.55901077797745e-07,1e-07,0.1935879076920841,1.5423127027934607e-09,4.1493695479217893e-07,9.53931823044256e-07,5.417158477844176e-10,0.0031972971578663,0.0248287149961861,7.654341837132551e-07,6.575041076082511e-10,1.9820816549005806e-10,1.581669232483442e-07,1.1204632750591252e-14,0.00012489749545353576,-0.00013249393754129492,1.0,1.0,3.0,1.0,10.0,1.0,1.0,0.0,1.0,1.0,1081.1149692766624,7.63407139901833,7.690538816147815,7.737403630041859,7.62638177099981,7.63407139901833,2216.0,2.0,2241.9,1.0,0.0,,102.9,1.0,1.0,0.8948386376465223,18.69084866712487,33.32,0.7364994200110121,1.1642027970841564,,0.1037250267888182,7.736,0.0,0.0,0.0,395.7464,9790.910355208936,65.04619938332563,2.52,51.5,26880.133294482835,0.0,0.9897991878279652,1092.2568765176322,11031.0,09:46:41,2021/06/28 09:46:41,1.0,11031.0,1.0,102.0,101.11,7.7344,33.3198,25.9943,2.37,103.3,0.044,141.89,11.18,dRB2102_CTD_014_01_F.csv,dRB2102,CTD,14.0,F.csv,140101
68,E417.2T,2.0,2.0,False,WCOA21,2021_WCOA_RonBrown,6/28/2021,,9:46:46 AM,,E417.2T,140102,2,Niskin; Sterivex 0.22µm filter,95% EtOH,West Coast,BS6,102.3,48.81,-125.517,1000.0,Sean McAllister,,6/28/2021 9:46:46 AM,6/28/2021 ,2021/06/28 09:46:00,2021/06/28 00:00:00,2021/06/28 02:46:00,48.81,-125.517,140102,2,102.0,222.0,33RO20210613,WCOA2021,BS6,14.0,1.0,11081.0,2.0,2.0,2021-06-28,2021.0,6.0,28.0,09:46:46,179.407,48.81,-125.517,112.0,103.2,102.3,7.723,33.326,2.0,,9.0,103.1,2.0,103.6,3.4,9.0,2216.0,9.0,2241.9,9.0,7.3803,25.09,9.0,54.03355597355813,24.94,9.0,51.5,9.0,2.52,9.0,29.5,9.0,0.25,9.0,1.4,9.0,,9.0,27.104,9.0,704.0,2.0,886.0,2.0,98.5,2.0,0.0,2.0,1850000.0,2.0,1230000.0,2.0,528000.0,2.0,,,,,,,,,,,,,,,,,,,,,,,,,,,,,,,,,,,,,,,,,,,,,,,,,,,,,,,,,,,,,,,,,,,,,,,,,,,,,,,,,,,,,,,,,,,,,0.0,103.2,,,,,33.326,,,0.0,,7.723,,,,,,,,,,,,,11081.0,09:46:46,2021/06/28 09:46:46,2.0,11081.0,2.0,102.0,101.11,7.7344,33.3198,25.9943,2.37,103.3,0.044,141.89,11.18,dRB2102_CTD_014_01_F.csv,dRB2102,CTD,14.0,F.csv,140101
69,E417.3T,2.0,3.0,False,WCOA21,2021_WCOA_RonBrown,6/28/2021,,9:46:46 AM,,E417.3T,140102,2,Niskin; Sterivex 0.22µm filter,95% EtOH,West Coast,BS6,102.3,48.81,-125.517,1000.0,Sean McAllister,,6/28/2021 9:46:46 AM,6/28/2021 ,2021/06/28 09:46:00,2021/06/28 00:00:00,2021/06/28 02:46:00,48.81,-125.517,140102,2,102.0,222.0,33RO20210613,WCOA2021,BS6,14.0,1.0,11081.0,2.0,2.0,2021-06-28,2021.0,6.0,28.0,09:46:46,179.407,48.81,-125.517,112.0,103.2,102.3,7.723,33.326,2.0,,9.0,103.1,2.0,103.6,3.4,9.0,2216.0,9.0,2241.9,9.0,7.3803,25.09,9.0,54.03355597355813,24.94,9.0,51.5,9.0,2.52,9.0,29.5,9.0,0.25,9.0,1.4,9.0,,9.0,27.104,9.0,704.0,2.0,886.0,2.0,98.5,2.0,0.0,2.0,1850000.0,2.0,1230000.0,2.0,528000.0,2.0,,,,,,,,,,,,,,,,,,,,,,,,,,,,,,,,,,,,,,,,,,,,,,,,,,,,,,,,,,,,,,,,,,,,,,,,,,,,,,,,,,,,,,,,,,,,,0.0,103.2,,,,,33.326,,,0.0,,7.723,,,,,,,,,,,,,11081.0,09:46:46,2021/06/28 09:46:46,2.0,11081.0,2.0,102.0,101.11,7.7344,33.3198,25.9943,2.37,103.3,0.044,141.89,11.18,dRB2102_CTD_014_01_F.csv,dRB2102,CTD,14.0,F.csv,140101
70,E418.1B,1.0,1.0,False,WCOA21,2021_WCOA_RonBrown,6/28/2021,,9:53:36 AM,,E418.1B,140105,5,Niskin; Sterivex 0.22µm filter,95% EtOH,West Coast,BS6,50.3,48.81,-125.517,1000.0,Sean McAllister,,6/28/2021 9:53:36 AM,6/28/2021 ,2021/06/28 09:53:00,2021/06/28 00:00:00,2021/06/28 02:53:00,48.81,-125.517,140105,5,50.0,225.0,33RO20210613,WCOA2021,BS6,14.0,1.0,11008.0,2.0,2.0,2021-06-28,2021.0,6.0,28.0,09:53:36,179.412,48.81,-125.517,112.0,50.7,50.3,8.423,32.745,2.0,,9.0,136.5,2.0,135.1,4.434,2.0,2172.4,2.0,2215.8,2.0,7.4424,25.09,2.0,57.40251866673063,24.94,2.0,47.0,2.0,2.29,2.0,27.9,2.0,0.25,2.0,0.63,2.0,,9.0,23.021,2.0,494.5,9.0,960.0,9.0,118.0,9.0,0.0,9.0,1980000.0,9.0,1280000.0,9.0,682000.0,9.0,361.2123392974118,27.704703559731083,43.6586673597526,56.015927033010826,63.92333973618776,0.0568848531864567,0.0,4.66896977131822e-08,0.4660692732351953,46.5339307267648,2072.725405607237,0.00036370940041915935,2.160191096155162,0.0,0.0025323368645762,0.0177116788137363,0.0,0.0,0.5865361614515883,0.072924003968684,26416.26291567756,2215.8,0.0,0.0,0.0,27.704703559731083,2.306039057402832,0.4660692732351953,0.0,0.0,0.0,43.65866735975277,0.0,0.0,-0.0001265337356575416,0.00012581804505986798,28995.0,2072.725405607237,56.015927033010826,2172.4,0.0406382778382692,0.040586872129477,931.5512467104572,0.7701752097933706,0.9960704608538512,-0.00012581804505986785,0.0001182939679689976,83.14462618,0.0177116788137363,0.5865361614515883,1.063604909194037,1.0564271138244687,0.0468666297360693,1e-07,1.4865681775667062e-10,6.366588281342173e-07,1e-07,0.1847607128287776,1.5527001681133495e-09,4.0243401836114266e-07,9.610986465839703e-07,5.47099637811175e-10,0.0031128963419804,0.0246644962374472,7.687625174978789e-07,6.834000473373582e-10,2.0275772195336647e-10,1.6243968312890476e-07,1.1873847390708958e-14,0.00012725761495851833,-0.00013436427240511836,1.0,1.0,3.0,1.0,10.0,1.0,1.0,0.0,1.0,1.0,935.226254889552,7.693703329808719,7.751740271955794,7.799380363792141,7.685969899341884,7.693703329808719,2172.4,2.0,2215.8,1.0,0.0,,50.7,1.0,1.0,0.8803974884955457,18.364419059552905,32.745,0.8465796766768141,1.3393063217424734,,0.1170259142233158,8.423,0.0,0.0,0.0,388.91704285714286,9621.949567266403,63.923703445588174,2.29,47.0,26416.265448014423,0.0,0.989307687654786,945.3340619504966,11008.0,09:53:36,2021/06/28 09:53:36,5.0,11008.0,5.0,50.0,49.57,8.5201,32.6754,25.3725,3.25,141.34,0.046,142.44,63.8,dRB2102_CTD_014_01_F.csv,dRB2102,CTD,14.0,F.csv,140105
71,E418.2T,2.0,2.0,False,WCOA21,2021_WCOA_RonBrown,6/28/2021,,9:53:42 AM,,E418.2T,140106,6,Niskin; Sterivex 0.22µm filter,95% EtOH,West Coast,BS6,50.7,48.81,-125.517,1000.0,Sean McAllister,,6/28/2021 9:53:42 AM,6/28/2021 ,2021/06/28 09:53:00,2021/06/28 00:00:00,2021/06/28 02:53:00,48.81,-125.517,140106,6,51.0,226.0,33RO20210613,WCOA2021,BS6,14.0,1.0,11082.0,2.0,2.0,2021-06-28,2021.0,6.0,28.0,09:53:42,179.412,48.81,-125.517,112.0,51.1,50.7,8.404,32.756,2.0,,9.0,136.5,2.0,135.1,4.434,9.0,2172.4,9.0,2215.8,9.0,7.4424,25.09,9.0,57.40251866673063,24.94,9.0,47.0,9.0,2.29,9.0,27.9,9.0,0.25,9.0,0.63,9.0,,9.0,23.021,9.0,494.5,2.0,960.0,2.0,118.0,2.0,0.0,2.0,1980000.0,2.0,1280000.0,2.0,682000.0,2.0,,,,,,,,,,,,,,,,,,,,,,,,,,,,,,,,,,,,,,,,,,,,,,,,,,,,,,,,,,,,,,,,,,,,,,,,,,,,,,,,,,,,,,,,,,,,,0.0,51.1,,,,,32.756,,,0.0,,8.404,,,,,,,,,,,,,11082.0,09:53:42,2021/06/28 09:53:42,6.0,11082.0,6.0,51.0,50.56,8.4902,32.6949,25.3923,3.21,139.62,0.047,142.46,63.32,dRB2102_CTD_014_01_F.csv,dRB2102,CTD,14.0,F.csv,140105
72,E418.3T,2.0,3.0,False,WCOA21,2021_WCOA_RonBrown,6/28/2021,,9:53:42 AM,,E418.3T,140106,6,Niskin; Sterivex 0.22µm filter,95% EtOH,West Coast,BS6,50.7,48.81,-125.517,1000.0,Sean McAllister,,6/28/2021 9:53:42 AM,6/28/2021 ,2021/06/28 09:53:00,2021/06/28 00:00:00,2021/06/28 02:53:00,48.81,-125.517,140106,6,51.0,226.0,33RO20210613,WCOA2021,BS6,14.0,1.0,11082.0,2.0,2.0,2021-06-28,2021.0,6.0,28.0,09:53:42,179.412,48.81,-125.517,112.0,51.1,50.7,8.404,32.756,2.0,,9.0,136.5,2.0,135.1,4.434,9.0,2172.4,9.0,2215.8,9.0,7.4424,25.09,9.0,57.40251866673063,24.94,9.0,47.0,9.0,2.29,9.0,27.9,9.0,0.25,9.0,0.63,9.0,,9.0,23.021,9.0,494.5,2.0,960.0,2.0,118.0,2.0,0.0,2.0,1980000.0,2.0,1280000.0,2.0,682000.0,2.0,,,,,,,,,,,,,,,,,,,,,,,,,,,,,,,,,,,,,,,,,,,,,,,,,,,,,,,,,,,,,,,,,,,,,,,,,,,,,,,,,,,,,,,,,,,,,0.0,51.1,,,,,32.756,,,0.0,,8.404,,,,,,,,,,,,,11082.0,09:53:42,2021/06/28 09:53:42,6.0,11082.0,6.0,51.0,50.56,8.4902,32.6949,25.3923,3.21,139.62,0.047,142.46,63.32,dRB2102_CTD_014_01_F.csv,dRB2102,CTD,14.0,F.csv,140105
73,E419.1B,1.0,1.0,False,WCOA21,2021_WCOA_RonBrown,6/28/2021,,10:08:00 AM,,E419.1B,140116,16,Niskin; Sterivex 0.22µm filter,95% EtOH,West Coast,BS6,3.5,48.811,-125.517,1000.0,Sean McAllister,,6/28/2021 10:08:00 AM,6/28/2021 ,2021/06/28 10:08:00,2021/06/28 00:00:00,2021/06/28 03:08:00,48.811,-125.517,140116,16,4.0,236.0,33RO20210613,WCOA2021,BS6,14.0,1.0,11032.0,2.0,2.0,2021-06-28,2021.0,6.0,28.0,10:08:00,179.422,48.811,-125.517,112.0,3.5,3.5,16.063,31.021,2.0,31.0691,2.0,380.7,2.0,366.1,11.98,6.0,1827.5,2.0,2125.6,6.0,8.1103,25.09,2.0,188.33675242952825,24.94,2.0,0.6,2.0,0.16,2.0,0.0,2.0,0.02,2.0,0.06,2.0,5.5,2.0,10.514,2.0,24700.0,9.0,11400.0,9.0,1340.0,9.0,0.0,9.0,9290000.0,9.0,5540000.0,9.0,2720000.0,9.0,274.8626671921283,94.14947195072892,7.789940256309948,207.05152171214107,60.65195931604477,0.0008364720055395561,0.0,1.904099209108048e-10,0.029162748187971,0.5708372518120289,1612.658538031549,0.00010770857955595009,0.1339656466428153,0.0,0.0008839993409916943,0.0046036434418127,0.0,0.0,4.48101778783977,0.0251978811612351,25064.271305064784,2125.5999999999995,0.0,0.0,0.0,94.14947195072892,0.1843614087748758,0.029162748187971,0.0,0.0,0.0,7.789940256309894,0.0,0.0,-0.00026777989447366137,0.0002414530458975349,28995.0,1612.658538031549,207.05152171214107,1827.5,0.0425377907148084,0.0424926824974317,210.05754636382989,0.7388891352941733,0.9964371418551482,-0.00024145304589753543,0.0001945386631654949,83.14462618,0.0046036434418127,4.48101778783977,1.2411571148308431,1.2899551820521704,0.0370847912448596,1e-07,2.8232469550423244e-10,5.847430052909288e-07,1e-07,0.1305283418966484,1.8796975175588884e-09,3.73242772859991e-07,1.1360413233551762e-06,7.045662602789201e-10,0.0025923653982769,0.0241072501282476,8.788765353190185e-07,1.032182316491297e-09,2.803509144185927e-10,2.215751939050832e-07,2.4590225062766383e-14,0.0003005504301932432,-0.0003181858203015393,1.0,1.0,3.0,1.0,10.0,1.0,1.0,0.0,1.0,1.0,210.80862759967843,8.26061416424095,8.336898320413615,8.383593338622324,8.252172619314967,8.26061416424095,1827.5,2.0,2125.6,1.0,0.0,,3.5,1.0,1.0,0.6113995368528173,9.39401952425949,31.0691,3.232660864872883,5.064467329743084,,0.3503004866503217,16.063,0.0,0.0,0.0,369.0121391428572,9129.494985504862,60.65206702462432,0.16,0.6,25064.27218906413,0.0,0.9823023498063111,214.6066612191708,11032.0,10:08:00,2021/06/28 10:08:00,16.0,11032.0,16.0,4.0,3.97,16.4739,31.043,22.6002,8.38,365.83,0.173,138.67,96.84,dRB2102_CTD_014_01_F.csv,dRB2102,CTD,14.0,F.csv,140116
74,E419.2B,2.0,1.0,False,WCOA21,2021_WCOA_RonBrown,6/28/2021,,10:08:04 AM,,E419.2B,140117,17,Niskin; Sterivex 0.22µm filter,95% EtOH,West Coast,BS6,3.4,48.811,-125.517,1000.0,Sean McAllister,,6/28/2021 10:08:04 AM,6/28/2021 ,2021/06/28 10:08:00,2021/06/28 00:00:00,2021/06/28 03:08:00,48.811,-125.517,140117,17,3.0,237.0,33RO20210613,WCOA2021,BS6,14.0,1.0,11052.0,2.0,2.0,2021-06-28,2021.0,6.0,28.0,10:08:04,179.422,48.811,-125.517,112.0,3.4,3.4,16.123,31.015,2.0,31.0691,9.0,380.8,2.0,366.1,11.98,9.0,1827.5,9.0,2125.6,9.0,8.1103,25.09,9.0,188.33675242952825,24.94,9.0,0.6,9.0,0.16,9.0,0.0,9.0,0.02,9.0,0.06,9.0,5.5,9.0,10.514,9.0,24700.0,2.0,11400.0,2.0,1340.0,2.0,0.0,2.0,9290000.0,2.0,5540000.0,2.0,2720000.0,2.0,,,,,,,,,,,,,,,,,,,,,,,,,,,,,,,,,,,,,,,,,,,,,,,,,,,,,,,,,,,,,,,,,,,,,,,,,,,,,,,,,,,,,,,,,,,,,0.0,3.4,,,,,31.015,,,0.0,,16.123,,,,,,,,,,,,,11052.0,10:08:04,2021/06/28 10:08:04,17.0,11052.0,17.0,3.0,2.97,16.4245,31.0457,22.6134,8.3,362.33,0.175,138.93,101.17,dRB2102_CTD_014_01_F.csv,dRB2102,CTD,14.0,F.csv,140116
75,E419.3B,3.0,1.0,False,WCOA21,2021_WCOA_RonBrown,6/28/2021,,10:08:07 AM,,E419.3B,140118,18,Niskin; Sterivex 0.22µm filter,95% EtOH,West Coast,BS6,3.2,48.811,-125.517,1000.0,Sean McAllister,,6/28/2021 10:08:07 AM,6/28/2021 ,2021/06/28 10:08:00,2021/06/28 00:00:00,2021/06/28 03:08:00,48.811,-125.517,140118,18,3.0,238.0,33RO20210613,WCOA2021,BS6,14.0,1.0,11002.0,2.0,2.0,2021-06-28,2021.0,6.0,28.0,10:08:07,179.422,48.811,-125.517,112.0,3.2,3.2,16.126,31.015,2.0,31.0691,9.0,380.8,2.0,366.1,11.98,9.0,1827.5,9.0,2125.6,9.0,8.1103,25.09,9.0,188.33675242952825,24.94,9.0,0.6,9.0,0.16,9.0,0.0,9.0,0.02,9.0,0.06,9.0,5.5,9.0,10.514,9.0,24700.0,9.0,11400.0,9.0,1340.0,9.0,0.0,9.0,9290000.0,9.0,5540000.0,9.0,2720000.0,9.0,,,,,,,,,,,,,,,,,,,,,,,,,,,,,,,,,,,,,,,,,,,,,,,,,,,,,,,,,,,,,,,,,,,,,,,,,,,,,,,,,,,,,,,,,,,,,0.0,3.2,,,,,31.015,,,0.0,,16.126,,,,,,,,,,,,,11002.0,10:08:07,2021/06/28 10:08:07,18.0,11002.0,18.0,3.0,2.97,16.4245,31.0457,22.6134,8.3,362.33,0.175,138.93,101.17,dRB2102_CTD_014_01_F.csv,dRB2102,CTD,14.0,F.csv,140116
76,E420,1.0,1.0,False,WCOA21,2021_WCOA_RonBrown,6/28/2021,,11:33:29 AM,,E420,150102,2,Niskin; Sterivex 0.22µm filter,95% EtOH,West Coast,BS4,87.1,48.84,-125.464,1000.0,Sean McAllister,,6/28/2021 11:33:29 AM,6/28/2021 ,2021/06/28 11:33:00,2021/06/28 00:00:00,2021/06/28 04:33:00,48.84,-125.464,150102,2,87.0,241.0,33RO20210613,WCOA2021,BS4,15.0,1.0,11081.0,2.0,2.0,2021-06-28,2021.0,6.0,28.0,11:33:29,179.482,48.84,-125.464,98.0,87.9,87.1,8.01,33.145,2.0,,9.0,114.9,2.0,,,9.0,,9.0,,9.0,,,9.0,,,9.0,,9.0,,9.0,,9.0,,9.0,,9.0,,9.0,,9.0,616.0,2.0,334.0,2.0,25.7,2.0,0.0,2.0,1620000.0,2.0,1060000.0,2.0,423000.0,2.0,,,,,,,,,,,,,,,,,,,,,,,,,,,,,,,,,,,,,,,,,,,,,,,,,,,,,,,,,,,,,,,,,,,,,,,,,,,,,,,,,,,,,,,,,,,,,0.0,87.9,,,,,33.145,,,0.0,,8.01,,,,,,,,,,,,,11081.0,11:33:29,2021/06/28 11:33:29,2.0,11081.0,2.0,87.0,86.25,8.0549,33.118,25.7892,2.66,115.76,0.043,143.79,12.43,dRB2102_CTD_015_01_F.csv,dRB2102,CTD,15.0,F.csv,150101
77,E421,1.0,1.0,False,WCOA21,2021_WCOA_RonBrown,6/28/2021,,11:40:45 AM,,E421,150106,6,Niskin; Sterivex 0.22µm filter,95% EtOH,West Coast,BS4,50.1,48.84,-125.464,1000.0,Sean McAllister,,6/28/2021 11:40:45 AM,6/28/2021 ,2021/06/28 11:40:00,2021/06/28 00:00:00,2021/06/28 04:40:00,48.84,-125.464,150106,6,50.0,245.0,33RO20210613,WCOA2021,BS4,15.0,1.0,11082.0,2.0,2.0,2021-06-28,2021.0,6.0,28.0,11:40:45,179.487,48.84,-125.464,98.0,50.5,50.1,8.614,32.68,2.0,,9.0,140.0,2.0,,,9.0,,9.0,,9.0,,,9.0,,,9.0,,9.0,,9.0,,9.0,,9.0,,9.0,,9.0,,9.0,462.0,2.0,1030.0,2.0,105.0,2.0,8.71,2.0,1610000.0,2.0,1120000.0,2.0,416000.0,2.0,,,,,,,,,,,,,,,,,,,,,,,,,,,,,,,,,,,,,,,,,,,,,,,,,,,,,,,,,,,,,,,,,,,,,,,,,,,,,,,,,,,,,,,,,,,,,0.0,50.5,,,,,32.68,,,0.0,,8.614,,,,,,,,,,,,,11082.0,11:40:45,2021/06/28 11:40:45,6.0,11082.0,6.0,50.0,49.57,8.693,32.6179,25.3013,3.28,142.81,0.048,144.09,49.8,dRB2102_CTD_015_01_F.csv,dRB2102,CTD,15.0,F.csv,150105
78,E422,1.0,1.0,False,WCOA21,2021_WCOA_RonBrown,6/28/2021,,11:52:54 AM,,E422,150113,13,Niskin; Sterivex 0.22µm filter,95% EtOH,West Coast,BS4,3.2,48.84,-125.464,1000.0,Sean McAllister,,6/28/2021 11:52:54 AM,6/28/2021 ,2021/06/28 11:52:00,2021/06/28 00:00:00,2021/06/28 04:52:00,48.84,-125.464,150113,13,3.0,252.0,33RO20210613,WCOA2021,BS4,15.0,1.0,11054.0,2.0,2.0,2021-06-28,2021.0,6.0,28.0,11:52:54,179.495,48.84,-125.464,98.0,3.3,3.2,15.792,30.835,2.0,,9.0,349.2,2.0,,,9.0,,9.0,,9.0,,,9.0,,,9.0,,9.0,,9.0,,9.0,,9.0,,9.0,,9.0,,9.0,21500.0,2.0,7360.0,2.0,2000.0,2.0,0.0,2.0,6880000.0,2.0,4130000.0,2.0,2050000.0,2.0,,,,,,,,,,,,,,,,,,,,,,,,,,,,,,,,,,,,,,,,,,,,,,,,,,,,,,,,,,,,,,,,,,,,,,,,,,,,,,,,,,,,,,,,,,,,,0.0,3.3,,,,,30.835,,,0.0,,15.792,,,,,,,,,,,,,11054.0,11:52:54,2021/06/28 11:52:54,13.0,11054.0,13.0,3.0,2.97,14.9368,31.0584,22.9488,7.99,348.68,0.315,141.43,97.13,dRB2102_CTD_015_01_F.csv,dRB2102,CTD,15.0,F.csv,150112
79,E423,1.0,1.0,False,WCOA21,2021_WCOA_RonBrown,6/28/2021,,1:01:31 PM,,E423,160102,2,Niskin; Sterivex 0.22µm filter,95% EtOH,West Coast,BS2,43.5,48.865,-125.425,1000.0,Sean McAllister,,6/28/2021 1:01:31 PM,6/28/2021 ,2021/06/28 01:01:00,2021/06/28 00:00:00,2021/06/27 18:01:00,48.865,-125.425,160102,2,44.0,254.0,33RO20210613,WCOA2021,BS2,16.0,1.0,11081.0,2.0,2.0,2021-06-28,2021.0,6.0,28.0,13:01:31,179.543,48.865,-125.425,54.0,43.8,43.5,9.224,32.359,2.0,32.3273,2.0,148.2,2.0,,,9.0,,9.0,,9.0,,,9.0,,,9.0,,9.0,,9.0,,9.0,,9.0,,9.0,,9.0,,9.0,432.0,2.0,921.0,2.0,247.0,2.0,0.0,2.0,1730000.0,2.0,1040000.0,2.0,583000.0,2.0,,,,,,,,,,,,,,,,,,,,,,,,,,,,,,,,,,,,,,,,,,,,,,,,,,,,,,,,,,,,,,,,,,,,,,,,,,,,,,,,,,,,,,,,,,,,,0.0,43.8,,,,,32.3273,,,0.0,,9.224,,,,,,,,,,,,,11081.0,13:01:31,2021/06/28 13:01:31,2.0,11081.0,2.0,44.0,43.62,9.2142,32.3622,25.0205,3.39,147.75,0.052,134.31,10.6,dRB2102_CTD_016_01_F.csv,dRB2102,CTD,16.0,F.csv,160101
80,E424,1.0,1.0,False,WCOA21,2021_WCOA_RonBrown,6/28/2021,,1:05:26 PM,,E424,160103,3,Niskin; Sterivex 0.22µm filter,95% EtOH,West Coast,BS2,20.5,48.865,-125.425,1000.0,Sean McAllister,,6/28/2021 1:05:26 PM,6/28/2021 ,2021/06/28 01:05:00,2021/06/28 00:00:00,2021/06/27 18:05:00,48.865,-125.425,160103,3,20.0,255.0,33RO20210613,WCOA2021,BS2,16.0,1.0,11020.0,2.0,2.0,2021-06-28,2021.0,6.0,28.0,13:05:26,179.545,48.865,-125.425,54.0,20.7,20.5,9.83,32.195,2.0,,9.0,187.7,2.0,178.3,5.847,2.0,2117.1,2.0,2198.8,2.0,7.5684,24.91,6.0,72.31976412016701,24.855,6.0,38.9,2.0,1.98,2.0,19.2,2.0,0.33,2.0,2.59,2.0,,9.0,31.285,2.0,,9.0,,9.0,,9.0,,9.0,,9.0,,9.0,,9.0,346.5618920293899,35.82272225632437,31.513002459629377,73.96604033493139,62.84972906148831,0.036549467333611,0.0,2.3085679722200907e-08,0.5323857102634447,38.36761428973655,2011.620957205439,0.00028261756839081383,1.8549084290438376,0.0,0.0020359363834034,0.0134530150029222,0.0,0.0,0.8756331600324327,0.0885420805368719,25972.56373284738,2198.8,0.0,0.0,0.0,35.82272225632437,2.0319925670319017,0.5323857102634447,0.0,0.0,0.0,31.513002459629227,0.0,0.0,-0.00013863474839433053,0.000135909431571268,28995.0,2011.620957205439,73.96604033493139,2117.1,0.0414313532947703,0.0413811817341089,702.7040073703029,0.7635386148136125,0.9961416381515734,-0.00013590943157126793,0.00012534897059279874,83.14462618,0.0134530150029222,0.8756331600324327,1.0842484858752872,1.0770961211777177,0.0448453433154004,1e-07,1.6750086073744472e-10,6.199997384304438e-07,1e-07,0.1716209270636669,1.601031221355563e-09,3.921559782395643e-07,9.88731542633098e-07,5.695190292622378e-10,0.0029917402262289,0.0245222551543509,7.860740217451898e-07,7.393486242969805e-10,2.1492335717667558e-10,1.7226175542816284e-07,1.3562639587741964e-14,0.00014147160031750794,-0.00014841300229917945,1.0,1.0,3.0,1.0,10.0,1.0,1.0,0.0,1.0,1.0,705.4257953459617,7.809977978834256,7.871180373476141,7.919294055807849,7.80212506154397,7.809977978834256,2117.1,2.0,2198.8,1.0,0.0,,20.7,1.0,1.0,0.8445956125873204,16.889648075990074,32.195,1.1286190452380522,1.78434998231174,,0.1495293773751441,9.83,0.0,0.0,0.0,382.3846142857143,9460.334900538768,62.8500116790567,1.98,38.9,25972.565768783763,0.0,0.9882393249615384,713.8208099272072,11020.0,13:05:26,2021/06/28 13:05:26,3.0,11020.0,3.0,20.0,19.83,10.0941,32.0992,24.6724,4.62,201.39,0.117,133.56,35.12,dRB2102_CTD_016_01_F.csv,dRB2102,CTD,16.0,F.csv,160103
81,E425,1.0,1.0,False,WCOA21,2021_WCOA_RonBrown,6/28/2021,,1:10:52 PM,,E425,160107,7,Niskin; Sterivex 0.22µm filter,95% EtOH,West Coast,BS2,3.3,48.865,-125.425,1000.0,Sean McAllister,,6/28/2021 1:10:52 PM,6/28/2021 ,2021/06/28 01:10:00,2021/06/28 00:00:00,2021/06/27 18:10:00,48.865,-125.425,160107,7,3.0,259.0,33RO20210613,WCOA2021,BS2,16.0,1.0,11004.0,2.0,2.0,2021-06-28,2021.0,6.0,28.0,13:10:52,179.549,48.865,-125.425,54.0,3.3,3.3,16.577,29.785,2.0,29.939,2.0,346.3,2.0,,,9.0,,9.0,,9.0,,,9.0,,,9.0,,9.0,,9.0,,9.0,,9.0,,9.0,,9.0,,9.0,22000.0,2.0,7830.0,2.0,2330.0,2.0,0.0,2.0,10000000.0,2.0,6100000.0,2.0,2770000.0,2.0,,,,,,,,,,,,,,,,,,,,,,,,,,,,,,,,,,,,,,,,,,,,,,,,,,,,,,,,,,,,,,,,,,,,,,,,,,,,,,,,,,,,,,,,,,,,,0.0,3.3,,,,,29.939,,,0.0,,16.577,,,,,,,,,,,,,11004.0,13:10:52,2021/06/28 13:10:52,7.0,11004.0,7.0,3.0,,,,,,,,,,,,,,,160106
82,E427,1.0,1.0,False,WCOA21,2021_WCOA_RonBrown,6/28/2021,,4:25:33 PM,,E427,170102,2,Niskin; Sterivex 0.22µm filter,95% EtOH,West Coast,JF20,170.4,48.361,-125.22,1000.0,Sean McAllister,,6/28/2021 4:25:33 PM,6/28/2021 ,2021/06/28 04:25:00,2021/06/28 00:00:00,2021/06/27 21:25:00,48.361,-125.22,170102,2,170.0,261.0,33RO20210613,WCOA2021,JF20,17.0,1.0,11081.0,2.0,3.0,2021-06-28,2021.0,6.0,28.0,16:25:33,179.684,48.361,-125.22,181.0,171.9,170.4,6.278,33.958,2.0,,9.0,51.6,2.0,,,9.0,,9.0,,9.0,,,9.0,,,9.0,,9.0,,9.0,,9.0,,9.0,,9.0,,9.0,,9.0,,9.0,,9.0,,9.0,,9.0,,9.0,,9.0,,9.0,,,,,,,,,,,,,,,,,,,,,,,,,,,,,,,,,,,,,,,,,,,,,,,,,,,,,,,,,,,,,,,,,,,,,,,,,,,,,,,,,,,,,,,,,,,,,0.0,171.9,,,,,33.958,,,0.0,,6.278,,,,,,,,,,,,,11081.0,16:25:33,2021/06/28 16:25:33,2.0,11081.0,2.0,170.0,168.5,6.3075,33.9526,26.6877,1.19,51.72,0.042,148.63,12.32,dRB2102_CTD_017_01_F.csv,dRB2102,CTD,17.0,F.csv,170101
83,E428,1.0,1.0,False,WCOA21,2021_WCOA_RonBrown,6/28/2021,,4:27:43 PM,,E428,170103,3,Niskin; Sterivex 0.22µm filter,95% EtOH,West Coast,JF20,149.1,48.361,-125.22,1000.0,Sean McAllister,,6/28/2021 4:27:43 PM,6/28/2021 ,2021/06/28 04:27:00,2021/06/28 00:00:00,2021/06/27 21:27:00,48.361,-125.22,170103,3,149.0,262.0,33RO20210613,WCOA2021,JF20,17.0,1.0,11020.0,2.0,3.0,2021-06-28,2021.0,6.0,28.0,16:27:43,179.686,48.361,-125.22,181.0,150.4,149.1,6.468,33.922,2.0,,9.0,50.7,2.0,50.2,1.65,2.0,2279.8,2.0,,9.0,7.2855,25.14,2.0,43.95979118118278,24.935,6.0,63.7,6.0,2.79,6.0,35.8,6.0,0.14,6.0,0.04,6.0,,9.0,24.042,2.0,,9.0,,9.0,,9.0,,9.0,,9.0,,9.0,,9.0,391.5274677755292,11.368972224470822,119.00413859021376,21.635849441469755,66.22049125356422,0.1781439512868395,0.0,3.6957423114938e-07,0.2306829521454151,63.46931704785459,2139.1600119683167,0.0009125724013244296,2.581450234699352,0.0,0.0060144650316099,0.0458058428472504,0.0,0.0,0.1918353155780061,0.0304054444395767,27365.776747103,2196.812729217175,0.0,0.0,0.0,11.368972224470822,2.6422607540042744,0.2306829521454151,0.0,0.0,0.0,119.00413859021376,0.0,0.0,-0.0001482047772715,0.00015481687218147746,28995.0,2139.1600119683167,21.635849441469755,2279.8,0.0371645411176127,0.0371113622700637,2389.7656913996702,0.7810346044960298,0.9959686475062264,-0.00015481687218147697,0.00015101153885024694,83.14462618,0.0458058428472504,0.1918353155780061,1.025198957379039,1.0214713731589733,0.0497974085988797,1e-07,1.2620959110262476e-10,6.762546253554814e-07,1e-07,0.2084162868156537,1.5047313520906658e-09,4.277935236671604e-07,9.3149645519249e-07,5.241199356777491e-10,0.0033238846706587,0.0249786750802742,7.509182791898761e-07,6.103621565370859e-10,1.8834395048709622e-10,1.4987396746602606e-07,9.940965368870499e-15,0.0001421343422617562,-0.00015881894398186037,1.0,1.0,3.0,1.0,10.0,1.0,1.0,0.0,1.0,1.0,2399.438674483707,7.2855,7.339079121243427,7.385248116170382,7.277918392312397,7.2855,2279.8,2.0,7.2855,3.0,0.0,,150.4,1.0,1.0,0.9508408447010888,15.09685959998594,33.922,0.3189063988060562,0.5041262088293055,,0.0467005927410136,6.468,0.0,0.0,0.0,402.89644,9967.804954063551,66.22140382596555,2.79,63.7,27365.78276156803,0.0,0.9906518097137426,2422.0807461877507,11020.0,16:27:43,2021/06/28 16:27:43,3.0,11020.0,3.0,149.0,147.69,6.4855,33.9177,26.6368,1.02,44.58,0.042,149.08,33.57,dRB2102_CTD_017_01_F.csv,dRB2102,CTD,17.0,F.csv,170103
84,E429,1.0,1.0,False,WCOA21,2021_WCOA_RonBrown,6/28/2021,,4:32:57 PM,,E429,170106,6,Niskin; Sterivex 0.22µm filter,95% EtOH,West Coast,JF20,99.1,48.361,-125.22,1000.0,Sean McAllister,,6/28/2021 4:32:57 PM,6/28/2021 ,2021/06/28 04:32:00,2021/06/28 00:00:00,2021/06/27 21:32:00,48.361,-125.22,170106,6,99.0,265.0,33RO20210613,WCOA2021,JF20,17.0,1.0,11082.0,2.0,3.0,2021-06-28,2021.0,6.0,28.0,16:32:57,179.69,48.361,-125.22,181.0,100.0,99.1,6.521,33.91,2.0,,9.0,41.0,2.0,,,9.0,,9.0,,9.0,,,9.0,,,9.0,,9.0,,9.0,,9.0,,9.0,,9.0,,9.0,,9.0,,9.0,,9.0,,9.0,,9.0,,9.0,,9.0,,9.0,,,,,,,,,,,,,,,,,,,,,,,,,,,,,,,,,,,,,,,,,,,,,,,,,,,,,,,,,,,,,,,,,,,,,,,,,,,,,,,,,,,,,,,,,,,,,0.0,100.0,,,,,33.91,,,0.0,,6.521,,,,,,,,,,,,,11082.0,16:32:57,2021/06/28 16:32:57,6.0,11082.0,6.0,99.0,98.14,6.5388,33.9035,26.6181,0.98,42.82,0.042,150.9,83.98,dRB2102_CTD_017_01_F.csv,dRB2102,CTD,17.0,F.csv,170105
85,E430,1.0,1.0,False,WCOA21,2021_WCOA_RonBrown,6/28/2021,,4:52:54 PM,,E430,170116,16,Niskin; Sterivex 0.22µm filter,95% EtOH,West Coast,JF20,3.3,48.362,-125.22,1000.0,Sean McAllister,,6/28/2021 4:52:54 PM,6/28/2021 ,2021/06/28 04:52:00,2021/06/28 00:00:00,2021/06/27 21:52:00,48.362,-125.22,170116,16,3.0,275.0,33RO20210613,WCOA2021,JF20,17.0,1.0,11032.0,2.0,3.0,2021-06-28,2021.0,6.0,28.0,16:52:54,179.703,48.362,-125.22,181.0,3.3,3.3,12.821,32.111,2.0,,9.0,379.0,2.0,,,9.0,,9.0,,9.0,,,9.0,,,9.0,,9.0,,9.0,,9.0,,9.0,,9.0,,9.0,,9.0,,9.0,,9.0,,9.0,,9.0,,9.0,,9.0,,9.0,,,,,,,,,,,,,,,,,,,,,,,,,,,,,,,,,,,,,,,,,,,,,,,,,,,,,,,,,,,,,,,,,,,,,,,,,,,,,,,,,,,,,,,,,,,,,0.0,3.3,,,,,32.111,,,0.0,,12.821,,,,,,,,,,,,,11032.0,16:52:54,2021/06/28 16:52:54,16.0,11032.0,16.0,3.0,2.97,12.0715,32.1501,24.3633,8.06,351.51,0.256,149.06,1.74,dRB2102_CTD_017_01_F.csv,dRB2102,CTD,17.0,F.csv,170115
86,E431,1.0,1.0,False,WCOA21,2021_WCOA_RonBrown,6/28/2021,,6:51:49 PM,,E431,180102,2,Niskin; Sterivex 0.22µm filter,95% EtOH,West Coast,JF9,108.0,48.37,-124.949,1000.0,Sean McAllister,,6/28/2021 6:51:49 PM,6/28/2021 ,2021/06/28 06:51:00,2021/06/28 00:00:00,2021/06/27 23:51:00,48.37,-124.949,180102,2,108.0,277.0,33RO20210613,WCOA2021,JF9,18.0,1.0,11081.0,2.0,3.0,2021-06-28,2021.0,6.0,28.0,18:51:49,179.786,48.37,-124.949,118.0,108.9,108.0,6.61,33.868,2.0,,9.0,55.5,2.0,,,9.0,,9.0,,9.0,,,9.0,,,9.0,,9.0,,9.0,,9.0,,9.0,,9.0,,9.0,,9.0,,9.0,,9.0,,9.0,,9.0,,9.0,,9.0,,9.0,,,,,,,,,,,,,,,,,,,,,,,,,,,,,,,,,,,,,,,,,,,,,,,,,,,,,,,,,,,,,,,,,,,,,,,,,,,,,,,,,,,,,,,,,,,,,0.0,108.9,,,,,33.868,,,0.0,,6.61,,,,,,,,,,,,,11081.0,18:51:49,2021/06/28 18:51:49,2.0,11081.0,2.0,108.0,107.06,6.6113,33.8682,26.5808,1.27,55.27,0.042,166.19,10.67,dRB2102_CTD_018_01_F.csv,dRB2102,CTD,18.0,F.csv,180101
87,E432,1.0,1.0,False,WCOA21,2021_WCOA_RonBrown,6/28/2021,,6:53:44 PM,,E432,180103,3,Niskin; Sterivex 0.22µm filter,95% EtOH,West Coast,JF9,99.2,48.37,-124.949,1000.0,Sean McAllister,,6/28/2021 6:53:44 PM,6/28/2021 ,2021/06/28 06:53:00,2021/06/28 00:00:00,2021/06/27 23:53:00,48.37,-124.949,180103,3,99.0,278.0,33RO20210613,WCOA2021,JF9,18.0,1.0,11020.0,2.0,3.0,2021-06-28,2021.0,6.0,28.0,18:53:44,179.787,48.37,-124.949,118.0,100.1,99.2,6.622,33.863,2.0,,9.0,56.4,2.0,54.6,1.793,2.0,2273.5,6.0,,9.0,7.2934,25.13,6.0,43.34501402070725,25.03,6.0,60.9,6.0,2.75,6.0,35.7,6.0,0.08,6.0,0.03,6.0,,9.0,25.329,2.0,,9.0,,9.0,,9.0,,9.0,,9.0,,9.0,,9.0,390.6696717493815,11.526016822047136,116.8103151492588,22.015094628718355,66.10532681115608,0.1728547998362712,0.0,3.532887505102026e-07,0.2247655161789621,60.67523448382104,2134.6745902220227,0.0008991707633780095,2.546474972850389,0.0,0.0059604304165862,0.044925765878542,0.0,0.0,0.1975423459207697,0.0306698740245882,27318.179926456505,2193.209133164158,0.0,0.0,0.0,11.526016822047136,2.607814367610816,0.2247655161789621,0.0,0.0,0.0,116.81031514925888,0.0,0.0,-0.00014673800027125995,0.00015312255554716182,28995.0,2134.6745902220227,22.015094628718355,2273.5,0.0371368323103082,0.0370837956354798,2357.590303898932,0.7802675662225146,0.9959767931584492,-0.00015312255554716134,0.0001492924132105596,83.14462618,0.044925765878542,0.1975423459207697,1.0256553046081465,1.0218791965054326,0.0495464860693057,1e-07,1.272279073312155e-10,6.686345441918773e-07,1e-07,0.205906296999737,1.5013071449099954e-09,4.227589153524636e-07,9.299304848339852e-07,5.247940180177291e-10,0.003302856984012,0.0248972645947969,7.496490046181761e-07,6.128759506717872e-10,1.8850297928409672e-10,1.5054810542795608e-07,1.0052178848024184e-14,0.00014086455131357475,-0.0001571543995378148,1.0,1.0,3.0,1.0,10.0,1.0,1.0,0.0,1.0,1.0,2367.113691898908,7.2934,7.347504510457398,7.393549272865672,7.285792827617501,7.2934,2273.5,2.0,7.2934,3.0,0.0,,100.1,1.0,1.0,0.949972852491709,15.228503251491368,33.863,0.3276236606386304,0.5181688405434322,,0.0475155970850484,6.622,0.0,0.0,0.0,402.1956885714286,9950.468107996408,66.10622598191945,2.75,60.9,27318.185886886924,0.0,0.9905518093106834,2389.691957199253,11020.0,18:53:44,2021/06/28 18:53:44,3.0,11020.0,3.0,99.0,98.14,6.615,33.8672,26.5794,1.29,55.95,0.042,166.71,20.14,dRB2102_CTD_018_01_F.csv,dRB2102,CTD,18.0,F.csv,180103
88,E433,1.0,1.0,False,WCOA21,2021_WCOA_RonBrown,6/28/2021,,7:01:46 PM,,E433,180107,7,Niskin; Sterivex 0.22µm filter,95% EtOH,West Coast,JF9,49.8,48.37,-124.95,1000.0,Sean McAllister,,6/28/2021 7:01:46 PM,6/28/2021 ,2021/06/28 07:01:00,2021/06/28 00:00:00,2021/06/28 00:01:00,48.37,-124.95,180107,7,50.0,282.0,33RO20210613,WCOA2021,JF9,18.0,1.0,11004.0,2.0,3.0,2021-06-28,2021.0,6.0,28.0,19:01:46,179.793,48.37,-124.95,118.0,50.3,49.8,7.738,33.012,2.0,,9.0,132.0,2.0,,,9.0,,9.0,,9.0,,,9.0,,,9.0,,9.0,,9.0,,9.0,,9.0,,9.0,,9.0,,9.0,,9.0,,9.0,,9.0,,9.0,,9.0,,9.0,,9.0,,,,,,,,,,,,,,,,,,,,,,,,,,,,,,,,,,,,,,,,,,,,,,,,,,,,,,,,,,,,,,,,,,,,,,,,,,,,,,,,,,,,,,,,,,,,,0.0,50.3,,,,,33.012,,,0.0,,7.738,,,,,,,,,,,,,11004.0,19:01:46,2021/06/28 19:01:46,7.0,11004.0,7.0,50.0,49.57,7.7296,33.0336,25.7694,2.98,129.58,0.043,167.06,69.47,dRB2102_CTD_018_01_F.csv,dRB2102,CTD,18.0,F.csv,180106
89,E434,1.0,1.0,False,WCOA21,2021_WCOA_RonBrown,6/28/2021,,7:13:12 PM,,E434,180114,14,Niskin; Sterivex 0.22µm filter,95% EtOH,West Coast,JF9,3.4,48.37,-124.95,1000.0,Sean McAllister,,6/28/2021 7:13:12 PM,6/28/2021 ,2021/06/28 07:13:00,2021/06/28 00:00:00,2021/06/28 00:13:00,48.37,-124.95,180114,14,3.0,289.0,33RO20210613,WCOA2021,JF9,18.0,1.0,11011.0,2.0,3.0,2021-06-28,2021.0,6.0,28.0,19:13:12,179.801,48.37,-124.95,118.0,3.4,3.4,13.103,31.715,2.0,,9.0,335.5,2.0,,,9.0,,9.0,,9.0,,,9.0,,,9.0,,9.0,,9.0,,9.0,,9.0,,9.0,,9.0,,9.0,,9.0,,9.0,,9.0,,9.0,,9.0,,9.0,,9.0,,,,,,,,,,,,,,,,,,,,,,,,,,,,,,,,,,,,,,,,,,,,,,,,,,,,,,,,,,,,,,,,,,,,,,,,,,,,,,,,,,,,,,,,,,,,,0.0,3.4,,,,,31.715,,,0.0,,13.103,,,,,,,,,,,,,11011.0,19:13:12,2021/06/28 19:13:12,14.0,11011.0,14.0,3.0,2.97,13.1178,31.7088,23.8216,7.69,335.54,0.075,165.5,86.48,dRB2102_CTD_018_01_F.csv,dRB2102,CTD,18.0,F.csv,180113
90,E435,1.0,1.0,False,WCOA21,2021_WCOA_RonBrown,6/28/2021,,8:36:05 PM,,E435,190102,2,Niskin; Sterivex 0.22µm filter,95% EtOH,West Coast,JF2.5,67.3,48.37,-124.791,1000.0,Sean McAllister,,6/28/2021 8:36:05 PM,6/28/2021 ,2021/06/28 08:36:00,2021/06/28 00:00:00,2021/06/28 01:36:00,48.37,-124.791,190102,2,67.0,291.0,33RO20210613,WCOA2021,JF2.5,19.0,1.0,11081.0,2.0,3.0,2021-06-28,2021.0,6.0,28.0,20:36:05,179.858,48.37,-124.791,77.0,67.9,67.3,6.951,33.878,2.0,,9.0,82.8,2.0,,,9.0,,9.0,,9.0,,,9.0,,,9.0,,9.0,,9.0,,9.0,,9.0,,9.0,,9.0,,9.0,,9.0,,9.0,,9.0,,9.0,,9.0,,9.0,,9.0,,,,,,,,,,,,,,,,,,,,,,,,,,,,,,,,,,,,,,,,,,,,,,,,,,,,,,,,,,,,,,,,,,,,,,,,,,,,,,,,,,,,,,,,,,,,,0.0,67.9,,,,,33.878,,,0.0,,6.951,,,,,,,,,,,,,11081.0,20:36:05,2021/06/28 20:36:05,2.0,11081.0,2.0,67.0,66.42,6.9475,33.8757,26.5411,1.9,82.63,0.042,184.69,10.44,dRB2102_CTD_019_01_F.csv,dRB2102,CTD,19.0,F.csv,190101
91,E436,1.0,1.0,False,WCOA21,2021_WCOA_RonBrown,6/28/2021,,8:42:20 PM,,E436,190106,6,Niskin; Sterivex 0.22µm filter,95% EtOH,West Coast,JF2.5,39.5,48.37,-124.791,1000.0,Sean McAllister,,6/28/2021 8:42:20 PM,6/28/2021 ,2021/06/28 08:42:00,2021/06/28 00:00:00,2021/06/28 01:42:00,48.37,-124.791,190106,6,40.0,295.0,33RO20210613,WCOA2021,JF2.5,19.0,1.0,11082.0,2.0,3.0,2021-06-28,2021.0,6.0,28.0,20:42:20,179.863,48.37,-124.791,77.0,39.9,39.5,6.957,33.83,2.0,,9.0,82.5,2.0,,,9.0,,9.0,,9.0,,,9.0,,,9.0,,9.0,,9.0,,9.0,,9.0,,9.0,,9.0,,9.0,,9.0,,9.0,,9.0,,9.0,,9.0,,9.0,,9.0,,,,,,,,,,,,,,,,,,,,,,,,,,,,,,,,,,,,,,,,,,,,,,,,,,,,,,,,,,,,,,,,,,,,,,,,,,,,,,,,,,,,,,,,,,,,,0.0,39.9,,,,,33.83,,,0.0,,6.957,,,,,,,,,,,,,11082.0,20:42:20,2021/06/28 20:42:20,6.0,11082.0,6.0,40.0,39.66,6.9605,33.8324,26.5049,1.9,82.49,0.043,185.84,37.77,dRB2102_CTD_019_01_F.csv,dRB2102,CTD,19.0,F.csv,190105
92,E437,1.0,1.0,False,WCOA21,2021_WCOA_RonBrown,6/28/2021,,8:51:55 PM,,E437,190112,12,Niskin; Sterivex 0.22µm filter,95% EtOH,West Coast,JF2.5,3.1,48.37,-124.791,1000.0,Sean McAllister,,6/28/2021 8:51:55 PM,6/28/2021 ,2021/06/28 08:51:00,2021/06/28 00:00:00,2021/06/28 01:51:00,48.37,-124.791,190112,12,3.0,301.0,33RO20210613,WCOA2021,JF2.5,19.0,1.0,11026.0,2.0,3.0,2021-06-28,2021.0,6.0,28.0,20:51:55,179.869,48.37,-124.791,77.0,3.2,3.1,8.236,33.307,2.0,,9.0,124.5,2.0,,,9.0,,9.0,,9.0,,,9.0,,,9.0,,9.0,,9.0,,9.0,,9.0,,9.0,,9.0,,9.0,,9.0,,9.0,,9.0,,9.0,,9.0,,9.0,,9.0,,,,,,,,,,,,,,,,,,,,,,,,,,,,,,,,,,,,,,,,,,,,,,,,,,,,,,,,,,,,,,,,,,,,,,,,,,,,,,,,,,,,,,,,,,,,,0.0,3.2,,,,,33.307,,,0.0,,8.236,,,,,,,,,,,,,11026.0,20:51:55,2021/06/28 20:51:55,12.0,11026.0,12.0,3.0,2.97,8.2055,33.3169,25.9219,2.85,124.23,0.052,187.81,74.94,dRB2102_CTD_019_01_F.csv,dRB2102,CTD,19.0,F.csv,190111
93,E438,1.0,1.0,False,WCOA21,2021_WCOA_RonBrown,6/28/2021,,11:21:02 PM,,E438,200102,2,Niskin; Sterivex 0.22µm filter,95% EtOH,West Coast,JF23,249.4,48.131,-125.175,1000.0,Sean McAllister,,6/28/2021 11:21:02 PM,6/28/2021 ,2021/06/28 11:21:00,2021/06/28 00:00:00,2021/06/28 04:21:00,48.131,-125.175,200102,2,249.0,303.0,33RO20210613,WCOA2021,JF23,20.0,1.0,11081.0,2.0,3.0,2021-06-28,2021.0,6.0,28.0,23:21:02,179.973,48.131,-125.175,260.0,251.6,249.4,6.426,33.985,2.0,,9.0,69.3,2.0,,,9.0,,9.0,,9.0,,,9.0,,,9.0,,9.0,,9.0,,9.0,,9.0,,9.0,,9.0,,9.0,,9.0,,9.0,,9.0,,9.0,,9.0,,9.0,,9.0,,,,,,,,,,,,,,,,,,,,,,,,,,,,,,,,,,,,,,,,,,,,,,,,,,,,,,,,,,,,,,,,,,,,,,,,,,,,,,,,,,,,,,,,,,,,,0.0,251.6,,,,,33.985,,,0.0,,6.426,,,,,,,,,,,,,11081.0,23:21:02,2021/06/28 23:21:02,2.0,11081.0,2.0,249.0,246.76,6.4268,33.985,26.6988,1.59,69.21,0.04,199.23,13.34,dRB2102_CTD_020_01_F.csv,dRB2102,CTD,20.0,F.csv,200101
94,E439,1.0,1.0,False,WCOA21,2021_WCOA_RonBrown,6/28/2021,,11:24:15 PM,,E439,200104,4,Niskin; Sterivex 0.22µm filter,95% EtOH,West Coast,JF23,198.5,48.131,-125.175,1000.0,Sean McAllister,,6/28/2021 11:24:15 PM,6/28/2021 ,2021/06/28 11:24:00,2021/06/28 00:00:00,2021/06/28 04:24:00,48.131,-125.175,200104,4,198.0,305.0,33RO20210613,WCOA2021,JF23,20.0,1.0,11058.0,2.0,3.0,2021-06-28,2021.0,6.0,28.0,23:24:15,179.975,48.131,-125.175,260.0,200.3,198.5,6.657,33.968,2.0,,9.0,74.1,2.0,,,9.0,,9.0,,9.0,,,9.0,,,9.0,,9.0,,9.0,,9.0,,9.0,,9.0,,9.0,15.537,2.0,,9.0,,9.0,,9.0,,9.0,,9.0,,9.0,,9.0,,,,,,,,,,,,,,,,,,,,,,,,,,,,,,,,,,,,,,,,,,,,,,,,,,,,,,,,,,,,,,,,,,,,,,,,,,,,,,,,,,,,,,,,,,,,,0.0,200.3,,,,,33.968,,,0.0,,6.657,,,,,,,,,,,,,11058.0,23:24:15,2021/06/28 23:24:15,4.0,11058.0,4.0,198.0,196.24,6.6569,33.9679,26.6544,1.7,74.03,0.04,199.76,65.13,dRB2102_CTD_020_01_F.csv,dRB2102,CTD,20.0,F.csv,200103
95,E440,1.0,1.0,False,WCOA21,2021_WCOA_RonBrown,6/28/2021,,11:32:48 PM,,E440,200108,8,Niskin; Sterivex 0.22µm filter,95% EtOH,West Coast,JF23,99.8,48.131,-125.175,1000.0,Sean McAllister,,6/28/2021 11:32:48 PM,6/28/2021 ,2021/06/28 11:32:00,2021/06/28 00:00:00,2021/06/28 04:32:00,48.131,-125.175,200108,8,100.0,309.0,33RO20210613,WCOA2021,JF23,20.0,1.0,11027.0,2.0,3.0,2021-06-28,2021.0,6.0,28.0,23:32:48,179.981,48.131,-125.175,260.0,100.7,99.8,6.994,33.9,2.0,,9.0,92.3,2.0,,,9.0,,9.0,,9.0,,,9.0,,,9.0,,9.0,,9.0,,9.0,,9.0,,9.0,,9.0,,9.0,,9.0,,9.0,,9.0,,9.0,,9.0,,9.0,,9.0,,,,,,,,,,,,,,,,,,,,,,,,,,,,,,,,,,,,,,,,,,,,,,,,,,,,,,,,,,,,,,,,,,,,,,,,,,,,,,,,,,,,,,,,,,,,,0.0,100.7,,,,,33.9,,,0.0,,6.994,,,,,,,,,,,,,11027.0,23:32:48,2021/06/28 23:32:48,8.0,11027.0,8.0,100.0,99.14,6.9533,33.8793,26.5436,2.12,92.34,0.041,201.51,99.71,dRB2102_CTD_020_01_F.csv,dRB2102,CTD,20.0,F.csv,200107
96,E441,1.0,1.0,False,WCOA21,2021_WCOA_RonBrown,6/28/2021,,11:50:00 PM,,E441,200118,18,Niskin; Sterivex 0.22µm filter,95% EtOH,West Coast,JF23,3.0,48.131,-125.174,1000.0,Sean McAllister,,6/28/2021 11:50:00 PM,6/28/2021 ,2021/06/28 11:50:00,2021/06/28 00:00:00,2021/06/28 04:50:00,48.131,-125.174,200118,18,3.0,319.0,33RO20210613,WCOA2021,JF23,20.0,1.0,11002.0,2.0,3.0,2021-06-28,2021.0,6.0,28.0,23:50:00,179.993,48.131,-125.174,260.0,3.1,3.0,14.959,32.078,2.0,,9.0,473.3,2.0,,,9.0,,9.0,,9.0,,,9.0,,,9.0,,9.0,,9.0,,9.0,,9.0,,9.0,16.2,2.0,,9.0,,9.0,,9.0,,9.0,,9.0,,9.0,,9.0,,9.0,,,,,,,,,,,,,,,,,,,,,,,,,,,,,,,,,,,,,,,,,,,,,,,,,,,,,,,,,,,,,,,,,,,,,,,,,,,,,,,,,,,,,,,,,,,,,0.0,3.1,,,,,32.078,,,0.0,,14.959,,,,,,,,,,,,,11002.0,23:50:00,2021/06/28 23:50:00,18.0,11002.0,18.0,3.0,2.97,14.3842,32.0662,23.8415,11.07,482.77,0.295,199.72,30.4,dRB2102_CTD_020_01_F.csv,dRB2102,CTD,20.0,F.csv,200117
97,E442,1.0,1.0,False,WCOA21,2021_WCOA_RonBrown,6/29/2021,,2:46:47 AM,,E442,210102,2,Niskin; Sterivex 0.22µm filter,95% EtOH,West Coast,JF35,492.0,47.959,-125.333,1000.0,Sean McAllister,,6/29/2021 2:46:47 AM,6/29/2021 ,2021/06/29 02:46:00,2021/06/29 00:00:00,2021/06/28 19:46:00,47.959,-125.333,210102,2,492.0,321.0,33RO20210613,WCOA2021,JF35,21.0,1.0,11081.0,3.0,3.0,2021-06-29,2021.0,6.0,29.0,02:46:47,180.116,47.959,-125.333,503.0,496.7,492.0,5.433,34.07,2.0,,9.0,42.6,2.0,,,9.0,,9.0,,9.0,,,9.0,,,9.0,,9.0,,9.0,,9.0,,9.0,,9.0,,9.0,,9.0,,9.0,,9.0,,9.0,,9.0,,9.0,,9.0,,9.0,,,,,,,,,,,,,,,,,,,,,,,,,,,,,,,,,,,,,,,,,,,,,,,,,,,,,,,,,,,,,,,,,,,,,,,,,,,,,,,,,,,,,,,,,,,,,0.0,496.7,,,,,34.07,,,0.0,,5.433,,,,,,,,,,,,,11081.0,02:46:47,2021/06/29 02:46:47,2.0,11081.0,2.0,492.0,487.29,5.43,34.0705,26.8929,0.98,42.51,0.041,176.8,15.59,dRB2102_CTD_021_01_F.csv,dRB2102,CTD,21.0,F.csv,210101
98,E443,1.0,1.0,False,WCOA21,2021_WCOA_RonBrown,6/29/2021,,2:51:28 AM,,E443,210103,3,Niskin; Sterivex 0.22µm filter,95% EtOH,West Coast,JF35,396.3,47.959,-125.333,1000.0,Sean McAllister,,6/29/2021 2:51:28 AM,6/29/2021 ,2021/06/29 02:51:00,2021/06/29 00:00:00,2021/06/28 19:51:00,47.959,-125.333,210103,3,396.0,322.0,33RO20210613,WCOA2021,JF35,21.0,1.0,11020.0,2.0,3.0,2021-06-29,2021.0,6.0,29.0,02:51:28,180.119,47.959,-125.333,503.0,400.1,396.3,5.602,34.052,2.0,,9.0,47.6,2.0,48.5,1.593,2.0,2291.7,6.0,2295.5,2.0,7.3097,25.06,6.0,46.58387960655257,25.035,6.0,75.3,2.0,2.88,2.0,38.3,2.0,0.07,2.0,0.02,2.0,,9.0,16.472,2.0,,9.0,,9.0,,9.0,,9.0,,9.0,,9.0,,9.0,382.97540736576224,21.4650612056664,63.15911119044481,41.81926841761885,66.47471929145165,0.0975463600263222,0.0,1.0390787701109856e-07,0.5162151449056784,74.78378485509431,2186.721620391936,0.0004662247849940708,2.722406595427111,0.0,0.0029803880572249,0.0240363082774294,0.0,0.0,0.3435489705769679,0.0600469406386892,27470.65425081631,2295.5,0.0,0.0,0.0,21.4650612056664,2.8425003727966125,0.5162151449056784,0.0,0.0,0.0,63.159111190445,0.0,0.0,-0.00012614631674957172,0.00012733200641085144,28995.0,2186.721620391936,41.81926841761885,2291.7,0.0403310352010275,0.0402770487983951,1231.0281944476958,0.7847054030271233,0.9959224340771372,-0.00012733200641085204,0.00012170317921421114,83.14462618,0.0240363082774294,0.3435489705769679,1.0462504532172732,1.0399211192621596,0.0513059826536154,1e-07,1.2031847954142066e-10,7.119823343902247e-07,1e-07,0.2215460206782901,1.5142357346856931e-09,4.513502563237389e-07,9.353835666796472e-07,5.166723001056195e-10,0.0034271169122105,0.0253626625307956,7.54004897246451e-07,5.95895551826019e-10,1.8648999923191117e-10,1.457849238676627e-07,9.281558325248586e-15,0.00012498250516447605,-0.00013350675430502605,1.0,1.0,3.0,1.0,10.0,1.0,1.0,0.0,1.0,1.0,1236.0683446079988,7.5683677534228595,7.619132234583581,7.666230408929673,7.560937051849579,7.5683677534228595,2291.7,2.0,2295.5,1.0,0.0,,400.1,1.0,1.0,0.9115881802965042,18.830239397167706,34.052,0.5877165480859609,0.9270933028248266,,0.0909757686227261,5.602,0.0,0.0,0.0,404.4404685714286,10006.004784380992,66.47518551623664,2.88,75.29999999999998,27470.65723120437,0.0,0.991195955007714,1247.047406078629,11020.0,02:51:28,2021/06/29 02:51:28,3.0,11020.0,3.0,396.0,392.3,5.6318,34.0484,26.8503,1.13,49.36,0.04,178.26,99.9,dRB2102_CTD_021_01_F.csv,dRB2102,CTD,21.0,F.csv,210103
99,E444,1.0,1.0,False,WCOA21,2021_WCOA_RonBrown,6/29/2021,,3:11:50 AM,,E444,210109,9,Niskin; Sterivex 0.22µm filter,95% EtOH,West Coast,JF35,99.8,47.96,-125.334,1000.0,Sean McAllister,,6/29/2021 3:11:50 AM,6/29/2021 ,2021/06/29 03:11:00,2021/06/29 00:00:00,2021/06/28 20:11:00,47.96,-125.334,210109,9,100.0,328.0,33RO20210613,WCOA2021,JF35,21.0,1.0,12052.0,2.0,3.0,2021-06-29,2021.0,6.0,29.0,03:11:50,180.133,47.96,-125.334,503.0,100.7,99.8,7.547,33.744,2.0,,9.0,133.3,2.0,,,9.0,,9.0,,9.0,,,9.0,,,9.0,,9.0,,9.0,,9.0,,9.0,,9.0,,9.0,,9.0,,9.0,,9.0,,9.0,,9.0,,9.0,,9.0,,9.0,,,,,,,,,,,,,,,,,,,,,,,,,,,,,,,,,,,,,,,,,,,,,,,,,,,,,,,,,,,,,,,,,,,,,,,,,,,,,,,,,,,,,,,,,,,,,0.0,100.7,,,,,33.744,,,0.0,,7.547,,,,,,,,,,,,,12052.0,03:11:50,2021/06/29 03:11:50,9.0,12052.0,9.0,100.0,99.14,7.6057,33.7358,26.3396,3.06,133.04,0.041,180.19,99.54,dRB2102_CTD_021_01_F.csv,dRB2102,CTD,21.0,F.csv,210108
100,E445,1.0,1.0,False,WCOA21,2021_WCOA_RonBrown,6/29/2021,,3:33:45 AM,,E445,210119,19,Niskin; Sterivex 0.22µm filter,95% EtOH,West Coast,JF35,3.4,47.961,-125.333,1000.0,Sean McAllister,,6/29/2021 3:33:45 AM,6/29/2021 ,2021/06/29 03:33:00,2021/06/29 00:00:00,2021/06/28 20:33:00,47.961,-125.333,210119,19,3.0,338.0,33RO20210613,WCOA2021,JF35,21.0,1.0,11028.0,2.0,3.0,2021-06-29,2021.0,6.0,29.0,03:33:45,180.148,47.961,-125.333,503.0,3.4,3.4,14.443,31.533,2.0,,9.0,374.5,2.0,,,9.0,,9.0,,9.0,,,9.0,,,9.0,,9.0,,9.0,,9.0,,9.0,,9.0,,9.0,,9.0,,9.0,,9.0,,9.0,,9.0,,9.0,,9.0,,9.0,,,,,,,,,,,,,,,,,,,,,,,,,,,,,,,,,,,,,,,,,,,,,,,,,,,,,,,,,,,,,,,,,,,,,,,,,,,,,,,,,,,,,,,,,,,,,0.0,3.4,,,,,31.533,,,0.0,,14.443,,,,,,,,,,,,,11028.0,03:33:45,2021/06/29 03:33:45,19.0,11028.0,19.0,3.0,2.97,13.8219,31.5354,23.5474,8.58,374.47,0.124,179.07,99.1,dRB2102_CTD_021_01_F.csv,dRB2102,CTD,21.0,F.csv,210118
101,E446.1B,1.0,1.0,False,WCOA21,2021_WCOA_RonBrown,6/29/2021,,9:24:15 AM,,E446.1B,220101,1,Niskin; Sterivex 0.22µm filter,95% EtOH,West Coast,ChaBa,77.1,47.954,-124.907,1000.0,Sean McAllister,,6/29/2021 9:24:15 AM,6/29/2021 ,2021/06/29 09:24:00,2021/06/29 00:00:00,2021/06/29 02:24:00,47.954,-124.907,220101,1,77.0,339.0,33RO20210613,WCOA2021,ChaBa,22.0,1.0,11031.0,2.0,0.0,2021-06-29,2021.0,6.0,29.0,09:24:15,180.392,47.954,-124.907,87.0,77.8,77.1,7.326,33.725,2.0,33.7138,2.0,75.7,2.0,75.3,2.473,6.0,2246.1,2.0,2255.2,6.0,7.3319,25.0,2.0,47.368493608299694,24.971666666666664,2.0,53.7,6.0,2.56,6.0,31.7,6.0,0.26,6.0,0.96,6.0,1.3,2.0,263.747,6.0,1730.0,9.0,3270.0,9.0,321.0,9.0,0.0,9.0,1570000.0,9.0,1080000.0,9.0,317000.0,9.0,378.5003601960385,21.92325866110432,59.79514492905818,43.66226359032848,65.81449245705149,0.0838769072612714,0.0,8.895535398599324e-08,0.3928667445767086,53.30713325542329,2142.642591480613,0.0004702311106971312,2.417625885495074,0.0,0.0031750479646461,0.0231780060023615,0.0,0.0,0.408959185008571,0.0584971182883008,27197.819089764023,2255.2,0.0,0.0,0.0,21.92325866110432,2.5346200331163216,0.3928667445767086,0.0,0.0,0.0,59.795144929057976,0.0,0.0,-0.00012503238661420914,0.00012593694374416194,28995.0,2142.642591480613,43.66226359032848,2246.1,0.0397102522803221,0.0396578600685302,1235.7007376550605,0.777169631688028,0.996013754984092,-0.00012593694374416183,0.00012006727008015271,83.14462618,0.0231780060023615,0.408959185008571,1.0488865421866496,1.0425530995705437,0.0483896651567342,1e-07,1.3496611637181151e-10,6.620092559435356e-07,1e-07,0.1985454144734318,1.5264049589158084e-09,4.18753633796416e-07,9.443103901907784e-07,5.370163038278996e-10,0.0032440403591127,0.0248485627417005,7.595872142749149e-07,6.37641144602663e-10,1.942186351999376e-10,1.5522798794530208e-07,1.0777323624415938e-14,0.00012414073099670638,-0.00013241001134995623,1.0,1.0,3.0,1.0,10.0,1.0,1.0,0.0,1.0,1.0,1240.6462576159872,7.579169042496275,7.634923929003154,7.680972152324394,7.571487974298471,7.579169042496275,2246.1,2.0,2255.2,1.0,0.0,,77.8,1.0,1.0,0.9067839271066742,18.70701314771779,33.7138,0.653383214441445,1.0329360767975229,,0.0924429215896443,7.326,0.0,0.0,0.0,400.42361885714286,9906.626456585926,65.81496268816218,2.56,53.7,27197.822264811988,0.0,0.9900831737362792,1253.0727624974752,11031.0,09:24:15,2021/06/29 09:24:15,1.0,11031.0,1.0,77.0,76.34,7.3332,33.7225,26.3674,1.74,75.73,0.05,144.83,11.29,dRB2102_CTD_022_01_F.csv,dRB2102,CTD,22.0,F.csv,220101
102,E446.2B,2.0,1.0,False,WCOA21,2021_WCOA_RonBrown,6/29/2021,,9:24:20 AM,,E446.2B,220102,2,Niskin; Sterivex 0.22µm filter,95% EtOH,West Coast,ChaBa,76.2,47.954,-124.907,1000.0,Sean McAllister,,6/29/2021 9:24:20 AM,6/29/2021 ,2021/06/29 09:24:00,2021/06/29 00:00:00,2021/06/29 02:24:00,47.954,-124.907,220102,2,76.0,340.0,33RO20210613,WCOA2021,ChaBa,22.0,1.0,11081.0,2.0,0.0,2021-06-29,2021.0,6.0,29.0,09:24:20,180.392,47.954,-124.907,87.0,76.9,76.2,7.347,33.719,2.0,33.7138,9.0,75.7,2.0,75.3,2.473,9.0,2246.1,9.0,2255.2,9.0,7.3319,25.0,9.0,47.368493608299694,24.971666666666664,9.0,53.7,9.0,2.56,9.0,31.7,9.0,0.26,9.0,0.96,9.0,1.3,9.0,263.747,9.0,1730.0,2.0,3270.0,2.0,321.0,2.0,0.0,2.0,1570000.0,2.0,1080000.0,2.0,317000.0,2.0,,,,,,,,,,,,,,,,,,,,,,,,,,,,,,,,,,,,,,,,,,,,,,,,,,,,,,,,,,,,,,,,,,,,,,,,,,,,,,,,,,,,,,,,,,,,,0.0,76.9,,,,,33.719,,,0.0,,7.347,,,,,,,,,,,,,11081.0,09:24:20,2021/06/29 09:24:20,2.0,11081.0,2.0,76.0,75.35,7.3694,33.7095,26.3521,1.79,77.73,0.051,144.86,12.23,dRB2102_CTD_022_01_F.csv,dRB2102,CTD,22.0,F.csv,220101
103,E446.3B,3.0,1.0,False,WCOA21,2021_WCOA_RonBrown,6/29/2021,,9:24:24 AM,,E446.3B,220103,3,Niskin; Sterivex 0.22µm filter,95% EtOH,West Coast,ChaBa,76.5,47.954,-124.907,1000.0,Sean McAllister,,6/29/2021 9:24:24 AM,6/29/2021 ,2021/06/29 09:24:00,2021/06/29 00:00:00,2021/06/29 02:24:00,47.954,-124.907,220103,3,76.0,341.0,33RO20210613,WCOA2021,ChaBa,22.0,1.0,11020.0,2.0,0.0,2021-06-29,2021.0,6.0,29.0,09:24:24,180.392,47.954,-124.907,87.0,77.2,76.5,7.338,33.722,2.0,33.7138,9.0,75.7,2.0,75.3,2.473,9.0,2246.1,9.0,2255.2,9.0,7.3319,25.0,9.0,47.368493608299694,24.971666666666664,9.0,53.7,9.0,2.56,9.0,31.7,9.0,0.26,9.0,0.96,9.0,1.3,9.0,263.747,9.0,1730.0,9.0,3270.0,9.0,321.0,9.0,0.0,9.0,1570000.0,9.0,1080000.0,9.0,317000.0,9.0,,,,,,,,,,,,,,,,,,,,,,,,,,,,,,,,,,,,,,,,,,,,,,,,,,,,,,,,,,,,,,,,,,,,,,,,,,,,,,,,,,,,,,,,,,,,,0.0,77.2,,,,,33.722,,,0.0,,7.338,,,,,,,,,,,,,11020.0,09:24:24,2021/06/29 09:24:24,3.0,11020.0,3.0,76.0,75.35,7.3694,33.7095,26.3521,1.79,77.73,0.051,144.86,12.23,dRB2102_CTD_022_01_F.csv,dRB2102,CTD,22.0,F.csv,220101
104,E447.1B,1.0,1.0,False,WCOA21,2021_WCOA_RonBrown,6/29/2021,,9:39:40 AM,,E447.1B,220110,10,Niskin; Sterivex 0.22µm filter,95% EtOH,West Coast,ChaBa,10.8,47.954,-124.907,1000.0,Sean McAllister,Mid samples changed to DCM. No deployed niskins at 50-20m range with enough water for replicates.,6/29/2021 9:39:40 AM,6/29/2021 ,2021/06/29 09:39:00,2021/06/29 00:00:00,2021/06/29 02:39:00,47.954,-124.907,220110,10,11.0,348.0,33RO20210613,WCOA2021,ChaBa,22.0,1.0,11067.0,2.0,0.0,2021-06-29,2021.0,6.0,29.0,09:39:40,180.403,47.954,-124.907,87.0,10.9,10.8,15.44,31.775,2.0,31.8209,9.0,278.5,2.0,271.1,8.878,2.0,1940.5,2.0,2165.3,2.0,7.952,25.0,2.0,153.26606685840758,24.971666666666664,2.0,6.7,9.0,0.4,9.0,0.3,9.0,0.05,9.0,0.19,9.0,,9.0,32.597,9.0,,9.0,,9.0,,9.0,,9.0,,9.0,,9.0,,9.0,303.910315763603,73.48589852211126,12.097537144509756,160.3809765902097,62.02995016636869,0.0,0.0,0.0,0.0,0.0,1768.0214862652804,0.00015143642758955054,0.0,0.0,0.0012282676099856,0.0064934328168553,0.0,0.0,3.0385351690432563,0.0,25633.73933092183,2165.3,0.0,0.0,0.0,73.48589852211126,0.0,0.0,0.0,0.0,0.0,12.097537144509836,0.0,0.0,-0.0002233706921021729,0.000207513531483806,28995.0,1768.0214862652804,160.3809765902097,1940.5,0.0421096748757461,0.0420640892556072,321.43192150067745,0.7425985689810937,0.9964089920977858,-0.00020751353148380528,0.00017536059705784764,83.14462618,0.0064934328168553,3.0385351690432563,1.1833532444882788,1.1984079443056563,0.0376363899641008,1e-07,2.675735279687638e-10,6.014709686807897e-07,1e-07,0.1355168554775017,1.867116938377582e-09,3.84150877970697e-07,1.1285051003467397e-06,7.004518182914249e-10,0.0026597782346656,0.0242787757732941,8.78059817208407e-07,1.0000901735717931e-09,2.7443756231624884e-10,2.1682924158671626e-07,2.3462658490601943e-14,0.0002418518149894832,-0.0002541043971377508,1.0,1.0,3.0,1.0,10.0,1.0,1.0,0.0,1.0,1.0,322.5903459822778,8.112287048080105,8.187525648458324,8.233098067761759,8.10385217574884,8.112287048080105,1940.5,2.0,2165.3,1.0,0.0,,10.9,1.0,1.0,0.690112406684503,11.065769805516066,31.775,2.4896702188537243,3.8981151524112616,,0.2722783982111784,15.44,0.0,0.0,0.0,377.3962142857143,9336.92006412857,62.030101602796286,0.0,0.0,25633.74055918944,0.0,0.9830009596880688,328.16890238300874,11067.0,09:39:40,2021/06/29 09:39:40,10.0,11067.0,10.0,11.0,10.91,12.2854,31.9545,24.1718,6.49,282.93,0.069,143.18,77.36,dRB2102_CTD_022_01_F.csv,dRB2102,CTD,22.0,F.csv,220110
105,E447.2B,2.0,1.0,False,WCOA21,2021_WCOA_RonBrown,6/29/2021,,9:39:43 AM,,E447.2B,220111,11,Niskin; Sterivex 0.22µm filter,95% EtOH,West Coast,ChaBa,10.8,47.954,-124.907,1000.0,Sean McAllister,,6/29/2021 9:39:43 AM,6/29/2021 ,2021/06/29 09:39:00,2021/06/29 00:00:00,2021/06/29 02:39:00,47.954,-124.907,220111,11,11.0,349.0,33RO20210613,WCOA2021,ChaBa,22.0,1.0,11023.0,2.0,0.0,2021-06-29,2021.0,6.0,29.0,09:39:43,180.403,47.954,-124.907,87.0,10.9,10.8,15.477,31.772,2.0,31.8209,3.0,278.5,2.0,271.1,8.878,9.0,1940.5,9.0,2165.3,9.0,7.952,25.0,9.0,153.26606685840758,24.971666666666664,9.0,6.7,9.0,0.4,9.0,0.3,9.0,0.05,9.0,0.19,9.0,,9.0,32.597,9.0,,9.0,,9.0,,9.0,,9.0,,9.0,,9.0,,9.0,,,,,,,,,,,,,,,,,,,,,,,,,,,,,,,,,,,,,,,,,,,,,,,,,,,,,,,,,,,,,,,,,,,,,,,,,,,,,,,,,,,,,,,,,,,,,0.0,10.9,,,,,31.8209,,,0.0,,15.477,,,,,,,,,,,,,11023.0,09:39:43,2021/06/29 09:39:43,11.0,11023.0,11.0,11.0,10.91,12.2854,31.9545,24.1718,6.49,282.93,0.069,143.18,77.36,dRB2102_CTD_022_01_F.csv,dRB2102,CTD,22.0,F.csv,220110
106,E447.3B,3.0,1.0,False,WCOA21,2021_WCOA_RonBrown,6/29/2021,,9:39:48 AM,,E447.3B,220112,12,Niskin; Sterivex 0.22µm filter,95% EtOH,West Coast,ChaBa,10.8,47.954,-124.907,1000.0,Sean McAllister,,6/29/2021 9:39:48 AM,6/29/2021 ,2021/06/29 09:39:00,2021/06/29 00:00:00,2021/06/29 02:39:00,47.954,-124.907,220112,12,11.0,350.0,33RO20210613,WCOA2021,ChaBa,22.0,1.0,11026.0,2.0,0.0,2021-06-29,2021.0,6.0,29.0,09:39:48,180.403,47.954,-124.907,87.0,10.9,10.8,15.449,31.775,2.0,31.8209,9.0,278.5,2.0,285.6,9.353,2.0,1946.7,2.0,2164.6,2.0,7.952,25.0,9.0,153.26606685840758,24.971666666666664,9.0,6.7,2.0,0.4,2.0,0.3,2.0,0.05,2.0,0.19,2.0,,9.0,32.597,2.0,,9.0,,9.0,,9.0,,9.0,,9.0,,9.0,,9.0,306.0405587746248,71.35565551108945,12.620921794146843,155.57883396330388,62.02994449449222,0.0032170994437236,0.0,1.0613927663182327e-09,0.2220330667380695,6.47796693326193,1778.5002442425491,0.00015710830406616205,0.3527226782367235,0.0,0.0012745013635982,0.0067354799588285,0.0,0.0,2.931723222950592,0.04406022125816,25633.73928468808,2164.5999999999995,0.0,0.0,0.0,71.35565551108945,0.4408431196916507,0.2220330667380695,0.0,0.0,0.0,12.620921794146952,0.0,0.0,-0.00021876335292165747,0.00020379728981119292,28995.0,1778.5002442425491,155.57883396330388,1946.7,0.0420517357679882,0.0420061570887011,335.42929198503174,0.7425668418690468,0.9964094008640432,-0.0002037972898111931,0.00017298449245177296,83.14462618,0.0067354799588285,2.931723222950592,1.178124622171033,1.1908136744684512,0.0376261766509935,1e-07,2.6777116004072277e-10,6.014541264980762e-07,1e-07,0.1354690878748088,1.867587337781289e-09,3.841476674010519e-07,1.1287411556278793e-06,7.006935017883205e-10,0.0026593212273105,0.0242783891865631,8.782140982728183e-07,1.0005638250880963e-09,2.7454303949453646e-10,2.1690604614278805e-07,2.3483048444136043e-14,0.00023610172541060591,-0.0002479661701869399,1.0,1.0,3.0,1.0,10.0,1.0,1.0,0.0,1.0,1.0,336.63802418379623,8.096368493161215,8.171631451753326,8.217197101263064,8.087932653862858,8.096368493161215,1946.7,2.0,2164.6,1.0,0.0,,10.9,1.0,1.0,0.6976132765262348,11.253609918488666,31.775,2.415191903069178,3.781429017162689,,0.2640495191306101,15.449,0.0,0.0,0.0,377.3962142857143,9336.92006412857,62.030101602796286,0.4,6.7,25633.74055918944,0.0,0.9829911371708346,342.4629291701251,11026.0,09:39:48,2021/06/29 09:39:48,12.0,11026.0,12.0,11.0,10.91,12.2854,31.9545,24.1718,6.49,282.93,0.069,143.18,77.36,dRB2102_CTD_022_01_F.csv,dRB2102,CTD,22.0,F.csv,220110
107,E448.1B,1.0,1.0,False,WCOA21,2021_WCOA_RonBrown,6/29/2021,,9:41:52 AM,,E448.1B,220114,14,Niskin; Sterivex 0.22µm filter,95% EtOH,West Coast,ChaBa,3.3,47.954,-124.907,1000.0,Sean McAllister,,6/29/2021 9:41:52 AM,6/29/2021 ,2021/06/29 09:41:00,2021/06/29 00:00:00,2021/06/29 02:41:00,47.954,-124.907,220114,14,3.0,352.0,33RO20210613,WCOA2021,ChaBa,22.0,1.0,11011.0,2.0,0.0,2021-06-29,2021.0,6.0,29.0,09:41:52,180.404,47.954,-124.907,87.0,3.3,3.3,15.506,31.77,2.0,,9.0,278.2,2.0,,,9.0,,9.0,,9.0,,,9.0,,,9.0,,9.0,,9.0,,9.0,,9.0,,9.0,,9.0,,9.0,281500.0,2.0,16700.0,2.0,459.0,2.0,39.1,2.0,6080000.0,2.0,2870000.0,2.0,4840000.0,2.0,,,,,,,,,,,,,,,,,,,,,,,,,,,,,,,,,,,,,,,,,,,,,,,,,,,,,,,,,,,,,,,,,,,,,,,,,,,,,,,,,,,,,,,,,,,,,0.0,3.3,,,,,31.77,,,0.0,,15.506,,,,,,,,,,,,,11011.0,09:41:52,2021/06/29 09:41:52,14.0,11011.0,14.0,3.0,2.97,15.4574,31.7793,23.3915,6.37,278.15,0.061,142.38,85.54,dRB2102_CTD_022_01_F.csv,dRB2102,CTD,22.0,F.csv,220113
108,E448.2B,2.0,1.0,False,WCOA21,2021_WCOA_RonBrown,6/29/2021,,9:41:55 AM,,E448.2B,220115,15,Niskin; Sterivex 0.22µm filter,95% EtOH,West Coast,ChaBa,2.9,47.954,-124.907,1000.0,Sean McAllister,,6/29/2021 9:41:55 AM,6/29/2021 ,2021/06/29 09:41:00,2021/06/29 00:00:00,2021/06/29 02:41:00,47.954,-124.907,220115,15,3.0,353.0,33RO20210613,WCOA2021,ChaBa,22.0,1.0,11053.0,2.0,0.0,2021-06-29,2021.0,6.0,29.0,09:41:55,180.404,47.954,-124.907,87.0,3.0,2.9,15.502,31.77,2.0,,9.0,278.2,2.0,,,9.0,,9.0,,9.0,,,9.0,,,9.0,,9.0,,9.0,,9.0,,9.0,,9.0,,9.0,,9.0,281500.0,9.0,16700.0,9.0,459.0,9.0,39.1,9.0,6080000.0,9.0,2870000.0,9.0,4840000.0,9.0,,,,,,,,,,,,,,,,,,,,,,,,,,,,,,,,,,,,,,,,,,,,,,,,,,,,,,,,,,,,,,,,,,,,,,,,,,,,,,,,,,,,,,,,,,,,,0.0,3.0,,,,,31.77,,,0.0,,15.502,,,,,,,,,,,,,11053.0,09:41:55,2021/06/29 09:41:55,15.0,11053.0,15.0,3.0,2.97,15.4574,31.7793,23.3915,6.37,278.15,0.061,142.38,85.54,dRB2102_CTD_022_01_F.csv,dRB2102,CTD,22.0,F.csv,220113
109,E448.3B,3.0,1.0,False,WCOA21,2021_WCOA_RonBrown,6/29/2021,,9:41:57 AM,,E448.3B,220116,16,Niskin; Sterivex 0.22µm filter,95% EtOH,West Coast,ChaBa,3.1,47.954,-124.907,1000.0,Sean McAllister,,6/29/2021 9:41:57 AM,6/29/2021 ,2021/06/29 09:41:00,2021/06/29 00:00:00,2021/06/29 02:41:00,47.954,-124.907,220116,16,3.0,354.0,33RO20210613,WCOA2021,ChaBa,22.0,1.0,11032.0,2.0,0.0,2021-06-29,2021.0,6.0,29.0,09:41:57,180.404,47.954,-124.907,87.0,3.1,3.1,15.496,31.771,2.0,,9.0,278.2,2.0,,,9.0,,9.0,,9.0,,,9.0,,,9.0,,9.0,,9.0,,9.0,,9.0,,9.0,,9.0,,9.0,281500.0,9.0,16700.0,9.0,459.0,9.0,39.1,9.0,6080000.0,9.0,2870000.0,9.0,4840000.0,9.0,,,,,,,,,,,,,,,,,,,,,,,,,,,,,,,,,,,,,,,,,,,,,,,,,,,,,,,,,,,,,,,,,,,,,,,,,,,,,,,,,,,,,,,,,,,,,0.0,3.1,,,,,31.771,,,0.0,,15.496,,,,,,,,,,,,,11032.0,09:41:57,2021/06/29 09:41:57,16.0,11032.0,16.0,3.0,2.97,15.4574,31.7793,23.3915,6.37,278.15,0.061,142.38,85.54,dRB2102_CTD_022_01_F.csv,dRB2102,CTD,22.0,F.csv,220113
110,E449.1B,1.0,1.0,False,WCOA21,2021_WCOA_RonBrown,6/29/2021,,11:47:02 AM,,E449.1B,230101,1,Niskin; Sterivex 0.22µm filter,95% EtOH,West Coast,Sokul,25.7,47.946,-124.746,1000.0,Sean McAllister,,6/29/2021 11:47:02 AM,6/29/2021 ,2021/06/29 11:47:00,2021/06/29 00:00:00,2021/06/29 04:47:00,47.946,-124.746,230101,1,26.0,356.0,33RO20210613,WCOA2021,Sokul,23.0,1.0,11031.0,2.0,0.0,2021-06-29,2021.0,6.0,29.0,11:47:02,180.491,47.946,-124.746,36.0,26.0,25.7,8.269,33.447,2.0,33.4379,2.0,50.3,2.0,49.2,1.614,6.0,2265.1,6.0,2251.8,6.0,7.2534,25.1,2.0,39.79331725733398,24.938333333333333,2.0,51.3,2.0,2.71,2.0,25.6,2.0,0.5,2.0,5.15,2.0,,9.0,65.973,6.0,13200.0,9.0,8360.0,9.0,796.0,9.0,0.0,9.0,3900000.0,9.0,2270000.0,9.0,1390000.0,9.0,378.7987883511064,18.34792679175077,72.0314357420202,37.071947607502224,65.27577975948691,0.1062467627847388,0.0,1.37870666702945e-07,0.3199487374234134,50.98005126257658,2155.9966166504773,0.0005800952461151845,2.5504357200808374,0.0,0.0040168475436379,0.0280808715952223,0.0,0.0,0.3672200789905931,0.0533173792637572,26975.242354328555,2251.8,0.0,0.0,0.0,18.34792679175077,2.6570703407376848,0.3199487374234134,0.0,0.0,0.0,72.03143574202034,0.0,0.0,-0.00012694046588250063,0.00012893037355298165,28995.0,2155.9966166504773,37.071947607502224,2265.1,0.038416651150918,0.0383651082466553,1535.0731781159316,0.7728237626320619,0.9960625649969388,-0.00012893037355298068,0.00012379457986615573,83.14462618,0.0280808715952223,0.3672200789905931,1.0414864180029415,1.0359876300037054,0.0469237797708299,1e-07,1.4572703973162828e-10,6.49000612992142e-07,1e-07,0.1885778109755869,1.554721477542862e-09,4.106234243434786e-07,9.607274163328311e-07,5.519141241785161e-10,0.0031598272903967,0.024735347237975,7.705003785974806e-07,6.710093821401507e-10,2.0144398935831675e-10,1.614265191663063e-07,1.1786927177240428e-14,0.0001250110489549373,-0.00013451074243972202,1.0,1.0,3.0,1.0,10.0,1.0,1.0,0.0,1.0,1.0,1541.1413219014505,7.49352581933382,7.551589416374108,7.5976664547385395,7.485746921952033,7.49352581933382,2265.1,2.0,2251.8,1.0,0.0,,26.0,1.0,1.0,0.9203322918363308,18.29724695902665,33.4379,0.5612513153058378,0.887071769611089,,0.0767781231198428,8.269,0.0,0.0,0.0,397.1467151428572,9825.55466285837,65.27635985473303,2.71,51.29999999999999,26975.246371176097,0.0,0.9894228928610624,1557.61639741831,11031.0,11:47:02,2021/06/29 11:47:02,1.0,11031.0,1.0,26.0,25.78,8.265,33.452,26.0193,1.11,48.46,0.168,156.77,10.23,dRB2102_CTD_023_01_F.csv,dRB2102,CTD,23.0,F.csv,230101
111,E449.2B,2.0,1.0,False,WCOA21,2021_WCOA_RonBrown,6/29/2021,,11:47:04 AM,,E449.2B,230102,2,Niskin; Sterivex 0.22µm filter,95% EtOH,West Coast,Sokul,25.3,47.946,-124.746,1000.0,Sean McAllister,,6/29/2021 11:47:04 AM,6/29/2021 ,2021/06/29 11:47:00,2021/06/29 00:00:00,2021/06/29 04:47:00,47.946,-124.746,230102,2,25.0,357.0,33RO20210613,WCOA2021,Sokul,23.0,1.0,11081.0,2.0,0.0,2021-06-29,2021.0,6.0,29.0,11:47:04,180.491,47.946,-124.746,36.0,25.6,25.3,8.274,33.443,2.0,33.4379,9.0,50.3,2.0,49.2,1.614,9.0,2265.1,9.0,2251.8,9.0,7.2534,25.1,9.0,39.79331725733398,24.938333333333333,9.0,51.3,9.0,2.71,9.0,25.6,9.0,0.5,9.0,5.15,9.0,,9.0,65.973,9.0,13200.0,2.0,8360.0,2.0,796.0,2.0,0.0,2.0,3900000.0,2.0,2270000.0,2.0,1390000.0,2.0,,,,,,,,,,,,,,,,,,,,,,,,,,,,,,,,,,,,,,,,,,,,,,,,,,,,,,,,,,,,,,,,,,,,,,,,,,,,,,,,,,,,,,,,,,,,,0.0,25.6,,,,,33.443,,,0.0,,8.274,,,,,,,,,,,,,11081.0,11:47:04,2021/06/29 11:47:04,2.0,11081.0,2.0,25.0,24.79,8.2735,33.4436,26.0114,1.15,50.25,0.172,156.75,11.33,dRB2102_CTD_023_01_F.csv,dRB2102,CTD,23.0,F.csv,230101
112,E449.3B,3.0,1.0,False,WCOA21,2021_WCOA_RonBrown,6/29/2021,,11:47:10 AM,,E449.3B,230103,3,Niskin; Sterivex 0.22µm filter,95% EtOH,West Coast,Sokul,26.0,47.946,-124.746,1000.0,Sean McAllister,,6/29/2021 11:47:10 AM,6/29/2021 ,2021/06/29 11:47:00,2021/06/29 00:00:00,2021/06/29 04:47:00,47.946,-124.746,230103,3,26.0,358.0,33RO20210613,WCOA2021,Sokul,23.0,1.0,11020.0,2.0,0.0,2021-06-29,2021.0,6.0,29.0,11:47:10,180.491,47.946,-124.746,36.0,26.2,26.0,8.265,33.452,2.0,33.4379,9.0,48.5,2.0,49.2,1.614,9.0,2265.1,9.0,2251.8,9.0,7.2534,25.1,9.0,39.79331725733398,24.938333333333333,9.0,51.3,9.0,2.71,9.0,25.6,9.0,0.5,9.0,5.15,9.0,,9.0,65.973,9.0,13200.0,9.0,8360.0,9.0,796.0,9.0,0.0,9.0,3900000.0,9.0,2270000.0,9.0,1390000.0,9.0,,,,,,,,,,,,,,,,,,,,,,,,,,,,,,,,,,,,,,,,,,,,,,,,,,,,,,,,,,,,,,,,,,,,,,,,,,,,,,,,,,,,,,,,,,,,,0.0,26.2,,,,,33.452,,,0.0,,8.265,,,,,,,,,,,,,11020.0,11:47:10,2021/06/29 11:47:10,3.0,11020.0,3.0,26.0,25.78,8.265,33.452,26.0193,1.11,48.46,0.168,156.77,10.23,dRB2102_CTD_023_01_F.csv,dRB2102,CTD,23.0,F.csv,230101
113,E450.1B,1.0,1.0,False,WCOA21,2021_WCOA_RonBrown,6/29/2021,,11:56:50 AM,,E450.1B,230110,10,Niskin; Sterivex 0.22µm filter,95% EtOH,West Coast,Sokul,3.1,47.946,-124.746,1000.0,Sean McAllister,,6/29/2021 11:56:50 AM,6/29/2021 ,2021/06/29 11:56:00,2021/06/29 00:00:00,2021/06/29 04:56:00,47.946,-124.746,230110,10,3.0,365.0,33RO20210613,WCOA2021,Sokul,23.0,1.0,11067.0,2.0,0.0,2021-06-29,2021.0,6.0,29.0,11:56:50,180.498,47.946,-124.746,36.0,3.1,3.1,16.378,32.069,2.0,,9.0,418.5,2.0,,,9.0,,9.0,,9.0,,,9.0,,,9.0,,9.0,,9.0,,9.0,,9.0,,9.0,6.7,9.0,,9.0,82450.0,2.0,7020.0,2.0,2000.0,2.0,0.0,2.0,8060000.0,2.0,4740000.0,2.0,2520000.0,2.0,,,,,,,,,,,,,,,,,,,,,,,,,,,,,,,,,,,,,,,,,,,,,,,,,,,,,,,,,,,,,,,,,,,,,,,,,,,,,,,,,,,,,,,,,,,,,0.0,3.1,,,,,32.069,,,0.0,,16.378,,,,,,,,,,,,,11067.0,11:56:50,2021/06/29 11:56:50,10.0,11067.0,10.0,3.0,2.97,16.4253,32.0554,23.3879,9.43,411.3,0.25,151.16,33.98,dRB2102_CTD_023_01_F.csv,dRB2102,CTD,23.0,F.csv,230109
114,E450.2B,2.0,1.0,False,WCOA21,2021_WCOA_RonBrown,6/29/2021,,11:56:54 AM,,E450.2B,230111,11,Niskin; Sterivex 0.22µm filter,95% EtOH,West Coast,Sokul,3.6,47.946,-124.746,1000.0,Sean McAllister,,6/29/2021 11:56:54 AM,6/29/2021 ,2021/06/29 11:56:00,2021/06/29 00:00:00,2021/06/29 04:56:00,47.946,-124.746,230111,11,4.0,366.0,33RO20210613,WCOA2021,Sokul,23.0,1.0,11023.0,2.0,0.0,2021-06-29,2021.0,6.0,29.0,11:56:54,180.498,47.946,-124.746,36.0,3.6,3.6,16.375,32.069,2.0,,9.0,418.5,2.0,,,9.0,,9.0,,9.0,,,9.0,,,9.0,,9.0,,9.0,,9.0,,9.0,,9.0,6.7,2.0,,9.0,82450.0,9.0,7020.0,9.0,2000.0,9.0,0.0,9.0,8060000.0,9.0,4740000.0,9.0,2520000.0,9.0,,,,,,,,,,,,,,,,,,,,,,,,,,,,,,,,,,,,,,,,,,,,,,,,,,,,,,,,,,,,,,,,,,,,,,,,,,,,,,,,,,,,,,,,,,,,,0.0,3.6,,,,,32.069,,,0.0,,16.375,,,,,,,,,,,,,11023.0,11:56:54,2021/06/29 11:56:54,11.0,11023.0,11.0,4.0,3.97,16.4178,32.0579,23.3916,9.47,413.4,0.247,151.4,32.7,dRB2102_CTD_023_01_F.csv,dRB2102,CTD,23.0,F.csv,230109
115,E450.3B,3.0,1.0,False,WCOA21,2021_WCOA_RonBrown,6/29/2021,,11:56:57 AM,,E450.3B,230112,12,Niskin; Sterivex 0.22µm filter,95% EtOH,West Coast,Sokul,3.6,47.946,-124.746,1000.0,Sean McAllister,,6/29/2021 11:56:57 AM,6/29/2021 ,2021/06/29 11:56:00,2021/06/29 00:00:00,2021/06/29 04:56:00,47.946,-124.746,230112,12,4.0,367.0,33RO20210613,WCOA2021,Sokul,23.0,1.0,11026.0,2.0,0.0,2021-06-29,2021.0,6.0,29.0,11:56:57,180.498,47.946,-124.746,36.0,3.6,3.6,16.371,32.071,2.0,,9.0,418.5,2.0,,,9.0,,9.0,,9.0,,,9.0,,,9.0,,9.0,,9.0,,9.0,,9.0,,9.0,6.7,9.0,,9.0,82450.0,9.0,7020.0,9.0,2000.0,9.0,0.0,9.0,8060000.0,9.0,4740000.0,9.0,2520000.0,9.0,,,,,,,,,,,,,,,,,,,,,,,,,,,,,,,,,,,,,,,,,,,,,,,,,,,,,,,,,,,,,,,,,,,,,,,,,,,,,,,,,,,,,,,,,,,,,0.0,3.6,,,,,32.071,,,0.0,,16.371,,,,,,,,,,,,,11026.0,11:56:57,2021/06/29 11:56:57,12.0,11026.0,12.0,4.0,3.97,16.4178,32.0579,23.3916,9.47,413.4,0.247,151.4,32.7,dRB2102_CTD_023_01_F.csv,dRB2102,CTD,23.0,F.csv,230109
116,E451,1.0,1.0,False,WCOA21,2021_WCOA_RonBrown,6/29/2021,,4:26:47 PM,,E451,240101,1,Niskin; Sterivex 0.22µm filter,95% EtOH,West Coast,JF54,1232.8,47.68,-125.579,1000.0,Sean McAllister,,6/29/2021 4:26:47 PM,6/29/2021 ,2021/06/29 04:26:00,2021/06/29 00:00:00,2021/06/28 21:26:00,47.68,-125.579,240101,1,1233.0,368.0,33RO20210613,WCOA2021,JF54,24.0,1.0,11031.0,2.0,3.0,2021-06-29,2021.0,6.0,29.0,16:26:47,180.685,47.68,-125.579,1243.0,1246.9,1232.8,3.268,34.452,2.0,34.4496,2.0,19.4,2.0,17.3,0.568,6.0,2380.0,2.0,2379.4,6.0,7.312,25.1,2.0,48.17089626420919,25.035,2.0,140.2,2.0,3.23,2.0,43.5,2.0,0.02,2.0,0.04,2.0,,9.0,3.856,6.0,,9.0,,9.0,,9.0,,9.0,,9.0,,9.0,,9.0,387.6187190350581,21.54410153637041,66.8476786187079,40.36608759380707,67.25090692567129,0.1118420588217646,0.0,1.1869736624172921e-07,0.9114555576736166,139.28854444232638,2272.786233787485,0.0004601294251830572,3.056843396703984,0.0,0.0026833182433407,0.0256712934202986,0.0,0.0,0.2753765423853436,0.0613144257768851,27791.40907963541,2379.4,0.0,0.0,0.0,21.54410153637041,3.179472129560388,0.9114555576736166,0.0,0.0,0.0,66.84767861870776,0.0,0.0,-0.00012871091707705872,0.00013015916148146866,28995.0,2272.786233787485,40.36608759380707,2379.9999999999995,0.0414107531064013,0.0413545209285648,1199.9137198861215,0.7948923827032204,0.9957943614781302,-0.00013015916148146893,0.00012472585331152686,83.14462618,0.0256712934202986,0.2753765423853436,1.0435620043935163,1.0370404362833,0.0557104044322884,1e-07,1.0769455388007283e-10,8.4970024389852e-07,1e-07,0.2658802841658546,1.5759678474975684e-09,5.431767991201703e-07,9.640420276959071e-07,5.035954246579262e-10,0.0037520264299186,0.0267170053973296,7.749822306132442e-07,5.687392262366251e-10,1.8554267133821687e-10,1.3601730920623918e-07,7.808194991956705e-15,0.0001272945464390341,-0.00013608740146185206,1.0,1.0,3.0,1.0,10.0,1.0,1.0,0.0,1.0,1.0,1204.981436232479,7.547376292337597,7.590552249320481,7.640076891763016,7.540385227008399,7.547376292337597,2380.0,2.0,2379.4,1.0,0.0,,1246.9,1.0,1.0,0.9165128584403892,19.08184980747729,34.4496,0.4808982320565096,0.7522768750997076,,0.0885341535612054,3.268,0.0,0.0,0.0,409.1628205714285,10122.837496182648,67.25136705509648,3.23,140.2,27791.411762953656,0.0,0.9925258603678364,1214.0554562335583,11031.0,16:26:47,2021/06/29 16:26:47,1.0,11031.0,1.0,1233.0,1219.08,3.2962,34.4483,27.4255,0.44,19.3,0.042,138.95,24.74,dRB2102_CTD_024_01_F.csv,dRB2102,CTD,24.0,F.csv,240101
117,E452,1.0,1.0,False,WCOA21,2021_WCOA_RonBrown,6/29/2021,,4:33:31 PM,,E452,240103,3,Niskin; Sterivex 0.22µm filter,95% EtOH,West Coast,JF54,988.6,47.68,-125.578,1000.0,Sean McAllister,,6/29/2021 4:33:31 PM,6/29/2021 ,2021/06/29 04:33:00,2021/06/29 00:00:00,2021/06/28 21:33:00,47.68,-125.578,240103,3,989.0,370.0,33RO20210613,WCOA2021,JF54,24.0,1.0,11020.0,2.0,3.0,2021-06-29,2021.0,6.0,29.0,16:33:31,180.69,47.68,-125.578,1243.0,999.3,988.6,3.728,34.387,2.0,,9.0,14.0,2.0,11.4,0.376,2.0,2369.2,2.0,2366.7,2.0,7.2912,25.1,6.0,46.32623183425707,25.035,6.0,126.6,2.0,3.24,2.0,43.6,2.0,0.01,2.0,0.04,2.0,,9.0,2.253,2.0,,9.0,,9.0,,9.0,,9.0,,9.0,,9.0,,9.0,387.36424800038185,21.05506342818957,67.78629176064507,39.9790126037633,67.1286921778108,0.1140929348382,0.0,1.234715051873811e-07,0.812140210871111,125.78785978912887,2261.434695635591,0.0004692325859235851,3.0647069453642524,0.0,0.0027949429539638,0.025685320307397,0.0,0.0,0.2819181991237011,0.0611999963260425,27740.90787724736,2366.7,0.0,0.0,0.0,21.05506342818957,3.187106814544832,0.812140210871111,0.0,0.0,0.0,67.78629176064496,0.0,0.0,-0.00012870077941939712,0.00013022927930289162,28995.0,2261.434695635591,39.9790126037633,2369.2,0.0410864084062647,0.0410306269438857,1237.1068019489992,0.7929252049242564,0.9958200164420136,-0.00013022927930289154,0.00012483268416698995,83.14462618,0.025685320307397,0.2819181991237011,1.0432306264334,1.0368872715644395,0.0547942115053047,1e-07,1.0908810370688638e-10,8.083297785267676e-07,1e-07,0.2549369043237752,1.5480358821031514e-09,5.153596682894846e-07,9.501368852615024e-07,5.034913532280121e-10,0.0036745571644602,0.0263169777322301,7.650224933707106e-07,5.687304056363781e-10,1.8388075986201135e-10,1.3741802056128004e-07,8.029104608598578e-15,0.00012720774327714467,-0.00013611355348617496,1.0,1.0,3.0,1.0,10.0,1.0,1.0,0.0,1.0,1.0,1242.299593825282,7.54545599625983,7.590315014060038,7.63912671853316,7.538358941638085,7.54545599625983,2369.2,2.0,2366.7,1.0,0.0,,999.3,1.0,1.0,0.917121630945217,18.97900390278156,34.387,0.4997535129012553,0.7838518829815234,,0.0880438580703362,3.728,0.0,0.0,0.0,408.41931142857146,10104.442808660557,67.12916141039673,3.24,126.6,27740.910672190315,0.0,0.9922788666907127,1251.9661916900411,11020.0,16:33:31,2021/06/29 16:33:31,3.0,11020.0,3.0,989.0,978.4,3.7434,34.3835,27.3291,0.32,13.98,0.041,140.05,100.0,dRB2102_CTD_024_01_F.csv,dRB2102,CTD,24.0,F.csv,240103
118,E453,1.0,1.0,False,WCOA21,2021_WCOA_RonBrown,6/29/2021,,5:04:03 PM,,E453,240112,12,Niskin; Sterivex 0.22µm filter,95% EtOH,West Coast,JF54,99.4,47.68,-125.577,1000.0,Sean McAllister,,6/29/2021 5:04:03 PM,6/29/2021 ,2021/06/29 05:04:00,2021/06/29 00:00:00,2021/06/28 22:04:00,47.68,-125.577,240112,12,99.0,379.0,33RO20210613,WCOA2021,JF54,24.0,1.0,11026.0,2.0,3.0,2021-06-29,2021.0,6.0,29.0,17:04:03,180.711,47.68,-125.577,1243.0,100.2,99.4,7.623,33.051,2.0,,9.0,200.1,2.0,,,9.0,,9.0,,9.0,,,9.0,,,9.0,,9.0,,9.0,,9.0,,9.0,,9.0,,9.0,,9.0,,9.0,,9.0,,9.0,,9.0,,9.0,,9.0,,9.0,,,,,,,,,,,,,,,,,,,,,,,,,,,,,,,,,,,,,,,,,,,,,,,,,,,,,,,,,,,,,,,,,,,,,,,,,,,,,,,,,,,,,,,,,,,,,0.0,100.2,,,,,33.051,,,0.0,,7.623,,,,,,,,,,,,,11026.0,17:04:03,2021/06/29 17:04:03,12.0,11026.0,12.0,99.0,98.15,7.6298,33.0363,25.7864,4.66,203.01,0.042,141.65,99.29,dRB2102_CTD_024_01_F.csv,dRB2102,CTD,24.0,F.csv,240111
119,E454,1.0,1.0,False,WCOA21,2021_WCOA_RonBrown,6/29/2021,,5:25:37 PM,,E454,240123,23,Niskin; Sterivex 0.22µm filter,95% EtOH,West Coast,JF54,3.8,47.68,-125.576,1000.0,Sean McAllister,,6/29/2021 5:25:37 PM,6/29/2021 ,2021/06/29 05:25:00,2021/06/29 00:00:00,2021/06/28 22:25:00,47.68,-125.576,240123,23,4.0,390.0,33RO20210613,WCOA2021,JF54,24.0,1.0,11061.0,2.0,3.0,2021-06-29,2021.0,6.0,29.0,17:25:37,180.726,47.68,-125.576,1243.0,3.8,3.8,16.546,31.893,2.0,,9.0,259.9,2.0,,,9.0,,9.0,,9.0,,,9.0,,,9.0,,9.0,,9.0,,9.0,,9.0,,9.0,,9.0,,9.0,,9.0,,9.0,,9.0,,9.0,,9.0,,9.0,,9.0,,,,,,,,,,,,,,,,,,,,,,,,,,,,,,,,,,,,,,,,,,,,,,,,,,,,,,,,,,,,,,,,,,,,,,,,,,,,,,,,,,,,,,,,,,,,,0.0,3.8,,,,,31.893,,,0.0,,16.546,,,,,,,,,,,,,11061.0,17:25:37,2021/06/29 17:25:37,23.0,11061.0,23.0,4.0,3.97,15.8405,31.8849,23.3885,5.98,260.99,0.048,140.84,99.77,dRB2102_CTD_024_01_F.csv,dRB2102,CTD,24.0,F.csv,240122
120,E455,1.0,1.0,False,WCOA21,2021_WCOA_RonBrown,6/29/2021,,9:39:08 PM,,E455,250102,2,Niskin; Sterivex 0.22µm filter,95% EtOH,West Coast,Kalaloch,14.0,47.638,-124.487,1000.0,Sean McAllister,,6/29/2021 9:39:08 PM,6/29/2021 ,2021/06/29 09:39:00,2021/06/29 00:00:00,2021/06/29 02:39:00,47.638,-124.487,250102,2,14.0,392.0,33RO20210613,WCOA2021,Kalaloch,25.0,1.0,11081.0,2.0,0.0,2021-06-29,2021.0,6.0,29.0,21:39:08,180.902,47.638,-124.487,24.0,14.1,14.0,12.333,32.278,2.0,,9.0,410.1,2.0,,,9.0,,9.0,,9.0,,,9.0,,,9.0,,9.0,,9.0,,9.0,,9.0,,9.0,,9.0,,9.0,16950.0,2.0,5240.0,2.0,1390.0,2.0,0.0,2.0,6110000.0,2.0,4150000.0,2.0,1520000.0,2.0,,,,,,,,,,,,,,,,,,,,,,,,,,,,,,,,,,,,,,,,,,,,,,,,,,,,,,,,,,,,,,,,,,,,,,,,,,,,,,,,,,,,,,,,,,,,,0.0,14.1,,,,,32.278,,,0.0,,12.333,,,,,,,,,,,,,11081.0,21:39:08,2021/06/29 21:39:08,2.0,11081.0,2.0,14.0,13.88,12.6135,32.2346,24.3266,9.41,410.25,0.204,132.51,10.53,dRB2102_CTD_025_01_F.csv,dRB2102,CTD,25.0,F.csv,250101
121,E456,1.0,1.0,False,WCOA21,2021_WCOA_RonBrown,6/29/2021,,9:44:55 PM,,E456,250106,6,Niskin; Sterivex 0.22µm filter,95% EtOH,West Coast,Kalaloch,3.3,47.638,-124.487,1000.0,Sean McAllister,,6/29/2021 9:44:55 PM,6/29/2021 ,2021/06/29 09:44:00,2021/06/29 00:00:00,2021/06/29 02:44:00,47.638,-124.487,250106,6,3.0,396.0,33RO20210613,WCOA2021,Kalaloch,25.0,1.0,11082.0,2.0,0.0,2021-06-29,2021.0,6.0,29.0,21:44:55,180.906,47.638,-124.487,24.0,3.4,3.3,15.632,31.757,2.0,,9.0,318.2,3.0,,,9.0,,9.0,,9.0,,,9.0,,,9.0,,9.0,,9.0,,9.0,,9.0,,9.0,,9.0,,9.0,22200.0,2.0,7330.0,2.0,1350.0,2.0,0.0,2.0,5030000.0,2.0,3320000.0,2.0,1210000.0,2.0,,,,,,,,,,,,,,,,,,,,,,,,,,,,,,,,,,,,,,,,,,,,,,,,,,,,,,,,,,,,,,,,,,,,,,,,,,,,,,,,,,,,,,,,,,,,,0.0,3.4,,,,,31.757,,,0.0,,15.632,,,,,,,,,,,,,11082.0,21:44:55,2021/06/29 21:44:55,6.0,11082.0,6.0,3.0,2.97,15.6002,31.5867,23.2122,7.34,320.23,0.099,131.68,21.69,dRB2102_CTD_025_01_F.csv,dRB2102,CTD,25.0,F.csv,250105
122,E458.1B,1.0,1.0,False,WCOA21,2021_WCOA_RonBrown,6/30/2021,,10:14:03 AM,,E458.1B,260101,1,Niskin; Sterivex 0.22µm filter,95% EtOH,West Coast,CR40,1288.1,46.13,-124.909,1000.0,Sean McAllister,,6/30/2021 10:14:03 AM,6/30/2021 ,2021/06/30 10:14:00,2021/06/30 00:00:00,2021/06/30 03:14:00,46.13,-124.909,260101,1,1288.0,398.0,33RO20210613,WCOA2021,CR40,26.0,1.0,11031.0,2.0,5.0,2021-06-30,2021.0,6.0,30.0,10:14:03,181.426,46.13,-124.909,1298.0,1302.8,1288.1,3.04,34.481,2.0,,9.0,25.4,2.0,24.4,0.801,6.0,2380.7,2.0,2386.7,6.0,7.3224,25.01,3.0,49.8787296216257,24.895,2.0,146.6,2.0,3.23,2.0,43.3,2.0,0.15,2.0,0.04,2.0,,9.0,12.332,6.0,,9.0,,9.0,,9.0,,9.0,,9.0,,9.0,,9.0,386.8654461595616,22.6703166975814,63.495813878055145,42.380227116279485,67.31223074583974,0.1062338487157045,0.0,1.066266111350408e-07,1.0000733267175668,145.5999266732824,2274.823959005665,0.000434348291454917,3.059576839977734,0.0,0.0025121764717063,0.0243959641193651,0.0,0.0,0.2845840836482289,0.0641892046799505,27816.74046882781,2386.7,0.0,0.0,0.0,22.6703166975814,3.187955142711024,1.0000733267175668,0.0,0.0,0.0,63.49581387805501,0.0,0.0,-0.00012857918597787275,0.0001297298229044614,28995.0,2274.823959005665,42.380227116279485,2380.7,0.0417629275263049,0.0417064704575568,1130.3674510415235,0.7958711094936797,0.995781569033008,-0.00012972982290446116,0.00012406942639239712,83.14462618,0.0243959641193651,0.2845840836482289,1.045622815198339,1.0388299153359146,0.056172719605072,1e-07,1.0621102382959743e-10,8.602815099885091e-07,1e-07,0.2701307850137922,1.576817159924003e-09,5.502236703289446e-07,9.640207706058983e-07,5.01301700567647e-10,0.0037807142295168,0.0268090238491656,7.749650930352671e-07,5.645264848236064e-10,1.8482230395608007e-10,1.348899313467045e-07,7.657628597353913e-15,0.0001274487807243475,-0.00013593139585731177,1.0,1.0,3.0,1.0,10.0,1.0,1.0,0.0,1.0,1.0,1135.1560283840267,7.570116308196803,7.612682014057293,7.662319167788594,7.563161907676912,7.570116308196803,2380.7,2.0,2386.7,1.0,0.0,,1302.8,1.0,1.0,0.9127356164475328,19.18845012203496,34.481,0.4991379891377041,0.7804084159652764,,0.0932459134582815,3.04,0.0,0.0,0.0,409.5357628571429,10132.064224428552,67.3126650941312,3.23,146.6,27816.742981004285,0.0,0.9926456717560312,1143.5661895103906,11031.0,10:14:03,2021/06/30 10:14:03,1.0,11031.0,1.0,1288.0,1273.47,3.0762,34.4768,27.4687,0.57,24.79,0.041,122.9,25.38,dRB2102_CTD_026_01_F.csv,dRB2102,CTD,26.0,F.csv,260101
123,E458.2T,2.0,2.0,False,WCOA21,2021_WCOA_RonBrown,6/30/2021,,10:14:07 AM,,E458.2T,260102,2,Niskin; Sterivex 0.22µm filter,95% EtOH,West Coast,CR40,1286.3,46.13,-124.909,1000.0,Sean McAllister,,6/30/2021 10:14:07 AM,6/30/2021 ,2021/06/30 10:14:00,2021/06/30 00:00:00,2021/06/30 03:14:00,46.13,-124.909,260102,2,1286.0,399.0,33RO20210613,WCOA2021,CR40,26.0,1.0,11081.0,2.0,5.0,2021-06-30,2021.0,6.0,30.0,10:14:07,181.426,46.13,-124.909,1298.0,1301.0,1286.3,3.043,34.481,2.0,,9.0,25.3,2.0,24.4,0.801,9.0,2380.7,9.0,2386.7,9.0,7.3224,25.01,9.0,49.8787296216257,24.895,9.0,146.6,9.0,3.23,9.0,43.3,9.0,0.15,9.0,0.04,9.0,,9.0,12.332,9.0,,9.0,,9.0,,9.0,,9.0,,9.0,,9.0,,9.0,,,,,,,,,,,,,,,,,,,,,,,,,,,,,,,,,,,,,,,,,,,,,,,,,,,,,,,,,,,,,,,,,,,,,,,,,,,,,,,,,,,,,,,,,,,,,0.0,1301.0,,,,,34.481,,,0.0,,3.043,,,,,,,,,,,,,11081.0,10:14:07,2021/06/30 10:14:07,2.0,11081.0,2.0,1286.0,1271.5,3.0802,34.4762,27.4679,0.57,24.75,0.04,122.86,26.9,dRB2102_CTD_026_01_F.csv,dRB2102,CTD,26.0,F.csv,260101
124,E458.3T,2.0,3.0,False,WCOA21,2021_WCOA_RonBrown,6/30/2021,,10:14:07 AM,,E458.3T,260102,2,Niskin; Sterivex 0.22µm filter,95% EtOH,West Coast,CR40,1286.3,46.13,-124.909,1000.0,Sean McAllister,,6/30/2021 10:14:07 AM,6/30/2021 ,2021/06/30 10:14:00,2021/06/30 00:00:00,2021/06/30 03:14:00,46.13,-124.909,260102,2,1286.0,399.0,33RO20210613,WCOA2021,CR40,26.0,1.0,11081.0,2.0,5.0,2021-06-30,2021.0,6.0,30.0,10:14:07,181.426,46.13,-124.909,1298.0,1301.0,1286.3,3.043,34.481,2.0,,9.0,25.3,2.0,24.4,0.801,9.0,2380.7,9.0,2386.7,9.0,7.3224,25.01,9.0,49.8787296216257,24.895,9.0,146.6,9.0,3.23,9.0,43.3,9.0,0.15,9.0,0.04,9.0,,9.0,12.332,9.0,,9.0,,9.0,,9.0,,9.0,,9.0,,9.0,,9.0,,,,,,,,,,,,,,,,,,,,,,,,,,,,,,,,,,,,,,,,,,,,,,,,,,,,,,,,,,,,,,,,,,,,,,,,,,,,,,,,,,,,,,,,,,,,,0.0,1301.0,,,,,34.481,,,0.0,,3.043,,,,,,,,,,,,,11081.0,10:14:07,2021/06/30 10:14:07,2.0,11081.0,2.0,1286.0,1271.5,3.0802,34.4762,27.4679,0.57,24.75,0.04,122.86,26.9,dRB2102_CTD_026_01_F.csv,dRB2102,CTD,26.0,F.csv,260101
125,E459,1.0,1.0,False,WCOA21,2021_WCOA_RonBrown,6/30/2021,,10:20:41 AM,,E459,260103,3,Niskin; Sterivex 0.22µm filter,95% EtOH,West Coast,CR40,988.6,46.13,-124.908,1000.0,Sean McAllister,,6/30/2021 10:20:41 AM,6/30/2021 ,2021/06/30 10:20:00,2021/06/30 00:00:00,2021/06/30 03:20:00,46.13,-124.908,260103,3,989.0,400.0,33RO20210613,WCOA2021,CR40,26.0,1.0,11020.0,2.0,5.0,2021-06-30,2021.0,6.0,30.0,10:20:41,181.431,46.13,-124.908,1298.0,999.2,988.6,3.83,34.37,2.0,,9.0,14.6,2.0,13.5,0.443,2.0,2367.0,2.0,2358.6,2.0,7.2924,25.01,6.0,46.251426207596026,24.895,2.0,125.1,2.0,3.27,2.0,43.3,2.0,0.15,2.0,0.02,2.0,,9.0,6.336,2.0,,9.0,,9.0,,9.0,,9.0,,9.0,,9.0,,9.0,388.077811635882,20.139588364117945,70.90145034050715,38.14447797067499,67.09548097634784,0.1205563656971836,0.0,1.3704385607873518e-07,0.7679487595328472,124.33205124046714,2257.9540716888177,0.0004935976288032344,3.090329181822967,0.0,0.0029482992216306,0.0269666017122829,0.0,0.0,0.2712860690932118,0.059114315435994,27727.19337016941,2358.6,0.0,0.0,0.0,20.139588364117945,3.2085576756510994,0.7679487595328472,0.0,0.0,0.0,70.90145034050703,0.0,0.0,-0.00012898204237450802,0.00013079207721160757,28995.0,2257.9540716888177,38.14447797067499,2366.9999999999995,0.0408254749666391,0.0407697929020567,1298.6789444589183,0.79247866917105,0.995825677334612,-0.0001307920772116071,0.00012559044134981872,83.14462618,0.0269666017122829,0.2712860690932118,1.0414174502922584,1.035270615781108,0.054595056494157,1e-07,1.1007343654735883e-10,8.07592756417752e-07,1e-07,0.2536066131711214,1.5524561802090908e-09,5.149289036271544e-07,9.526811193758592e-07,5.053638184825484e-10,0.0036656114345,0.0263158953474449,7.668354280722451e-07,5.72236420306862e-10,1.8477223753082862e-10,1.380859198245964e-07,8.115495966722404e-15,0.000127221421925474,-0.00013644320695331273,1.0,1.0,3.0,1.0,10.0,1.0,1.0,0.0,1.0,1.0,1304.1227737116717,7.52411242647643,7.569173779190124,7.618017385212719,7.51700496653029,7.52411242647643,2367.0,2.0,2358.6,1.0,0.0,,999.2,1.0,1.0,0.9204594655473936,18.84697572968133,34.37,0.4770203144685003,0.7481385253678033,,0.0837315022404305,3.83,0.0,0.0,0.0,408.2174,10099.44744623443,67.09597457397665,3.27,125.09999999999998,27727.19631846864,0.0,0.9922231168040044,1314.3442756225134,11020.0,10:20:41,2021/06/30 10:20:41,3.0,11020.0,3.0,989.0,978.54,3.8462,34.3677,27.3063,0.33,14.47,0.04,124.08,100.0,dRB2102_CTD_026_01_F.csv,dRB2102,CTD,26.0,F.csv,260103
126,E460,1.0,1.0,False,WCOA21,2021_WCOA_RonBrown,6/30/2021,,10:26:39 AM,,E460,260104,4,Niskin; Sterivex 0.22µm filter,95% EtOH,West Coast,CR40,744.2,46.13,-124.908,1000.0,Sean McAllister,,6/30/2021 10:26:39 AM,6/30/2021 ,2021/06/30 10:26:00,2021/06/30 00:00:00,2021/06/30 03:26:00,46.13,-124.908,260104,4,744.0,401.0,33RO20210613,WCOA2021,CR40,26.0,1.0,11058.0,2.0,5.0,2021-06-30,2021.0,6.0,30.0,10:26:39,181.435,46.13,-124.908,1298.0,751.7,744.2,4.443,34.258,2.0,,9.0,14.6,2.0,14.4,0.473,2.0,2347.1,2.0,2337.5,2.0,7.2785,25.01,2.0,42.76004979196027,24.895,2.0,106.7,2.0,3.22,2.0,43.0,2.0,0.14,2.0,0.02,2.0,,9.0,2.873,2.0,,9.0,,9.0,,9.0,,9.0,,9.0,,9.0,,9.0,387.1380451025941,19.74911489740602,71.27121725051437,37.86033619635918,66.87682811602517,0.1202018301858384,0.0,1.3921062157514412e-07,0.6516116374335821,106.0483883625664,2237.9684465531263,0.0005037709487172767,3.041258982204988,0.0,0.0030859004267075,0.0269312482387968,0.0,0.0,0.2823384991375076,0.0585390483985524,27636.839843343063,2337.4999999999995,0.0,0.0,0.0,19.74911489740602,3.158336939791471,0.6516116374335821,0.0,0.0,0.0,71.27121725051437,0.0,0.0,-0.00012858455359345135,0.00013044138180357313,28995.0,2237.9684465531263,37.86033619635918,2347.1,0.0404477857117174,0.0403926968766042,1334.081580720255,0.7897685748284334,0.9958594871060076,-0.00013044138180357405,0.00012526293793939898,83.14462618,0.0269312482387968,0.2823384991375076,1.0413405908352518,1.0353375309761406,0.053423432480071,1e-07,1.1301901767107327e-10,7.67017849279024e-07,1e-07,0.2411920319642497,1.5312680636577195e-09,4.878197024865228e-07,9.425604743623322e-07,5.078084791266454e-10,0.0035751892085123,0.0259183976563466,7.594719972726722e-07,5.77778922797694e-10,1.8443961213884487e-10,1.404746412904973e-07,8.474996799890865e-15,0.00012677984719210525,-0.00013606644920662988,1.0,1.0,3.0,1.0,10.0,1.0,1.0,0.0,1.0,1.0,1339.62832909001,7.522630558861281,7.569743516968796,7.617902477044271,7.515402326057197,7.522630558861281,2347.1,2.0,2337.5,1.0,0.0,,751.7,1.0,1.0,0.9206012111712792,18.737385843013715,34.258,0.4968886562644043,0.7812773172473432,,0.0830993211569428,4.443,0.0,0.0,0.0,406.8871600000001,10066.536823191713,66.87733188697388,3.22,106.7,27636.84292924349,0.0,0.9918804608260222,1350.594534319578,11058.0,10:26:39,2021/06/30 10:26:39,4.0,11058.0,4.0,744.0,736.56,4.4655,34.2554,27.1508,0.34,14.92,0.04,124.5,100.0,dRB2102_CTD_026_01_F.csv,dRB2102,CTD,26.0,F.csv,260104
127,E461,1.0,1.0,False,WCOA21,2021_WCOA_RonBrown,6/30/2021,,10:35:55 AM,,E461,260106,6,Niskin; Sterivex 0.22µm filter,95% EtOH,West Coast,CR40,397.0,46.129,-124.907,1000.0,Sean McAllister,,6/30/2021 10:35:55 AM,6/30/2021 ,2021/06/30 10:35:00,2021/06/30 00:00:00,2021/06/30 03:35:00,46.129,-124.907,260106,6,397.0,403.0,33RO20210613,WCOA2021,CR40,26.0,1.0,11082.0,2.0,5.0,2021-06-30,2021.0,6.0,30.0,10:35:55,181.442,46.129,-124.907,1298.0,400.7,397.0,5.644,34.035,2.0,,9.0,53.9,2.0,55.0,1.806,2.0,2286.8,2.0,2292.6,2.0,7.3202,25.01,2.0,46.259721880819605,24.895,2.0,72.0,2.0,2.84,2.0,38.3,2.0,0.14,2.0,0.02,2.0,,9.0,3.776,2.0,,9.0,,9.0,,9.0,,9.0,,9.0,,9.0,,9.0,382.4557080864216,21.782849056435488,62.03286919213372,42.41935753524068,66.44153915291758,0.0946958921592326,0.0,9.938128175085072e-08,0.5019578680101401,71.49804213198986,2182.347773272626,0.00045952689897515135,2.685027035213276,0.0,0.0029409035623176,0.023675632935416,0.0,0.0,0.3501999135196538,0.0602769732462096,27456.93993657913,2292.5999999999995,0.0,0.0,0.0,21.782849056435488,2.805580882324413,0.5019578680101401,0.0,0.0,0.0,62.03286919213369,0.0,0.0,-0.00012592335107387942,0.0001270127185021254,28995.0,2182.347773272626,42.41935753524068,2286.8,0.040386098417444,0.0403321514977354,1210.7641885180194,0.7844907868745913,0.9959246914371416,-0.0001270127185021264,0.00012131517036687252,83.14462618,0.023675632935416,0.3501999135196538,1.0469648446935598,1.0405696112259208,0.0512344763583256,1e-07,1.207777878619047e-10,7.116025535551739e-07,1e-07,0.2210410568362595,1.5159507141302972e-09,4.511225431099228e-07,9.363832529748974e-07,5.173586012444254e-10,0.0034231847932227,0.0253616843661731,7.546908244527211e-07,5.975225784795192e-10,1.8686357939240804e-10,1.4606890018730793e-07,9.321108890011748e-15,0.00012485251139067433,-0.00013327180828002678,1.0,1.0,3.0,1.0,10.0,1.0,1.0,0.0,1.0,1.0,1215.7186170079383,7.574848453029799,7.625698401905078,7.672826574110937,7.567414421673126,7.574848453029799,2286.8,2.0,2292.6,1.0,0.0,,400.7,1.0,1.0,0.910283817204376,18.85007450498092,34.035,0.5961704216261235,0.9404016732540956,,0.0921769559118346,5.644,0.0,0.0,0.0,404.2385571428571,10001.009421954866,66.44199867981656,2.84,72.0,27456.94287748269,0.0,0.9911701740299032,1226.5488297181755,11082.0,10:35:55,2021/06/30 10:35:55,6.0,11082.0,6.0,397.0,393.36,5.7032,34.0525,26.8448,1.18,51.53,0.041,124.73,99.89,dRB2102_CTD_026_01_F.csv,dRB2102,CTD,26.0,F.csv,260106
128,E462,1.0,1.0,False,WCOA21,2021_WCOA_RonBrown,6/30/2021,,10:44:31 AM,,E462,260108,8,Niskin; Sterivex 0.22µm filter,95% EtOH,West Coast,CR40,199.2,46.129,-124.907,1000.0,Sean McAllister,,6/30/2021 10:44:31 AM,6/30/2021 ,2021/06/30 10:44:00,2021/06/30 00:00:00,2021/06/30 03:44:00,46.129,-124.907,260108,8,199.0,405.0,33RO20210613,WCOA2021,CR40,26.0,1.0,11027.0,2.0,5.0,2021-06-30,2021.0,6.0,30.0,10:44:31,181.448,46.129,-124.907,1298.0,201.0,199.2,7.233,33.911,2.0,,9.0,125.6,2.0,123.9,4.07,2.0,2215.6,2.0,2262.6,2.0,7.4565,25.01,2.0,62.74208701344947,24.895,2.0,43.3,2.0,2.17,2.0,29.3,2.0,0.14,2.0,0.03,2.0,,9.0,3.146,6.0,,9.0,,9.0,,9.0,,9.0,,9.0,,9.0,,9.0,373.4270121195165,29.33877930905496,43.599631710466696,58.121101524607546,66.19957937092957,0.0526180917690726,0.0,4.140297686663601e-08,0.4272742276987403,42.87272577230125,2113.879266764925,0.00035061970535267274,2.050698391969251,0.0,0.0023499653349376,0.0173669809341286,0.0,0.0,0.5484789147955014,0.0666834748586995,27356.90641801809,2262.5999999999995,0.0,0.0,0.0,29.33877930905496,2.184065300283673,0.4272742276987403,0.0,0.0,0.0,43.59963171046656,0.0,0.0,-0.00012993801828980767,0.00012909192491065936,28995.0,2113.879266764925,58.121101524607546,2215.6,0.0411989865702701,0.0411465097360973,899.1486724869301,0.7781434705830291,0.9960088980250656,-0.0001290919249106601,0.0001212336575706075,83.14462618,0.0173669809341286,0.5484789147955014,1.0648191888088103,1.0574061007251891,0.0484899027764516,1e-07,1.3557721060330283e-10,6.814086081224453e-07,1e-07,0.2021761194154255,1.549087565668362e-09,4.3176769465344813e-07,9.559540462541251e-07,5.421173600637558e-10,0.0032790137440388,0.0250578141314582,7.684336140491366e-07,6.411447482639975e-10,1.9650122366108976e-10,1.55569735224323e-07,1.0814329403456056e-14,0.0001307952757590109,-0.00013803953563400008,1.0,1.0,3.0,1.0,10.0,1.0,1.0,0.0,1.0,1.0,902.7516463656152,7.705160342615315,7.76027567249175,7.806445578368523,7.697505255998435,7.705160342615315,2215.6,2.0,2262.6,1.0,0.0,,201.0,1.0,1.0,0.8782531541691649,18.27545290968076,33.911,0.8499334061237579,1.3413507921856138,,0.1217182925911348,7.233,0.0,0.0,0.0,402.76579142857145,9964.572660729,66.19992999063493,2.17,43.3,27356.908767983423,0.0,0.9901471867842848,911.7347990428522,11027.0,10:44:31,2021/06/30 10:44:31,8.0,11027.0,8.0,199.0,197.27,7.2439,33.912,26.5306,2.89,125.56,0.041,124.11,99.58,dRB2102_CTD_026_01_F.csv,dRB2102,CTD,26.0,F.csv,260108
129,E463,1.0,1.0,False,WCOA21,2021_WCOA_RonBrown,6/30/2021,,10:53:26 AM,,E463,260111,11,Niskin; Sterivex 0.22µm filter,95% EtOH,West Coast,CR40,100.7,46.129,-124.906,1000.0,Sean McAllister,,6/30/2021 10:53:26 AM,6/30/2021 ,2021/06/30 10:53:00,2021/06/30 00:00:00,2021/06/30 03:53:00,46.129,-124.906,260111,11,101.0,408.0,33RO20210613,WCOA2021,CR40,26.0,1.0,11023.0,2.0,5.0,2021-06-30,2021.0,6.0,30.0,10:53:26,181.454,46.129,-124.906,1298.0,101.6,100.7,8.057,33.067,2.0,,9.0,201.0,2.0,201.5,6.614,2.0,2124.0,2.0,2208.8,2.0,7.5852,25.01,2.0,78.35115637561458,24.895,2.0,21.5,6.0,1.64,6.0,18.9,6.0,0.16,6.0,0.02,6.0,,9.0,5.171,2.0,,9.0,,9.0,,9.0,,9.0,,9.0,,9.0,,9.0,355.09367731934987,37.64780553779301,30.776372853748573,75.18277018728323,64.5520391448599,0.0293190396822512,0.0,1.7312345555203866e-08,0.2911129185544049,21.208887081445592,2018.0408569589683,0.00026202586123562344,1.5400609105615806,0.0,0.0018038408693897,0.0128333633338402,0.0,0.0,0.7882824820453668,0.0706200324438228,26676.029638195865,2208.8,0.0,0.0,0.0,37.64780553779301,1.6813009581368807,0.2911129185544049,0.0,0.0,0.0,30.776372853748462,0.0,0.0,-0.00014025891650106377,0.00013738657984711529,28995.0,2018.0408569589683,75.18277018728323,2124.0,0.042096452611568,0.0420447201525484,649.7517140165352,0.772472337011271,0.9960516609860064,-0.00013738657984711537,0.00012655476813537483,83.14462618,0.0128333633338402,0.7882824820453668,1.0855899139268592,1.078113264199911,0.0473663588565239,1e-07,1.4462436113351028e-10,6.49855758615621e-07,1e-07,0.189785688117308,1.551868301943093e-09,4.110854547628252e-07,9.59777700260245e-07,5.453138201694327e-10,0.0031615954561878,0.0247885980024784,7.688582731718631e-07,6.711941308581108e-10,2.0091008331671118e-10,1.603448730422961e-07,1.1538251755678771e-14,0.0001432539214711364,-0.00015024613347946626,1.0,1.0,3.0,1.0,10.0,1.0,1.0,0.0,1.0,1.0,652.3273234375579,7.834541864676424,7.89165950996134,7.9389532032707235,7.826836139136566,7.834541864676424,2124.0,2.0,2208.8,1.0,0.0,,101.6,1.0,1.0,0.8423163059478724,16.783247532230238,33.067,1.1241240226544098,1.7770477185615725,,0.1572495693032863,8.057,0.0,0.0,0.0,392.7414828571429,9716.567608514224,64.55230117072115,1.6399999999999997,21.5,26676.03144203673,0.0,0.989572166888278,659.2013652615244,11023.0,10:53:26,2021/06/30 10:53:26,11.0,11023.0,11.0,101.0,100.15,7.9441,33.1936,25.8649,4.39,191.2,0.042,123.66,99.32,dRB2102_CTD_026_01_F.csv,dRB2102,CTD,26.0,F.csv,260111
130,E464,1.0,1.0,False,WCOA21,2021_WCOA_RonBrown,6/30/2021,,11:03:16 AM,,E464,260117,17,Niskin; Sterivex 0.22µm filter,95% EtOH,West Coast,CR40,45.0,46.129,-124.906,1000.0,Sean McAllister,,6/30/2021 11:03:16 AM,6/30/2021 ,2021/06/30 11:03:00,2021/06/30 00:00:00,2021/06/30 04:03:00,46.129,-124.906,260117,17,45.0,414.0,33RO20210613,WCOA2021,CR40,26.0,1.0,11052.0,2.0,5.0,2021-06-30,2021.0,6.0,30.0,11:03:16,181.461,46.129,-124.906,1298.0,45.4,45.0,9.553,32.295,2.0,,9.0,304.4,2.0,,,9.0,,9.0,,9.0,,,9.0,,,9.0,,9.0,,9.0,,9.0,,9.0,,9.0,,9.0,,9.0,,9.0,,9.0,,9.0,,9.0,,9.0,,9.0,,9.0,,,,,,,,,,,,,,,,,,,,,,,,,,,,,,,,,,,,,,,,,,,,,,,,,,,,,,,,,,,,,,,,,,,,,,,,,,,,,,,,,,,,,,,,,,,,,0.0,45.4,,,,,32.295,,,0.0,,9.553,,,,,,,,,,,,,11052.0,11:03:16,2021/06/30 11:03:16,17.0,11052.0,17.0,45.0,44.63,9.7729,32.2729,24.8612,7.2,313.61,0.208,123.08,95.4,dRB2102_CTD_026_01_F.csv,dRB2102,CTD,26.0,F.csv,260115
131,E465,1.0,1.0,False,WCOA21,2021_WCOA_RonBrown,6/30/2021,,11:11:19 AM,,E465,260120,20,Niskin; Sterivex 0.22µm filter,95% EtOH,West Coast,CR40,10.4,46.129,-124.906,1000.0,Sean McAllister,,6/30/2021 11:11:19 AM,6/30/2021 ,2021/06/30 11:11:00,2021/06/30 00:00:00,2021/06/30 04:11:00,46.129,-124.906,260120,20,10.0,417.0,33RO20210613,WCOA2021,CR40,26.0,1.0,11022.0,2.0,5.0,2021-06-30,2021.0,6.0,30.0,11:11:19,181.466,46.129,-124.906,1298.0,10.5,10.4,16.268,31.961,2.0,,9.0,255.4,2.0,259.9,8.509,2.0,1966.9,6.0,,9.0,7.8888,25.01,2.0,127.14428592923517,24.895,3.0,0.9,6.0,0.44,6.0,0.0,6.0,0.14,6.0,0.16,6.0,,9.0,3.288,2.0,,9.0,,9.0,,9.0,,9.0,,9.0,,9.0,,9.0,330.58469122303774,49.020671634105135,20.657503085780192,103.59726999426604,62.39294810914688,0.0058010571866641,0.0,3.086987889385276e-09,0.0193981951360064,0.8806018048639934,1842.645226919954,0.00025652742186877217,0.4017259020011073,0.0,0.0021156626898099,0.010802477526622,0.0,0.0,1.973105668432767,0.0324730377252406,25783.789607775663,2101.3064397128865,0.0,0.0,0.0,49.020671634105135,0.4666719743646007,0.0193981951360064,0.0,0.0,0.0,20.657503085780164,0.0,0.0,-0.00016548965082402792,0.00015879367717443278,28995.0,1842.645226919954,103.59726999426604,1966.9,0.040712883171493,0.0406679306928884,563.2286776574784,0.7400804703314523,0.996446340218052,-0.00015879367717443283,0.0001414138160730786,83.14462618,0.010802477526622,1.973105668432767,1.1229007291082005,1.119599964388729,0.0366769376369412,1e-07,2.8606968863532103e-10,6.037954716142818e-07,1e-07,0.1316508577339284,1.915563348805274e-09,3.865248499390597e-07,1.1522955911722509e-06,7.262841800788852e-10,0.0026273932621267,0.0242757256695444,8.945872163253387e-07,1.0442225859368687e-09,2.845651765599581e-10,2.2408510778616379e-07,2.54888560291796e-14,0.0001727751937054656,-0.0001810441331378348,1.0,1.0,3.0,1.0,10.0,1.0,1.0,0.0,1.0,1.0,565.2373388558257,7.8888,7.96647662851816,8.01098134762911,7.880260291577474,7.8888,1966.9,2.0,7.8888,3.0,0.0,,10.5,1.0,1.0,0.7811013459652709,13.908824856148165,31.961,1.6113760338129757,2.5171513615164787,,0.1705761685112385,16.268,0.0,0.0,0.0,379.6053628571429,9391.57520596737,62.39320463656874,0.44,0.8999999999999999,25783.79172343836,0.0,0.9820779741442984,575.5524039201946,11022.0,11:11:19,2021/06/30 11:11:19,20.0,11022.0,20.0,10.0,9.92,16.1708,31.9422,23.3589,5.89,257.2,0.046,121.62,99.76,dRB2102_CTD_026_01_F.csv,dRB2102,CTD,26.0,F.csv,260120
132,E466.1B,1.0,1.0,False,WCOA21,2021_WCOA_RonBrown,6/30/2021,,11:13:59 AM,,E466.1B,260122,22,Niskin; Sterivex 0.22µm filter,95% EtOH,West Coast,CR40,3.1,46.129,-124.906,1000.0,Sean McAllister,,6/30/2021 11:13:59 AM,6/30/2021 ,2021/06/30 11:13:00,2021/06/30 00:00:00,2021/06/30 04:13:00,46.129,-124.906,260122,22,3.0,419.0,33RO20210613,WCOA2021,CR40,26.0,1.0,11024.0,2.0,5.0,2021-06-30,2021.0,6.0,30.0,11:13:59,181.468,46.129,-124.906,1298.0,3.1,3.1,16.271,31.96,2.0,,9.0,255.1,2.0,,,9.0,,9.0,,9.0,,,9.0,,,9.0,,9.0,,9.0,,9.0,,9.0,,9.0,,9.0,,9.0,,9.0,,9.0,,9.0,,9.0,,9.0,,9.0,,9.0,,,,,,,,,,,,,,,,,,,,,,,,,,,,,,,,,,,,,,,,,,,,,,,,,,,,,,,,,,,,,,,,,,,,,,,,,,,,,,,,,,,,,,,,,,,,,0.0,3.1,,,,,31.96,,,0.0,,16.271,,,,,,,,,,,,,11024.0,11:13:59,2021/06/30 11:13:59,22.0,11024.0,22.0,3.0,2.98,16.1853,31.944,23.3568,5.85,255.09,0.047,121.44,99.75,dRB2102_CTD_026_01_F.csv,dRB2102,CTD,26.0,F.csv,260121
133,E466.2B,2.0,1.0,False,WCOA21,2021_WCOA_RonBrown,6/30/2021,,11:14:03 AM,,E466.2B,260123,23,Niskin; Sterivex 0.22µm filter,95% EtOH,West Coast,CR40,3.3,46.129,-124.906,1000.0,Sean McAllister,,6/30/2021 11:14:03 AM,6/30/2021 ,2021/06/30 11:14:00,2021/06/30 00:00:00,2021/06/30 04:14:00,46.129,-124.906,260123,23,3.0,420.0,33RO20210613,WCOA2021,CR40,26.0,1.0,11061.0,2.0,5.0,2021-06-30,2021.0,6.0,30.0,11:14:03,181.468,46.129,-124.906,1298.0,3.3,3.3,16.272,31.96,2.0,,9.0,255.1,2.0,,,9.0,,9.0,,9.0,,,9.0,,,9.0,,9.0,,9.0,,9.0,,9.0,,9.0,,9.0,,9.0,,9.0,,9.0,,9.0,,9.0,,9.0,,9.0,,9.0,,,,,,,,,,,,,,,,,,,,,,,,,,,,,,,,,,,,,,,,,,,,,,,,,,,,,,,,,,,,,,,,,,,,,,,,,,,,,,,,,,,,,,,,,,,,,0.0,3.3,,,,,31.96,,,0.0,,16.272,,,,,,,,,,,,,11061.0,11:14:03,2021/06/30 11:14:03,23.0,11061.0,23.0,3.0,2.98,16.1853,31.944,23.3568,5.85,255.09,0.047,121.44,99.75,dRB2102_CTD_026_01_F.csv,dRB2102,CTD,26.0,F.csv,260121
134,E466.3B,3.0,1.0,False,WCOA21,2021_WCOA_RonBrown,6/30/2021,,11:14:06 AM,,E466.3B,260124,24,Niskin; Sterivex 0.22µm filter,95% EtOH,West Coast,CR40,3.8,46.129,-124.906,1000.0,Sean McAllister,,6/30/2021 11:14:06 AM,6/30/2021 ,2021/06/30 11:14:00,2021/06/30 00:00:00,2021/06/30 04:14:00,46.129,-124.906,260124,24,4.0,421.0,33RO20210613,WCOA2021,CR40,26.0,1.0,11001.0,2.0,5.0,2021-06-30,2021.0,6.0,30.0,11:14:06,181.468,46.129,-124.906,1298.0,3.8,3.8,16.273,31.959,2.0,,9.0,255.1,2.0,,,9.0,,9.0,,9.0,,,9.0,,,9.0,,9.0,,9.0,,9.0,,9.0,,9.0,,9.0,,9.0,,9.0,,9.0,,9.0,,9.0,,9.0,,9.0,,9.0,,,,,,,,,,,,,,,,,,,,,,,,,,,,,,,,,,,,,,,,,,,,,,,,,,,,,,,,,,,,,,,,,,,,,,,,,,,,,,,,,,,,,,,,,,,,,0.0,3.8,,,,,31.959,,,0.0,,16.273,,,,,,,,,,,,,11001.0,11:14:06,2021/06/30 11:14:06,24.0,11001.0,24.0,4.0,3.97,16.1676,31.9422,23.3594,5.87,256.18,0.047,121.28,99.74,dRB2102_CTD_026_01_F.csv,dRB2102,CTD,26.0,F.csv,260121
135,E467,1.0,1.0,False,WCOA21,2021_WCOA_RonBrown,6/30/2021,,6:30:35 PM,,E467,270103,3,Niskin; Sterivex 0.22µm filter,95% EtOH,West Coast,CR0,12.8,46.243,-124.118,1000.0,Sean McAllister,,6/30/2021 6:30:35 PM,6/30/2021 ,2021/06/30 06:30:00,2021/06/30 00:00:00,2021/06/29 23:30:00,46.243,-124.118,270103,3,13.0,424.0,33RO20210613,WCOA2021,CR0,27.0,1.0,11020.0,2.0,5.0,2021-06-30,2021.0,6.0,30.0,18:30:35,181.771,46.243,-124.118,23.0,12.9,12.8,15.78,29.081,2.0,,9.0,296.6,2.0,,,9.0,,9.0,,9.0,,,9.0,,,9.0,,9.0,,9.0,,9.0,,9.0,,9.0,,9.0,,9.0,,9.0,,9.0,,9.0,,9.0,,9.0,,9.0,,9.0,,,,,,,,,,,,,,,,,,,,,,,,,,,,,,,,,,,,,,,,,,,,,,,,,,,,,,,,,,,,,,,,,,,,,,,,,,,,,,,,,,,,,,,,,,,,,0.0,12.9,,,,,29.081,,,0.0,,15.78,,,,,,,,,,,,,11020.0,18:30:35,2021/06/30 18:30:35,3.0,11020.0,3.0,13.0,12.89,15.8122,29.0467,21.2153,6.78,296.58,0.241,126.4,4.51,dRB2102_CTD_027_01_F.csv,dRB2102,CTD,27.0,F.csv,270101
136,E468,1.0,1.0,False,WCOA21,2021_WCOA_RonBrown,6/30/2021,,6:33:21 PM,,E468,270106,6,Niskin; Sterivex 0.22µm filter,95% EtOH,West Coast,CR0,10.0,46.244,-124.118,1000.0,Sean McAllister,,6/30/2021 6:33:21 PM,6/30/2021 ,2021/06/30 06:33:00,2021/06/30 00:00:00,2021/06/29 23:33:00,46.244,-124.118,270106,6,10.0,427.0,33RO20210613,WCOA2021,CR0,27.0,1.0,11082.0,2.0,5.0,2021-06-30,2021.0,6.0,30.0,18:33:21,181.773,46.244,-124.118,23.0,10.0,10.0,15.907,28.733,2.0,,9.0,294.9,2.0,295.7,9.66,2.0,1813.3,3.0,2053.6,2.0,8.045,24.99,2.0,117.65617932628736,24.95,3.0,9.1,2.0,0.18,2.0,0.0,2.0,0.16,2.0,0.05,2.0,,9.0,17.185,2.0,248000.0,2.0,22200.0,2.0,1220.0,2.0,71.1,2.0,5060000.0,2.0,2490000.0,2.0,1550000.0,2.0,265.5911806537148,75.67476506057098,9.397582925499474,169.79478385463273,56.09148888739022,0.0011626210836239,0.0,3.123520436767313e-10,0.376751259937396,8.723248740062603,1634.1076332198677,0.00012116306282415856,0.1543445612767251,0.0,0.000985684189116927,0.005366864501826,0.0,0.0,3.654426266493233,0.0244928173272988,23179.67698401495,2053.5999999999995,0.0,0.0,0.0,75.67476506057098,0.2033301956189708,0.376751259937396,0.0,0.0,0.0,9.3975829254995,0.0,0.0,-0.0002279430608870227,0.0002094187254822372,28995.0,1634.1076332198677,169.79478385463273,1813.3,0.0424474866976733,0.0424022595192838,248.9728291181493,0.7346313104906524,0.9964301208285036,-0.00020941872548223725,0.00017394356860432944,83.14462618,0.005366864501826,3.654426266493233,1.2039463554907466,1.229778574892718,0.0377454156695931,1e-07,2.8204618720959457e-10,5.377722280957249e-07,1e-07,0.1262089693056312,1.810028600014518e-09,3.406487463929294e-07,1.1046189703309133e-06,6.600725785095776e-10,0.00248454779491,0.0236451377254731,8.433369745074049e-07,1.0080809740855731e-09,2.743623173240766e-10,2.181790806816297e-07,2.3214920948534065e-14,0.0002500625883982893,-0.00026307112206155214,1.0,1.0,3.0,1.0,10.0,1.0,1.0,0.0,1.0,1.0,249.8648163216257,8.197051994623902,8.270279369283879,8.322777187045167,8.188846621377795,8.197051994623902,1813.3,2.0,2053.6,1.0,0.0,,10.0,1.0,1.0,0.6612035834310657,10.424645271735946,28.733,2.665784438187693,4.208396044685582,,0.304480881278793,15.907,0.0,0.0,0.0,341.2659457142857,8443.044034700431,56.09161005045305,0.18,9.1,23179.67796969914,0.0,0.9824556455703992,254.32681612466885,11082.0,18:33:21,2021/06/30 18:33:21,6.0,11082.0,6.0,10.0,9.92,16.0831,27.8275,20.2212,6.7,293.25,0.182,126.3,7.73,dRB2102_CTD_027_01_F.csv,dRB2102,CTD,27.0,F.csv,270106
137,E469,1.0,1.0,False,WCOA21,2021_WCOA_RonBrown,6/30/2021,,6:38:52 PM,,E469,270111,11,Niskin; Sterivex 0.22µm filter,95% EtOH,West Coast,CR0,3.6,46.245,-124.119,1000.0,Sean McAllister,"Niskins 9-13 all deemed ""surface"" due to rough sampling water when tripping",6/30/2021 6:38:52 PM,6/30/2021 ,2021/06/30 06:38:00,2021/06/30 00:00:00,2021/06/29 23:38:00,46.245,-124.119,270111,11,4.0,432.0,33RO20210613,WCOA2021,CR0,27.0,1.0,11023.0,2.0,5.0,2021-06-30,2021.0,6.0,30.0,18:38:52,181.777,46.245,-124.119,23.0,3.6,3.6,17.179,17.463,2.0,,9.0,276.2,2.0,,,9.0,,9.0,1604.8,2.0,,,9.0,,,9.0,,9.0,,9.0,,9.0,,9.0,,9.0,10.3,3.0,,9.0,,9.0,,9.0,,9.0,,9.0,,9.0,,9.0,,9.0,,,,,,,,,,,,,,,,,,,,,,,,,,,,,,,,,,,,,,,,,,,,,,,,,,,,,,,,,,,,,,,,,,,,,,,,,,,,,,,,,,,,,,,,,,,,,0.0,3.6,,,,,17.463,,,0.0,,17.179,,,,,,,,,,,,,11023.0,18:38:52,2021/06/30 18:38:52,11.0,11023.0,11.0,4.0,3.97,17.3709,15.5276,10.5532,5.7,251.91,0.194,124.61,16.86,dRB2102_CTD_027_01_F.csv,dRB2102,CTD,27.0,F.csv,270110
138,E470,1.0,1.0,False,WCOA21,2021_WCOA_RonBrown,6/30/2021,,7:52:24 PM,,E470,280110,10,Niskin; Sterivex 0.22µm filter,95% EtOH,West Coast,CR-1,2.9,46.252,-124.003,750.0,Sean McAllister,Only 750 mL filtered until plugged,6/30/2021 7:52:24 PM,6/30/2021 ,2021/06/30 07:52:00,2021/06/30 00:00:00,2021/06/30 00:52:00,46.252,-124.003,280110,10,3.0,444.0,33RO20210613,WCOA2021,CR1,28.0,1.0,11067.0,2.0,5.0,2021-06-30,2021.0,6.0,30.0,19:52:24,181.828,46.252,-124.003,24.0,2.9,2.9,20.006,4.572,2.0,4.5623,6.0,257.6,2.0,,,9.0,,9.0,,9.0,,,9.0,,,9.0,,9.0,,9.0,,9.0,,9.0,,9.0,,9.0,,9.0,16850.0,2.0,23300.0,2.0,1980.0,2.0,57.4,2.0,4100000.0,2.0,1700000.0,2.0,1430000.0,2.0,,,,,,,,,,,,,,,,,,,,,,,,,,,,,,,,,,,,,,,,,,,,,,,,,,,,,,,,,,,,,,,,,,,,,,,,,,,,,,,,,,,,,,,,,,,,,0.0,2.9,,,,,4.5623,,,0.0,,20.006,,,,,,,,,,,,,11067.0,19:52:24,2021/06/30 19:52:24,10.0,11067.0,10.0,3.0,2.98,20.3351,5.172,2.0642,6.54,291.29,0.082,128.78,15.5,dRB2102_CTD_028_01_F.csv,dRB2102,CTD,28.0,F.csv,280108
139,E471,1.0,1.0,False,WCOA21,2021_WCOA_RonBrown,6/30/2021,,7:45:05 PM,,E471,280103,3,Niskin; Sterivex 0.22µm filter,95% EtOH,West Coast,CR-1,14.1,46.251,-124.003,750.0,Sean McAllister,Only 750 mL filtered until plugged,6/30/2021 7:45:05 PM,6/30/2021 ,2021/06/30 07:45:00,2021/06/30 00:00:00,2021/06/30 00:45:00,46.251,-124.003,280103,3,14.0,437.0,33RO20210613,WCOA2021,CR1,28.0,1.0,11020.0,2.0,5.0,2021-06-30,2021.0,6.0,30.0,19:45:05,181.823,46.251,-124.003,24.0,14.2,14.1,18.775,9.736,2.0,,9.0,269.9,2.0,,,9.0,,9.0,,9.0,,,9.0,,,9.0,,9.0,,9.0,,9.0,,9.0,,9.0,,9.0,,9.0,,9.0,,9.0,,9.0,,9.0,,9.0,,9.0,,9.0,,,,,,,,,,,,,,,,,,,,,,,,,,,,,,,,,,,,,,,,,,,,,,,,,,,,,,,,,,,,,,,,,,,,,,,,,,,,,,,,,,,,,,,,,,,,,0.0,14.2,,,,,9.736,,,0.0,,18.775,,,,,,,,,,,,,11020.0,19:45:05,2021/06/30 19:45:05,3.0,11020.0,3.0,14.0,13.88,18.6526,10.3195,6.327,6.04,267.9,0.161,141.53,4.16,dRB2102_CTD_028_01_F.csv,dRB2102,CTD,28.0,F.csv,280101
140,E472,1.0,1.0,False,WCOA21,2021_WCOA_RonBrown,6/30/2021,,10:17:03 PM,,E472,290103,3,Niskin; Sterivex 0.22µm filter,95% EtOH,West Coast,CR-2,10.6,46.193,-123.914,1000.0,Sean McAllister,Filtered 500 mL onto each of two filters,6/30/2021 10:17:03 PM,6/30/2021 ,2021/06/30 10:17:00,2021/06/30 00:00:00,2021/06/30 03:17:00,46.193,-123.914,290103,3,11.0,448.0,33RO20210613,WCOA2021,CR2,29.0,1.0,11020.0,2.0,5.0,2021-06-30,2021.0,6.0,30.0,22:17:03,181.929,46.193,-123.914,21.0,10.7,10.6,20.082,5.311,2.0,,9.0,272.2,2.0,,,9.0,,9.0,,9.0,,,9.0,,,9.0,,9.0,,9.0,,9.0,,9.0,,9.0,,9.0,,9.0,,9.0,,9.0,,9.0,,9.0,,9.0,,9.0,,9.0,,,,,,,,,,,,,,,,,,,,,,,,,,,,,,,,,,,,,,,,,,,,,,,,,,,,,,,,,,,,,,,,,,,,,,,,,,,,,,,,,,,,,,,,,,,,,0.0,10.7,,,,,5.311,,,0.0,,20.082,,,,,,,,,,,,,11020.0,22:17:03,2021/06/30 22:17:03,3.0,11020.0,3.0,11.0,10.91,20.0324,5.4985,2.3776,6.11,272.13,0.098,143.57,3.75,dRB2102_CTD_029_01_F.csv,dRB2102,CTD,29.0,F.csv,290101
141,E473,1.0,1.0,False,WCOA21,2021_WCOA_RonBrown,6/30/2021,,10:20:53 PM,,E473,290106,6,Niskin; Sterivex 0.22µm filter,95% EtOH,West Coast,CR-2,5.9,46.193,-123.914,1000.0,Sean McAllister,Filtered 500 mL onto each of two filters,6/30/2021 10:20:53 PM,6/30/2021 ,2021/06/30 10:20:00,2021/06/30 00:00:00,2021/06/30 03:20:00,46.193,-123.914,290106,6,6.0,451.0,33RO20210613,WCOA2021,CR2,29.0,1.0,11082.0,2.0,5.0,2021-06-30,2021.0,6.0,30.0,22:20:53,181.931,46.193,-123.914,21.0,6.0,5.9,20.706,3.263,2.0,,9.0,260.0,2.0,258.7,8.282,2.0,1078.8,3.0,,5.0,7.6625,25.05,2.0,,,9.0,148.2,6.0,0.56,6.0,5.0,6.0,0.3,6.0,1.41,6.0,4.5,3.0,213.841,2.0,20350.0,2.0,31900.0,2.0,2750.0,2.0,17.9,2.0,4920000.0,2.0,1870000.0,2.0,1840000.0,2.0,37.1048103556055,1.650306787251633,29.05479301880605,16.327089020590265,6.3697993241140605,0.0503216562730615,0.0,8.775972536234115e-08,1.353699667863746,146.84630033213622,1033.4181179606037,0.00012110169000776346,0.5089697739342999,0.0,0.0014695644192144,0.020282475100565,0.0,0.0,0.6367249003599613,0.0007084820329132411,2632.3477183076543,1070.2015408662903,0.0,0.0,0.0,1.650306787251633,0.510386650240401,1.353699667863746,0.0,0.0,0.0,29.05479301880615,0.0,0.0,-4.885831982849349e-05,4.944163320691928e-05,28995.0,1033.4181179606037,16.327089020590265,1078.8,0.0351409456790605,0.0350992045312993,770.613826951981,0.6967994513801455,0.9966379365348405,-4.944163320691952e-05,4.781440420153237e-05,83.14462618,0.020282475100565,0.6367249003599613,1.0340321924441085,1.0328749397643762,0.0377034410785578,1e-07,4.368170577361535e-10,5.8364137499981175e-08,1e-07,0.0363308517507141,9.674632336335983e-10,3.293628117853551e-08,7.736745044309198e-07,3.4366293065840884e-10,0.0010668331398071,0.012472676876753,2.200072866140061e-07,3.0278673802389035e-11,2.00520746639724e-10,1.5398186426035044e-07,1.3850065718236676e-14,4.828860984280149e-05,-5.118352063100043e-05,1.0,1.0,3.0,1.0,10.0,1.0,1.0,0.0,1.0,1.0,773.2134195405895,7.6625,7.692879048504003,7.816980981230008,7.660088781291226,7.6625,1078.8,2.0,7.6625,3.0,0.0,,6.0,1.0,1.0,0.9341757583704092,22.56223868131826,3.263,0.2682241291945652,0.4753016854655233,,0.0509512824661036,20.706,0.0,0.0,0.0,38.75511714285714,958.81574096779,6.369920425804069,0.56,148.19999999999996,2632.349187872074,0.0,0.9759573362871676,792.261496267986,11082.0,22:20:53,2021/06/30 22:20:53,6.0,11082.0,6.0,6.0,5.95,20.7557,3.1793,0.4628,5.83,260.04,0.098,141.27,8.6,dRB2102_CTD_029_01_F.csv,dRB2102,CTD,29.0,F.csv,290106
142,E474,1.0,1.0,False,WCOA21,2021_WCOA_RonBrown,6/30/2021,,10:24:36 PM,,E474,290110,10,Niskin; Sterivex 0.22µm filter,95% EtOH,West Coast,CR-2,2.8,46.193,-123.913,1000.0,Sean McAllister,Filtered 500 mL onto each of two filters,6/30/2021 10:24:36 PM,6/30/2021 ,2021/06/30 10:24:00,2021/06/30 00:00:00,2021/06/30 03:24:00,46.193,-123.913,290110,10,3.0,455.0,33RO20210613,WCOA2021,CR2,29.0,1.0,11067.0,2.0,5.0,2021-06-30,2021.0,6.0,30.0,22:24:36,181.934,46.193,-123.913,21.0,2.9,2.8,20.877,2.752,2.0,,9.0,273.7,2.0,,,9.0,,9.0,,9.0,,,9.0,,,9.0,,9.0,,9.0,,9.0,,9.0,,9.0,,9.0,,9.0,17450.0,2.0,32400.0,2.0,3590.0,2.0,35.4,2.0,4190000.0,2.0,1600000.0,2.0,1500000.0,2.0,,,,,,,,,,,,,,,,,,,,,,,,,,,,,,,,,,,,,,,,,,,,,,,,,,,,,,,,,,,,,,,,,,,,,,,,,,,,,,,,,,,,,,,,,,,,,0.0,2.9,,,,,2.752,,,0.0,,20.877,,,,,,,,,,,,,11067.0,22:24:36,2021/06/30 22:24:36,10.0,11067.0,10.0,3.0,2.98,21.0513,2.3342,-0.2429,7.83,349.75,0.107,127.49,11.98,dRB2102_CTD_029_01_F.csv,dRB2102,CTD,29.0,F.csv,290109
143,E475,1.0,1.0,False,WCOA21,2021_WCOA_RonBrown,7/1/2021,,12:45:52 AM,,E475,300102,2,Niskin; Sterivex 0.22µm filter,95% EtOH,West Coast,CR3,19.7,46.131,-124.031,1000.0,Sean McAllister,,7/1/2021 12:45:52 AM,7/1/2021 ,2021/07/01 12:45:00,2021/07/01 00:00:00,2021/07/01 05:45:00,46.131,-124.031,300102,2,20.0,458.0,33RO20210613,WCOA2021,CR3,30.0,1.0,11081.0,2.0,5.0,2021-07-01,2021.0,7.0,1.0,00:45:52,182.032,46.131,-124.031,30.0,19.9,19.7,14.011,31.508,2.0,,9.0,323.9,2.0,,,9.0,,9.0,,9.0,,,9.0,,,9.0,,9.0,,9.0,,9.0,,9.0,,9.0,,9.0,,9.0,30600.0,2.0,2930.0,2.0,1170.0,2.0,23.2,2.0,1800000.0,2.0,790000.0,2.0,764000.0,2.0,,,,,,,,,,,,,,,,,,,,,,,,,,,,,,,,,,,,,,,,,,,,,,,,,,,,,,,,,,,,,,,,,,,,,,,,,,,,,,,,,,,,,,,,,,,,,0.0,19.9,,,,,31.508,,,0.0,,14.011,,,,,,,,,,,,,11081.0,00:45:52,2021/07/01 00:45:52,2.0,11081.0,2.0,20.0,19.83,13.995,31.5112,23.4941,7.42,323.87,0.275,166.43,9.1,dRB2102_CTD_030_01_F.csv,dRB2102,CTD,30.0,F.csv,300101
144,E476,1.0,1.0,False,WCOA21,2021_WCOA_RonBrown,7/1/2021,,12:48:04 AM,,E476,300103,3,Niskin; Sterivex 0.22µm filter,95% EtOH,West Coast,CR3,14.0,46.131,-124.031,1000.0,Sean McAllister,,7/1/2021 12:48:04 AM,7/1/2021 ,2021/07/01 12:48:00,2021/07/01 00:00:00,2021/07/01 05:48:00,46.131,-124.031,300103,3,14.0,459.0,33RO20210613,WCOA2021,CR3,30.0,1.0,11020.0,2.0,5.0,2021-07-01,2021.0,7.0,1.0,00:48:04,182.033,46.131,-124.031,30.0,14.1,14.0,15.264,30.511,2.0,,9.0,336.8,2.0,338.1,11.06,2.0,1842.7,2.0,2122.6,2.0,8.0928,25.03,6.0,186.90686998586304,25.08,2.0,0.5,2.0,0.17,2.0,0.0,2.0,0.16,2.0,0.04,2.0,,9.0,12.055,2.0,,9.0,,9.0,,9.0,,9.0,,9.0,,9.0,,9.0,273.8873445953657,88.49616111892007,8.34359787040757,195.54333052228884,59.562453623375,0.0009466843449625208,0.0,2.224617184886781e-10,0.02282708886502,0.47717291113498,1638.8130716073038,0.00010908324711084504,0.1438617133795398,0.0,0.0008802592906160343,0.0047710563644798,0.0,0.0,3.9927946219723953,0.0251916020530358,24614.03714338914,2122.5999999999995,0.0,0.0,0.0,88.49616111892007,0.1942449172631499,0.02282708886502,0.0,0.0,0.0,8.343597870407544,0.0,0.0,-0.00025579722788378296,0.00023220730770069149,28995.0,1638.8130716073038,195.54333052228884,1842.7,0.0426801378373833,0.0426344162237388,218.96318724385148,0.7404406972613613,0.9964009859545262,-0.00023220730770069149,0.00018915480048785555,83.14462618,0.0047710563644798,3.9927946219723953,1.2276046238414131,1.2673640118701568,0.0381050256686097,1e-07,2.6546657593926075e-10,5.756238131892109e-07,1e-07,0.1334095076535068,1.826005302552362e-09,3.662355348923156e-07,1.1100067576109124e-06,6.743155216001096e-10,0.0026051280189255,0.0240491358480405,8.587951853705823e-07,9.896010029903695e-10,2.703487192408199e-10,2.1441198085096173e-07,2.2564542880429516e-14,0.0002847221236493644,-0.0003006327003866154,1.0,1.0,3.0,1.0,10.0,1.0,1.0,0.0,1.0,1.0,219.75408528333645,8.247850432021039,8.321385452726762,8.370057142505392,8.239547423615836,8.247850432021039,1842.7,2.0,2122.6,1.0,0.0,,14.1,1.0,1.0,0.6291890411275998,9.741756462153909,30.511,3.04564148311194,4.786929713501493,,0.3434906122275436,15.264,0.0,0.0,0.0,362.3835057142857,8965.500175503597,59.5625627066221,0.17,0.5,24614.03802364843,0.0,0.9831804847827272,223.51347355302707,11020.0,00:48:04,2021/07/01 00:48:04,3.0,11020.0,3.0,14.0,13.88,15.3823,30.4414,22.3794,7.71,336.83,0.153,166.6,15.27,dRB2102_CTD_030_01_F.csv,dRB2102,CTD,30.0,F.csv,300103
145,E477,1.0,1.0,False,WCOA21,2021_WCOA_RonBrown,7/1/2021,,12:49:56 AM,,E477,300104,4,Niskin; Sterivex 0.22µm filter,95% EtOH,West Coast,CR3,9.7,46.131,-124.031,1000.0,Sean McAllister,,7/1/2021 12:49:56 AM,7/1/2021 ,2021/07/01 12:49:00,2021/07/01 00:00:00,2021/07/01 05:49:00,46.131,-124.031,300104,4,10.0,460.0,33RO20210613,WCOA2021,CR3,30.0,1.0,11058.0,2.0,5.0,2021-07-01,2021.0,7.0,1.0,00:49:56,182.035,46.131,-124.031,30.0,9.7,9.7,16.483,29.239,2.0,,9.0,302.9,2.0,300.2,9.811,2.0,1820.3,2.0,2067.3,2.0,8.0695,25.03,2.0,152.57760446249335,25.08,3.0,9.4,2.0,0.11,2.0,0.0,2.0,0.16,2.0,0.03,2.0,,9.0,9.658,2.0,227500.0,2.0,11100.0,2.0,799.0,2.0,9.41,2.0,5010000.0,2.0,1880000.0,2.0,4110000.0,2.0,269.5188193838876,77.75696061611235,9.33978230919171,174.2142978594422,57.07928229751947,0.0007020806781304719,0.0,1.9010232578981142e-10,0.3954936081036186,9.004506391896381,1636.745919831366,0.00012417814255520285,0.0940182529819358,0.0,0.0010229220687812,0.0054003502305762,0.0,0.0,3.855000090883455,0.0152796661498313,23587.88065166928,2067.3,0.0,0.0,0.0,77.75696061611235,0.1245775850914962,0.3954936081036186,0.0,0.0,0.0,9.339782309191738,0.0,0.0,-0.00023322169436960287,0.00021385195454381263,28995.0,1636.745919831366,174.2142978594422,1820.3,0.0423058655130176,0.042261075654387,252.442546445725,0.7337395861301252,0.9964559532693832,-0.00021385195454381303,0.00017702138566774549,83.14462618,0.0054003502305762,3.855000090883455,1.2080571719464173,1.2359132490851388,0.0369976552712343,1e-07,2.9488464976562794e-10,5.468162614090267e-07,1e-07,0.1245283688793748,1.853132689579072e-09,3.474249599556559e-07,1.1256434521176835e-06,6.836894277616951e-10,0.002482305734115,0.0237222526560792,8.601644554464132e-07,1.0438979016161046e-09,2.8212131176178634e-10,2.2363489550869614e-07,2.476171546880186e-14,0.0002564497491725518,-0.0002700345870539829,1.0,1.0,3.0,1.0,10.0,1.0,1.0,0.0,1.0,1.0,253.3403966502063,8.192243663714313,8.267578073829933,8.318385808817515,8.18392775923221,8.192243663714313,1820.3,2.0,2067.3,1.0,0.0,,9.7,1.0,1.0,0.6555507855456935,10.28293837568616,29.239,2.737303611413234,4.308274590649615,,0.3030814391563508,16.483,0.0,0.0,0.0,347.27578,8591.72952808986,57.07940647566202,0.11,9.4,23587.88167459135,0.0,0.9818038376281444,258.0356553323621,11058.0,00:49:56,2021/07/01 00:49:56,4.0,11058.0,4.0,10.0,9.92,16.3446,29.5761,21.5044,7.04,307.86,0.11,170.92,19.5,dRB2102_CTD_030_01_F.csv,dRB2102,CTD,30.0,F.csv,300104
146,E478,1.0,1.0,False,WCOA21,2021_WCOA_RonBrown,7/1/2021,,12:52:00 AM,,E478,300106,6,Niskin; Sterivex 0.22µm filter,95% EtOH,West Coast,CR3,4.8,46.131,-124.031,1000.0,Sean McAllister,,7/1/2021 12:52:00 AM,7/1/2021 ,2021/07/01 12:52:00,2021/07/01 00:00:00,2021/07/01 05:52:00,46.131,-124.031,300106,6,5.0,462.0,33RO20210613,WCOA2021,CR3,30.0,1.0,11082.0,2.0,5.0,2021-07-01,2021.0,7.0,1.0,00:52:00,182.036,46.131,-124.031,30.0,4.8,4.8,16.562,28.529,2.0,,9.0,289.3,2.0,290.9,9.501,2.0,1819.2,2.0,2053.0,2.0,8.0412,25.03,2.0,144.3792916111104,25.08,3.0,14.4,6.0,0.1,6.0,0.0,6.0,0.16,6.0,0.03,6.0,,9.0,10.065,2.0,,9.0,,9.0,,9.0,,9.0,,9.0,,9.0,,9.0,265.6302968870671,73.21271168436144,9.79211083148077,165.99711032305638,55.69324014403285,0.0006734084164495385,0.0,1.9044095548686742e-10,0.5836978167424682,13.81630218325753,1643.4107788454628,0.00012786937943065,0.0859278268889975,0.0,0.0010525638272031,0.0056097583829411,0.0,0.0,3.6926558432027705,0.0133987645041119,23015.104672475216,2052.9999999999995,0.0,0.0,0.0,73.21271168436144,0.1127253557067804,0.5836978167424682,0.0,0.0,0.0,9.792110831480716,0.0,0.0,-0.00022404254599464368,0.0002063263987781529,28995.0,1643.4107788454628,165.99711032305638,1819.2,0.0422636116904328,0.0422188814014971,264.24860905727274,0.7321102459126068,0.9964594767888834,-0.0002063263987781529,0.00017204179440003236,83.14462618,0.0056097583829411,3.6926558432027705,1.1992806718721027,1.2228324065248697,0.0370564328282182,1e-07,2.9760027592050465e-10,5.319471202238935e-07,1e-07,0.1226616125634392,1.836261467009053e-09,3.371855274649771e-07,1.1181381011540928e-06,6.72945715795241e-10,0.0024433185033214,0.0235582932797011,8.501213523684266e-07,1.0388588914803831e-09,2.8146336878085117e-10,2.235198919908734e-07,2.4601663216344527e-14,0.00024508684605115924,-0.0002576763062040094,1.0,1.0,3.0,1.0,10.0,1.0,1.0,0.0,1.0,1.0,265.1875115973816,8.176374364198326,8.251055843773273,8.303541464930568,8.16811794979543,8.176374364198326,1819.2,2.0,2053.0,1.0,0.0,,4.8,1.0,1.0,0.6676663327509125,10.574174759942272,28.529,2.615993715262233,4.127016760830845,,0.2929557151414833,16.562,0.0,0.0,0.0,338.8430085714286,8383.099685586909,55.69336801341228,0.1,14.4,23015.105725039044,0.0,0.981705052272341,270.12951699041906,11082.0,00:52:00,2021/07/01 00:52:00,6.0,11082.0,6.0,5.0,4.96,16.5689,28.5026,20.6316,6.56,287.25,0.086,171.2,24.21,dRB2102_CTD_030_01_F.csv,dRB2102,CTD,30.0,F.csv,300106
147,E479,1.0,1.0,False,WCOA21,2021_WCOA_RonBrown,7/1/2021,,12:53:57 AM,,E479,300108,8,Niskin; Sterivex 0.22µm filter,95% EtOH,West Coast,CR3,4.1,46.131,-124.031,1000.0,Sean McAllister,,7/1/2021 12:53:57 AM,7/1/2021 ,2021/07/01 12:53:00,2021/07/01 00:00:00,2021/07/01 05:53:00,46.131,-124.031,300108,8,4.0,464.0,33RO20210613,WCOA2021,CR3,30.0,1.0,11027.0,2.0,5.0,2021-07-01,2021.0,7.0,1.0,00:53:57,182.037,46.131,-124.031,30.0,4.1,4.1,16.564,28.52,2.0,,9.0,289.2,2.0,,,9.0,,9.0,,9.0,,,9.0,,,9.0,,9.0,,9.0,,9.0,,9.0,,9.0,,9.0,10.154,2.0,269000.0,2.0,11100.0,2.0,693.0,2.0,0.0,2.0,7780000.0,2.0,2980000.0,2.0,6260000.0,2.0,,,,,,,,,,,,,,,,,,,,,,,,,,,,,,,,,,,,,,,,,,,,,,,,,,,,,,,,,,,,,,,,,,,,,,,,,,,,,,,,,,,,,,,,,,,,,0.0,4.1,,,,,28.52,,,0.0,,16.564,,,,,,,,,,,,,11027.0,00:53:57,2021/07/01 00:53:57,8.0,11027.0,8.0,4.0,3.97,16.5712,28.3989,20.5517,6.31,276.25,0.089,172.1,25.2,dRB2102_CTD_030_01_F.csv,dRB2102,CTD,30.0,F.csv,300107
148,E480,1.0,1.0,False,WCOA21,2021_WCOA_RonBrown,7/1/2021,,1:53:51 AM,,E480,310102,2,Niskin; Sterivex 0.22µm filter,95% EtOH,West Coast,CR6,36.0,46.129,-124.09,1000.0,Sean McAllister,,7/1/2021 1:53:51 AM,7/1/2021 ,2021/07/01 01:53:00,2021/07/01 00:00:00,2021/06/30 18:53:00,46.129,-124.09,310102,2,36.0,469.0,33RO20210613,WCOA2021,CR6,31.0,1.0,11081.0,2.0,5.0,2021-07-01,2021.0,7.0,1.0,01:53:51,182.079,46.129,-124.09,47.0,36.3,36.0,8.002,33.321,2.0,,9.0,104.4,2.0,,,9.0,,9.0,,9.0,,,9.0,,,9.0,,9.0,,9.0,,9.0,,9.0,,9.0,,9.0,,9.0,7060.0,2.0,2050.0,2.0,240.0,2.0,8.28,2.0,1480000.0,2.0,845000.0,2.0,406000.0,2.0,,,,,,,,,,,,,,,,,,,,,,,,,,,,,,,,,,,,,,,,,,,,,,,,,,,,,,,,,,,,,,,,,,,,,,,,,,,,,,,,,,,,,,,,,,,,,0.0,36.3,,,,,33.321,,,0.0,,8.002,,,,,,,,,,,,,11081.0,01:53:51,2021/07/01 01:53:51,2.0,11081.0,2.0,36.0,35.7,7.9381,33.3288,25.971,2.4,104.41,0.173,176.57,10.87,dRB2102_CTD_031_01_F.csv,dRB2102,CTD,31.0,F.csv,310101
149,E481,1.0,1.0,False,WCOA21,2021_WCOA_RonBrown,7/1/2021,,1:57:01 AM,,E481,310103,3,Niskin; Sterivex 0.22µm filter,95% EtOH,West Coast,CR6,19.8,46.129,-124.09,1000.0,Sean McAllister,,7/1/2021 1:57:01 AM,7/1/2021 ,2021/07/01 01:57:00,2021/07/01 00:00:00,2021/06/30 18:57:00,46.129,-124.09,310103,3,20.0,470.0,33RO20210613,WCOA2021,CR6,31.0,1.0,11020.0,2.0,5.0,2021-07-01,2021.0,7.0,1.0,01:57:01,182.081,46.129,-124.09,47.0,20.0,19.8,12.427,32.205,2.0,,9.0,321.5,2.0,317.5,10.406,2.0,1982.5,2.0,2201.6,2.0,7.9389,24.99,6.0,160.9849905586227,24.745,2.0,0.8,2.0,0.41,2.0,0.1,2.0,0.11,2.0,0.16,2.0,,9.0,22.119,2.0,12000.0,2.0,1140.0,2.0,325.0,2.0,9.29,2.0,1990000.0,2.0,953000.0,2.0,801000.0,2.0,309.6232302501552,72.88015546413052,12.604219282997322,155.955825186527,62.86939456170381,0.0032140193804655,0.0,9.631542479029483e-10,0.0255126947541464,0.7744873052458535,1813.939955530476,0.00013878583526799352,0.3644679143965687,0.0,0.0010574804779247,0.0062763153928776,0.0,0.0,2.4010944753381347,0.0423180652598114,25980.631978198388,2201.6,0.0,0.0,0.0,72.88015546413052,0.4491040439530372,0.0255126947541464,0.0,0.0,0.0,12.604219282997404,0.0,0.0,-0.0002196635324452867,0.0002048510591536284,28995.0,1813.939955530476,155.955825186527,1982.5,0.042819484440462,0.0427715011374563,305.8116718397949,0.754306083987698,0.996268583799898,-0.0002048510591536289,0.0001742466900050113,83.14462618,0.0062763153928776,2.4010944753381347,1.1756381664853262,1.187229989951192,0.0412156253133482,1e-07,2.0829774042920407e-10,6.166167805229384e-07,1e-07,0.1541991968697662,1.7262535046590991e-09,3.918559327828571e-07,1.0554454135667097e-06,6.305325542921494e-10,0.0028431442449913,0.0244726763660093,8.316481591787483e-07,8.515209208416864e-10,2.4158549181090816e-10,1.923161571312668e-07,1.7609136851989727e-14,0.00023678510905952385,-0.00024849653492598503,1.0,1.0,3.0,1.0,10.0,1.0,1.0,0.0,1.0,1.0,306.9570563726795,8.13467117983006,8.202295240683448,8.248981696721081,8.126529307329282,8.13467117983006,1982.5,2.0,2201.6,1.0,0.0,,20.0,1.0,1.0,0.701203701117646,11.37754754447837,32.205,2.3934681162280134,3.7663143023807377,,0.2890135122254919,12.427,0.0,0.0,0.0,382.50338571428574,9463.273349024725,62.86953334753908,0.4099999999999999,0.7999999999999999,25980.633035678864,0.0,0.986025703084962,311.30735782273035,11020.0,01:57:01,2021/07/01 01:57:01,3.0,11020.0,3.0,20.0,19.83,12.4421,32.2815,24.3958,6.97,303.9,0.132,172.59,26.95,dRB2102_CTD_031_01_F.csv,dRB2102,CTD,31.0,F.csv,310103
150,E482,1.0,1.0,False,WCOA21,2021_WCOA_RonBrown,7/1/2021,,1:59:04 AM,,E482,310104,4,Niskin; Sterivex 0.22µm filter,95% EtOH,West Coast,CR6,14.5,46.129,-124.09,1000.0,Sean McAllister,,7/1/2021 1:59:04 AM,7/1/2021 ,2021/07/01 01:59:00,2021/07/01 00:00:00,2021/06/30 18:59:00,46.129,-124.09,310104,4,14.0,471.0,33RO20210613,WCOA2021,CR6,31.0,1.0,11058.0,3.0,5.0,2021-07-01,2021.0,7.0,1.0,01:59:04,182.083,46.129,-124.09,47.0,14.6,14.5,14.757,30.486,2.0,,9.0,359.6,2.0,326.1,10.669,3.0,1821.1,2.0,2090.4,2.0,8.0855,24.99,2.0,186.6692753076437,24.745,3.0,5.5,2.0,0.13,2.0,0.0,2.0,0.09,2.0,0.02,2.0,,9.0,12.563,2.0,,9.0,,9.0,,9.0,,9.0,,9.0,,9.0,,9.0,275.6315057541402,86.455071388717,8.503965526574122,187.2214929843317,59.5136485508286,0.0007469857026165581,0.0,1.7808598229355812e-10,0.2423715577516138,5.257628442248387,1625.374541489094,0.00010998458752565794,0.1106649268898077,0.0,0.0008786450089640551,0.0048591436672437,0.0,0.0,3.743036267867646,0.0185880872294896,24593.86897776567,2090.4,0.0,0.0,0.0,86.455071388717,0.1478411011707011,0.2423715577516138,0.0,0.0,0.0,8.50396552657404,0.0,0.0,-0.0002479963700615003,0.00022583369898408748,28995.0,1625.374541489094,187.2214929843317,1821.1,0.0427415182424643,0.0426954020869988,219.72441069168795,0.7421141613595863,0.9963777893128524,-0.0002258336989840879,0.00018478445514457967,83.14462618,0.0048591436672437,3.743036267867646,1.2221466292031444,1.2571796648627884,0.0387028710183082,1e-07,2.5469102504582787e-10,5.760880896353553e-07,1e-07,0.1360107227345793,1.7997250748659895e-09,3.661088671473518e-07,1.0966713894395407e-06,6.609168169208843e-10,0.0026293262990404,0.0240672852181347,8.500456777303091e-07,9.63760786716275e-10,2.645064789925578e-10,2.101297336927428e-07,2.1476751229902292e-14,0.0002749823485512035,-0.00029032939556813487,1.0,1.0,3.0,1.0,10.0,1.0,1.0,0.0,1.0,1.0,220.523192155076,8.24125544856364,8.313440260235451,8.362538738165679,8.233009457238285,8.24125544856364,1821.1,2.0,2090.4,1.0,0.0,,14.6,1.0,1.0,0.6364648498061367,9.855266226670034,30.486,2.9112891007504795,4.581038939306954,,0.3344981446928607,14.757,0.0,0.0,0.0,362.0865771428572,8958.154054288705,59.51375853541612,0.13,5.5,24593.869856410674,0.0,0.9837205936449136,224.17258882218405,11058.0,01:59:04,2021/07/01 01:59:04,4.0,11058.0,4.0,14.0,13.88,14.7138,30.5512,22.6055,8.23,359.56,0.148,171.48,32.87,dRB2102_CTD_031_01_F.csv,dRB2102,CTD,31.0,F.csv,310104
151,E483,1.0,1.0,False,WCOA21,2021_WCOA_RonBrown,7/1/2021,,2:00:38 AM,,E483,310106,6,Niskin; Sterivex 0.22µm filter,95% EtOH,West Coast,CR6,9.7,46.129,-124.09,1000.0,Sean McAllister,,7/1/2021 2:00:38 AM,7/1/2021 ,2021/07/01 02:00:00,2021/07/01 00:00:00,2021/06/30 19:00:00,46.129,-124.09,310106,6,10.0,473.0,33RO20210613,WCOA2021,CR6,31.0,1.0,11082.0,2.0,5.0,2021-07-01,2021.0,7.0,1.0,02:00:38,182.084,46.129,-124.09,47.0,9.7,9.7,16.262,28.912,2.0,,9.0,301.7,2.0,302.7,9.889,2.0,1822.3,2.0,2068.0,2.0,8.055,24.99,2.0,146.69932137090717,24.745,3.0,10.6,2.0,0.12,2.0,0.0,2.0,0.09,2.0,0.02,2.0,,9.0,10.926,2.0,,9.0,,9.0,,9.0,,9.0,,9.0,,9.0,,9.0,266.4276571444892,76.9642971412251,9.320590540843492,173.6827483961094,56.44092607902123,0.0007643392715621014,0.0,2.0492647969760926e-10,0.446277304611986,10.153722695388012,1639.296661063047,0.00012183726660956028,0.1026019270836631,0.0,0.0009984243648401769,0.0053462037841464,0.0,0.0,3.797864770554308,0.0166337334398482,23324.08104869712,2068.0,0.0,0.0,0.0,76.9642971412251,0.1358693937584332,0.446277304611986,0.0,0.0,0.0,9.320590540843384,0.0,0.0,-0.00023214015122158008,0.0002129345424426736,28995.0,1639.296661063047,173.6827483961094,1822.3,0.0423853311535716,0.0423403741262338,249.81860065425192,0.7338251756819713,0.996446071448094,-0.00021293454244267337,0.0001764098921591965,83.14462618,0.0053462037841464,3.797864770554308,1.207044229982955,1.2347173776196694,0.0373094337908934,1e-07,2.900690991957495e-10,5.406501441463646e-07,1e-07,0.1248920747083759,1.8328046518599702e-09,3.429540967177946e-07,1.115887213884761e-06,6.722105205629904e-10,0.0024766206677252,0.0236643331674456,8.516781792069765e-07,1.0285854965478156e-09,2.788596510967033e-10,2.2139767508144258e-07,2.4096039891620848e-14,0.00025515371373865774,-0.0002685326855470091,1.0,1.0,3.0,1.0,10.0,1.0,1.0,0.0,1.0,1.0,250.70960467654896,8.197593823374337,8.271954491025886,8.32374041305573,8.189333020274248,8.197593823374337,1822.3,2.0,2068.0,1.0,0.0,,9.7,1.0,1.0,0.656940110660438,10.329919584982871,28.912,2.729207628138332,4.302460625721944,,0.3066281659378941,16.262,0.0,0.0,0.0,343.3919542857143,8495.642262599064,56.44104791628784,0.12,10.599999999999998,23324.08204712148,0.0,0.9820550907876772,255.29077444673925,11082.0,02:00:38,2021/07/01 02:00:38,6.0,11082.0,6.0,10.0,9.92,16.3556,28.8919,20.9775,6.9,301.79,0.087,171.39,36.88,dRB2102_CTD_031_01_F.csv,dRB2102,CTD,31.0,F.csv,310106
152,E484,1.0,1.0,False,WCOA21,2021_WCOA_RonBrown,7/1/2021,,2:02:39 AM,,E484,310107,7,Niskin; Sterivex 0.22µm filter,95% EtOH,West Coast,CR6,5.5,46.129,-124.09,1000.0,Sean McAllister,,7/1/2021 2:02:39 AM,7/1/2021 ,2021/07/01 02:02:00,2021/07/01 00:00:00,2021/06/30 19:02:00,46.129,-124.09,310107,7,6.0,474.0,33RO20210613,WCOA2021,CR6,31.0,1.0,11004.0,2.0,5.0,2021-07-01,2021.0,7.0,1.0,02:02:39,182.085,46.129,-124.09,47.0,5.6,5.5,16.444,28.873,2.0,,9.0,301.6,2.0,291.5,9.523,2.0,1826.9,2.0,2062.1,2.0,8.0444,24.99,2.0,134.0833897677577,24.745,3.0,11.8,6.0,0.11,6.0,0.0,6.0,0.1,6.0,0.02,6.0,,9.0,10.425,2.0,,9.0,,9.0,,9.0,,9.0,,9.0,,9.0,,9.0,268.93440955569554,73.99433615859017,9.8575892398719,166.80868103265058,56.364784719902346,0.0007410379655716563,0.0,2.0963527686647567e-10,0.4754706096332996,11.3245293903667,1650.2337297274776,0.00012868930417651988,0.0945888917335217,0.0,0.0010581927158228,0.0056296603483553,0.0,0.0,3.661988949660111,0.0146700700912713,23292.618648037864,2062.1,0.0,0.0,0.0,73.99433615859017,0.1239290317064291,0.4754706096332996,0.0,0.0,0.0,9.85758923987179,0.0,0.0,-0.0002253496338379557,0.0002075212437877688,28995.0,1650.2337297274776,166.80868103265058,1826.9,0.0422629161626863,0.0422180968598644,265.59030419409675,0.7331546191303016,0.9964542120851256,-0.0002075212437877692,0.00017300599908113586,83.14462618,0.0056296603483553,3.661988949660111,1.1995031668840923,1.2230128295476526,0.0371157722409477,1e-07,2.9432088923899286e-10,5.391581044902445e-07,1e-07,0.1239183842900097,1.8400890097508422e-09,3.420842506320367e-07,1.1195963350411162e-06,6.760205760544825e-10,0.0024657417771562,0.0236408353518769,8.536628936096731e-07,1.0372388566859351e-09,2.80795562164864e-10,2.228789365421929e-07,2.449084419401776e-14,0.0002465292465148131,-0.00025924055561843894,1.0,1.0,3.0,1.0,10.0,1.0,1.0,0.0,1.0,1.0,266.53538213094305,8.174713274031786,8.24951780644257,8.301240264672483,8.166435839796208,8.174713274031786,1826.9,2.0,2062.1,1.0,0.0,,5.6,1.0,1.0,0.6673569984774033,10.559749428938735,28.873,2.624898428809064,4.137095638695204,,0.2931320235348804,16.444,0.0,0.0,0.0,342.9287457142857,8484.18231350383,56.36491340920652,0.11,11.8,23292.61970623058,0.0,0.9818453540820958,271.4637096593696,11004.0,02:02:39,2021/07/01 02:02:39,7.0,11004.0,7.0,6.0,5.95,16.5661,28.8429,20.8929,6.6,288.71,0.086,171.63,40.82,dRB2102_CTD_031_01_F.csv,dRB2102,CTD,31.0,F.csv,310107
153,E485,1.0,1.0,False,WCOA21,2021_WCOA_RonBrown,7/1/2021,,2:04:43 AM,,E485,310109,9,Niskin; Sterivex 0.22µm filter,95% EtOH,West Coast,CR6,3.3,46.129,-124.09,1000.0,Sean McAllister,,7/1/2021 2:04:43 AM,7/1/2021 ,2021/07/01 02:04:00,2021/07/01 00:00:00,2021/06/30 19:04:00,46.129,-124.09,310109,9,3.0,476.0,33RO20210613,WCOA2021,CR6,31.0,1.0,12052.0,2.0,5.0,2021-07-01,2021.0,7.0,1.0,02:04:43,182.087,46.129,-124.09,47.0,3.3,3.3,16.489,28.862,2.0,,9.0,288.3,2.0,,,9.0,,9.0,,9.0,,,9.0,,,9.0,,9.0,,9.0,,9.0,,9.0,,9.0,,9.0,,9.0,,9.0,,9.0,,9.0,,9.0,,9.0,,9.0,,9.0,,,,,,,,,,,,,,,,,,,,,,,,,,,,,,,,,,,,,,,,,,,,,,,,,,,,,,,,,,,,,,,,,,,,,,,,,,,,,,,,,,,,,,,,,,,,,0.0,3.3,,,,,28.862,,,0.0,,16.489,,,,,,,,,,,,,12052.0,02:04:43,2021/07/01 02:04:43,9.0,12052.0,9.0,3.0,2.98,16.8419,28.7792,20.7821,6.37,278.9,0.08,172.02,43.37,dRB2102_CTD_031_01_F.csv,dRB2102,CTD,31.0,F.csv,310108
154,E486,1.0,1.0,False,WCOA21,2021_WCOA_RonBrown,7/1/2021,,3:21:46 AM,,E486,320102,2,Niskin; Sterivex 0.22µm filter,95% EtOH,West Coast,CR13,87.7,46.129,-124.269,1000.0,Sean McAllister,,7/1/2021 3:21:46 AM,7/1/2021 ,2021/07/01 03:21:00,2021/07/01 00:00:00,2021/06/30 20:21:00,46.129,-124.269,320102,2,88.0,481.0,33RO20210613,WCOA2021,CR13,32.0,1.0,11081.0,2.0,5.0,2021-07-01,2021.0,7.0,1.0,03:21:46,182.14,46.129,-124.269,98.0,88.5,87.7,7.339,33.924,2.0,,9.0,60.7,2.0,,,9.0,,9.0,,9.0,,,9.0,,,9.0,,9.0,,9.0,,9.0,,9.0,,9.0,,9.0,,9.0,,9.0,,9.0,,9.0,,9.0,,9.0,,9.0,,9.0,,,,,,,,,,,,,,,,,,,,,,,,,,,,,,,,,,,,,,,,,,,,,,,,,,,,,,,,,,,,,,,,,,,,,,,,,,,,,,,,,,,,,,,,,,,,,0.0,88.5,,,,,33.924,,,0.0,,7.339,,,,,,,,,,,,,11081.0,03:21:46,2021/07/01 03:21:46,2.0,11081.0,2.0,88.0,87.26,7.3355,33.9245,26.5262,1.37,59.7,0.042,164.57,10.7,dRB2102_CTD_032_01_F.csv,dRB2102,CTD,32.0,F.csv,320101
155,E487,1.0,1.0,False,WCOA21,2021_WCOA_RonBrown,7/1/2021,,3:23:44 AM,,E487,320103,3,Niskin; Sterivex 0.22µm filter,95% EtOH,West Coast,CR13,78.2,46.129,-124.269,1000.0,Sean McAllister,,7/1/2021 3:23:44 AM,7/1/2021 ,2021/07/01 03:23:00,2021/07/01 00:00:00,2021/06/30 20:23:00,46.129,-124.269,320103,3,78.0,482.0,33RO20210613,WCOA2021,CR13,32.0,1.0,11020.0,2.0,5.0,2021-07-01,2021.0,7.0,1.0,03:23:44,182.141,46.129,-124.269,98.0,78.9,78.2,7.337,33.924,2.0,33.9397,2.0,60.8,2.0,60.3,1.982,2.0,2263.5,2.0,,9.0,7.309,24.95,6.0,44.01245588321482,24.88,6.0,58.4,2.0,2.63,2.0,33.0,2.0,0.11,2.0,0.01,2.0,,9.0,8.174,2.0,,9.0,,9.0,,9.0,,9.0,,9.0,,9.0,,9.0,390.91190114980174,12.194764278769776,110.44820676365671,23.43264021413572,66.2550790549286,0.1573168815527299,0.0,3.103680202648692e-07,0.2305491793292986,58.1694508206707,2129.6191530222072,0.0008781242507885312,2.4410483512457755,0.0,0.0059232964412665,0.0431674898925704,0.0,0.0,0.2205447205448477,0.0316344568334741,27380.055900675925,2191.584639673082,0.0,0.0,0.0,12.194764278769776,2.504316954544704,0.2305491793292986,0.0,0.0,0.0,110.44820676365651,0.0,0.0,-0.00014304466174134203,0.00014876356884309134,28995.0,2129.6191530222072,23.43264021413572,2263.5,0.036960836741805,0.0369084545288259,2286.353071586224,0.7778468114694287,0.9960143289464808,-0.0001487635688430916,0.00014481308563396168,83.14462618,0.0431674898925704,0.2205447205448477,1.0272798773110543,1.0232966468952225,0.0483075899939765,1e-07,1.3492828535041266e-10,6.671240901790563e-07,1e-07,0.1995389388442836,1.5314207151698879e-09,4.221829205317893e-07,9.465493791684156e-07,5.401560942877884e-10,0.0032570168206456,0.0248827492407544,7.617299871878129e-07,6.361858424244865e-10,1.945667465938208e-10,1.553925108121122e-07,1.0826714035934051e-14,0.0001377491799923829,-0.00015293563418001036,1.0,1.0,3.0,1.0,10.0,1.0,1.0,0.0,1.0,1.0,2295.502188211067,7.309,7.364843204007605,7.41040593079161,7.301300006593426,7.309,2263.5,2.0,7.309,3.0,0.0,,78.9,1.0,1.0,0.946889104101872,15.630493543389852,33.9397,0.350300438968452,0.5535369866260519,,0.0493338657939602,7.337,0.0,0.0,0.0,403.1066654285715,9973.006007883696,66.25595717917939,2.63,58.4,27380.061823972366,0.0,0.9900769234146132,2318.508929886232,11020.0,03:23:44,2021/07/01 03:23:44,3.0,11020.0,3.0,78.0,77.34,7.3362,33.9245,26.526,1.42,61.64,0.042,165.2,20.82,dRB2102_CTD_032_01_F.csv,dRB2102,CTD,32.0,F.csv,320103
156,E488,1.0,1.0,False,WCOA21,2021_WCOA_RonBrown,7/1/2021,,3:29:12 AM,,E488,320106,6,Niskin; Sterivex 0.22µm filter,95% EtOH,West Coast,CR13,51.0,46.129,-124.27,1000.0,Sean McAllister,,7/1/2021 3:29:12 AM,7/1/2021 ,2021/07/01 03:29:00,2021/07/01 00:00:00,2021/06/30 20:29:00,46.129,-124.27,320106,6,51.0,485.0,33RO20210613,WCOA2021,CR13,32.0,1.0,11082.0,2.0,5.0,2021-07-01,2021.0,7.0,1.0,03:29:12,182.145,46.129,-124.27,98.0,51.4,51.0,7.618,33.662,2.0,,9.0,88.1,2.0,89.7,2.947,2.0,2230.0,2.0,,9.0,7.3491,24.95,2.0,48.398827354753614,24.88,2.0,41.3,2.0,2.38,2.0,31.0,2.0,0.09,2.0,0.01,2.0,,9.0,11.059,2.0,,9.0,,9.0,,9.0,,9.0,,9.0,,9.0,,9.0,386.5617948016205,13.246588055522391,99.33203520089684,25.47432797555508,65.71303801106018,0.130184003879391,0.0,2.3492970996721586e-07,0.1802601998295673,41.11973980017043,2105.193636823548,0.0008024343632209097,2.217766500230427,0.0,0.0054619981088702,0.0392990234171457,0.0,0.0,0.2474803172976849,0.0320492609604715,27156.02836029725,2172.05292267864,0.0,0.0,0.0,13.246588055522391,2.28186478722166,0.1802601998295673,0.0,0.0,0.0,99.3320352008966,0.0,0.0,-0.00013579859488858077,0.00014045031611148082,28995.0,2105.193636823548,25.47432797555508,2230.0,0.0371686554652309,0.0371165279400704,2072.9164742301045,0.7759230546983967,0.9960289541149592,-0.00014045031611148142,0.00013637778146491036,83.14462618,0.0392990234171457,0.2474803172976849,1.0298621564511836,1.0255343884369368,0.0479189762037031,1e-07,1.380305984111001e-10,6.574690747433116e-07,1e-07,0.1953873606647459,1.5338578090894862e-09,4.158853659889898e-07,9.486428000439396e-07,5.41639947468692e-10,0.0032182796973482,0.0248038834416506,7.625322123667535e-07,6.468479412979742e-10,1.962228098256196e-10,1.570667439497697e-07,1.1077472081707091e-14,0.00013144512599532477,-0.00014477356701982262,1.0,1.0,3.0,1.0,10.0,1.0,1.0,0.0,1.0,1.0,2081.180939234878,7.3491,7.405618241731811,7.451564583098984,7.341383239180944,7.3491,2230.0,2.0,7.3491,3.0,0.0,,51.4,1.0,1.0,0.9420074691275462,16.351637165866148,33.662,0.3832528589764014,0.605880666141579,,0.0535685992620639,7.618,0.0,0.0,0.0,399.8083828571429,9891.405293428668,65.71384044542339,2.3799999999999994,41.3,27156.03382229536,0.0,0.9898829067240906,2102.451638570384,11082.0,03:29:12,2021/07/01 03:29:12,6.0,11082.0,6.0,51.0,50.57,7.6225,33.6349,26.2573,2.21,96.34,0.042,165.05,48.11,dRB2102_CTD_032_01_F.csv,dRB2102,CTD,32.0,F.csv,320106
157,E489,1.0,1.0,False,WCOA21,2021_WCOA_RonBrown,7/1/2021,,3:32:05 AM,,E489,320108,8,Niskin; Sterivex 0.22µm filter,95% EtOH,West Coast,CR13,32.6,46.129,-124.27,1000.0,Sean McAllister,,7/1/2021 3:32:05 AM,7/1/2021 ,2021/07/01 03:32:00,2021/07/01 00:00:00,2021/06/30 20:32:00,46.129,-124.27,320108,8,33.0,487.0,33RO20210613,WCOA2021,CR13,32.0,1.0,11027.0,2.0,5.0,2021-07-01,2021.0,7.0,1.0,03:32:05,182.147,46.129,-124.27,98.0,32.9,32.6,7.861,33.18,2.0,,9.0,132.2,2.0,,,9.0,,9.0,,9.0,,,9.0,,,9.0,,9.0,,9.0,,9.0,,9.0,,9.0,,9.0,11.327,2.0,,9.0,,9.0,,9.0,,9.0,,9.0,,9.0,,9.0,,,,,,,,,,,,,,,,,,,,,,,,,,,,,,,,,,,,,,,,,,,,,,,,,,,,,,,,,,,,,,,,,,,,,,,,,,,,,,,,,,,,,,,,,,,,,0.0,32.9,,,,,33.18,,,0.0,,7.861,,,,,,,,,,,,,11027.0,03:32:05,2021/07/01 03:32:05,8.0,11027.0,8.0,33.0,32.73,7.8374,33.1999,25.8843,3.02,131.57,0.052,164.75,66.14,dRB2102_CTD_032_01_F.csv,dRB2102,CTD,32.0,F.csv,320107
158,E490,1.0,1.0,False,WCOA21,2021_WCOA_RonBrown,7/1/2021,,3:38:09 AM,,E490,320111,11,Niskin; Sterivex 0.22µm filter,95% EtOH,West Coast,CR13,10.8,46.129,-124.27,1000.0,Sean McAllister,,7/1/2021 3:38:09 AM,7/1/2021 ,2021/07/01 03:38:00,2021/07/01 00:00:00,2021/06/30 20:38:00,46.129,-124.27,320111,11,11.0,490.0,33RO20210613,WCOA2021,CR13,32.0,1.0,11023.0,2.0,5.0,2021-07-01,2021.0,7.0,1.0,03:38:09,182.151,46.129,-124.27,98.0,10.9,10.8,13.095,31.814,2.0,,9.0,263.4,2.0,298.6,9.784,2.0,1951.1,2.0,2173.2,2.0,7.9527,24.95,2.0,154.9379609682231,24.88,2.0,6.4,2.0,0.36,2.0,0.2,2.0,0.1,2.0,0.02,2.0,1.9,3.0,7.618,2.0,,9.0,,9.0,,9.0,,9.0,,9.0,,9.0,,9.0,304.38763910131166,73.47178375583121,12.085022000044612,157.53428807799392,62.10609831783962,0.002752018578256,0.0,8.179004020860754e-10,0.2118530067991025,6.188146993200897,1781.4806899219614,0.0001377920379960663,0.3184292957231349,0.0,0.001065304670189,0.0061781976571644,0.0,0.0,2.57841178911904,0.0388186848807086,25665.20183477567,2173.2,0.0,0.0,0.0,73.47178375583121,0.3960666646666518,0.2118530067991025,0.0,0.0,0.0,12.085022000044583,0.0,0.0,-0.00022079082356589447,0.00020547333794129945,28995.0,1781.4806899219614,157.53428807799392,1951.1,0.0427003848379591,0.0426529459930411,298.80383800632774,0.7509606949604704,0.996300335967356,-0.0002054733379412989,0.00017415077895295813,83.14462618,0.0061781976571644,2.57841178911904,1.179858850914483,1.192980157942258,0.0404446679155072,1e-07,2.2044165371158288e-10,6.063538209204015e-07,1e-07,0.1488444519990023,1.7484055576312075e-09,3.854218945131704e-07,1.067781225579162e-06,6.405345821328066e-10,0.0027846583641781,0.0243724701043851,8.381278298673838e-07,8.830319313308194e-10,2.479834042177707e-10,1.9736172797820077e-07,1.867673190937252e-14,0.0002385760256767428,-0.0002505341161950095,1.0,1.0,3.0,1.0,10.0,1.0,1.0,0.0,1.0,1.0,299.91341688769444,8.140051393352989,8.209138201563437,8.256250247347415,8.131867454113914,8.140051393352989,1951.1,2.0,2173.2,1.0,0.0,,10.9,1.0,1.0,0.6951180206427603,11.203510037282314,31.814,2.42876409656382,3.820982697223071,,0.2883495784334624,13.095,0.0,0.0,0.0,377.8594228571429,9348.380013223805,62.106236109877614,0.36,6.4,25665.20290008034,0.0,0.9853970626082674,304.3579367832167,11023.0,03:38:09,2021/07/01 03:38:09,11.0,11023.0,11.0,11.0,10.91,13.6299,31.7141,23.7244,6.91,301.44,0.103,160.84,87.97,dRB2102_CTD_032_01_F.csv,dRB2102,CTD,32.0,F.csv,320111
159,E491,1.0,1.0,False,WCOA21,2021_WCOA_RonBrown,7/1/2021,,3:40:23 AM,,E491,320113,13,Niskin; Sterivex 0.22µm filter,95% EtOH,West Coast,CR13,3.3,46.129,-124.27,1000.0,Sean McAllister,,7/1/2021 3:40:23 AM,7/1/2021 ,2021/07/01 03:40:00,2021/07/01 00:00:00,2021/06/30 20:40:00,46.129,-124.27,320113,13,3.0,492.0,33RO20210613,WCOA2021,CR13,32.0,1.0,11054.0,2.0,5.0,2021-07-01,2021.0,7.0,1.0,03:40:23,182.153,46.129,-124.27,98.0,3.3,3.3,15.448,30.059,2.0,,9.0,288.8,2.0,,,9.0,,9.0,,9.0,,,9.0,,,9.0,,9.0,,9.0,,9.0,,9.0,,9.0,,9.0,,9.0,,9.0,,9.0,,9.0,,9.0,,9.0,,9.0,,9.0,,,,,,,,,,,,,,,,,,,,,,,,,,,,,,,,,,,,,,,,,,,,,,,,,,,,,,,,,,,,,,,,,,,,,,,,,,,,,,,,,,,,,,,,,,,,,0.0,3.3,,,,,30.059,,,0.0,,15.448,,,,,,,,,,,,,11054.0,03:40:23,2021/07/01 03:40:23,13.0,11054.0,13.0,3.0,2.98,15.4212,30.1308,22.1319,6.61,288.75,0.122,160.49,96.01,dRB2102_CTD_032_01_F.csv,dRB2102,CTD,32.0,F.csv,320112
160,E492.1B,1.0,1.0,False,WCOA21,2021_WCOA_RonBrown,7/1/2021,,5:15:54 AM,,E492.1B,330101,1,Niskin; Sterivex 0.22µm filter,95% EtOH,West Coast,CR24,131.0,46.129,-124.526,1000.0,Sean McAllister,,7/1/2021 5:15:54 AM,7/1/2021 ,2021/07/01 05:15:00,2021/07/01 00:00:00,2021/06/30 22:15:00,46.129,-124.526,330101,1,131.0,496.0,33RO20210613,WCOA2021,CR24,33.0,1.0,11031.0,2.0,5.0,2021-07-01,2021.0,7.0,1.0,05:15:54,182.219,46.129,-124.526,141.0,132.2,131.0,6.743,33.992,2.0,33.9984,2.0,37.0,2.0,37.9,1.246,6.0,2288.7,6.0,2275.9,6.0,7.2632,25.02,2.0,42.054075078171365,24.86,2.0,66.7,2.0,2.89,2.0,35.7,2.0,0.34,2.0,0.01,2.0,,9.0,10.881,2.0,1200.0,9.0,283.0,9.0,17.7,9.0,0.0,9.0,1200000.0,9.0,817000.0,9.0,213000.0,9.0,385.03445417077154,18.769399543514137,72.27524171608856,37.170171931136096,66.36999890389292,0.112106519976608,0.0,1.395867036862982e-07,0.4062094358188866,66.29379056418111,2179.254586352776,0.0005504692780818112,2.723733024864317,0.0,0.0036527327511781,0.027431942949504,0.0,0.0,0.3290424341759522,0.0541603155723721,27427.413027913863,2275.9,0.0,0.0,0.0,18.769399543514137,2.832053516422357,0.4062094358188866,0.0,0.0,0.0,72.27524171608867,0.0,0.0,-0.00012773344572682252,0.00012972319617664466,28995.0,2179.254586352776,37.170171931136096,2288.7,0.0391399580299178,0.039087032760091,1466.080648840348,0.780256290891156,0.9959831780823364,-0.00012972319617664474,0.0001245731636921609,83.14462618,0.027431942949504,0.3290424341759522,1.041341428055968,1.035682025665411,0.0492982713967728,1e-07,1.2891861705603254e-10,6.754618795407917e-07,1e-07,0.2059792710516632,1.5152948021076123e-09,4.274205730556361e-07,9.372701015962254e-07,5.301917295645821e-10,0.0033074652773258,0.0249650918025281,7.552313559979436e-07,6.181060538577275e-10,1.9046864976545663e-10,1.5166430268947453e-07,1.0228177518189931e-14,0.0001258038124781407,-0.0001353174111963379,1.0,1.0,3.0,1.0,10.0,1.0,1.0,0.0,1.0,1.0,1471.9933841283705,7.507453652370715,7.561743431098907,7.607592822650983,7.49983010154337,7.507453652370715,2288.7,2.0,2275.9,1.0,0.0,,132.2,1.0,1.0,0.9205996670407202,18.372335839970503,33.9984,0.549756390554178,0.8687917902467239,,0.0794422250864361,6.743,0.0,0.0,0.0,403.8038537142857,9990.254700496262,66.370549373171,2.89,66.69999999999999,27427.416680646616,0.0,0.9904735175121756,1486.151177293113,11031.0,05:15:54,2021/07/01 05:15:54,1.0,11031.0,1.0,131.0,129.88,6.7535,33.9909,26.6589,0.85,36.91,0.042,169.23,11.42,dRB2102_CTD_033_01_F.csv,dRB2102,CTD,33.0,F.csv,330101
161,E492.2B,2.0,1.0,False,WCOA21,2021_WCOA_RonBrown,7/1/2021,,5:15:58 AM,,E492.2B,330102,2,Niskin; Sterivex 0.22µm filter,95% EtOH,West Coast,CR24,130.4,46.129,-124.526,1000.0,Sean McAllister,,7/1/2021 5:15:58 AM,7/1/2021 ,2021/07/01 05:15:00,2021/07/01 00:00:00,2021/06/30 22:15:00,46.129,-124.526,330102,2,130.0,497.0,33RO20210613,WCOA2021,CR24,33.0,1.0,11081.0,2.0,5.0,2021-07-01,2021.0,7.0,1.0,05:15:58,182.219,46.129,-124.526,141.0,131.5,130.4,6.748,33.991,2.0,33.9984,9.0,36.9,2.0,37.9,1.246,9.0,2288.7,9.0,2275.9,9.0,7.2632,25.02,9.0,42.054075078171365,24.86,9.0,66.7,9.0,2.89,9.0,35.7,9.0,0.34,9.0,0.01,9.0,,9.0,10.881,9.0,1200.0,2.0,283.0,2.0,17.7,2.0,0.0,2.0,1200000.0,2.0,817000.0,2.0,213000.0,2.0,,,,,,,,,,,,,,,,,,,,,,,,,,,,,,,,,,,,,,,,,,,,,,,,,,,,,,,,,,,,,,,,,,,,,,,,,,,,,,,,,,,,,,,,,,,,,0.0,131.5,,,,,33.991,,,0.0,,6.748,,,,,,,,,,,,,11081.0,05:15:58,2021/07/01 05:15:58,2.0,11081.0,2.0,130.0,128.89,6.763,33.9902,26.657,0.84,36.7,0.042,169.36,12.38,dRB2102_CTD_033_01_F.csv,dRB2102,CTD,33.0,F.csv,330101
162,E492.3B,3.0,1.0,False,WCOA21,2021_WCOA_RonBrown,7/1/2021,,5:16:03 AM,,E492.3B,330103,3,Niskin; Sterivex 0.22µm filter,95% EtOH,West Coast,CR24,131.0,46.129,-124.526,1000.0,Sean McAllister,,7/1/2021 5:16:03 AM,7/1/2021 ,2021/07/01 05:16:00,2021/07/01 00:00:00,2021/06/30 22:16:00,46.129,-124.526,330103,3,131.0,498.0,33RO20210613,WCOA2021,CR24,33.0,1.0,11020.0,2.0,5.0,2021-07-01,2021.0,7.0,1.0,05:16:03,182.219,46.129,-124.526,141.0,132.2,131.0,6.74,33.992,2.0,33.9984,9.0,37.0,2.0,37.9,1.246,9.0,2288.7,9.0,2275.9,9.0,7.2632,25.02,9.0,42.054075078171365,24.86,9.0,66.7,9.0,2.89,9.0,35.7,9.0,0.34,9.0,0.01,9.0,,9.0,10.881,9.0,1200.0,9.0,283.0,9.0,17.7,9.0,0.0,9.0,1200000.0,9.0,817000.0,9.0,213000.0,9.0,,,,,,,,,,,,,,,,,,,,,,,,,,,,,,,,,,,,,,,,,,,,,,,,,,,,,,,,,,,,,,,,,,,,,,,,,,,,,,,,,,,,,,,,,,,,,0.0,132.2,,,,,33.992,,,0.0,,6.74,,,,,,,,,,,,,11020.0,05:16:03,2021/07/01 05:16:03,3.0,11020.0,3.0,131.0,129.88,6.7535,33.9909,26.6589,0.85,36.91,0.042,169.23,11.42,dRB2102_CTD_033_01_F.csv,dRB2102,CTD,33.0,F.csv,330101
163,E493,1.0,1.0,False,WCOA21,2021_WCOA_RonBrown,7/1/2021,,5:20:58 AM,,E493,330106,6,Niskin; Sterivex 0.22µm filter,95% EtOH,West Coast,CR24,100.2,46.128,-124.526,1000.0,Sean McAllister,,7/1/2021 5:20:58 AM,7/1/2021 ,2021/07/01 05:20:00,2021/07/01 00:00:00,2021/06/30 22:20:00,46.128,-124.526,330106,6,100.0,501.0,33RO20210613,WCOA2021,CR24,33.0,1.0,11082.0,2.0,5.0,2021-07-01,2021.0,7.0,1.0,05:20:58,182.223,46.128,-124.526,141.0,101.1,100.2,6.935,33.96,2.0,,9.0,45.0,2.0,45.2,1.485,2.0,2279.4,2.0,2269.9,2.0,7.2748,25.02,6.0,42.933626416822506,24.86,6.0,58.4,2.0,2.74,2.0,35.6,2.0,0.11,2.0,0.01,2.0,,9.0,8.391,2.0,,9.0,,9.0,,9.0,,9.0,,9.0,,9.0,,9.0,384.1378942785148,19.209877150056627,70.18496822696818,38.10766594944184,66.29504687664952,0.1036688755462543,0.0,1.262656468108297e-07,0.3661131224031723,58.03388687759683,2171.10736582359,0.0005392895491262279,2.583285696548213,0.0,0.0035997248656407,0.0267464433406679,0.0,0.0,0.3428212892593636,0.0530453016398854,27396.43477604456,2269.9,0.0,0.0,0.0,19.209877150056627,2.689376173562337,0.3661131224031723,0.0,0.0,0.0,70.18496822696827,0.0,0.0,-0.00012702950992761608,0.00012884267365005091,28995.0,2171.10736582359,38.10766594944184,2279.4,0.0391680335252667,0.0391152844858616,1432.9220279488695,0.7794138796393999,0.995993282107052,-0.00012884267365005056,0.0001235957706715874,83.14462618,0.0267464433406679,0.3428212892593636,1.0424521239679407,1.036707659689894,0.0489803121579706,1e-07,1.306466175734784e-10,6.70628098073315e-07,1e-07,0.2035592212804713,1.5175440407902355e-09,4.242865054042883e-07,9.387307853594976e-07,5.326413963121278e-10,0.0032879493361704,0.0249153531746625,7.56184757297518e-07,6.231295568115938e-10,1.9144212400561035e-10,1.527547813672682e-07,1.0403312670716543e-14,0.00012526667021290236,-0.00013455481117451433,1.0,1.0,3.0,1.0,10.0,1.0,1.0,0.0,1.0,1.0,1438.68643864493,7.517896132479211,7.572733960940619,7.618477753882422,7.510245889233282,7.517896132479211,2279.4,2.0,2269.9,1.0,0.0,,101.1,1.0,1.0,0.9185533359434236,18.442378631682388,33.96,0.5670434875928207,0.8962700693176212,,0.0811736849707572,6.935,0.0,0.0,0.0,403.3477714285714,9978.97105831019,66.29558616619865,2.74,58.4,27396.43837576942,0.0,0.9903467829082924,1452.709761342411,11082.0,05:20:58,2021/07/01 05:20:58,6.0,11082.0,6.0,100.0,99.15,6.9531,33.9574,26.6051,1.07,46.38,0.04,169.75,42.88,dRB2102_CTD_033_01_F.csv,dRB2102,CTD,33.0,F.csv,330106
164,E494,1.0,1.0,False,WCOA21,2021_WCOA_RonBrown,7/1/2021,,5:23:57 AM,,E494,330107,7,Niskin; Sterivex 0.22µm filter,95% EtOH,West Coast,CR24,79.7,46.128,-124.526,1000.0,Sean McAllister,,7/1/2021 5:23:57 AM,7/1/2021 ,2021/07/01 05:23:00,2021/07/01 00:00:00,2021/06/30 22:23:00,46.128,-124.526,330107,7,80.0,502.0,33RO20210613,WCOA2021,CR24,33.0,1.0,11004.0,2.0,5.0,2021-07-01,2021.0,7.0,1.0,05:23:57,182.225,46.128,-124.526,141.0,80.4,79.7,7.542,33.753,2.0,,9.0,74.2,2.0,69.4,2.28,2.0,2251.0,2.0,2249.6,2.0,7.3108,25.02,2.0,45.28888069330157,24.86,2.0,45.9,2.0,2.55,2.0,32.7,2.0,0.15,2.0,0.14,2.0,,9.0,7.508,2.0,,9.0,,9.0,,9.0,,9.0,,9.0,,9.0,,9.0,380.6135469137441,20.27565594339878,65.15980175220658,40.308336186648695,65.89097078689646,0.0908694473731114,0.0,1.0550469041969744e-07,0.3100733952740464,45.58992660472595,2145.5318620611447,0.0005168417166919345,2.405349196168949,0.0,0.0035066774792157,0.025356249392096,0.0,0.0,0.382204402901029,0.0537812509532485,27229.442444363314,2249.5999999999995,0.0,0.0,0.0,20.27565594339878,2.5129115925707555,0.3100733952740464,0.0,0.0,0.0,65.15980175220669,0.0,0.0,-0.0001253076276623559,0.0001267064912807,28995.0,2145.5318620611447,40.308336186648695,2251.0,0.0391984524815094,0.0391462562124947,1356.9550689632852,0.7764911811346137,0.9960250055616936,-0.00012670649128074596,0.00012122137095389592,83.14462618,0.025356249392096,0.382204402901029,1.045248789744642,1.039264553904558,0.0480191299200414,1e-07,1.3750117577617167e-10,6.629789033445444e-07,1e-07,0.1968919404533931,1.5375563709278195e-09,4.195437868052501e-07,9.503762832053556e-07,5.42250897521063e-10,0.003232610360196,0.0248591626113478,7.640127792368336e-07,6.45346771300896e-10,1.963070910413624e-10,1.567830412754715e-07,1.1031537903428884e-14,0.00012393931420206649,-0.0001327115272751075,1.0,1.0,3.0,1.0,10.0,1.0,1.0,0.0,1.0,1.0,1362.3704840603375,7.539659624187949,7.595914985363601,7.641815035015579,7.531951562683089,7.539659624187949,2251.0,2.0,2249.6,1.0,0.0,,80.4,1.0,1.0,0.9134200580979456,18.569332967337267,33.753,0.6030115408363921,0.952901562652369,,0.0846155055853781,7.542,0.0,0.0,0.0,400.8892028571429,9918.145174650876,65.89148762861316,2.55,45.9,27229.4459510408,0.0,0.9899357961610672,1376.2210532678562,11004.0,05:23:57,2021/07/01 05:23:57,7.0,11004.0,7.0,80.0,79.33,7.5485,33.7518,26.3601,1.71,74.21,0.04,169.74,63.0,dRB2102_CTD_033_01_F.csv,dRB2102,CTD,33.0,F.csv,330107
165,E495,1.0,1.0,False,WCOA21,2021_WCOA_RonBrown,7/1/2021,,5:26:41 AM,,E495,330108,8,Niskin; Sterivex 0.22µm filter,95% EtOH,West Coast,CR24,60.4,46.128,-124.526,1000.0,Sean McAllister,,7/1/2021 5:26:41 AM,7/1/2021 ,2021/07/01 05:26:00,2021/07/01 00:00:00,2021/06/30 22:26:00,46.128,-124.526,330108,8,60.0,503.0,33RO20210613,WCOA2021,CR24,33.0,1.0,11027.0,2.0,5.0,2021-07-01,2021.0,7.0,1.0,05:26:41,182.227,46.128,-124.526,141.0,60.9,60.4,7.729,33.262,2.0,,9.0,162.5,2.0,160.3,5.263,2.0,2167.5,2.0,2221.7,2.0,7.4879,25.02,2.0,64.44123381872978,24.86,2.0,29.8,2.0,1.96,2.0,24.4,2.0,0.1,2.0,0.01,2.0,,9.0,4.778,2.0,566.0,2.0,131.0,2.0,61.0,2.0,17.4,2.0,1020000.0,2.0,733000.0,2.0,176000.0,2.0,364.58142512376537,30.47610059052032,39.93744942552864,60.77380175929503,64.93264588886407,0.0445231952666194,0.0,3.2978182573352404e-08,0.3168287841526738,29.483171215847324,2066.788748815176,0.00032781726370022804,1.8494521775041872,0.0,0.0022407657467171,0.0160980497270398,0.0,0.0,0.6078835912696698,0.0660245942510105,26833.34090572549,2221.7,0.0,0.0,0.0,30.47610059052032,1.981501333028025,0.3168287841526738,0.0,0.0,0.0,39.93744942552878,0.0,0.0,-0.00012968634127343568,0.00012845152638916624,28995.0,2066.788748815176,60.77380175929503,2167.4999999999995,0.0412595996172041,0.0412075723084989,834.6795326862244,0.7742693344848379,0.9960347117678484,-0.00012845152638916597,0.00012017443893136596,83.14462618,0.0160980497270398,0.6078835912696698,1.0688756072539478,1.061431030861042,0.0478476443492021,1e-07,1.3982778194383518e-10,6.497332344717905e-07,1e-07,0.1927753746128248,1.5329787868434048e-09,4.1077441578047786e-07,9.490455304405682e-07,5.392517973175814e-10,0.0031886330531483,0.0247588741074982,7.617773691611869e-07,6.546873056687517e-10,1.97070546655183e-10,1.5777309778588037e-07,1.114786512356583e-14,0.0001309451273448298,-0.000137953132137737,1.0,1.0,3.0,1.0,10.0,1.0,1.0,0.0,1.0,1.0,838.0024539554079,7.736628714933966,7.79322673540226,7.840041915198042,7.728933974244929,7.736628714933966,2167.5,2.0,2221.7,1.0,0.0,,60.9,1.0,1.0,0.8711251210402371,18.036281419528013,33.262,0.9142137811004136,1.4460371780079273,,0.1283875241945362,7.729,0.0,0.0,0.0,395.0575257142857,9773.867353990388,64.93297370612778,1.96,29.8,26833.343146491243,0.0,0.9898037370707086,846.6349666808173,11027.0,05:26:41,2021/07/01 05:26:41,8.0,11027.0,8.0,60.0,59.5,7.7086,33.2496,25.9423,3.73,162.47,0.044,168.93,83.23,dRB2102_CTD_033_01_F.csv,dRB2102,CTD,33.0,F.csv,330108
166,E496.1T,1.0,1.0,False,WCOA21,2021_WCOA_RonBrown,7/1/2021,,5:36:10 AM,,E496.1T,330113,13,Niskin; Sterivex 0.22µm filter,95% EtOH,West Coast,CR24,20.5,46.128,-124.526,1000.0,Sean McAllister,,7/1/2021 5:36:10 AM,7/1/2021 ,2021/07/01 05:36:00,2021/07/01 00:00:00,2021/06/30 22:36:00,46.128,-124.526,330113,13,20.0,508.0,33RO20210613,WCOA2021,CR24,33.0,1.0,11054.0,2.0,5.0,2021-07-01,2021.0,7.0,1.0,05:36:10,182.233,46.128,-124.526,141.0,20.7,20.5,13.362,31.8,2.0,,9.0,309.3,2.0,,,9.0,,9.0,2177.1,9.0,,,9.0,,,9.0,,9.0,,9.0,,9.0,,9.0,,9.0,2.3,2.0,,9.0,,9.0,,9.0,,9.0,,9.0,,9.0,,9.0,,9.0,,,,,,,,,,,,,,,,,,,,,,,,,,,,,,,,,,,,,,,,,,,,,,,,,,,,,,,,,,,,,,,,,,,,,,,,,,,,,,,,,,,,,,,,,,,,,0.0,20.7,,,,,31.8,,,0.0,,13.362,,,,,,,,,,,,,11054.0,05:36:10,2021/07/01 05:36:10,13.0,11054.0,13.0,20.0,19.83,13.0706,31.8273,23.9229,7.08,308.87,0.094,165.97,99.9,dRB2102_CTD_033_01_F.csv,dRB2102,CTD,33.0,F.csv,330112
167,E496.2T,1.0,2.0,False,WCOA21,2021_WCOA_RonBrown,7/1/2021,,5:36:10 AM,,E496.2T,330113,13,Niskin; Sterivex 0.22µm filter,95% EtOH,West Coast,CR24,20.5,46.128,-124.526,1000.0,Sean McAllister,,7/1/2021 5:36:10 AM,7/1/2021 ,2021/07/01 05:36:00,2021/07/01 00:00:00,2021/06/30 22:36:00,46.128,-124.526,330113,13,20.0,508.0,33RO20210613,WCOA2021,CR24,33.0,1.0,11054.0,2.0,5.0,2021-07-01,2021.0,7.0,1.0,05:36:10,182.233,46.128,-124.526,141.0,20.7,20.5,13.362,31.8,2.0,,9.0,309.3,2.0,,,9.0,,9.0,2177.1,9.0,,,9.0,,,9.0,,9.0,,9.0,,9.0,,9.0,,9.0,2.3,2.0,,9.0,,9.0,,9.0,,9.0,,9.0,,9.0,,9.0,,9.0,,,,,,,,,,,,,,,,,,,,,,,,,,,,,,,,,,,,,,,,,,,,,,,,,,,,,,,,,,,,,,,,,,,,,,,,,,,,,,,,,,,,,,,,,,,,,0.0,20.7,,,,,31.8,,,0.0,,13.362,,,,,,,,,,,,,11054.0,05:36:10,2021/07/01 05:36:10,13.0,11054.0,13.0,20.0,19.83,13.0706,31.8273,23.9229,7.08,308.87,0.094,165.97,99.9,dRB2102_CTD_033_01_F.csv,dRB2102,CTD,33.0,F.csv,330112
168,E496.3B,2.0,3.0,False,WCOA21,2021_WCOA_RonBrown,7/1/2021,,5:36:15 AM,,E496.3B,330114,14,Niskin; Sterivex 0.22µm filter,95% EtOH,West Coast,CR24,20.3,46.128,-124.526,1000.0,Sean McAllister,,7/1/2021 5:36:15 AM,7/1/2021 ,2021/07/01 05:36:00,2021/07/01 00:00:00,2021/06/30 22:36:00,46.128,-124.526,330114,14,20.0,509.0,33RO20210613,WCOA2021,CR24,33.0,1.0,11011.0,2.0,5.0,2021-07-01,2021.0,7.0,1.0,05:36:15,182.234,46.128,-124.526,141.0,20.5,20.3,13.555,31.779,2.0,,9.0,309.5,2.0,,,9.0,,9.0,2177.1,2.0,,,9.0,,,9.0,,9.0,,9.0,,9.0,,9.0,,9.0,2.3,9.0,,9.0,,9.0,,9.0,,9.0,,9.0,,9.0,,9.0,,9.0,,,,,,,,,,,,,,,,,,,,,,,,,,,,,,,,,,,,,,,,,,,,,,,,,,,,,,,,,,,,,,,,,,,,,,,,,,,,,,,,,,,,,,,,,,,,,0.0,20.5,,,,,31.779,,,0.0,,13.555,,,,,,,,,,,,,11011.0,05:36:15,2021/07/01 05:36:15,14.0,11011.0,14.0,20.0,19.83,13.0706,31.8273,23.9229,7.08,308.87,0.094,165.97,99.9,dRB2102_CTD_033_01_F.csv,dRB2102,CTD,33.0,F.csv,330112
169,E497,1.0,1.0,False,WCOA21,2021_WCOA_RonBrown,7/1/2021,,5:39:44 AM,,E497,330116,16,Niskin; Sterivex 0.22µm filter,95% EtOH,West Coast,CR24,10.7,46.128,-124.526,1000.0,Sean McAllister,,7/1/2021 5:39:44 AM,7/1/2021 ,2021/07/01 05:39:00,2021/07/01 00:00:00,2021/06/30 22:39:00,46.128,-124.526,330116,16,11.0,511.0,33RO20210613,WCOA2021,CR24,33.0,1.0,11032.0,2.0,5.0,2021-07-01,2021.0,7.0,1.0,05:39:44,182.236,46.128,-124.526,141.0,10.8,10.7,16.525,31.589,2.0,,9.0,264.4,2.0,268.4,8.786,2.0,1923.7,2.0,2162.6,4.0,7.9885,25.02,2.0,157.9194701934911,24.86,2.0,1.1,2.0,0.26,2.0,0.0,2.0,0.07,2.0,0.01,2.0,,9.0,3.193,2.0,,9.0,,9.0,,9.0,,9.0,,9.0,,9.0,,9.0,298.45931299275287,76.7277527215329,11.267172792714842,169.64005380137533,61.66685038568894,0.0018876687864249,0.0,5.825560227755423e-10,0.0407217603978621,1.0592782396021378,1742.79277340591,0.00014818333487596062,0.2260599233491977,0.0,0.0012278942323588,0.0062386450650694,0.0,0.0,3.476094494710948,0.0320524072818213,25483.688167046294,2162.6,0.0,0.0,0.0,76.7277527215329,0.2901647373302844,0.0407217603978621,0.0,0.0,0.0,11.26717279271495,0.0,0.0,-0.0002324587095459148,0.0002147767369876309,28995.0,1742.79277340591,169.64005380137533,1923.7,0.0419760335394434,0.041931275363053,308.9130693631071,0.7383797006434545,0.9964578271151726,-0.000214776736987631,0.00017988378764803077,83.14462618,0.0062386450650694,3.476094494710948,1.193974953473146,1.214122923414851,0.0364736034507851,1e-07,2.9266974617149954e-10,5.954240822440767e-07,1e-07,0.1294766937032515,1.919493748389542e-09,3.810246836664903e-07,1.1549153520956073e-06,7.267783970019031e-10,0.0025962271139267,0.0241939877625871,8.941639162407293e-07,1.058659831860471e-09,2.870356581615145e-10,2.2605948656216697e-07,2.5954396351994008e-14,0.0002533132894989929,-0.00026646409799931136,1.0,1.0,3.0,1.0,10.0,1.0,1.0,0.0,1.0,1.0,310.0111825679928,8.126880641367737,8.204909721961656,8.250066138951853,8.118345887614732,8.126880641367737,1923.7,2.0,2162.6,1.0,0.0,,10.8,1.0,1.0,0.6750770141217894,10.69412660891933,31.589,2.644575467759425,4.132655936259858,,0.2793543718593497,16.525,0.0,0.0,0.0,375.1870657142858,9282.264922289767,61.66699856902382,0.26,1.1,25483.689394940524,0.0,0.9817784345565836,315.76491360599925,11032.0,05:39:44,2021/07/01 05:39:44,16.0,11032.0,16.0,11.0,10.91,16.529,31.6053,23.0193,6.19,270.17,0.06,165.56,99.82,dRB2102_CTD_033_01_F.csv,dRB2102,CTD,33.0,F.csv,330116
170,E498.1B,1.0,1.0,False,WCOA21,2021_WCOA_RonBrown,7/1/2021,,5:41:53 AM,,E498.1B,330118,18,Niskin; Sterivex 0.22µm filter,95% EtOH,West Coast,CR24,3.2,46.128,-124.527,350.0,Sean McAllister,Ran out; only ~350 mL total,7/1/2021 5:41:53 AM,7/1/2021 ,2021/07/01 05:41:00,2021/07/01 00:00:00,2021/06/30 22:41:00,46.128,-124.527,330118,18,3.0,513.0,33RO20210613,WCOA2021,CR24,33.0,1.0,11002.0,2.0,5.0,2021-07-01,2021.0,7.0,1.0,05:41:53,182.237,46.128,-124.527,141.0,3.2,3.2,16.532,31.587,2.0,,9.0,264.1,2.0,,,9.0,,9.0,,9.0,,,9.0,,,9.0,,9.0,,9.0,,9.0,,9.0,,9.0,,9.0,,9.0,851.5,2.0,191.0,2.0,91.1,2.0,0.0,2.0,943000.0,2.0,605000.0,2.0,206000.0,2.0,,,,,,,,,,,,,,,,,,,,,,,,,,,,,,,,,,,,,,,,,,,,,,,,,,,,,,,,,,,,,,,,,,,,,,,,,,,,,,,,,,,,,,,,,,,,,0.0,3.2,,,,,31.587,,,0.0,,16.532,,,,,,,,,,,,,11002.0,05:41:53,2021/07/01 05:41:53,18.0,11002.0,18.0,3.0,2.98,16.5277,31.6057,23.0196,6.03,263.25,0.062,166.05,99.82,dRB2102_CTD_033_01_F.csv,dRB2102,CTD,33.0,F.csv,330117
171,E498.2B,2.0,1.0,False,WCOA21,2021_WCOA_RonBrown,7/1/2021,,5:41:57 AM,,E498.2B,330119,19,Niskin; Sterivex 0.22µm filter,95% EtOH,West Coast,CR24,3.2,46.128,-124.527,1000.0,Sean McAllister,,7/1/2021 5:41:57 AM,7/1/2021 ,2021/07/01 05:41:00,2021/07/01 00:00:00,2021/06/30 22:41:00,46.128,-124.527,330119,19,3.0,514.0,33RO20210613,WCOA2021,CR24,33.0,1.0,11028.0,2.0,5.0,2021-07-01,2021.0,7.0,1.0,05:41:57,182.237,46.128,-124.527,141.0,3.2,3.2,16.531,31.588,2.0,,9.0,264.1,2.0,,,9.0,,9.0,,9.0,,,9.0,,,9.0,,9.0,,9.0,,9.0,,9.0,,9.0,,9.0,,9.0,851.5,9.0,191.0,9.0,91.1,9.0,0.0,9.0,943000.0,9.0,605000.0,9.0,206000.0,9.0,,,,,,,,,,,,,,,,,,,,,,,,,,,,,,,,,,,,,,,,,,,,,,,,,,,,,,,,,,,,,,,,,,,,,,,,,,,,,,,,,,,,,,,,,,,,,0.0,3.2,,,,,31.588,,,0.0,,16.531,,,,,,,,,,,,,11028.0,05:41:57,2021/07/01 05:41:57,19.0,11028.0,19.0,3.0,2.98,16.5277,31.6057,23.0196,6.03,263.25,0.062,166.05,99.82,dRB2102_CTD_033_01_F.csv,dRB2102,CTD,33.0,F.csv,330117
172,E498.3B,3.0,1.0,False,WCOA21,2021_WCOA_RonBrown,7/1/2021,,5:42:01 AM,,E498.3B,330120,20,Niskin; Sterivex 0.22µm filter,95% EtOH,West Coast,CR24,3.2,46.128,-124.527,1000.0,Sean McAllister,,7/1/2021 5:42:01 AM,7/1/2021 ,2021/07/01 05:42:00,2021/07/01 00:00:00,2021/06/30 22:42:00,46.128,-124.527,330120,20,3.0,515.0,33RO20210613,WCOA2021,CR24,33.0,1.0,11022.0,2.0,5.0,2021-07-01,2021.0,7.0,1.0,05:42:01,182.238,46.128,-124.527,141.0,3.2,3.2,16.532,31.587,2.0,,9.0,264.1,2.0,,,9.0,,9.0,,9.0,,,9.0,,,9.0,,9.0,,9.0,,9.0,,9.0,,9.0,,9.0,,9.0,851.5,9.0,191.0,9.0,91.1,9.0,0.0,9.0,943000.0,9.0,605000.0,9.0,206000.0,9.0,,,,,,,,,,,,,,,,,,,,,,,,,,,,,,,,,,,,,,,,,,,,,,,,,,,,,,,,,,,,,,,,,,,,,,,,,,,,,,,,,,,,,,,,,,,,,0.0,3.2,,,,,31.587,,,0.0,,16.532,,,,,,,,,,,,,11022.0,05:42:01,2021/07/01 05:42:01,20.0,11022.0,20.0,3.0,2.98,16.5277,31.6057,23.0196,6.03,263.25,0.062,166.05,99.82,dRB2102_CTD_033_01_F.csv,dRB2102,CTD,33.0,F.csv,330117
173,E499,1.0,1.0,False,WCOA21,2021_WCOA_RonBrown,7/1/2021,,10:30:25 AM,,E499,340102,2,Niskin; Sterivex 0.22µm filter,95% EtOH,West Coast,CR30,345.2,46.128,-124.669,1000.0,Sean McAllister,,7/1/2021 10:30:25 AM,7/1/2021 ,2021/07/01 10:30:00,2021/07/01 00:00:00,2021/07/01 03:30:00,46.128,-124.669,340102,2,345.0,517.0,33RO20210613,WCOA2021,CR30,34.0,1.0,11081.0,2.0,5.0,2021-07-01,2021.0,7.0,1.0,10:30:25,182.438,46.128,-124.669,355.0,348.4,345.2,6.461,34.014,2.0,34.0586,3.0,40.3,2.0,,,9.0,,9.0,,9.0,,,9.0,,,9.0,,9.0,,9.0,,9.0,,9.0,,9.0,,9.0,,9.0,,9.0,,9.0,,9.0,,9.0,,9.0,,9.0,,9.0,,,,,,,,,,,,,,,,,,,,,,,,,,,,,,,,,,,,,,,,,,,,,,,,,,,,,,,,,,,,,,,,,,,,,,,,,,,,,,,,,,,,,,,,,,,,,0.0,348.4,,,,,34.0586,,,0.0,,6.461,,,,,,,,,,,,,11081.0,10:30:25,2021/07/01 10:30:25,2.0,11081.0,2.0,345.0,341.88,6.466,34.0135,26.7173,0.93,40.37,0.041,163.21,13.32,dRB2102_CTD_034_01_F.csv,dRB2102,CTD,34.0,F.csv,340101
174,E500,1.0,1.0,False,WCOA21,2021_WCOA_RonBrown,7/1/2021,,10:34:39 AM,,E500,340104,4,Niskin; Sterivex 0.22µm filter,95% EtOH,West Coast,CR30,298.2,46.128,-124.67,1000.0,Sean McAllister,,7/1/2021 10:34:39 AM,7/1/2021 ,2021/07/01 10:34:00,2021/07/01 00:00:00,2021/07/01 03:34:00,46.128,-124.67,340104,4,298.0,519.0,33RO20210613,WCOA2021,CR30,34.0,1.0,11058.0,2.0,5.0,2021-07-01,2021.0,7.0,1.0,10:34:39,182.441,46.128,-124.67,355.0,300.9,298.2,6.49,34.012,2.0,,9.0,40.1,2.0,,,9.0,,9.0,,9.0,,,9.0,,,9.0,,9.0,,9.0,,9.0,,9.0,,9.0,,9.0,,9.0,,9.0,,9.0,,9.0,,9.0,,9.0,,9.0,,9.0,,,,,,,,,,,,,,,,,,,,,,,,,,,,,,,,,,,,,,,,,,,,,,,,,,,,,,,,,,,,,,,,,,,,,,,,,,,,,,,,,,,,,,,,,,,,,0.0,300.9,,,,,34.012,,,0.0,,6.49,,,,,,,,,,,,,11058.0,10:34:39,2021/07/01 10:34:39,4.0,11058.0,4.0,298.0,295.34,6.506,34.01,26.7087,0.93,40.36,0.041,163.61,60.57,dRB2102_CTD_034_01_F.csv,dRB2102,CTD,34.0,F.csv,340103
175,E501,1.0,1.0,False,WCOA21,2021_WCOA_RonBrown,7/1/2021,,10:38:53 AM,,E501,340106,6,Niskin; Sterivex 0.22µm filter,95% EtOH,West Coast,CR30,199.4,46.127,-124.67,1000.0,Sean McAllister,,7/1/2021 10:38:53 AM,7/1/2021 ,2021/07/01 10:38:00,2021/07/01 00:00:00,2021/07/01 03:38:00,46.127,-124.67,340106,6,199.0,521.0,33RO20210613,WCOA2021,CR30,34.0,1.0,11082.0,2.0,5.0,2021-07-01,2021.0,7.0,1.0,10:38:53,182.444,46.127,-124.67,355.0,201.1,199.4,6.609,33.998,2.0,,9.0,39.1,2.0,36.1,1.186,2.0,2289.5,2.0,2279.1,2.0,7.2701,24.98,2.0,42.24564829243537,24.83,2.0,65.7,2.0,2.9,2.0,36.5,2.0,0.38,2.0,0.01,2.0,,9.0,26.73,2.0,,9.0,,9.0,,9.0,,9.0,,9.0,,9.0,,9.0,384.6535637732504,19.14553908389253,70.88820494711041,37.78961241645981,66.36922932909954,0.1103480585545613,0.0,1.3461737504484378e-07,0.4075457482053853,65.29245425179461,2180.8221826364297,0.0005391773321849583,2.7343863725512105,0.0,0.0035579747376666,0.0270210795899558,0.0,0.0,0.3317088237246682,0.055265434276853,27427.090431996072,2279.0999999999995,0.0,0.0,0.0,19.14553908389253,2.8449171064875416,0.4075457482053853,0.0,0.0,0.0,70.88820494711035,0.0,0.0,-0.00012736951535798115,0.00012923786718390312,28995.0,2180.8221826364297,37.78961241645981,2289.5,0.0393010551793277,0.0392480065195602,1431.2202730187494,0.7807562697476219,0.9959761063782354,-0.0001292378671839,0.00012402968883908617,83.14462618,0.0270210795899558,0.3317088237246682,1.0419913844303357,1.0362369376647012,0.0495299055522683,1e-07,1.2842022646329088e-10,6.840983411187078e-07,1e-07,0.2082953500591486,1.522025385314925e-09,4.331644012819989e-07,9.407415670640052e-07,5.29878427386419e-10,0.0033261194805022,0.0250661500961189,7.577383036574942e-07,6.180416782588674e-10,1.9086989310295958e-10,1.512414834532809e-07,1.0143342294731148e-14,0.00012555441407305926,-0.0001349026147401125,1.0,1.0,3.0,1.0,10.0,1.0,1.0,0.0,1.0,1.0,1437.0026186905573,7.514575942932448,7.568297303330491,7.614469542389536,7.506985022843309,7.514575942932448,2289.5,2.0,2279.1,1.0,0.0,,201.1,1.0,1.0,0.9194016667358672,18.459290041196144,33.998,0.5518554697018107,0.8715476392865409,,0.0807081810101722,6.609,0.0,0.0,0.0,403.7991028571429,9990.137162556824,66.36976850643173,2.9,65.7,27427.09398997081,0.0,0.9905609549401226,1450.6958017312736,11082.0,10:38:53,2021/07/01 10:38:53,6.0,11082.0,6.0,199.0,197.27,6.5909,34.0009,26.6892,0.89,38.53,0.041,164.64,99.93,dRB2102_CTD_034_01_F.csv,dRB2102,CTD,34.0,F.csv,340106
176,E502,1.0,1.0,False,WCOA21,2021_WCOA_RonBrown,7/1/2021,,10:47:08 AM,,E502,340110,10,Niskin; Sterivex 0.22µm filter,95% EtOH,West Coast,CR30,99.7,46.127,-124.671,1000.0,Sean McAllister,,7/1/2021 10:47:08 AM,7/1/2021 ,2021/07/01 10:47:00,2021/07/01 00:00:00,2021/07/01 03:47:00,46.127,-124.671,340110,10,100.0,525.0,33RO20210613,WCOA2021,CR30,34.0,1.0,11067.0,2.0,5.0,2021-07-01,2021.0,7.0,1.0,10:47:08,182.449,46.127,-124.671,355.0,100.5,99.7,7.681,33.708,2.0,,9.0,83.6,2.0,,,9.0,,9.0,,9.0,,,9.0,,,9.0,,9.0,,9.0,,9.0,,9.0,,9.0,,9.0,,9.0,,9.0,,9.0,,9.0,,9.0,,9.0,,9.0,,9.0,,,,,,,,,,,,,,,,,,,,,,,,,,,,,,,,,,,,,,,,,,,,,,,,,,,,,,,,,,,,,,,,,,,,,,,,,,,,,,,,,,,,,,,,,,,,,0.0,100.5,,,,,33.708,,,0.0,,7.681,,,,,,,,,,,,,11067.0,10:47:08,2021/07/01 10:47:08,10.0,11067.0,10.0,100.0,99.15,7.6474,33.7062,26.3104,1.92,83.61,0.042,164.99,99.71,dRB2102_CTD_034_01_F.csv,dRB2102,CTD,34.0,F.csv,340109
177,E503,1.0,1.0,False,WCOA21,2021_WCOA_RonBrown,7/1/2021,,11:01:04 AM,,E503,340117,17,Niskin; Sterivex 0.22µm filter,95% EtOH,West Coast,CR30,25.7,46.126,-124.672,1000.0,Sean McAllister,,7/1/2021 11:01:04 AM,7/1/2021 ,2021/07/01 11:01:00,2021/07/01 00:00:00,2021/07/01 04:01:00,46.126,-124.672,340117,17,26.0,532.0,33RO20210613,WCOA2021,CR30,34.0,1.0,11052.0,2.0,5.0,2021-07-01,2021.0,7.0,1.0,11:01:04,182.459,46.126,-124.672,355.0,25.9,25.7,10.651,31.991,2.0,,9.0,270.1,2.0,,,9.0,,9.0,,9.0,,,9.0,,,9.0,,9.0,,9.0,,9.0,,9.0,,9.0,,9.0,,9.0,,9.0,,9.0,,9.0,,9.0,,9.0,,9.0,,9.0,,,,,,,,,,,,,,,,,,,,,,,,,,,,,,,,,,,,,,,,,,,,,,,,,,,,,,,,,,,,,,,,,,,,,,,,,,,,,,,,,,,,,,,,,,,,,0.0,25.9,,,,,31.991,,,0.0,,10.651,,,,,,,,,,,,,11052.0,11:01:04,2021/07/01 11:01:04,17.0,11052.0,17.0,26.0,25.78,10.3971,32.012,24.5538,6.0,261.63,0.074,164.05,99.7,dRB2102_CTD_034_01_F.csv,dRB2102,CTD,34.0,F.csv,340115
178,E504,1.0,1.0,False,WCOA21,2021_WCOA_RonBrown,7/1/2021,,11:05:04 AM,,E504,340119,19,Niskin; Sterivex 0.22µm filter,95% EtOH,West Coast,CR30,10.9,46.126,-124.673,1000.0,Sean McAllister,,7/1/2021 11:05:04 AM,7/1/2021 ,2021/07/01 11:05:00,2021/07/01 00:00:00,2021/07/01 04:05:00,46.126,-124.673,340119,19,11.0,534.0,33RO20210613,WCOA2021,CR30,34.0,1.0,11028.0,2.0,5.0,2021-07-01,2021.0,7.0,1.0,11:05:04,182.462,46.126,-124.673,355.0,11.0,10.9,16.138,31.344,2.0,,9.0,271.7,2.0,272.9,8.931,2.0,1941.8,2.0,2145.1,2.0,7.9264,24.98,2.0,140.8268849838736,24.83,2.0,1.9,2.0,0.35,2.0,0.0,2.0,0.08,2.0,0.02,2.0,,9.0,3.776,2.0,,9.0,,9.0,,9.0,,9.0,,9.0,,9.0,,9.0,305.4380403446046,66.8391253696812,13.492786544340303,146.63883037130347,61.18854732733126,0.0030296141554278,0.0,1.0842153295348694e-09,0.0599904000198023,1.8400095999801973,1781.668383084356,0.00017036387399693522,0.3098076530543064,0.0,0.0014005289843243,0.00724788244597,0.0,0.0,2.879526063257095,0.0371627317060504,25286.039955481523,2145.0999999999995,0.0,0.0,0.0,66.8391253696812,0.3841331153821919,0.0599904000198023,0.0,0.0,0.0,13.492786544340223,0.0,0.0,-0.0002088240576499405,0.0001954241443294469,28995.0,1781.668383084356,146.63883037130347,1941.8,0.0417765164237796,0.0417314652614141,365.2083505845048,0.7392130039132673,0.9964405107910864,-0.0001954241443294464,0.00016714217154474773,83.14462618,0.00724788244597,2.879526063257095,1.1692090782554383,1.1787644304644045,0.0369454491463439,1e-07,2.839086180445862e-10,5.910445585541919e-07,1e-07,0.1308578738267606,1.8925352597557077e-09,3.776462626962377e-07,1.1419880761347617e-06,7.118007818535493e-10,0.0026031774675195,0.024166186561332,8.84384589733827e-07,1.0374133543240954e-09,2.8196682555261034e-10,2.225151770601626e-07,2.49033263426728e-14,0.00022419686958949727,-0.00023522662467119823,1.0,1.0,3.0,1.0,10.0,1.0,1.0,0.0,1.0,1.0,366.5129494730813,8.063063654005765,8.13978885913375,8.185822097371949,8.054591695570608,8.063063654005765,1941.8,2.0,2145.1,1.0,0.0,,11.0,1.0,1.0,0.7105580491935399,11.617654491704004,31.344,2.2850792397146886,3.576319386443572,,0.2458191611641007,16.138,0.0,0.0,0.0,372.2771657142858,9210.272934383822,61.18871769120525,0.35,1.9,25286.041356010508,0.0,0.982220048418438,373.1474938464524,11028.0,11:05:04,2021/07/01 11:05:04,19.0,11028.0,19.0,11.0,10.91,13.8893,31.8949,23.8116,6.54,285.36,0.048,163.16,99.88,dRB2102_CTD_034_01_F.csv,dRB2102,CTD,34.0,F.csv,340119
179,E505,1.0,1.0,False,WCOA21,2021_WCOA_RonBrown,7/1/2021,,11:07:28 AM,,E505,340123,23,Niskin; Sterivex 0.22µm filter,95% EtOH,West Coast,CR30,3.5,46.126,-124.673,1000.0,Sean McAllister,,7/1/2021 11:07:28 AM,7/1/2021 ,2021/07/01 11:07:00,2021/07/01 00:00:00,2021/07/01 04:07:00,46.126,-124.673,340123,23,4.0,538.0,33RO20210613,WCOA2021,CR30,34.0,1.0,11061.0,2.0,5.0,2021-07-01,2021.0,7.0,1.0,11:07:28,182.464,46.126,-124.673,355.0,3.6,3.5,17.03,31.126,2.0,,9.0,254.1,2.0,,,9.0,,9.0,,9.0,,,9.0,,,9.0,,9.0,,9.0,,9.0,,9.0,,9.0,0.2,2.0,,9.0,,9.0,,9.0,,9.0,,9.0,,9.0,,9.0,,9.0,,,,,,,,,,,,,,,,,,,,,,,,,,,,,,,,,,,,,,,,,,,,,,,,,,,,,,,,,,,,,,,,,,,,,,,,,,,,,,,,,,,,,,,,,,,,,0.0,3.6,,,,,31.126,,,0.0,,17.03,,,,,,,,,,,,,11061.0,11:07:28,2021/07/01 11:07:28,23.0,11061.0,23.0,4.0,3.97,16.9667,31.1409,22.5626,5.85,255.6,0.048,162.67,99.76,dRB2102_CTD_034_01_F.csv,dRB2102,CTD,34.0,F.csv,340120
180,E506,1.0,1.0,False,WCOA21,2021_WCOA_RonBrown,7/1/2021,,2:06:19 PM,,E506,350102,2,Niskin; Sterivex 0.22µm filter,95% EtOH,West Coast,CR50,1350.6,46.128,-125.189,1000.0,Sean McAllister,,7/1/2021 2:06:19 PM,7/1/2021 ,2021/07/01 02:06:00,2021/07/01 00:00:00,2021/06/30 19:06:00,46.128,-125.189,350102,2,1351.0,541.0,33RO20210613,WCOA2021,CR50,35.0,1.0,11081.0,2.0,5.0,2021-07-01,2021.0,7.0,1.0,14:06:19,182.588,46.128,-125.189,1361.0,1366.3,1350.6,2.923,34.488,2.0,34.5003,2.0,27.1,2.0,,,9.0,,9.0,,9.0,,,9.0,,,9.0,,9.0,,9.0,,9.0,,9.0,,9.0,,9.0,,9.0,,9.0,,9.0,,9.0,,9.0,,9.0,,9.0,,9.0,,,,,,,,,,,,,,,,,,,,,,,,,,,,,,,,,,,,,,,,,,,,,,,,,,,,,,,,,,,,,,,,,,,,,,,,,,,,,,,,,,,,,,,,,,,,,0.0,1366.3,,,,,34.5003,,,0.0,,2.923,,,,,,,,,,,,,11081.0,14:06:19,2021/07/01 14:06:19,2.0,11081.0,2.0,1351.0,1335.56,2.9342,34.4872,27.4902,0.62,26.77,0.04,137.45,23.77,dRB2102_CTD_035_01_F.csv,dRB2102,CTD,35.0,F.csv,350101
181,E507,1.0,1.0,False,WCOA21,2021_WCOA_RonBrown,7/1/2021,,2:12:39 PM,,E507,350103,3,Niskin; Sterivex 0.22µm filter,95% EtOH,West Coast,CR50,1236.8,46.128,-125.189,1000.0,Sean McAllister,,7/1/2021 2:12:39 PM,7/1/2021 ,2021/07/01 02:12:00,2021/07/01 00:00:00,2021/06/30 19:12:00,46.128,-125.189,350103,3,1237.0,542.0,33RO20210613,WCOA2021,CR50,35.0,1.0,11020.0,2.0,5.0,2021-07-01,2021.0,7.0,1.0,14:12:39,182.592,46.128,-125.189,1361.0,1250.8,1236.8,3.112,34.465,2.0,,9.0,22.1,2.0,22.0,0.723,2.0,2381.7,2.0,2384.8,2.0,7.3131,24.98,6.0,49.247386757661445,24.975,2.0,143.8,6.0,3.25,6.0,43.8,6.0,0.03,6.0,0.04,6.0,,9.0,2.974,2.0,,9.0,,9.0,,9.0,,9.0,,9.0,,9.0,,9.0,387.193182827459,22.15254574396965,64.99417660960374,41.52629169148962,67.2809863389561,0.1093143185800901,0.0,1.122269885821822e-07,0.9592868318526664,142.84071316814732,2275.1795316989064,0.00044408560327727887,3.0774489301185426,0.0,0.0025784252323038,0.024856977699575,0.0,0.0,0.2800097347871976,0.0632366390743784,27803.83277554689,2384.8,0.0,0.0,0.0,22.15254574396965,3.2039220960403108,0.9592868318526664,0.0,0.0,0.0,64.99417660960376,0.0,0.0,-0.00012867562156906783,0.0001299561336354748,28995.0,2275.1795316989064,41.52629169148962,2381.7,0.0416182804609868,0.0415618945176299,1160.0272676661225,0.7955395503508487,0.995785614252332,-0.0001299561336354744,0.00012439433537199748,83.14462618,0.024856977699575,0.2800097347871976,1.0447110251993783,1.038051756280046,0.0560281455627906,1e-07,1.0627284120717791e-10,8.512653679288213e-07,1e-07,0.268039283282596,1.569666127155174e-09,5.441347123130885e-07,9.604009312016743e-07,5.007475405255309e-10,0.0037659450445832,0.0267233616485299,7.723695599317369e-07,5.637535268919264e-10,1.8425013712666703e-10,1.3502399072311014e-07,7.68217996568947e-15,0.00012742009811987938,-0.00013603855698491444,1.0,1.0,3.0,1.0,10.0,1.0,1.0,0.0,1.0,1.0,1164.9367605467048,7.561688653341028,7.6045516773110275,7.654053372966123,7.554715148491348,7.561688653341028,2381.7,2.0,2384.8,1.0,0.0,,1250.8,1.0,1.0,0.914404990239582,19.146370233641253,34.465,0.4940313957014799,0.772881803556449,,0.0915308192008316,3.112,0.0,0.0,0.0,409.3457285714287,10127.36270685102,67.28143042455937,3.25,143.8,27803.83535397212,0.0,0.9926079971591176,1173.6121045576892,11020.0,14:12:39,2021/07/01 14:12:39,3.0,11020.0,3.0,1237.0,1223.19,3.1721,34.4608,27.4469,0.5,21.64,0.041,137.96,100.0,dRB2102_CTD_035_01_F.csv,dRB2102,CTD,35.0,F.csv,350103
182,E508,1.0,1.0,False,WCOA21,2021_WCOA_RonBrown,7/1/2021,,2:24:31 PM,,E508,350104,4,Niskin; Sterivex 0.22µm filter,95% EtOH,West Coast,CR50,990.2,46.127,-125.189,1000.0,Sean McAllister,,7/1/2021 2:24:31 PM,7/1/2021 ,2021/07/01 02:24:00,2021/07/01 00:00:00,2021/06/30 19:24:00,46.127,-125.189,350104,4,990.0,543.0,33RO20210613,WCOA2021,CR50,35.0,1.0,11058.0,2.0,5.0,2021-07-01,2021.0,7.0,1.0,14:24:31,182.6,46.127,-125.189,1361.0,1000.8,990.2,3.686,34.395,2.0,,9.0,14.4,2.0,12.7,0.416,2.0,2370.5,6.0,2364.7,2.0,7.2931,24.98,2.0,46.49830296037161,24.975,2.0,128.0,2.0,3.28,2.0,43.8,2.0,0.03,2.0,0.04,2.0,,9.0,0.0,2.0,,9.0,,9.0,,9.0,,9.0,,9.0,,9.0,,9.0,387.96351985455817,20.55080871687049,69.57056834352738,38.95408902138689,67.14429803875069,0.1184520621963051,0.0,1.3139418615324793e-07,0.7996922862824202,127.20030771371758,2261.9753426350853,0.00048070643194419066,3.101278920727091,0.0,0.0028598190769436,0.0263357604628372,0.0,0.0,0.2738380442614265,0.0602688856824177,27747.361625887326,2364.7,0.0,0.0,0.0,20.55080871687049,3.2218165606977407,0.7996922862824202,0.0,0.0,0.0,69.57056834352733,0.0,0.0,-0.00012892210171114594,0.00013060899801445552,28995.0,2261.9753426350853,38.95408902138689,2370.5,0.0409884649851416,0.0409326425370359,1267.773019629,0.7931127858795726,0.9958176825592976,-0.00013060899801445536,0.00012532263402973155,83.14462618,0.0263357604628372,0.2738380442614265,1.0421820369931725,1.035944058178091,0.0548762020222565,1e-07,1.0870181186280167e-10,8.0887956020556e-07,1e-07,0.2555224122905196,1.5465185406672151e-09,5.157042567847344e-07,9.492474083804104e-07,5.027849749151041e-10,0.0036785364873153,0.0263198604113556,7.643905444987952e-07,5.673740119662548e-10,1.83548926939427e-10,1.371534238521445e-07,7.994860482966571e-15,0.00012727822441689634,-0.0001363609820016755,1.0,1.0,3.0,1.0,10.0,1.0,1.0,0.0,1.0,1.0,1273.097517580492,7.534682895085171,7.579454136579501,7.628255446614943,7.527590397869706,7.534682895085171,2370.5,2.0,2364.7,1.0,0.0,,1000.8,1.0,1.0,0.9190505391651672,18.91517855775057,34.395,0.4867238037850163,0.7634238639056652,,0.0858898813963239,3.686,0.0,0.0,0.0,408.5143285714287,10106.793567449322,67.14477874518265,3.28,128.0,27747.364485706403,0.0,0.9923017237086024,1282.974207504599,11058.0,14:24:31,2021/07/01 14:24:31,4.0,11058.0,4.0,990.0,979.53,3.7228,34.388,27.3347,0.32,14.03,0.041,138.6,100.0,dRB2102_CTD_035_01_F.csv,dRB2102,CTD,35.0,F.csv,350104
183,E509,1.0,1.0,False,WCOA21,2021_WCOA_RonBrown,7/1/2021,,2:46:04 PM,,E509,350107,7,Niskin; Sterivex 0.22µm filter,95% EtOH,West Coast,CR50,396.6,46.127,-125.19,1000.0,Sean McAllister,,7/1/2021 2:46:04 PM,7/1/2021 ,2021/07/01 02:46:00,2021/07/01 00:00:00,2021/06/30 19:46:00,46.127,-125.19,350107,7,397.0,546.0,33RO20210613,WCOA2021,CR50,35.0,1.0,11004.0,2.0,5.0,2021-07-01,2021.0,7.0,1.0,14:46:04,182.615,46.127,-125.19,1361.0,400.2,396.6,5.305,33.981,2.0,,9.0,64.8,2.0,64.2,2.111,2.0,2285.6,2.0,2286.2,2.0,7.3232,24.98,2.0,47.44502179508656,24.975,2.0,73.2,2.0,2.81,2.0,38.4,2.0,0.02,2.0,0.05,2.0,,9.0,2.315,2.0,,9.0,,9.0,,9.0,,9.0,,9.0,,9.0,,9.0,382.6609308715096,20.936260557062,64.44969123086797,40.55629676757076,66.3361112690966,0.0973080808807456,0.0,1.0520095014639361e-07,0.4876336455385352,72.71236635446148,2180.5940120015607,0.0004704009150502574,2.6558559266605832,0.0,0.0029864441386601,0.024418967548036,0.0,0.0,0.3278484773241201,0.0568358872577207,27413.376649805006,2286.2,0.0,0.0,0.0,20.936260557062,2.7695275959750743,0.4876336455385352,0.0,0.0,0.0,64.44969123086796,0.0,0.0,-0.00012560009007265668,0.0001269269697348486,28995.0,2180.5940120015607,40.55629676757076,2285.5999999999995,0.0403480176617333,0.0402937511297867,1242.4200003445442,0.7855766448358739,0.9959064242343396,-0.0001269269697348486,0.00012145198201569684,83.14462618,0.024418967548036,0.3278484773241201,1.0450794431534611,1.0388291084501262,0.0518743188398409,1e-07,1.1731244674727518e-10,7.107423403032352e-07,1e-07,0.2241482926561645,1.4994131887230067e-09,4.503384146939496e-07,9.272360532469708e-07,5.09706078472511e-10,0.0034435718480052,0.0253492772159096,7.479833663964582e-07,5.864817032173717e-10,1.8378993336252503e-10,1.437575336808804e-07,8.984822598588377e-15,0.000124300665487193,-0.0001329188787745896,1.0,1.0,3.0,1.0,10.0,1.0,1.0,0.0,1.0,1.0,1247.5268460083748,7.562163664374061,7.6122727022940735,7.659583843285517,7.554772406697711,7.562163664374061,2285.6,2.0,2286.2,1.0,0.0,,400.2,1.0,1.0,0.9137301121961854,18.818960070199605,33.981,0.5697710001905919,0.899235687871726,,0.0892991895628666,5.305,0.0,0.0,0.0,403.59719142857153,9985.1418001307,66.33658167001165,2.81,73.2,27413.37963624914,0.0,0.9913754742457994,1258.3797747845697,11004.0,14:46:04,2021/07/01 14:46:04,7.0,11004.0,7.0,397.0,393.36,5.3856,33.9765,26.8228,1.56,67.77,0.041,139.34,99.84,dRB2102_CTD_035_01_F.csv,dRB2102,CTD,35.0,F.csv,350107
184,E510,1.0,1.0,False,WCOA21,2021_WCOA_RonBrown,7/1/2021,,2:57:06 PM,,E510,350109,9,Niskin; Sterivex 0.22µm filter,95% EtOH,West Coast,CR50,198.6,46.126,-125.19,1000.0,Sean McAllister,,7/1/2021 2:57:06 PM,7/1/2021 ,2021/07/01 02:57:00,2021/07/01 00:00:00,2021/06/30 19:57:00,46.126,-125.19,350109,9,199.0,548.0,33RO20210613,WCOA2021,CR50,35.0,1.0,12052.0,2.0,5.0,2021-07-01,2021.0,7.0,1.0,14:57:06,182.623,46.126,-125.19,1361.0,200.3,198.6,7.303,33.914,2.0,,9.0,132.3,2.0,130.2,4.278,2.0,2211.3,2.0,2263.9,2.0,7.4701,24.98,2.0,64.22243169903103,24.975,2.0,42.1,2.0,2.12,2.0,28.9,2.0,0.03,2.0,0.04,2.0,,9.0,3.375,2.0,,9.0,,9.0,,9.0,,9.0,,9.0,,9.0,,9.0,372.26130639171424,30.540116465428675,41.66728676098214,60.59768046746962,66.20544965701653,0.0492301309868336,0.0,3.717351755496287e-08,0.4341165825053483,41.66588341749465,2109.0350327715487,0.00033683416311168735,2.002647047233673,0.0,0.0022613727711079,0.0166594912380359,0.0,0.0,0.5757383644783972,0.0681227846059759,27359.326686679186,2263.9,0.0,0.0,0.0,30.540116465428675,2.138892579272107,0.4341165825053483,0.0,0.0,0.0,41.66728676098215,0.0,0.0,-0.00013146931635160984,0.0001303533931152119,28995.0,2109.0350327715487,60.59768046746962,2211.3,0.0413636521974189,0.0413112390719893,861.3982949473267,0.7778917874347777,0.9960125545279228,-0.00013035339311521152,0.00012210981868335618,83.14462618,0.0166594912380359,0.5757383644783972,1.0675095133277708,1.06001100327104,0.048371684742573,1e-07,1.3638195494492236e-10,6.813081951994484e-07,1e-07,0.2015556519644363,1.552257476811433e-09,4.3174619766287603e-07,9.577001178095395e-07,5.436422178413496e-10,0.0032744573717885,0.0250575324591956,7.696874262527591e-07,6.43619132970711e-10,1.9713636743367576e-10,1.5605922820687738e-07,1.0893467406755527e-14,0.00013260451085153098,-0.00013979058765564774,1.0,1.0,3.0,1.0,10.0,1.0,1.0,0.0,1.0,1.0,864.8468245017264,7.723059031411634,7.7783382655875375,7.824476394988897,7.715395581453376,7.723059031411634,2211.3,2.0,2263.9,1.0,0.0,,200.3,1.0,1.0,0.8735196033666774,18.109108864817312,33.914,0.8863586454610066,1.3987000054833176,,0.1265966050605632,7.303,0.0,0.0,0.0,402.8014228571429,9965.454195274788,66.20578649117965,2.12,42.1,27359.328948051952,0.0,0.9900998547284092,873.4945474150779,12052.0,14:57:06,2021/07/01 14:57:06,9.0,12052.0,9.0,199.0,197.27,7.2355,33.9085,26.529,3.03,131.69,0.042,138.67,99.56,dRB2102_CTD_035_01_F.csv,dRB2102,CTD,35.0,F.csv,350109
185,E511,1.0,1.0,False,WCOA21,2021_WCOA_RonBrown,7/1/2021,,3:08:14 PM,,E511,350113,13,Niskin; Sterivex 0.22µm filter,95% EtOH,West Coast,CR50,99.6,46.126,-125.191,1000.0,Sean McAllister,,7/1/2021 3:08:14 PM,7/1/2021 ,2021/07/01 03:08:00,2021/07/01 00:00:00,2021/06/30 20:08:00,46.126,-125.191,350113,13,100.0,552.0,33RO20210613,WCOA2021,CR50,35.0,1.0,11054.0,2.0,5.0,2021-07-01,2021.0,7.0,1.0,15:08:14,182.631,46.126,-125.191,1361.0,100.4,99.6,8.294,32.994,2.0,,9.0,201.5,2.0,,,9.0,,9.0,,9.0,,,9.0,,,9.0,,9.0,,9.0,,9.0,,9.0,,9.0,,9.0,,9.0,,9.0,,9.0,,9.0,,9.0,,9.0,,9.0,,9.0,,,,,,,,,,,,,,,,,,,,,,,,,,,,,,,,,,,,,,,,,,,,,,,,,,,,,,,,,,,,,,,,,,,,,,,,,,,,,,,,,,,,,,,,,,,,,0.0,100.4,,,,,32.994,,,0.0,,8.294,,,,,,,,,,,,,11054.0,15:08:14,2021/07/01 15:08:14,13.0,11054.0,13.0,100.0,99.15,8.3751,32.9122,25.5806,4.85,211.09,0.046,138.12,99.3,dRB2102_CTD_035_01_F.csv,dRB2102,CTD,35.0,F.csv,350112
186,E512,1.0,1.0,False,WCOA21,2021_WCOA_RonBrown,7/1/2021,,3:17:11 PM,,E512,350116,16,Niskin; Sterivex 0.22µm filter,95% EtOH,West Coast,CR50,49.3,46.126,-125.191,1000.0,Sean McAllister,,7/1/2021 3:17:11 PM,7/1/2021 ,2021/07/01 03:17:00,2021/07/01 00:00:00,2021/06/30 20:17:00,46.126,-125.191,350116,16,49.0,555.0,33RO20210613,WCOA2021,CR50,35.0,1.0,11032.0,2.0,5.0,2021-07-01,2021.0,7.0,1.0,15:17:11,182.637,46.126,-125.191,1361.0,49.7,49.3,9.095,32.261,2.0,,9.0,300.5,2.0,299.4,9.82,2.0,2017.9,2.0,2168.4,2.0,7.789,24.98,2.0,113.7962086480579,24.86,2.0,5.0,2.0,0.87,2.0,3.9,2.0,0.42,2.0,0.19,2.0,0.8,2.0,4.315,2.0,,9.0,,9.0,,9.0,,9.0,,9.0,,9.0,,9.0,328.25093478528686,54.91757092899896,18.241424533495085,111.46183189826822,62.97868491569437,0.0096952492346516,0.0,3.709858658047817e-09,0.1084739606079435,4.891526039392056,1888.1967435682368,0.00016977534609632615,0.7997723552465743,0.0,0.0012019503069436,0.0082041672650159,0.0,0.0,1.3422865033837938,0.0605323918089154,26025.80852834113,2168.4,0.0,0.0,0.0,54.91757092899896,0.9208371351545466,0.1084739606079435,0.0,0.0,0.0,18.241424533495167,0.0,0.0,-0.00017396853532726677,0.0001662866344393371,28995.0,1888.1967435682368,111.46183189826822,2017.9,0.0430813918527068,0.043030579915523,397.04749903280265,0.7663476233895236,0.9961046711661832,-0.00016628663443933774,0.00014733852731452145,83.14462618,0.0082041672650159,1.3422865033837938,1.1286025282740029,1.1256800372029974,0.0459426758207287,1e-07,1.5782728640827023e-10,6.254175808802585e-07,1e-07,0.1776446872556132,1.5736775656433154e-09,3.953013839192362e-07,9.73641101395074e-07,5.552509850361538e-10,0.003043360988856,0.0245817059717184,7.75921553595596e-07,7.119210784063376e-10,2.0858906295888776e-10,1.670927014729063e-07,1.2625704740592443e-14,0.00018239457038989043,-0.0001908275383333042,1.0,1.0,3.0,1.0,10.0,1.0,1.0,0.0,1.0,1.0,398.6001777985458,8.026589594520258,8.085965493899364,8.134394880878006,8.018820695776496,8.026589594520258,2017.9,2.0,2168.4,1.0,0.0,,49.7,1.0,1.0,0.7721030654243215,13.695671029020248,32.261,1.689475887319649,2.672967931270542,,0.2301509321512548,9.095,0.0,0.0,0.0,383.1685057142858,9479.728660546083,62.97885469104047,0.8699999999999999,5.0,26025.809730291443,0.0,0.9888072692868196,403.11210301481447,11032.0,15:17:11,2021/07/01 15:17:11,16.0,11032.0,16.0,49.0,48.59,9.2064,32.2573,24.9397,7.01,305.49,0.101,137.65,99.86,dRB2102_CTD_035_01_F.csv,dRB2102,CTD,35.0,F.csv,350116
187,E513,1.0,1.0,False,WCOA21,2021_WCOA_RonBrown,7/1/2021,,3:26:50 PM,,E513,350121,21,Niskin; Sterivex 0.22µm filter,95% EtOH,West Coast,CR50,10.3,46.126,-125.191,1000.0,Sean McAllister,,7/1/2021 3:26:50 PM,7/1/2021 ,2021/07/01 03:26:00,2021/07/01 00:00:00,2021/06/30 20:26:00,46.126,-125.191,350121,21,10.0,560.0,33RO20210613,WCOA2021,CR50,35.0,1.0,11062.0,2.0,5.0,2021-07-01,2021.0,7.0,1.0,15:26:50,182.644,46.126,-125.191,1361.0,10.4,10.3,15.846,31.892,2.0,,9.0,267.7,2.0,260.6,8.533,2.0,1956.5,2.0,2153.5,2.0,7.908,24.98,2.0,143.01153684835768,24.86,2.0,0.9,2.0,0.37,2.0,0.0,2.0,0.03,2.0,0.05,2.0,,9.0,4.803,2.0,,9.0,,9.0,,9.0,,9.0,,9.0,,9.0,,9.0,313.10660030840904,65.67923969159092,14.230311960672768,142.41785080709363,62.25832715602979,0.0033498110678669,0.0,1.243860099543349e-09,0.0270510638866193,0.8729489361133806,1799.8518372322335,0.00017796801046009332,0.3293401056296698,0.0,0.0014553849185057,0.0075610799715738,0.0,0.0,2.7114045624986307,0.037310082058603,25728.126126477226,2153.5,0.0,0.0,0.0,65.67923969159092,0.4039602685030159,0.0270510638866193,0.0,0.0,0.0,14.230311960672848,0.0,0.0,-0.0002053246938004385,0.00019269926832433265,28995.0,1799.8518372322335,142.41785080709363,1956.5,0.0417283516522034,0.0416830778515937,382.9904956806513,0.7414238008212175,0.996427370406606,-0.00019269926832433205,0.0001655476870637238,83.14462618,0.0075610799715738,2.7114045624986307,1.1640106348943275,1.1714140486175888,0.0371557835538001,1e-07,2.76453458941335e-10,6.03137871412866e-07,1e-07,0.1336638965317599,1.891351263468364e-09,3.8567229022179074e-07,1.1404037445402943e-06,7.134507055994114e-10,0.0026450831770618,0.0242820347470701,8.864629873916464e-07,1.0214518130303963e-09,2.7940347929857e-10,2.2038525807283923e-07,2.4447284263795108e-14,0.00021972051930723747,-0.0002305044494196105,1.0,1.0,3.0,1.0,10.0,1.0,1.0,0.0,1.0,1.0,384.3636847554346,8.044963700140304,8.121416168493848,8.16640850091896,8.036475024343565,8.044963700140304,1956.5,2.0,2153.5,1.0,0.0,,10.4,1.0,1.0,0.718197360096771,11.818346934964364,31.892,2.212828038017075,3.460555571375916,,0.2380416347927588,15.846,0.0,0.0,0.0,378.78584,9371.299911414268,62.25850512404025,0.37,0.8999999999999999,25728.127581862143,0.0,0.9825539775108784,391.1883657823563,11062.0,15:26:50,2021/07/01 15:26:50,21.0,11062.0,21.0,10.0,9.92,16.2936,31.7321,23.1699,5.99,261.67,0.046,135.48,99.77,dRB2102_CTD_035_01_F.csv,dRB2102,CTD,35.0,F.csv,350121
188,E514,1.0,1.0,False,WCOA21,2021_WCOA_RonBrown,7/1/2021,,3:28:53 PM,,E514,350124,24,Niskin; Sterivex 0.22µm filter,95% EtOH,West Coast,CR50,4.1,46.126,-125.191,1000.0,Sean McAllister,,7/1/2021 3:28:53 PM,7/1/2021 ,2021/07/01 03:28:00,2021/07/01 00:00:00,2021/06/30 20:28:00,46.126,-125.191,350124,24,4.0,563.0,33RO20210613,WCOA2021,CR50,35.0,1.0,11001.0,2.0,5.0,2021-07-01,2021.0,7.0,1.0,15:28:53,182.645,46.126,-125.191,1361.0,4.1,4.1,16.438,31.64,2.0,,9.0,260.1,2.0,,,9.0,,9.0,,9.0,,,9.0,,,9.0,,9.0,,9.0,,9.0,,9.0,,9.0,0.2,2.0,,9.0,,9.0,,9.0,,9.0,,9.0,,9.0,,9.0,,9.0,,,,,,,,,,,,,,,,,,,,,,,,,,,,,,,,,,,,,,,,,,,,,,,,,,,,,,,,,,,,,,,,,,,,,,,,,,,,,,,,,,,,,,,,,,,,,0.0,4.1,,,,,31.64,,,0.0,,16.438,,,,,,,,,,,,,11001.0,15:28:53,2021/07/01 15:28:53,24.0,11001.0,24.0,4.0,3.97,16.5319,31.4993,22.937,5.91,258.01,0.047,134.71,99.76,dRB2102_CTD_035_01_F.csv,dRB2102,CTD,35.0,F.csv,350122
189,E516,1.0,1.0,False,WCOA21,2021_WCOA_RonBrown,7/1/2021,,11:21:33 PM,,E516,360102,2,Niskin; Sterivex 0.22µm filter,95% EtOH,West Coast,C77,2471.9,47.118,-126.087,1000.0,Sean McAllister,,7/1/2021 11:21:33 PM,7/1/2021 ,2021/07/01 11:21:00,2021/07/01 00:00:00,2021/07/01 04:21:00,47.118,-126.087,360102,2,2472.0,565.0,33RO20210613,WCOA2021,C77,36.0,1.0,11081.0,2.0,4.0,2021-07-01,2021.0,7.0,1.0,23:21:33,182.973,47.118,-126.087,2482.0,2507.5,2471.9,1.762,34.637,2.0,,9.0,76.6,2.0,,,9.0,,9.0,,9.0,,,9.0,,,9.0,,9.0,,9.0,,9.0,,9.0,,9.0,,9.0,,9.0,,9.0,,9.0,,9.0,,9.0,,9.0,,9.0,,9.0,,,,,,,,,,,,,,,,,,,,,,,,,,,,,,,,,,,,,,,,,,,,,,,,,,,,,,,,,,,,,,,,,,,,,,,,,,,,,,,,,,,,,,,,,,,,,0.0,2507.5,,,,,34.637,,,0.0,,1.762,,,,,,,,,,,,,11081.0,23:21:33,2021/07/01 23:21:33,2.0,11081.0,2.0,2472.0,2437.1,1.7633,34.635,27.7106,1.77,77.03,0.04,137.36,62.81,dRB2102_CTD_036_01_F.csv,dRB2102,CTD,36.0,F.csv,360101
190,E517,1.0,1.0,False,WCOA21,2021_WCOA_RonBrown,7/1/2021,,11:37:26 PM,,E517,360103,3,Niskin; Sterivex 0.22µm filter,95% EtOH,West Coast,C77,1974.9,47.118,-126.087,1000.0,Sean McAllister,,7/1/2021 11:37:26 PM,7/1/2021 ,2021/07/01 11:37:00,2021/07/01 00:00:00,2021/07/01 04:37:00,47.118,-126.087,360103,3,1975.0,566.0,33RO20210613,WCOA2021,C77,36.0,1.0,11020.0,2.0,4.0,2021-07-01,2021.0,7.0,1.0,23:37:26,182.984,47.118,-126.087,2482.0,2001.0,1974.9,1.952,34.595,2.0,,9.0,63.0,2.0,64.1,2.109,2.0,2386.7,2.0,2418.3,2.0,7.4052,24.96,6.0,,,9.0,176.6,6.0,3.02,6.0,41.3,6.0,0.04,6.0,0.04,6.0,,9.0,1.521,2.0,,9.0,,9.0,,9.0,,9.0,,9.0,,9.0,,9.0,382.9172508387229,27.972506304134217,51.674633935326206,50.52998391958887,67.53485800608519,0.0811130998438515,0.0,6.623093774530216e-08,1.4682944389716095,175.13170556102838,2284.495382145085,0.0003541087452524454,2.867069030915549,0.0,0.0019390230088164,0.0209017747538909,0.0,0.0,0.316339608435002,0.0718178030096612,27908.707884585445,2418.3,0.0,0.0,0.0,27.972506304134217,3.0107045707039344,1.4682944389716095,0.0,0.0,0.0,51.67463393532636,0.0,0.0,-0.00013022078983668093,0.0001302832730773813,28995.0,2284.495382145085,50.52998391958887,2386.7,0.043262164628925,0.0432046206531183,883.7768136473996,0.8004267997568137,0.9957198180514742,-0.00013028327307738075,0.00012359580022480913,83.14462618,0.0209017747538909,0.316339608435002,1.0541076059251868,1.046018617869529,0.0584702304217073,1e-07,1.0430694475655276e-10,9.89112752775685e-07,1e-07,0.300843013839115,1.6685442136068475e-09,6.375506693260782e-07,1.0097739131830974e-06,5.052079157121258e-10,0.0039863415095068,0.0279731494591216,8.073436278378634e-07,5.721438536333284e-10,1.9149597399871006e-10,1.321945016051941e-07,7.22544906321463e-15,0.00013015836650058374,-0.00013773582903667676,1.0,1.0,3.0,1.0,10.0,1.0,1.0,0.0,1.0,1.0,887.575799562636,7.641288728955241,7.679816836707221,7.73128571518852,7.634607336371648,7.641288728955241,2386.7,2.0,2418.3,1.0,0.0,,2001.0,1.0,1.0,0.8973395019236261,19.310526697985026,34.595,0.5193196732073565,0.8056860987686937,,0.1092967180559546,1.952,0.0,0.0,0.0,410.8897571428572,10165.562537168462,67.53521211483044,3.02,176.6,27908.709823608453,0.0,0.9931941678927428,893.6578850898843,11020.0,23:37:26,2021/07/01 23:37:26,3.0,11020.0,3.0,1975.0,1949.38,1.9882,34.5909,27.6553,1.41,61.45,0.041,138.28,99.98,dRB2102_CTD_036_01_F.csv,dRB2102,CTD,36.0,F.csv,360103
191,E518,1.0,1.0,False,WCOA21,2021_WCOA_RonBrown,7/2/2021,,12:34:50 AM,,E518,360113,13,Niskin; Sterivex 0.22µm filter,95% EtOH,West Coast,C77,99.0,47.118,-126.086,1000.0,Sean McAllister,,7/2/2021 12:34:50 AM,7/2/2021 ,2021/07/02 12:34:00,2021/07/02 00:00:00,2021/07/02 05:34:00,47.118,-126.086,360113,13,99.0,576.0,33RO20210613,WCOA2021,C77,36.0,1.0,11054.0,2.0,4.0,2021-07-02,2021.0,7.0,2.0,00:34:50,183.024,47.118,-126.086,2482.0,99.9,99.0,7.762,32.959,2.0,,9.0,215.1,2.0,217.3,7.133,2.0,2112.7,2.0,2204.6,2.0,7.6066,24.96,2.0,,,9.0,20.8,2.0,1.59,2.0,18.6,2.0,0.04,2.0,0.04,2.0,,9.0,4.234,2.0,,9.0,,9.0,,9.0,,9.0,,9.0,,9.0,,9.0,352.0186141131857,39.44013731538574,28.89766744629171,78.62533516526292,64.34122309841861,0.0268109135039266,0.0,1.4837716722293392e-08,0.2961587182830177,20.503841281716984,2005.1769973884448,0.00024405269273840177,1.4913022970127567,0.0,0.0016695118521505,0.0120385338993942,0.0,0.0,0.8149125143380581,0.0718867746455999,26588.903290057773,2204.6,0.0,0.0,0.0,39.44013731538574,1.63507583146624,0.2961587182830177,0.0,0.0,0.0,28.897667446291763,0.0,0.0,-0.0001430372403715569,0.00013974792417068742,28995.0,2005.1769973884448,78.62533516526292,2112.7,0.0423940978410302,0.0423421002839258,603.5718817479458,0.7732181870336188,0.9960364213734868,-0.00013974792417068788,0.00012824627297567236,83.14462618,0.0120385338993942,0.8149125143380581,1.0896840970746715,1.0823000557089466,0.0478777562708916,1e-07,1.4108227051757068e-10,6.47621707468746e-07,1e-07,0.1917275479013552,1.5358483592209284e-09,4.0938650368857305e-07,9.511860526955036e-07,5.375085098831003e-10,0.0031737981937739,0.024769662249373,7.624820493405214e-07,6.607829983783743e-10,1.9799983989382211e-10,1.581826266201262e-07,1.1170858115478443e-14,0.00014648513361245692,-0.00015351585501429034,1.0,1.0,3.0,1.0,10.0,1.0,1.0,0.0,1.0,1.0,605.9737061779819,7.863024451430928,7.919426399969599,7.967058375382279,7.855360435994163,7.863024451430928,2112.7,2.0,2204.6,1.0,0.0,,99.9,1.0,1.0,0.83539431782948,16.47377308501408,32.959,1.1757993623827296,1.860034915284436,,0.1665632222449725,7.762,0.0,0.0,0.0,391.4587514285715,9684.832364865886,64.34146715111135,1.59,20.8,26588.904959569627,0.0,0.9897790707144292,612.2312787848565,11054.0,00:34:50,2021/07/02 00:34:50,13.0,11054.0,13.0,99.0,98.15,7.7109,33.0284,25.7686,4.79,208.67,0.042,141.59,99.3,dRB2102_CTD_036_01_F.csv,dRB2102,CTD,36.0,F.csv,360113
192,E519,1.0,1.0,False,WCOA21,2021_WCOA_RonBrown,7/2/2021,,12:51:48 AM,,E519,360123,23,Niskin; Sterivex 0.22µm filter,95% EtOH,West Coast,C77,3.9,47.118,-126.085,1000.0,Sean McAllister,,7/2/2021 12:51:48 AM,7/2/2021 ,2021/07/02 12:51:00,2021/07/02 00:00:00,2021/07/02 05:51:00,47.118,-126.085,360123,23,4.0,586.0,33RO20210613,WCOA2021,C77,36.0,1.0,11061.0,2.0,4.0,2021-07-02,2021.0,7.0,2.0,00:51:48,183.036,47.118,-126.085,2482.0,3.9,3.9,16.203,32.034,2.0,,9.0,263.0,2.0,,,9.0,,9.0,,9.0,,,9.0,,,9.0,,9.0,,9.0,,9.0,,9.0,,9.0,,9.0,,9.0,,9.0,,9.0,,9.0,,9.0,,9.0,,9.0,,9.0,,,,,,,,,,,,,,,,,,,,,,,,,,,,,,,,,,,,,,,,,,,,,,,,,,,,,,,,,,,,,,,,,,,,,,,,,,,,,,,,,,,,,,,,,,,,,0.0,3.9,,,,,32.034,,,0.0,,16.203,,,,,,,,,,,,,11061.0,00:51:48,2021/07/02 00:51:48,23.0,11061.0,23.0,4.0,3.97,16.3126,32.032,23.3956,6.02,262.84,0.051,140.56,100.73,dRB2102_CTD_036_01_F.csv,dRB2102,CTD,36.0,F.csv,360122
193,E520.1B,1.0,1.0,False,WCOA21,2021_WCOA_RonBrown,7/2/2021,,5:34:19 AM,,E520.1B,370101,1,Niskin; Sterivex 0.22µm filter,95% EtOH,West Coast,C41,1548.0,47.116,-125.197,1000.0,Sean McAllister,,7/2/2021 5:34:19 AM,7/2/2021 ,2021/07/02 05:34:00,2021/07/02 00:00:00,2021/07/01 22:34:00,47.116,-125.197,370101,1,1548.0,588.0,33RO20210613,WCOA2021,C41,37.0,1.0,11031.0,2.0,4.0,2021-07-02,2021.0,7.0,2.0,05:34:19,183.232,47.116,-125.197,1558.0,1566.8,1548.0,2.559,34.53,2.0,,9.0,37.8,2.0,38.4,1.262,6.0,2389.6,6.0,2401.5,6.0,7.3506,24.91,2.0,,,9.0,158.8,6.0,3.16,6.0,43.0,6.0,0.0,6.0,0.05,6.0,,9.0,3.165,6.0,,9.0,,9.0,,9.0,,9.0,,9.0,,9.0,,9.0,386.2188705572688,23.89887229987408,60.61833957310657,44.100469677756976,67.40790871717762,0.0990476627365236,0.0,9.445143592362564e-08,1.1330112739893494,157.66698872601066,2284.8811907491363,0.0004125525172855832,2.995791674160217,0.0,0.0023330815283119,0.0236455278448746,0.0,0.0,0.2862647663647411,0.0651605686518232,27856.27025570876,2401.5,0.0,0.0,0.0,23.89887229987408,3.126112717012428,1.1330112739893494,0.0,0.0,0.0,60.618339573106745,0.0,0.0,-0.0001287122682877404,0.0001296081717520756,28995.0,2284.8811907491363,44.100469677756976,2389.6,0.0422381160962742,0.0421811813228077,1060.2717905850477,0.7978766501783024,0.99575441388211,-0.00012960817175207542,0.00012375150332783377,83.14462618,0.0236455278448746,0.2862647663647411,1.0473260386076024,1.040199755823284,0.0571724534325846,1e-07,1.0485060134732648e-10,9.071890939405602e-07,1e-07,0.2823202729920427,1.6075327228631863e-09,5.818865925051359e-07,9.792092093434013e-07,5.014128910459274e-10,0.0038634974112482,0.0272427892043313,7.857479934571837e-07,5.650529664242034e-10,1.8668497293959347e-10,1.3343448008368113e-07,7.436760598633859e-15,0.00012782866548169636,-0.00013604672427767878,1.0,1.0,3.0,1.0,10.0,1.0,1.0,0.0,1.0,1.0,1064.792458665994,7.585384097021554,7.626250986678893,7.676605688804626,7.578541444456606,7.585384097021554,2389.6,2.0,2401.5,1.0,0.0,,1566.8,1.0,1.0,0.9096250129128436,19.30966441409313,34.53,0.4932420045470183,0.7689879316036754,,0.0966305851042526,2.559,0.0,0.0,0.0,410.1177428571429,10146.462622009742,67.40832126969491,3.16,158.8,27856.27258879029,0.0,0.9928928022624516,1072.4143192897643,11031.0,05:34:19,2021/07/02 05:34:19,1.0,11031.0,1.0,1548.0,1529.46,2.5914,34.5244,27.5509,0.84,36.64,0.041,151.89,29.81,dRB2102_CTD_037_01_F.csv,dRB2102,CTD,37.0,F.csv,370101
194,E520.2B,2.0,1.0,False,WCOA21,2021_WCOA_RonBrown,7/2/2021,,5:34:22 AM,,E520.2B,370102,2,Niskin; Sterivex 0.22µm filter,95% EtOH,West Coast,C41,1546.7,47.116,-125.197,1000.0,Sean McAllister,,7/2/2021 5:34:22 AM,7/2/2021 ,2021/07/02 05:34:00,2021/07/02 00:00:00,2021/07/01 22:34:00,47.116,-125.197,370102,2,1547.0,589.0,33RO20210613,WCOA2021,C41,37.0,1.0,11081.0,2.0,4.0,2021-07-02,2021.0,7.0,2.0,05:34:22,183.232,47.116,-125.197,1558.0,1565.5,1546.7,2.559,34.53,2.0,,9.0,37.7,2.0,38.4,1.262,9.0,2389.6,9.0,2401.5,9.0,7.3506,24.91,9.0,,,9.0,158.8,9.0,3.16,9.0,43.0,9.0,0.0,9.0,0.05,9.0,,9.0,3.165,9.0,,9.0,,9.0,,9.0,,9.0,,9.0,,9.0,,9.0,,,,,,,,,,,,,,,,,,,,,,,,,,,,,,,,,,,,,,,,,,,,,,,,,,,,,,,,,,,,,,,,,,,,,,,,,,,,,,,,,,,,,,,,,,,,,0.0,1565.5,,,,,34.53,,,0.0,,2.559,,,,,,,,,,,,,11081.0,05:34:22,2021/07/02 05:34:22,2.0,11081.0,2.0,1547.0,1528.47,2.6108,34.5235,27.5485,0.83,36.26,0.04,151.85,30.76,dRB2102_CTD_037_01_F.csv,dRB2102,CTD,37.0,F.csv,370101
195,E520.3B,3.0,1.0,False,WCOA21,2021_WCOA_RonBrown,7/2/2021,,5:34:36 AM,,E520.3B,370103,3,Niskin; Sterivex 0.22µm filter,95% EtOH,West Coast,C41,1548.0,47.116,-125.197,1000.0,Sean McAllister,,7/2/2021 5:34:36 AM,7/2/2021 ,2021/07/02 05:34:00,2021/07/02 00:00:00,2021/07/01 22:34:00,47.116,-125.197,370103,3,1548.0,590.0,33RO20210613,WCOA2021,C41,37.0,1.0,11020.0,2.0,4.0,2021-07-02,2021.0,7.0,2.0,05:34:36,183.232,47.116,-125.197,1558.0,1566.8,1548.0,2.558,34.53,2.0,,9.0,37.8,2.0,38.4,1.262,9.0,2389.6,9.0,2401.5,9.0,7.3506,24.91,9.0,,,9.0,158.8,9.0,3.16,9.0,43.0,9.0,0.0,9.0,0.05,9.0,,9.0,3.165,9.0,,9.0,,9.0,,9.0,,9.0,,9.0,,9.0,,9.0,,,,,,,,,,,,,,,,,,,,,,,,,,,,,,,,,,,,,,,,,,,,,,,,,,,,,,,,,,,,,,,,,,,,,,,,,,,,,,,,,,,,,,,,,,,,,0.0,1566.8,,,,,34.53,,,0.0,,2.558,,,,,,,,,,,,,11020.0,05:34:36,2021/07/02 05:34:36,3.0,11020.0,3.0,1548.0,1529.46,2.5914,34.5244,27.5509,0.84,36.64,0.041,151.89,29.81,dRB2102_CTD_037_01_F.csv,dRB2102,CTD,37.0,F.csv,370101
196,E521,1.0,1.0,False,WCOA21,2021_WCOA_RonBrown,7/2/2021,,5:46:44 AM,,E521,370104,4,Niskin; Sterivex 0.22µm filter,95% EtOH,West Coast,C41,989.4,47.116,-125.197,1000.0,Sean McAllister,,7/2/2021 5:46:44 AM,7/2/2021 ,2021/07/02 05:46:00,2021/07/02 00:00:00,2021/07/01 22:46:00,47.116,-125.197,370104,4,989.0,591.0,33RO20210613,WCOA2021,C41,37.0,1.0,11058.0,2.0,4.0,2021-07-02,2021.0,7.0,2.0,05:46:44,183.241,47.116,-125.197,1558.0,1000.1,989.4,3.734,34.38,2.0,34.3821,2.0,15.5,2.0,14.4,0.473,2.0,2370.1,2.0,2364.5,2.0,7.2948,24.91,6.0,,,9.0,126.6,6.0,3.26,6.0,43.7,6.0,0.0,6.0,0.04,6.0,,9.0,3.219,2.0,,9.0,,9.0,,9.0,,9.0,,9.0,,9.0,,9.0,387.7850625664991,20.576050862072385,69.44620560867008,39.02890624626519,67.11911499958562,0.1175533434224038,0.0,1.3034477653798025e-07,0.7930381836107403,125.80696181638923,2261.6248881450647,0.0004807932547237895,3.082342072254044,0.0,0.0028642890241541,0.0263171121244667,0.0,0.0,0.2753216612588506,0.0601044539787759,27736.95484712269,2364.5,0.0,0.0,0.0,20.576050862072385,3.2025508498668187,0.7930381836107403,0.0,0.0,0.0,69.4462056086702,0.0,0.0,-0.0001288937311747671,0.00013056942814257082,28995.0,2261.6248881450647,39.02890624626519,2370.1,0.0409729386013183,0.040917162991317,1267.642831672124,0.7928849019591214,0.995820349714366,-0.0001305694281425703,0.0001252757149908915,83.14462618,0.0263171121244667,0.2753216612588506,1.0422564992110737,1.0360182737148882,0.0547837323523256,1e-07,1.0915841068700347e-10,8.083050482228626e-07,1e-07,0.254847379069424,1.5483783629331094e-09,5.153477085955872e-07,9.503382250934584e-07,5.035840324707541e-10,0.0036738894686736,0.0263176737622594,7.651595333721647e-07,5.690258118784381e-10,1.839482113117208e-10,1.3746145108123918e-07,8.034271923535005e-15,0.00012726050020070933,-0.00013633026800496828,1.0,1.0,3.0,1.0,10.0,1.0,1.0,0.0,1.0,1.0,1272.9633733993542,7.534893854836107,7.579761769207757,7.628586520207108,7.527796668341909,7.534893854836107,2370.1,2.0,2364.5,1.0,0.0,,1000.1,1.0,1.0,0.9189134359093768,18.919069830671685,34.3821,0.4878222108669977,0.765132257507448,,0.0859374264717465,3.734,0.0,0.0,0.0,408.36111342857146,10103.002968902438,67.11959579284034,3.26,126.6,27736.95771141172,0.0,0.9922755807159912,1282.8728209564813,11058.0,05:46:44,2021/07/02 05:46:44,4.0,11058.0,4.0,989.0,978.45,3.7623,34.3742,27.3198,0.35,15.23,0.042,154.97,100.0,dRB2102_CTD_037_01_F.csv,dRB2102,CTD,37.0,F.csv,370104
197,E522.1B,1.0,1.0,False,WCOA21,2021_WCOA_RonBrown,7/2/2021,,6:25:06 AM,,E522.1B,370112,12,Niskin; Sterivex 0.22µm filter,95% EtOH,West Coast,C41,99.4,47.116,-125.197,1000.0,Sean McAllister,,7/2/2021 6:25:06 AM,7/2/2021 ,2021/07/02 06:25:00,2021/07/02 00:00:00,2021/07/01 23:25:00,47.116,-125.197,370112,12,99.0,599.0,33RO20210613,WCOA2021,C41,37.0,1.0,11026.0,2.0,4.0,2021-07-02,2021.0,7.0,2.0,06:25:06,183.267,47.116,-125.197,1558.0,100.3,99.4,7.645,33.582,2.0,,9.0,149.2,2.0,150.5,4.941,2.0,2184.2,2.0,2239.3,2.0,7.4889,24.91,2.0,,,9.0,33.4,2.0,2.01,2.0,26.2,2.0,0.01,2.0,0.05,2.0,,9.0,1.042,2.0,,9.0,,9.0,,9.0,,9.0,,9.0,,9.0,,9.0,368.0041782358147,30.85403319275672,40.186170105993455,61.45898714374281,65.55733790276999,0.0455819088577989,0.0,3.3733494865500575e-08,0.3548063918479357,33.04519360815207,2082.554842750264,0.00032919479429866785,1.897200648154508,0.0,0.0022394284839515,0.0161612327929287,0.0,0.0,0.6054378007880697,0.0672174092541983,27091.49344770605,2239.3,0.0,0.0,0.0,30.85403319275672,2.0316354329294097,0.3548063918479357,0.0,0.0,0.0,40.186170105993305,0.0,0.0,-0.00013099303601152087,0.00012972954690081197,28995.0,2082.554842750264,61.45898714374281,2184.2,0.0413096127995917,0.0412575096716931,839.0162666654606,0.7755726608420696,0.9960303556420188,-0.0001297295469008116,0.00012134078001824448,83.14462618,0.0161612327929287,0.6054378007880697,1.0691339455812476,1.0616577223020405,0.0478967711385464,1e-07,1.3916938243606906e-10,6.614620856184606e-07,1e-07,0.1955105668495916,1.5427396021391863e-09,4.186073772403308e-07,9.53571503241392e-07,5.430282041147382e-10,0.0032184208787035,0.0248636341128609,7.658684712190586e-07,6.519314618841293e-10,1.9756798457174992e-10,1.576011846890522e-07,1.1140456008596161e-14,0.00013228137845330205,-0.00013936435460826555,1.0,1.0,3.0,1.0,10.0,1.0,1.0,0.0,1.0,1.0,842.3601368300161,7.735166564809425,7.791525513936088,7.837843025636496,7.727465517308385,7.735166564809425,2184.2,2.0,2239.3,1.0,0.0,,100.3,1.0,1.0,0.8706729949657297,18.00054359030484,33.582,0.9168643394784596,1.448782394182287,,0.128861137602168,7.645,0.0,0.0,0.0,398.85821142857145,9867.897705541012,65.55766709756428,2.01,33.4,27091.49568713453,0.0,0.9898637950848468,850.9859043362756,11026.0,06:25:06,2021/07/02 06:25:06,12.0,11026.0,12.0,99.0,98.15,7.775,33.5713,26.186,3.46,150.56,0.041,157.99,99.49,dRB2102_CTD_037_01_F.csv,dRB2102,CTD,37.0,F.csv,370112
198,E522.2T,2.0,2.0,False,WCOA21,2021_WCOA_RonBrown,7/2/2021,,6:25:11 AM,,E522.2T,370113,13,Niskin; Sterivex 0.22µm filter,95% EtOH,West Coast,C41,99.8,47.116,-125.197,1000.0,Sean McAllister,,7/2/2021 6:25:11 AM,7/2/2021 ,2021/07/02 06:25:00,2021/07/02 00:00:00,2021/07/01 23:25:00,47.116,-125.197,370113,13,100.0,600.0,33RO20210613,WCOA2021,C41,37.0,1.0,11054.0,2.0,4.0,2021-07-02,2021.0,7.0,2.0,06:25:11,183.267,47.116,-125.197,1558.0,100.7,99.8,7.655,33.577,2.0,,9.0,149.7,2.0,150.5,4.941,9.0,2184.2,9.0,2239.3,9.0,7.4889,24.91,9.0,,,9.0,33.4,9.0,2.01,9.0,26.2,9.0,0.01,9.0,0.05,9.0,,9.0,1.042,9.0,,9.0,,9.0,,9.0,,9.0,,9.0,,9.0,,9.0,,,,,,,,,,,,,,,,,,,,,,,,,,,,,,,,,,,,,,,,,,,,,,,,,,,,,,,,,,,,,,,,,,,,,,,,,,,,,,,,,,,,,,,,,,,,,0.0,100.7,,,,,33.577,,,0.0,,7.655,,,,,,,,,,,,,11054.0,06:25:11,2021/07/02 06:25:11,13.0,11054.0,13.0,100.0,99.14,7.7833,33.5761,26.1886,3.46,150.53,0.041,157.99,99.49,dRB2102_CTD_037_01_F.csv,dRB2102,CTD,37.0,F.csv,370112
199,E522.3T,2.0,3.0,False,WCOA21,2021_WCOA_RonBrown,7/2/2021,,6:25:11 AM,,E522.3T,370113,13,Niskin; Sterivex 0.22µm filter,95% EtOH,West Coast,C41,99.8,47.116,-125.197,1000.0,Sean McAllister,,7/2/2021 6:25:11 AM,7/2/2021 ,2021/07/02 06:25:00,2021/07/02 00:00:00,2021/07/01 23:25:00,47.116,-125.197,370113,13,100.0,600.0,33RO20210613,WCOA2021,C41,37.0,1.0,11054.0,2.0,4.0,2021-07-02,2021.0,7.0,2.0,06:25:11,183.267,47.116,-125.197,1558.0,100.7,99.8,7.655,33.577,2.0,,9.0,149.7,2.0,150.5,4.941,9.0,2184.2,9.0,2239.3,9.0,7.4889,24.91,9.0,,,9.0,33.4,9.0,2.01,9.0,26.2,9.0,0.01,9.0,0.05,9.0,,9.0,1.042,9.0,,9.0,,9.0,,9.0,,9.0,,9.0,,9.0,,9.0,,,,,,,,,,,,,,,,,,,,,,,,,,,,,,,,,,,,,,,,,,,,,,,,,,,,,,,,,,,,,,,,,,,,,,,,,,,,,,,,,,,,,,,,,,,,,0.0,100.7,,,,,33.577,,,0.0,,7.655,,,,,,,,,,,,,11054.0,06:25:11,2021/07/02 06:25:11,13.0,11054.0,13.0,100.0,99.14,7.7833,33.5761,26.1886,3.46,150.53,0.041,157.99,99.49,dRB2102_CTD_037_01_F.csv,dRB2102,CTD,37.0,F.csv,370112
200,E523.1B,1.0,1.0,False,WCOA21,2021_WCOA_RonBrown,7/2/2021,,6:42:43 AM,,E523.1B,370122,22,Niskin; Sterivex 0.22µm filter,95% EtOH,West Coast,C41,3.8,47.116,-125.198,1000.0,Sean McAllister,,7/2/2021 6:42:43 AM,7/2/2021 ,2021/07/02 06:42:00,2021/07/02 00:00:00,2021/07/01 23:42:00,47.116,-125.198,370122,22,4.0,609.0,33RO20210613,WCOA2021,C41,37.0,1.0,11024.0,2.0,4.0,2021-07-02,2021.0,7.0,2.0,06:42:43,183.28,47.116,-125.198,1558.0,3.9,3.8,15.921,31.808,2.0,,9.0,273.4,2.0,271.4,8.888,6.0,1935.1,2.0,2152.8,2.0,7.9548,24.91,2.0,,,9.0,2.5,2.0,0.35,2.0,0.0,2.0,0.0,2.0,0.03,2.0,0.4,2.0,3.733,6.0,,9.0,,9.0,,9.0,,9.0,,9.0,,9.0,,9.0,306.3837857768465,71.40437422315357,12.574485904742472,155.3812456065817,62.09436284776505,0.0028234905979887,0.0,9.449032543585039e-10,0.0833470596314475,2.416652940368552,1767.1442684886758,0.0001602610231268385,0.3082538873305946,0.0,0.0013127162110765,0.0068042943155816,0.0,0.0,3.027697158287724,0.0389226211265133,25660.361227227066,2152.8,0.0,0.0,0.0,71.40437422315357,0.3860991286387181,0.0833470596314475,0.0,0.0,0.0,12.574485904742446,0.0,0.0,-0.0002184799170654788,0.000203464609535258,28995.0,1767.1442684886758,155.3812456065817,1935.1,0.0419206664066431,0.0418754499200681,339.02796739972206,0.7409749432434175,0.9964307516742436,-0.00020346460953525803,0.00017258232097623857,83.14462618,0.0068042943155816,3.027697158287724,1.178942364341428,1.1918823887981072,0.0370898188759651,1e-07,2.7807931584755524e-10,6.006007061205527e-07,1e-07,0.1330071561247812,1.8917125804956472e-09,3.840028264777744e-07,1.1407169133419076e-06,7.137115170269447e-10,0.0026363760314965,0.0242546556906146,8.861726229330714e-07,1.024919201372653e-09,2.799446104530304e-10,2.209037637045717e-07,2.4575849908679752e-14,0.0002358880109613511,-0.0002478079500132272,1.0,1.0,3.0,1.0,10.0,1.0,1.0,0.0,1.0,1.0,340.2423769339449,8.090603887218599,8.167216909511467,8.212309249426545,8.082112771582514,8.090603887218599,1935.1,2.0,2152.8,1.0,0.0,,3.9,1.0,1.0,0.696435772004194,11.212620093725752,31.808,2.4180607318422704,3.781974722185815,,0.2597101457592711,15.921,0.0,0.0,0.0,377.78816000000006,9346.616944132227,62.094523108788174,0.35,2.5,25660.362539943275,0.0,0.9824692812579204,346.3135015257781,11024.0,06:42:43,2021/07/02 06:42:43,22.0,11024.0,22.0,4.0,3.97,15.8813,31.7871,23.3043,6.18,269.91,0.049,156.34,99.73,dRB2102_CTD_037_01_F.csv,dRB2102,CTD,37.0,F.csv,370122
201,E523.2B,2.0,1.0,False,WCOA21,2021_WCOA_RonBrown,7/2/2021,,6:42:47 AM,,E523.2B,370123,23,Niskin; Sterivex 0.22µm filter,95% EtOH,West Coast,C41,4.0,47.116,-125.198,1000.0,Sean McAllister,,7/2/2021 6:42:47 AM,7/2/2021 ,2021/07/02 06:42:00,2021/07/02 00:00:00,2021/07/01 23:42:00,47.116,-125.198,370123,23,4.0,610.0,33RO20210613,WCOA2021,C41,37.0,1.0,11061.0,2.0,4.0,2021-07-02,2021.0,7.0,2.0,06:42:47,183.28,47.116,-125.198,1558.0,4.0,4.0,15.924,31.807,2.0,,9.0,272.0,2.0,271.4,8.888,9.0,1935.1,9.0,2152.8,9.0,7.9548,24.91,9.0,,,9.0,2.5,9.0,0.35,9.0,0.0,9.0,0.0,9.0,0.03,9.0,0.4,9.0,3.733,9.0,,9.0,,9.0,,9.0,,9.0,,9.0,,9.0,,9.0,,,,,,,,,,,,,,,,,,,,,,,,,,,,,,,,,,,,,,,,,,,,,,,,,,,,,,,,,,,,,,,,,,,,,,,,,,,,,,,,,,,,,,,,,,,,,0.0,4.0,,,,,31.807,,,0.0,,15.924,,,,,,,,,,,,,11061.0,06:42:47,2021/07/02 06:42:47,23.0,11061.0,23.0,4.0,3.97,15.8813,31.7871,23.3043,6.18,269.91,0.049,156.34,99.73,dRB2102_CTD_037_01_F.csv,dRB2102,CTD,37.0,F.csv,370122
202,E523.3B,3.0,1.0,False,WCOA21,2021_WCOA_RonBrown,7/2/2021,,6:42:50 AM,,E523.3B,370124,24,Niskin; Sterivex 0.22µm filter,95% EtOH,West Coast,C41,3.9,47.115,-125.198,1000.0,Sean McAllister,,7/2/2021 6:42:50 AM,7/2/2021 ,2021/07/02 06:42:00,2021/07/02 00:00:00,2021/07/01 23:42:00,47.115,-125.198,370124,24,4.0,611.0,33RO20210613,WCOA2021,C41,37.0,1.0,11001.0,2.0,4.0,2021-07-02,2021.0,7.0,2.0,06:42:50,183.28,47.115,-125.198,1558.0,3.9,3.9,15.924,31.807,2.0,,9.0,272.0,2.0,271.4,8.888,9.0,1935.1,9.0,2152.8,9.0,7.9548,24.91,9.0,,,9.0,2.5,9.0,0.35,9.0,0.0,9.0,0.0,9.0,0.03,9.0,0.4,9.0,3.733,9.0,,9.0,,9.0,,9.0,,9.0,,9.0,,9.0,,9.0,,,,,,,,,,,,,,,,,,,,,,,,,,,,,,,,,,,,,,,,,,,,,,,,,,,,,,,,,,,,,,,,,,,,,,,,,,,,,,,,,,,,,,,,,,,,,0.0,3.9,,,,,31.807,,,0.0,,15.924,,,,,,,,,,,,,11001.0,06:42:50,2021/07/02 06:42:50,24.0,11001.0,24.0,4.0,3.97,15.8813,31.7871,23.3043,6.18,269.91,0.049,156.34,99.73,dRB2102_CTD_037_01_F.csv,dRB2102,CTD,37.0,F.csv,370122
203,E524,1.0,1.0,False,WCOA21,2021_WCOA_RonBrown,7/2/2021,,11:04:03 AM,,E524,380102,2,Niskin; Sterivex 0.22µm filter,95% EtOH,West Coast,C35,1077.0,47.116,-125.054,1000.0,Sean McAllister,,7/2/2021 11:04:03 AM,7/2/2021 ,2021/07/02 11:04:00,2021/07/02 00:00:00,2021/07/02 04:04:00,47.116,-125.054,380102,2,1077.0,613.0,33RO20210613,WCOA2021,C35,38.0,1.0,11081.0,2.0,4.0,2021-07-02,2021.0,7.0,2.0,11:04:03,183.461,47.116,-125.054,1089.0,1088.8,1077.0,3.558,34.408,2.0,34.4092,2.0,18.0,2.0,,,9.0,,9.0,,9.0,,,9.0,,,9.0,,9.0,,9.0,,9.0,,9.0,,9.0,,9.0,,9.0,,9.0,,9.0,,9.0,,9.0,,9.0,,9.0,,9.0,,,,,,,,,,,,,,,,,,,,,,,,,,,,,,,,,,,,,,,,,,,,,,,,,,,,,,,,,,,,,,,,,,,,,,,,,,,,,,,,,,,,,,,,,,,,,0.0,1088.8,,,,,34.4092,,,0.0,,3.558,,,,,,,,,,,,,11081.0,11:04:03,2021/07/02 11:04:03,2.0,11081.0,2.0,1077.0,1065.29,3.5865,34.4036,27.3611,0.41,17.92,0.04,165.68,23.99,dRB2102_CTD_038_01_F.csv,dRB2102,CTD,38.0,F.csv,380101
204,E525,1.0,1.0,False,WCOA21,2021_WCOA_RonBrown,7/2/2021,,11:08:39 AM,,E525,380103,3,Niskin; Sterivex 0.22µm filter,95% EtOH,West Coast,C35,990.2,47.115,-125.054,1000.0,Sean McAllister,,7/2/2021 11:08:39 AM,7/2/2021 ,2021/07/02 11:08:00,2021/07/02 00:00:00,2021/07/02 04:08:00,47.115,-125.054,380103,3,990.0,614.0,33RO20210613,WCOA2021,C35,38.0,1.0,11020.0,2.0,4.0,2021-07-02,2021.0,7.0,2.0,11:08:39,183.464,47.115,-125.054,1089.0,1000.9,990.2,3.685,34.386,2.0,,9.0,17.1,2.0,12.9,0.424,2.0,2369.2,6.0,2366.9,2.0,7.298,24.88,6.0,,,9.0,127.5,6.0,3.25,6.0,43.6,6.0,0.0,6.0,0.02,6.0,,9.0,4.726,2.0,,9.0,,9.0,,9.0,,9.0,,9.0,,9.0,,9.0,387.3214326294381,21.086001656276203,67.67606142325441,40.02179136871145,67.12674162621059,0.1142503179540603,0.0,1.2330164693333686e-07,0.8185650971216962,126.6814349028783,2261.502147208034,0.00046761733789353713,3.0743322239567528,0.0,0.0027820789033977,0.0256217847892196,0.0,0.0,0.2814080119461352,0.0614173347875391,27740.101163421903,2366.9,0.0,0.0,0.0,21.086001656276203,3.1971667702301847,0.8185650971216962,0.0,0.0,0.0,67.67606142325452,0.0,0.0,-0.00012867079464816782,0.0001301904305270775,28995.0,2261.502147208034,40.02179136871145,2369.2,0.041114243182817,0.0410584197584535,1233.138675213247,0.7930841492854015,0.995817626969832,-0.00013019043052707764,0.00012478968141396796,83.14462618,0.0256217847892196,0.2814080119461352,1.0432788116125835,1.0369244507500313,0.0548811441758985,1e-07,1.0869982233250608e-10,8.086597608615581e-07,1e-07,0.2554747463029689,1.546322698138778e-09,5.155560631770187e-07,9.49159835988682e-07,5.026630283510609e-10,0.0036780221522493,0.0263187927379236,7.643122212403164e-07,5.674369247447146e-10,1.8353448307873717e-10,1.3714501197129997e-07,7.993074891846128e-15,0.00012718622508222082,-0.00013607980267116025,1.0,1.0,3.0,1.0,10.0,1.0,1.0,0.0,1.0,1.0,1238.3177821079123,7.546622575889155,7.59139062099603,7.640211614112486,7.53953088419355,7.546622575889155,2369.2,2.0,2366.9,1.0,0.0,,1000.9,1.0,1.0,0.9170330862069592,18.9855441023252,34.386,0.5000695735833638,0.7843688992737465,,0.0882648170614388,3.685,0.0,0.0,0.0,408.4074342857143,10104.148963811962,67.12720924354848,3.25,127.5,27740.103945500807,0.0,0.992302228706734,1247.9240157727047,11020.0,11:08:39,2021/07/02 11:08:39,3.0,11020.0,3.0,990.0,979.44,3.691,34.3852,27.3356,0.39,17.0,0.041,166.24,100.0,dRB2102_CTD_038_01_F.csv,dRB2102,CTD,38.0,F.csv,380103
205,E526,1.0,1.0,False,WCOA21,2021_WCOA_RonBrown,7/2/2021,,11:49:23 AM,,E526,380113,13,Niskin; Sterivex 0.22µm filter,95% EtOH,West Coast,C35,100.0,47.115,-125.056,1000.0,Sean McAllister,,7/2/2021 11:49:23 AM,7/2/2021 ,2021/07/02 11:49:00,2021/07/02 00:00:00,2021/07/02 04:49:00,47.115,-125.056,380113,13,100.0,624.0,33RO20210613,WCOA2021,C35,38.0,1.0,11054.0,2.0,4.0,2021-07-02,2021.0,7.0,2.0,11:49:23,183.493,47.115,-125.056,1089.0,100.9,100.0,7.553,33.77,2.0,,9.0,119.3,2.0,,,9.0,,9.0,,9.0,,,9.0,,,9.0,,9.0,,9.0,,9.0,,9.0,,9.0,,9.0,,9.0,,9.0,,9.0,,9.0,,9.0,,9.0,,9.0,,9.0,,,,,,,,,,,,,,,,,,,,,,,,,,,,,,,,,,,,,,,,,,,,,,,,,,,,,,,,,,,,,,,,,,,,,,,,,,,,,,,,,,,,,,,,,,,,,0.0,100.9,,,,,33.77,,,0.0,,7.553,,,,,,,,,,,,,11054.0,11:49:23,2021/07/02 11:49:23,13.0,11054.0,13.0,100.0,99.14,7.5637,33.6979,26.3159,3.13,136.0,0.041,169.2,99.56,dRB2102_CTD_038_01_F.csv,dRB2102,CTD,38.0,F.csv,380112
206,E527,1.0,1.0,False,WCOA21,2021_WCOA_RonBrown,7/2/2021,,12:09:17 PM,,E527,380123,23,Niskin; Sterivex 0.22µm filter,95% EtOH,West Coast,C35,3.8,47.114,-125.057,1000.0,Sean McAllister,,7/2/2021 12:09:17 PM,7/2/2021 ,2021/07/02 12:09:00,2021/07/02 00:00:00,2021/07/02 05:09:00,47.114,-125.057,380123,23,4.0,634.0,33RO20210613,WCOA2021,C35,38.0,1.0,11061.0,2.0,4.0,2021-07-02,2021.0,7.0,2.0,12:09:17,183.506,47.114,-125.057,1089.0,3.9,3.8,16.114,31.575,2.0,,9.0,281.7,2.0,,,9.0,,9.0,,9.0,,,9.0,,,9.0,,9.0,,9.0,,9.0,,9.0,,9.0,,9.0,,9.0,,9.0,,9.0,,9.0,,9.0,,9.0,,9.0,,9.0,,,,,,,,,,,,,,,,,,,,,,,,,,,,,,,,,,,,,,,,,,,,,,,,,,,,,,,,,,,,,,,,,,,,,,,,,,,,,,,,,,,,,,,,,,,,,0.0,3.9,,,,,31.575,,,0.0,,16.114,,,,,,,,,,,,,11061.0,12:09:17,2021/07/02 12:09:17,23.0,11061.0,23.0,4.0,3.97,16.1322,31.5735,23.0842,6.47,282.55,0.067,165.8,99.79,dRB2102_CTD_038_01_F.csv,dRB2102,CTD,38.0,F.csv,380121
207,E528,1.0,1.0,False,WCOA21,2021_WCOA_RonBrown,7/2/2021,,1:29:39 PM,,E528,390102,2,Niskin; Sterivex 0.22µm filter,95% EtOH,West Coast,C32,391.6,47.115,-124.982,1000.0,Sean McAllister,,7/2/2021 1:29:39 PM,7/2/2021 ,2021/07/02 01:29:00,2021/07/02 00:00:00,2021/07/01 18:29:00,47.115,-124.982,390102,2,392.0,636.0,33RO20210613,WCOA2021,C32,39.0,1.0,11081.0,2.0,4.0,2021-07-02,2021.0,7.0,2.0,13:29:39,183.562,47.115,-124.982,403.0,395.2,391.6,6.161,34.028,2.0,34.0374,2.0,58.8,2.0,,,9.0,,9.0,,9.0,,,9.0,,,9.0,,9.0,,9.0,,9.0,,9.0,,9.0,,9.0,,9.0,,9.0,,9.0,,9.0,,9.0,,9.0,,9.0,,9.0,,,,,,,,,,,,,,,,,,,,,,,,,,,,,,,,,,,,,,,,,,,,,,,,,,,,,,,,,,,,,,,,,,,,,,,,,,,,,,,,,,,,,,,,,,,,,0.0,395.2,,,,,34.0374,,,0.0,,6.161,,,,,,,,,,,,,11081.0,13:29:39,2021/07/02 13:29:39,2.0,11081.0,2.0,392.0,388.37,6.1605,34.0279,26.7685,1.35,58.88,0.041,159.22,17.67,dRB2102_CTD_039_01_F.csv,dRB2102,CTD,39.0,F.csv,390101
208,E529,1.0,1.0,False,WCOA21,2021_WCOA_RonBrown,7/2/2021,,1:33:21 PM,,E529,390104,4,Niskin; Sterivex 0.22µm filter,95% EtOH,West Coast,C32,298.4,47.115,-124.982,1000.0,Sean McAllister,,7/2/2021 1:33:21 PM,7/2/2021 ,2021/07/02 01:33:00,2021/07/02 00:00:00,2021/07/01 18:33:00,47.115,-124.982,390104,4,298.0,638.0,33RO20210613,WCOA2021,C32,39.0,1.0,11058.0,2.0,4.0,2021-07-02,2021.0,7.0,2.0,13:33:21,183.565,47.115,-124.982,403.0,301.1,298.4,6.594,33.992,2.0,,9.0,65.9,2.0,65.6,2.154,2.0,2266.6,2.0,2277.2,2.0,7.3389,24.86,6.0,,,9.0,60.4,2.0,2.64,2.0,34.8,2.0,0.1,2.0,0.08,2.0,,9.0,12.396,2.0,,9.0,,9.0,,9.0,,9.0,,9.0,,9.0,,9.0,381.2499431809461,22.47789681905382,59.45004191412254,44.15019319356568,66.35759660265076,0.085234939441772,0.0,8.829900518259778e-08,0.4432060621234988,59.956793937876505,2162.999764892312,0.0004589026915278068,2.495125192877117,0.0,0.0030170960041946,0.0231036428337049,0.0,0.0,0.3909208175663175,0.0596397793821058,27422.250612737746,2277.2,0.0,0.0,0.0,22.47789681905382,2.614404663342324,0.4432060621234988,0.0,0.0,0.0,59.450041914122735,0.0,0.0,-0.00012572546083569817,0.00012657989178752635,28995.0,2162.999764892312,44.15019319356568,2266.6,0.040125091610042,0.0400720291176849,1199.613543772593,0.7807927704625663,0.9959753137472648,-0.00012657989178752632,0.00012065620532966763,83.14462618,0.0231036428337049,0.3909208175663175,1.0490955806348583,1.042606231039491,0.0495576614841821,1e-07,1.2969527361391446e-10,6.965102230449574e-07,1e-07,0.2099879761771599,1.540037684985772e-09,4.415407383095394e-07,9.503635466702856e-07,5.331649588806594e-10,0.0033408002165047,0.0252143228195214,7.64645517273964e-07,6.24351485783022e-10,1.9308687451200572e-10,1.5186786892444397e-07,1.0211140711714912e-14,0.00012488248758593573,-0.0001331152629115297,1.0,1.0,3.0,1.0,10.0,1.0,1.0,0.0,1.0,1.0,1204.4611218918246,7.583014537471788,7.636319537950051,7.682915039811157,7.575450823257254,7.583014537471788,2266.6,2.0,2277.2,1.0,0.0,,301.1,1.0,1.0,0.9064039892244172,18.78560654055872,33.992,0.6331402344508489,0.9987496229780388,,0.0936215894809799,6.594,0.0,0.0,0.0,403.72784,9988.37409346525,66.35805550534228,2.64,60.4,27422.253629833747,0.0,0.9905706679188796,1215.9264966146377,11058.0,13:33:21,2021/07/02 13:33:21,4.0,11058.0,4.0,298.0,295.31,6.5898,33.9922,26.6837,1.51,65.81,0.041,160.09,83.17,dRB2102_CTD_039_01_F.csv,dRB2102,CTD,39.0,F.csv,390104
209,E530,1.0,1.0,False,WCOA21,2021_WCOA_RonBrown,7/2/2021,,1:47:38 PM,,E530,390110,10,Niskin; Sterivex 0.22µm filter,95% EtOH,West Coast,C32,101.9,47.115,-124.982,1000.0,Sean McAllister,,7/2/2021 1:47:38 PM,7/2/2021 ,2021/07/02 01:47:00,2021/07/02 00:00:00,2021/07/01 18:47:00,47.115,-124.982,390110,10,102.0,644.0,33RO20210613,WCOA2021,C32,39.0,1.0,11067.0,2.0,4.0,2021-07-02,2021.0,7.0,2.0,13:47:38,183.575,47.115,-124.982,403.0,102.8,101.9,7.464,33.853,2.0,,9.0,100.6,2.0,,,9.0,,9.0,,9.0,,,9.0,,,9.0,,9.0,,9.0,,9.0,,9.0,,9.0,,9.0,,9.0,,9.0,,9.0,,9.0,,9.0,,9.0,,9.0,,9.0,,,,,,,,,,,,,,,,,,,,,,,,,,,,,,,,,,,,,,,,,,,,,,,,,,,,,,,,,,,,,,,,,,,,,,,,,,,,,,,,,,,,,,,,,,,,,0.0,102.8,,,,,33.853,,,0.0,,7.464,,,,,,,,,,,,,11067.0,13:47:38,2021/07/02 13:47:38,10.0,11067.0,10.0,102.0,101.13,7.4959,33.8077,26.4119,2.35,102.42,0.041,161.05,99.71,dRB2102_CTD_039_01_F.csv,dRB2102,CTD,39.0,F.csv,390109
210,E531,1.0,1.0,False,WCOA21,2021_WCOA_RonBrown,7/2/2021,,2:09:12 PM,,E531,390121,21,Niskin; Sterivex 0.22µm filter,95% EtOH,West Coast,C32,3.6,47.115,-124.982,1000.0,Sean McAllister,,7/2/2021 2:09:12 PM,7/2/2021 ,2021/07/02 02:09:00,2021/07/02 00:00:00,2021/07/01 19:09:00,47.115,-124.982,390121,21,4.0,655.0,33RO20210613,WCOA2021,C32,39.0,1.0,11062.0,2.0,4.0,2021-07-02,2021.0,7.0,2.0,14:09:12,183.59,47.115,-124.982,403.0,3.7,3.6,16.213,31.557,2.0,31.9959,2.0,279.8,2.0,,,9.0,,9.0,,9.0,,,9.0,,,9.0,,9.0,,9.0,,9.0,,9.0,,9.0,,9.0,,9.0,,9.0,,9.0,,9.0,,9.0,,9.0,,9.0,,9.0,,,,,,,,,,,,,,,,,,,,,,,,,,,,,,,,,,,,,,,,,,,,,,,,,,,,,,,,,,,,,,,,,,,,,,,,,,,,,,,,,,,,,,,,,,,,,0.0,3.7,,,,,31.9959,,,0.0,,16.213,,,,,,,,,,,,,11062.0,14:09:12,2021/07/02 14:09:12,21.0,11062.0,21.0,4.0,3.97,16.1731,31.6024,23.0972,6.4,279.18,0.073,157.83,99.78,dRB2102_CTD_039_01_F.csv,dRB2102,CTD,39.0,F.csv,390119
211,E532,1.0,1.0,False,WCOA21,2021_WCOA_RonBrown,7/2/2021,,3:27:29 PM,,E532,400102,2,Niskin; Sterivex 0.22µm filter,95% EtOH,West Coast,C26,130.1,47.113,-124.824,1000.0,Sean McAllister,,7/2/2021 3:27:29 PM,7/2/2021 ,2021/07/02 03:27:00,2021/07/02 00:00:00,2021/07/01 20:27:00,47.113,-124.824,400102,2,130.0,657.0,33RO20210613,WCOA2021,C26,40.0,1.0,11081.0,2.0,4.0,2021-07-02,2021.0,7.0,2.0,15:27:29,183.644,47.113,-124.824,140.0,131.2,130.1,6.734,33.972,2.0,33.9865,2.0,44.3,2.0,,,9.0,,9.0,,9.0,,,9.0,,,9.0,,9.0,,9.0,,9.0,,9.0,,9.0,,9.0,,9.0,926.0,2.0,808.0,2.0,61.4,2.0,0.0,2.0,1210000.0,2.0,875000.0,2.0,174000.0,2.0,,,,,,,,,,,,,,,,,,,,,,,,,,,,,,,,,,,,,,,,,,,,,,,,,,,,,,,,,,,,,,,,,,,,,,,,,,,,,,,,,,,,,,,,,,,,,0.0,131.2,,,,,33.9865,,,0.0,,6.734,,,,,,,,,,,,,11081.0,15:27:29,2021/07/02 15:27:29,2.0,11081.0,2.0,130.0,128.88,6.7332,33.9728,26.6473,1.02,44.31,0.042,161.07,10.87,dRB2102_CTD_040_01_F.csv,dRB2102,CTD,40.0,F.csv,400101
212,E533,1.0,1.0,False,WCOA21,2021_WCOA_RonBrown,7/2/2021,,3:31:03 PM,,E533,400103,3,Niskin; Sterivex 0.22µm filter,95% EtOH,West Coast,C26,99.1,47.113,-124.824,1000.0,Sean McAllister,,7/2/2021 3:31:03 PM,7/2/2021 ,2021/07/02 03:31:00,2021/07/02 00:00:00,2021/07/01 20:31:00,47.113,-124.824,400103,3,99.0,658.0,33RO20210613,WCOA2021,C26,40.0,1.0,11020.0,2.0,4.0,2021-07-02,2021.0,7.0,2.0,15:31:03,183.647,47.113,-124.824,140.0,99.9,99.1,7.109,33.923,2.0,,9.0,50.9,2.0,48.8,1.602,2.0,2271.6,2.0,2263.5,2.0,7.2749,24.95,6.0,,,9.0,56.9,2.0,2.69,2.0,34.9,2.0,0.09,2.0,0.07,2.0,,9.0,19.98,2.0,,9.0,,9.0,,9.0,,9.0,,9.0,,9.0,,9.0,383.525460535488,19.38285660736926,69.24393066250968,38.43703000134366,66.22281867996905,0.1008089894350675,0.0,1.2208350256633588e-07,0.3616501391907772,56.53834986080921,2163.9190393361464,0.0005373128447429006,2.53625921524286,0.0,0.0036024613547209,0.0265641150880528,0.0,0.0,0.3509753642578524,0.05293167323857,27366.58588579619,2263.5,0.0,0.0,0.0,19.38285660736926,2.642122439636497,0.3616501391907772,0.0,0.0,0.0,69.24393066250981,0.0,0.0,-0.00012660748306100755,0.00012834810969662697,28995.0,2163.9190393361464,38.43703000134366,2271.6,0.0391402175092323,0.0390876276030197,1421.9795159334851,0.7786447787311739,0.9960024099097334,-0.00012834810969662675,0.0001230638194443284,83.14462618,0.0265641150880528,0.3509753642578524,1.0429394299328492,1.0371441180950711,0.0486954487646421,1e-07,1.3263061795584375e-10,6.694979137582683e-07,1e-07,0.2017979002286022,1.5245778830454534e-09,4.236402777891937e-07,9.427256586636832e-07,5.358396506146423e-10,0.0032739782681199,0.0249096894321554,7.589626592510806e-07,6.29575787245981e-10,1.929618881307622e-10,1.5394642903613706e-07,1.0587725321853713e-14,0.0001249134366470133,-0.0001341065693340827,1.0,1.0,3.0,1.0,10.0,1.0,1.0,0.0,1.0,1.0,1427.6868226276256,7.52047396759777,7.575704646864228,7.621467164472308,7.512806540217996,7.52047396759777,2271.6,2.0,2263.5,1.0,0.0,,99.9,1.0,1.0,0.9176569056639964,18.45871524430969,33.923,0.572285745357055,0.9044090769405052,,0.0814602343109621,7.109,0.0,0.0,0.0,402.9083171428573,9968.098798912148,66.2233559928138,2.6899999999999995,56.89999999999999,27366.58948825754,0.0,0.9902306340453176,1441.77202112522,11020.0,15:31:03,2021/07/02 15:31:03,3.0,11020.0,3.0,99.0,98.15,7.1709,33.9081,26.5364,1.15,50.02,0.041,161.66,42.26,dRB2102_CTD_040_01_F.csv,dRB2102,CTD,40.0,F.csv,400103
213,E534,1.0,1.0,False,WCOA21,2021_WCOA_RonBrown,7/2/2021,,3:37:39 PM,,E534,400106,6,Niskin; Sterivex 0.22µm filter,95% EtOH,West Coast,C26,59.7,47.113,-124.824,1000.0,Sean McAllister,,7/2/2021 3:37:39 PM,7/2/2021 ,2021/07/02 03:37:00,2021/07/02 00:00:00,2021/07/01 20:37:00,47.113,-124.824,400106,6,60.0,661.0,33RO20210613,WCOA2021,C26,40.0,1.0,11082.0,2.0,4.0,2021-07-02,2021.0,7.0,2.0,15:37:39,183.651,47.113,-124.824,140.0,60.3,59.7,7.592,33.539,2.0,,9.0,124.9,2.0,130.9,4.299,2.0,2199.4,2.0,2235.7,2.0,7.4301,24.95,2.0,,,9.0,36.4,2.0,2.15,2.0,27.8,2.0,0.25,2.0,0.24,2.0,,9.0,7.117,2.0,,9.0,,9.0,,9.0,,9.0,,9.0,,9.0,,9.0,371.5090045027747,26.838489782939654,46.96049003348443,53.43425012608653,65.47334450719993,0.0565582195977217,0.0,4.836435658601621e-08,0.3334742477061359,36.06652575229386,2099.0052598404286,0.00037941589008081566,2.031413956019392,0.0,0.0025818241978294,0.0186241956190606,0.0,0.0,0.5203918527674378,0.0620277760185289,27056.80385766139,2235.7,0.0,0.0,0.0,26.838489782939654,2.155469459692094,0.3334742477061359,0.0,0.0,0.0,46.96049003348425,0.0,0.0,-0.00012639691204840593,0.00012602596458085338,28995.0,2099.0052598404286,53.43425012608653,2199.4,0.0406531793091035,0.0406010282779497,978.4197687245075,0.7756342176766916,0.9960276038779026,-0.00012602596458085327,0.00011886510537580836,83.14462618,0.0186241956190606,0.5203918527674378,1.0602435776454735,1.0531371498669833,0.0479962604340086,1e-07,1.3795961466897343e-10,6.558455314831418e-07,1e-07,0.195176421498906,1.5319616642029511e-09,4.147859580379169e-07,9.478510045639156e-07,5.39840371969749e-10,0.0032138568990257,0.0247987324590602,7.616612654097126e-07,6.475106951147607e-10,1.9607271396206067e-10,1.569053247889312e-07,1.1035440070540141e-14,0.00012677004967162202,-0.00013410492504547082,1.0,1.0,3.0,1.0,10.0,1.0,1.0,0.0,1.0,1.0,982.3219405919664,7.673540832037694,7.72992247539831,7.776182171339981,7.665839131391277,7.673540832037694,2199.4,2.0,2235.7,1.0,0.0,,60.3,1.0,1.0,0.8863589859619634,18.503327726386097,33.539,0.8029460134045461,1.2695910859774946,,0.1127031364346407,7.592,0.0,0.0,0.0,398.34749428571433,9855.262377051396,65.47372392309,2.15,36.4,27056.80643948559,0.0,0.9899001812755446,992.3444395435778,11082.0,15:37:39,2021/07/02 15:37:39,6.0,11082.0,6.0,60.0,59.49,7.5846,33.5216,26.1737,2.76,120.0,0.043,162.07,81.46,dRB2102_CTD_040_01_F.csv,dRB2102,CTD,40.0,F.csv,400106
214,E535,1.0,1.0,False,WCOA21,2021_WCOA_RonBrown,7/2/2021,,3:53:25 PM,,E535,400116,16,Niskin; Sterivex 0.22µm filter,95% EtOH,West Coast,C26,3.6,47.113,-124.824,1000.0,Sean McAllister,,7/2/2021 3:53:25 PM,7/2/2021 ,2021/07/02 03:53:00,2021/07/02 00:00:00,2021/07/01 20:53:00,47.113,-124.824,400116,16,4.0,671.0,33RO20210613,WCOA2021,C26,40.0,1.0,11032.0,2.0,4.0,2021-07-02,2021.0,7.0,2.0,15:53:25,183.662,47.113,-124.824,140.0,3.6,3.6,15.754,31.845,2.0,31.8537,2.0,291.0,2.0,,,9.0,,9.0,,9.0,,,9.0,,,9.0,,9.0,,9.0,,9.0,,9.0,,9.0,,9.0,,9.0,,9.0,,9.0,,9.0,,9.0,,9.0,,9.0,,9.0,,,,,,,,,,,,,,,,,,,,,,,,,,,,,,,,,,,,,,,,,,,,,,,,,,,,,,,,,,,,,,,,,,,,,,,,,,,,,,,,,,,,,,,,,,,,,0.0,3.6,,,,,31.8537,,,0.0,,15.754,,,,,,,,,,,,,11032.0,15:53:25,2021/07/02 15:53:25,16.0,11032.0,16.0,4.0,3.97,15.775,31.849,23.3754,6.67,291.04,0.069,158.68,99.83,dRB2102_CTD_040_01_F.csv,dRB2102,CTD,40.0,F.csv,400114
215,E536,1.0,1.0,False,WCOA21,2021_WCOA_RonBrown,7/2/2021,,5:24:44 PM,,E536,410102,2,Niskin; Sterivex 0.22µm filter,95% EtOH,West Coast,C19,82.8,47.116,-124.645,1000.0,Sean McAllister,,7/2/2021 5:24:44 PM,7/2/2021 ,2021/07/02 05:24:00,2021/07/02 00:00:00,2021/07/01 22:24:00,47.116,-124.645,410102,2,83.0,673.0,33RO20210613,WCOA2021,C19,41.0,1.0,11081.0,2.0,4.0,2021-07-02,2021.0,7.0,2.0,17:24:44,183.726,47.116,-124.645,93.0,83.5,82.8,7.141,33.923,2.0,33.9283,2.0,47.5,2.0,,,9.0,,9.0,,9.0,,,9.0,,,9.0,,9.0,,9.0,,9.0,,9.0,,9.0,,9.0,,9.0,5420.0,2.0,695.0,2.0,145.0,2.0,0.0,2.0,1240000.0,2.0,872000.0,2.0,203000.0,2.0,,,,,,,,,,,,,,,,,,,,,,,,,,,,,,,,,,,,,,,,,,,,,,,,,,,,,,,,,,,,,,,,,,,,,,,,,,,,,,,,,,,,,,,,,,,,,0.0,83.5,,,,,33.9283,,,0.0,,7.141,,,,,,,,,,,,,11081.0,17:24:44,2021/07/02 17:24:44,2.0,11081.0,2.0,83.0,82.29,7.1351,33.923,26.5528,1.08,46.98,0.048,160.13,10.94,dRB2102_CTD_041_01_F.csv,dRB2102,CTD,41.0,F.csv,410101
216,E537,1.0,1.0,False,WCOA21,2021_WCOA_RonBrown,7/2/2021,,5:28:33 PM,,E537,410103,3,Niskin; Sterivex 0.22µm filter,95% EtOH,West Coast,C19,59.1,47.116,-124.645,1000.0,Sean McAllister,,7/2/2021 5:28:33 PM,7/2/2021 ,2021/07/02 05:28:00,2021/07/02 00:00:00,2021/07/01 22:28:00,47.116,-124.645,410103,3,59.0,674.0,33RO20210613,WCOA2021,C19,41.0,1.0,11020.0,2.0,4.0,2021-07-02,2021.0,7.0,2.0,17:28:33,183.728,47.116,-124.645,93.0,59.6,59.1,7.409,33.844,2.0,,9.0,82.3,2.0,81.0,2.662,2.0,2245.6,2.0,2258.2,2.0,7.3485,24.96,6.0,,,9.0,47.5,6.0,2.44,6.0,32.3,6.0,0.11,6.0,0.07,6.0,,9.0,34.276,2.0,,9.0,,9.0,,9.0,,9.0,,9.0,,9.0,,9.0,379.3808513065033,22.589171550639584,58.187049994988406,45.02379248125386,66.0686750478645,0.0778062625034713,0.0,8.044647841105703e-08,0.3573216338457836,47.142678366154215,2142.3891575237576,0.0004597639384043451,2.304913442709648,0.0,0.0031102266746377,0.022573888207801,0.0,0.0,0.4234344171256861,0.0572802143404019,27302.85496955956,2258.2,0.0,0.0,0.0,22.589171550639584,2.4194737909439734,0.3573216338457836,0.0,0.0,0.0,58.18704999498853,0.0,0.0,-0.00012539255503497772,0.0001261319150628861,28995.0,2142.3891575237576,45.02379248125386,2245.6,0.0398021435706387,0.0397498267507478,1206.839079604592,0.7772738108227596,0.99601808309553,-0.00012613191506288715,0.00012009055897467094,83.14462618,0.022573888207801,0.4234344171256861,1.0503066697315426,1.043880843695287,0.0482144230977774,1e-07,1.3555226622267748e-10,6.626331872350008e-07,1e-07,0.1981629187552493,1.5292887957079464e-09,4.192119354774614e-07,9.456635111855296e-07,5.397694767183736e-10,0.0032438970523529,0.0248411745517097,7.608598661403486e-07,6.38284977927276e-10,1.9467476898523492e-10,1.5572008978060793e-07,1.0875538364659122e-14,0.00012466181245416943,-0.0001328133104054036,1.0,1.0,3.0,1.0,10.0,1.0,1.0,0.0,1.0,1.0,1211.6638242689833,7.590335390205114,7.646393630033601,7.692055884108175,7.582629919102005,7.590335390205114,2245.6,2.0,2258.2,1.0,0.0,,59.6,1.0,1.0,0.904205750222645,18.69922181371172,33.844,0.6757229333380145,1.0680908703030614,,0.0949056333495703,7.409,0.0,0.0,0.0,401.9700228571429,9944.885055873088,66.06913481180291,2.44,47.49999999999999,27302.85807978623,0.0,0.9900273940127838,1223.868987460904,11020.0,17:28:33,2021/07/02 17:28:33,3.0,11020.0,3.0,59.0,58.5,7.424,33.8361,26.4438,1.97,85.51,0.04,160.92,35.31,dRB2102_CTD_041_01_F.csv,dRB2102,CTD,41.0,F.csv,410103
217,E538,1.0,1.0,False,WCOA21,2021_WCOA_RonBrown,7/2/2021,,5:33:21 PM,,E538,410106,6,Niskin; Sterivex 0.22µm filter,95% EtOH,West Coast,C19,40.8,47.116,-124.645,1000.0,Sean McAllister,,7/2/2021 5:33:21 PM,7/2/2021 ,2021/07/02 05:33:00,2021/07/02 00:00:00,2021/07/01 22:33:00,47.116,-124.645,410106,6,41.0,677.0,33RO20210613,WCOA2021,C19,41.0,1.0,11082.0,2.0,4.0,2021-07-02,2021.0,7.0,2.0,17:33:21,183.731,47.116,-124.645,93.0,41.2,40.8,7.636,33.497,2.0,,9.0,99.1,2.0,97.8,3.211,2.0,2219.2,2.0,2234.1,2.0,7.3539,24.96,2.0,,,9.0,36.2,2.0,2.33,2.0,29.8,2.0,0.46,2.0,0.09,2.0,,9.0,20.884,2.0,,9.0,,9.0,,9.0,,9.0,,9.0,,9.0,,9.0,375.0548443846872,22.79380990102713,56.294564891823065,45.39330702522726,65.39128222653882,0.0728040339083353,0.0,7.399010032343067e-08,0.2797013116756936,35.92029868832431,2117.5121280829494,0.0004506889251343157,2.200530125098015,0.0,0.0030725755646461,0.022095750638687,0.0,0.0,0.4395040839059979,0.0566657670035498,27022.92084595059,2234.1,0.0,0.0,0.0,22.79380990102713,2.3138615851150144,0.2797013116756936,0.0,0.0,0.0,56.29456489182312,0.0,0.0,-0.00012399423561817064,0.0001246063326640348,28995.0,2117.5121280829494,45.39330702522726,2219.2,0.0398001517639247,0.0397480405050551,1174.3858022182849,0.7753405942107158,0.9960298885390122,-0.0001246063326640347,0.00011853305838945728,83.14462618,0.022095750638687,0.4395040839059979,1.0512369659325158,1.0447547175618128,0.0479353248187169,1e-07,1.3822239882672118e-10,6.526450842244442e-07,1e-07,0.1943293852269691,1.529595096712421e-09,4.1265939196626486e-07,9.46703057769273e-07,5.395357879493655e-10,0.0032059129600111,0.0247648765408966,7.607224188598751e-07,6.481086134826867e-10,1.9597871416805903e-10,1.5705515290597865e-07,1.1061582304988332e-14,0.00012338812272007815,-0.00013133556872449954,1.0,1.0,3.0,1.0,10.0,1.0,1.0,0.0,1.0,1.0,1179.0668289491664,7.5991456598228,7.655691239962643,7.701944988514635,7.591437511269365,7.5991456598228,2219.2,2.0,2234.1,1.0,0.0,,41.2,1.0,1.0,0.9025206160115092,18.72220315710155,33.497,0.6846029196259851,1.0827397578682227,,0.0958334551610768,7.636,0.0,0.0,0.0,397.8486542857143,9842.920893410375,65.39173291546395,2.33,36.2,27022.92391852616,0.0,0.989869553817605,1191.1335432046465,11082.0,17:33:21,2021/07/02 17:33:21,6.0,11082.0,6.0,41.0,40.66,7.6282,33.4993,26.1497,2.28,99.1,0.043,161.08,53.27,dRB2102_CTD_041_01_F.csv,dRB2102,CTD,41.0,F.csv,410106
218,E539,1.0,1.0,False,WCOA21,2021_WCOA_RonBrown,7/2/2021,,5:45:25 PM,,E539,410114,14,Niskin; Sterivex 0.22µm filter,95% EtOH,West Coast,C19,3.2,47.116,-124.645,1000.0,Sean McAllister,,7/2/2021 5:45:25 PM,7/2/2021 ,2021/07/02 05:45:00,2021/07/02 00:00:00,2021/07/01 22:45:00,47.116,-124.645,410114,14,3.0,685.0,33RO20210613,WCOA2021,C19,41.0,1.0,11011.0,2.0,4.0,2021-07-02,2021.0,7.0,2.0,17:45:25,183.74,47.116,-124.645,93.0,3.2,3.2,16.834,31.591,2.0,31.5996,2.0,282.5,2.0,,,9.0,,9.0,,9.0,,,9.0,,,9.0,,9.0,,9.0,,9.0,,9.0,,9.0,0.6,2.0,,9.0,,9.0,,9.0,,9.0,,9.0,,9.0,,9.0,,9.0,,,,,,,,,,,,,,,,,,,,,,,,,,,,,,,,,,,,,,,,,,,,,,,,,,,,,,,,,,,,,,,,,,,,,,,,,,,,,,,,,,,,,,,,,,,,,0.0,3.2,,,,,31.5996,,,0.0,,16.834,,,,,,,,,,,,,11011.0,17:45:25,2021/07/02 17:45:25,14.0,11011.0,14.0,3.0,2.98,16.8709,31.5841,22.9243,6.35,277.42,0.059,156.55,90.35,dRB2102_CTD_041_01_F.csv,dRB2102,CTD,41.0,F.csv,410112
219,E540,1.0,1.0,False,WCOA21,2021_WCOA_RonBrown,7/2/2021,,7:32:52 PM,,E540,420102,2,Niskin; Sterivex 0.22µm filter,95% EtOH,West Coast,C8,40.5,47.118,-124.382,1000.0,Sean McAllister,,7/2/2021 7:32:52 PM,7/2/2021 ,2021/07/02 07:32:00,2021/07/02 00:00:00,2021/07/02 00:32:00,47.118,-124.382,420102,2,40.0,687.0,33RO20210613,WCOA2021,C8,42.0,1.0,11081.0,2.0,4.0,2021-07-02,2021.0,7.0,2.0,19:32:52,183.814,47.118,-124.382,50.0,40.8,40.5,7.456,33.718,2.0,,9.0,45.2,2.0,,,9.0,,9.0,,9.0,,,9.0,,,9.0,,9.0,,9.0,,9.0,,9.0,,9.0,3.3,2.0,,9.0,13150.0,2.0,2150.0,2.0,458.0,2.0,0.0,2.0,2470000.0,2.0,1730000.0,2.0,475000.0,2.0,,,,,,,,,,,,,,,,,,,,,,,,,,,,,,,,,,,,,,,,,,,,,,,,,,,,,,,,,,,,,,,,,,,,,,,,,,,,,,,,,,,,,,,,,,,,,0.0,40.8,,,,,33.718,,,0.0,,7.456,,,,,,,,,,,,,11081.0,19:32:52,2021/07/02 19:32:52,2.0,11081.0,2.0,40.0,39.66,7.4648,33.714,26.3417,1.08,47.05,0.121,156.48,10.85,dRB2102_CTD_042_01_F.csv,dRB2102,CTD,42.0,F.csv,420101
220,E541,1.0,1.0,False,WCOA21,2021_WCOA_RonBrown,7/2/2021,,7:38:08 PM,,E541,420106,6,Niskin; Sterivex 0.22µm filter,95% EtOH,West Coast,C8,20.0,47.118,-124.382,1000.0,Sean McAllister,,7/2/2021 7:38:08 PM,7/2/2021 ,2021/07/02 07:38:00,2021/07/02 00:00:00,2021/07/02 00:38:00,47.118,-124.382,420106,6,20.0,691.0,33RO20210613,WCOA2021,C8,42.0,1.0,11082.0,2.0,4.0,2021-07-02,2021.0,7.0,2.0,19:38:08,183.818,47.118,-124.382,50.0,20.2,20.0,11.838,32.276,2.0,,9.0,230.5,2.0,,,9.0,,9.0,,9.0,,,9.0,,,9.0,,9.0,,9.0,,9.0,,9.0,,9.0,,9.0,,9.0,175500.0,2.0,6340.0,2.0,561.0,2.0,105.0,2.0,7630000.0,2.0,4480000.0,2.0,2250000.0,2.0,,,,,,,,,,,,,,,,,,,,,,,,,,,,,,,,,,,,,,,,,,,,,,,,,,,,,,,,,,,,,,,,,,,,,,,,,,,,,,,,,,,,,,,,,,,,,0.0,20.2,,,,,32.276,,,0.0,,11.838,,,,,,,,,,,,,11082.0,19:38:08,2021/07/02 19:38:08,6.0,11082.0,6.0,20.0,19.83,12.9731,31.9483,24.0355,5.54,241.53,0.099,154.02,30.84,dRB2102_CTD_042_01_F.csv,dRB2102,CTD,42.0,F.csv,420104
221,E542,1.0,1.0,False,WCOA21,2021_WCOA_RonBrown,7/2/2021,,7:43:33 PM,,E542,420110,10,Niskin; Sterivex 0.22µm filter,95% EtOH,West Coast,C8,4.2,47.118,-124.381,1000.0,Sean McAllister,,7/2/2021 7:43:33 PM,7/2/2021 ,2021/07/02 07:43:00,2021/07/02 00:00:00,2021/07/02 00:43:00,47.118,-124.381,420110,10,4.0,695.0,33RO20210613,WCOA2021,C8,42.0,1.0,11067.0,2.0,4.0,2021-07-02,2021.0,7.0,2.0,19:43:33,183.822,47.118,-124.381,50.0,4.2,4.2,16.831,27.149,2.0,,9.0,330.1,2.0,,,9.0,,9.0,,9.0,,,9.0,,,9.0,,9.0,,9.0,,9.0,,9.0,,9.0,,9.0,,9.0,35300.0,2.0,7190.0,2.0,3010.0,2.0,0.0,2.0,2780000.0,2.0,1340000.0,2.0,891000.0,2.0,,,,,,,,,,,,,,,,,,,,,,,,,,,,,,,,,,,,,,,,,,,,,,,,,,,,,,,,,,,,,,,,,,,,,,,,,,,,,,,,,,,,,,,,,,,,,0.0,4.2,,,,,27.149,,,0.0,,16.831,,,,,,,,,,,,,11067.0,19:43:33,2021/07/02 19:43:33,10.0,11067.0,10.0,4.0,3.97,16.6029,29.4498,21.3496,7.46,326.17,0.185,152.29,46.42,dRB2102_CTD_042_01_F.csv,dRB2102,CTD,42.0,F.csv,420109
222,E543,1.0,1.0,False,WCOA21,2021_WCOA_RonBrown,7/2/2021,,8:48:14 PM,,E543,430102,2,Niskin; Sterivex 0.22µm filter,95% EtOH,West Coast,C2.5,17.4,47.115,-124.247,1000.0,Sean McAllister,,7/2/2021 8:48:14 PM,7/2/2021 ,2021/07/02 08:48:00,2021/07/02 00:00:00,2021/07/02 01:48:00,47.115,-124.247,430102,2,17.0,698.0,33RO20210613,WCOA2021,C2.5,43.0,1.0,11081.0,2.0,4.0,2021-07-02,2021.0,7.0,2.0,20:48:14,183.867,47.115,-124.247,27.0,17.6,17.4,14.855,31.377,2.0,,9.0,283.0,2.0,,,9.0,,9.0,,9.0,,,9.0,,,9.0,,9.0,,9.0,,9.0,,9.0,,9.0,,9.0,,9.0,39700.0,2.0,2680.0,2.0,665.0,2.0,0.0,2.0,3980000.0,2.0,2100000.0,2.0,1080000.0,2.0,,,,,,,,,,,,,,,,,,,,,,,,,,,,,,,,,,,,,,,,,,,,,,,,,,,,,,,,,,,,,,,,,,,,,,,,,,,,,,,,,,,,,,,,,,,,,0.0,17.6,,,,,31.377,,,0.0,,14.855,,,,,,,,,,,,,11081.0,20:48:14,2021/07/02 20:48:14,2.0,11081.0,2.0,17.0,16.86,14.9746,31.3521,23.1673,6.49,283.1,0.133,157.45,5.31,dRB2102_CTD_043_01_F.csv,dRB2102,CTD,43.0,F.csv,430101
223,E544,1.0,1.0,False,WCOA21,2021_WCOA_RonBrown,7/2/2021,,8:51:42 PM,,E544,430104,4,Niskin; Sterivex 0.22µm filter,95% EtOH,West Coast,C2.5,10.3,47.114,-124.247,1000.0,Sean McAllister,,7/2/2021 8:51:42 PM,7/2/2021 ,2021/07/02 08:51:00,2021/07/02 00:00:00,2021/07/02 01:51:00,47.114,-124.247,430104,4,10.0,700.0,33RO20210613,WCOA2021,C2.5,43.0,1.0,11058.0,2.0,4.0,2021-07-02,2021.0,7.0,2.0,20:51:42,183.869,47.114,-124.247,27.0,10.4,10.3,16.847,28.428,2.0,,9.0,337.0,2.0,,,9.0,,9.0,,9.0,,,9.0,,,9.0,,9.0,,9.0,,9.0,,9.0,,9.0,,9.0,,9.0,28550.0,2.0,3000.0,2.0,1790.0,2.0,11.3,2.0,2770000.0,2.0,1580000.0,2.0,826000.0,2.0,,,,,,,,,,,,,,,,,,,,,,,,,,,,,,,,,,,,,,,,,,,,,,,,,,,,,,,,,,,,,,,,,,,,,,,,,,,,,,,,,,,,,,,,,,,,,0.0,10.4,,,,,28.428,,,0.0,,16.847,,,,,,,,,,,,,11058.0,20:51:42,2021/07/02 20:51:42,4.0,11058.0,4.0,10.0,9.92,16.6981,29.2444,21.1711,7.17,313.55,0.211,156.5,12.4,dRB2102_CTD_043_01_F.csv,dRB2102,CTD,43.0,F.csv,430103
224,E545,1.0,1.0,False,WCOA21,2021_WCOA_RonBrown,7/2/2021,,8:56:13 PM,,E545,430109,9,Niskin; Sterivex 0.22µm filter,95% EtOH,West Coast,C2.5,3.8,47.114,-124.247,1000.0,Sean McAllister,,7/2/2021 8:56:13 PM,7/2/2021 ,2021/07/02 08:56:00,2021/07/02 00:00:00,2021/07/02 01:56:00,47.114,-124.247,430109,9,4.0,705.0,33RO20210613,WCOA2021,C2.5,43.0,1.0,12052.0,2.0,4.0,2021-07-02,2021.0,7.0,2.0,20:56:13,183.872,47.114,-124.247,27.0,3.8,3.8,17.025,27.743,2.0,,9.0,311.8,2.0,,,9.0,,9.0,,9.0,,,9.0,,,9.0,,9.0,,9.0,,9.0,,9.0,,9.0,8.8,2.0,,9.0,21800.0,2.0,4970.0,2.0,3410.0,2.0,0.0,2.0,2060000.0,2.0,1010000.0,2.0,759000.0,2.0,,,,,,,,,,,,,,,,,,,,,,,,,,,,,,,,,,,,,,,,,,,,,,,,,,,,,,,,,,,,,,,,,,,,,,,,,,,,,,,,,,,,,,,,,,,,,0.0,3.8,,,,,27.743,,,0.0,,17.025,,,,,,,,,,,,,12052.0,20:56:13,2021/07/02 20:56:13,9.0,12052.0,9.0,4.0,3.97,16.7607,28.0913,20.2738,7.12,311.51,0.229,158.91,18.47,dRB2102_CTD_043_01_F.csv,dRB2102,CTD,43.0,F.csv,430108
225,E547.1B,1.0,1.0,False,WCOA21,2021_WCOA_RonBrown,7/3/2021,,4:37:49 AM,,E547.1B,440101,1,Niskin; Sterivex 0.22µm filter,95% EtOH,West Coast,Ecola,68.3,45.916,-124.087,1000.0,Sean McAllister,,7/3/2021 4:37:49 AM,7/3/2021 ,2021/07/03 04:37:00,2021/07/03 00:00:00,2021/07/02 21:37:00,45.916,-124.087,440101,1,68.0,707.0,33RO20210613,WCOA2021,ECOLA,44.0,1.0,11031.0,2.0,0.0,2021-07-03,2021.0,7.0,3.0,04:37:49,184.193,45.916,-124.087,78.0,68.9,68.3,7.611,33.781,2.0,33.7772,2.0,58.6,2.0,59.3,1.946,4.0,2263.5,6.0,2255.0,6.0,7.282,25.03,2.0,,,9.0,56.7,2.0,2.65,2.0,32.1,2.0,0.25,2.0,0.18,2.0,,9.0,9.573,6.0,,9.0,,9.0,,9.0,,9.0,,9.0,,9.0,,9.0,381.95860052523,19.218029189055773,69.32916864377749,38.31406841715995,65.9381814191913,0.0999011841543926,0.0,1.2298935855565797e-07,0.3622695364827746,56.337730463517225,2155.8567629390623,0.000548647149247737,2.497287820509744,0.0,0.0037295184143899,0.0268588550306757,0.0,0.0,0.3630290794600568,0.0528108723465052,27248.96500740853,2255.0,0.0,0.0,0.0,19.218029189055773,2.602909442213396,0.3622695364827746,0.0,0.0,0.0,69.32916864377768,0.0,0.0,-0.0001264216620298379,0.0001281779921707804,28995.0,2155.8567629390623,38.31406841715995,2263.5,0.0388960724720894,0.0388439386195829,1447.42185441992,0.7763108668661286,0.9960285906492976,-0.00012817799217078042,0.0001229022942109364,83.14462618,0.0268588550306757,0.3630290794600568,1.04292595181982,1.037170702126876,0.0478983845877899,1e-07,1.3812158773130963e-10,6.620801145884797e-07,1e-07,0.1962387417222751,1.5390365937946102e-09,4.189792024746979e-07,9.511747241358596e-07,5.436191646163334e-10,0.0032279837016427,0.0248461721843258,7.646353181385673e-07,6.468612464230551e-10,1.9669297934895228e-10,1.5719210603175154e-07,1.1104469239251828e-14,0.00012471281273166427,-0.00013392693325506346,1.0,1.0,3.0,1.0,10.0,1.0,1.0,0.0,1.0,1.0,1453.1930790022452,7.514443609021051,7.570912504863806,7.616687209792117,7.506722875289507,7.514443609021051,2263.5,2.0,2255.0,1.0,0.0,,68.9,1.0,1.0,0.9176816882446588,18.41706873360045,33.7772,0.5743669647996963,0.9076272607907908,,0.0802661453914113,7.611,0.0,0.0,0.0,401.17662971428575,9925.256219986892,65.93873006634054,2.6499999999999995,56.7,27248.96873692694,0.0,0.98988837597557,1468.03732044037,11031.0,04:37:49,2021/07/03 04:37:49,1.0,11031.0,1.0,68.0,67.43,7.6137,33.7813,26.3738,1.36,59.19,0.056,172.31,11.42,dRB2102_CTD_044_01_F.csv,dRB2102,CTD,44.0,F.csv,440101
226,E547.2B,2.0,1.0,False,WCOA21,2021_WCOA_RonBrown,7/3/2021,,4:37:52 AM,,E547.2B,440102,2,Niskin; Sterivex 0.22µm filter,95% EtOH,West Coast,Ecola,68.3,45.916,-124.087,1000.0,Sean McAllister,,7/3/2021 4:37:52 AM,7/3/2021 ,2021/07/03 04:37:00,2021/07/03 00:00:00,2021/07/02 21:37:00,45.916,-124.087,440102,2,68.0,708.0,33RO20210613,WCOA2021,ECOLA,44.0,1.0,11081.0,2.0,0.0,2021-07-03,2021.0,7.0,3.0,04:37:52,184.193,45.916,-124.087,78.0,68.9,68.3,7.611,33.781,2.0,33.7772,9.0,58.6,2.0,59.3,1.946,9.0,2263.5,9.0,2255.0,9.0,7.282,25.03,9.0,,,9.0,56.7,9.0,2.65,9.0,32.1,9.0,0.25,9.0,0.18,9.0,,9.0,9.573,9.0,,9.0,,9.0,,9.0,,9.0,,9.0,,9.0,,9.0,,,,,,,,,,,,,,,,,,,,,,,,,,,,,,,,,,,,,,,,,,,,,,,,,,,,,,,,,,,,,,,,,,,,,,,,,,,,,,,,,,,,,,,,,,,,,0.0,68.9,,,,,33.781,,,0.0,,7.611,,,,,,,,,,,,,11081.0,04:37:52,2021/07/03 04:37:52,2.0,11081.0,2.0,68.0,67.43,7.6137,33.7813,26.3738,1.36,59.19,0.056,172.31,11.42,dRB2102_CTD_044_01_F.csv,dRB2102,CTD,44.0,F.csv,440101
227,E547.3B,3.0,1.0,False,WCOA21,2021_WCOA_RonBrown,7/3/2021,,4:37:55 AM,,E547.3B,440103,3,Niskin; Sterivex 0.22µm filter,95% EtOH,West Coast,Ecola,68.1,45.916,-124.087,1000.0,Sean McAllister,,7/3/2021 4:37:55 AM,7/3/2021 ,2021/07/03 04:37:00,2021/07/03 00:00:00,2021/07/02 21:37:00,45.916,-124.087,440103,3,68.0,709.0,33RO20210613,WCOA2021,ECOLA,44.0,1.0,11020.0,2.0,0.0,2021-07-03,2021.0,7.0,3.0,04:37:55,184.193,45.916,-124.087,78.0,68.7,68.1,7.612,33.781,2.0,33.7772,9.0,58.5,2.0,59.3,1.946,9.0,2263.5,9.0,2255.0,9.0,7.282,25.03,9.0,,,9.0,56.7,9.0,2.65,9.0,32.1,9.0,0.25,9.0,0.18,9.0,,9.0,9.573,9.0,,9.0,,9.0,,9.0,,9.0,,9.0,,9.0,,9.0,,,,,,,,,,,,,,,,,,,,,,,,,,,,,,,,,,,,,,,,,,,,,,,,,,,,,,,,,,,,,,,,,,,,,,,,,,,,,,,,,,,,,,,,,,,,,0.0,68.7,,,,,33.781,,,0.0,,7.612,,,,,,,,,,,,,11020.0,04:37:55,2021/07/03 04:37:55,3.0,11020.0,3.0,68.0,67.43,7.6137,33.7813,26.3738,1.36,59.19,0.056,172.31,11.42,dRB2102_CTD_044_01_F.csv,dRB2102,CTD,44.0,F.csv,440101
228,E548,1.0,1.0,False,WCOA21,2021_WCOA_RonBrown,7/3/2021,,4:40:59 AM,,E548,440104,4,Niskin; Sterivex 0.22µm filter,95% EtOH,West Coast,Ecola,50.3,45.916,-124.087,1000.0,Sean McAllister,,7/3/2021 4:40:59 AM,7/3/2021 ,2021/07/03 04:40:00,2021/07/03 00:00:00,2021/07/02 21:40:00,45.916,-124.087,440104,4,50.0,710.0,33RO20210613,WCOA2021,ECOLA,44.0,1.0,11058.0,2.0,0.0,2021-07-03,2021.0,7.0,3.0,04:40:59,184.195,45.916,-124.087,78.0,50.7,50.3,7.839,33.755,2.0,,9.0,67.7,2.0,62.2,2.043,4.0,2261.6,6.0,2255.5,2.0,7.2934,25.03,6.0,,,9.0,54.8,2.0,2.67,2.0,31.7,2.0,0.28,2.0,0.88,2.0,,9.0,9.422,2.0,,9.0,,9.0,,9.0,,9.0,,9.0,,9.0,,9.0,381.3749834676432,19.537973675213934,68.06842356691263,39.10147498128791,65.89484876271179,0.0989570669665748,0.0,1.203065667458469e-07,0.357902794864142,54.44209720513585,2154.430101451799,0.0005431995978689205,2.5164821022599253,0.0,0.0037150972112214,0.026456384008486,0.0,0.0,0.376183393476609,0.0545607104669333,27231.0556893226,2255.4999999999995,0.0,0.0,0.0,19.537973675213934,2.6256034028872253,0.357902794864142,0.0,0.0,0.0,68.06842356691257,0.0,0.0,-0.00012629994430240468,0.0001279386031902405,28995.0,2154.430101451799,39.10147498128791,2261.6,0.0388822837157922,0.0388303555034503,1432.0921957112962,0.7753936489210306,0.9960404066640652,-0.00012793860319024,0.00012257452317138493,83.14462618,0.026456384008486,0.376183393476609,1.04376178572896,1.0379534335458422,0.0475307551921291,1e-07,1.4058345815806567e-10,6.592231789192024e-07,1e-07,0.1939209730763199,1.5456955523293003e-09,4.172036315320961e-07,9.549559844468998e-07,5.475923480108335e-10,0.0032093901208448,0.0248172765498554,7.672619661330464e-07,6.541582303973051e-10,1.9834756905924503e-10,1.586626019462995e-07,1.1350010382112322e-14,0.00012470273100321074,-0.0001337936523356481,1.0,1.0,3.0,1.0,10.0,1.0,1.0,0.0,1.0,1.0,1437.785240568356,7.520403361026066,7.577469514361509,7.623131683488454,7.512653922963557,7.520403361026066,2261.6,2.0,2255.5,1.0,0.0,,50.7,1.0,1.0,0.916146028093188,18.45081621763936,33.755,0.5883244056697822,0.9296109995906096,,0.0814332790437557,7.839,0.0,0.0,0.0,400.9129571428572,9918.73286434807,65.89539196230965,2.67,54.8,27231.05940441981,0.0,0.9897297081421428,1452.7049443299768,11058.0,04:40:59,2021/07/03 04:40:59,4.0,11058.0,4.0,50.0,49.58,7.8672,33.7551,26.3164,1.62,70.35,0.054,174.52,29.74,dRB2102_CTD_044_01_F.csv,dRB2102,CTD,44.0,F.csv,440104
229,E549.1B,1.0,1.0,False,WCOA21,2021_WCOA_RonBrown,7/3/2021,,4:47:09 AM,,E549.1B,440107,7,Niskin; Sterivex 0.22µm filter,95% EtOH,West Coast,Ecola,25.6,45.916,-124.087,1000.0,Sean McAllister,,7/3/2021 4:47:09 AM,7/3/2021 ,2021/07/03 04:47:00,2021/07/03 00:00:00,2021/07/02 21:47:00,45.916,-124.087,440107,7,26.0,713.0,33RO20210613,WCOA2021,ECOLA,44.0,1.0,11004.0,2.0,0.0,2021-07-03,2021.0,7.0,3.0,04:47:09,184.199,45.916,-124.087,78.0,25.8,25.6,10.021,33.104,2.0,,9.0,170.4,2.0,168.7,5.536,4.0,2163.4,2.0,2236.6,2.0,7.5394,25.03,2.0,,,9.0,25.7,2.0,1.94,2.0,18.8,2.0,0.28,2.0,1.62,2.0,21.0,2.0,11.226,2.0,,9.0,,9.0,,9.0,,9.0,,9.0,,9.0,,9.0,358.8766196165029,34.30431752635427,35.003418487697445,70.78875185114016,64.62421632023262,0.038895283986719,0.0,2.6884428501489812e-08,0.3244008965155531,25.375599103484443,2057.607829661162,0.00031502387337105803,1.8217968102559885,0.0,0.0022731878679287,0.0147817920460624,0.0,0.0,0.8229056763567946,0.0793078788728642,26705.878056360747,2236.5999999999995,0.0,0.0,0.0,34.30431752635427,1.9804125411172884,0.3244008965155531,0.0,0.0,0.0,35.00341848769765,0.0,0.0,-0.00013778950810135602,0.00013554738534499452,28995.0,2057.607829661162,70.78875185114016,2163.4,0.0410155753492295,0.0409655686612898,789.6128345087153,0.7654114196369344,0.996151168296846,-0.00013554738534499397,0.00012560033579243362,83.14462618,0.0147817920460624,0.8229056763567946,1.0791960426682243,1.072066116083263,0.044329849969417,1e-07,1.6945923261594264e-10,6.398358941137639e-07,1e-07,0.1736595295998641,1.6302523514570761e-09,4.056949418544629e-07,1.002543812005314e-06,5.867496892513262e-10,0.0030323470934542,0.0246744428519897,7.988297082340897e-07,7.42450688753459e-10,2.1803035326810724e-10,1.7417444830406349e-07,1.4034639940600406e-14,0.0001401070534533002,-0.00014720547654657328,1.0,1.0,3.0,1.0,10.0,1.0,1.0,0.0,1.0,1.0,792.6636635469129,7.768148782806873,7.830272911777604,7.876305106186789,7.760200043626234,7.768148782806873,2163.4,2.0,2236.6,1.0,0.0,,25.8,1.0,1.0,0.8532314064599078,17.224476243242073,33.104,1.0762030284504418,1.6973179991076937,,0.1391988077798231,10.021,0.0,0.0,0.0,393.1809371428572,9727.439867912266,64.624531344106,1.94,25.7,26705.88032954861,0.0,0.988093641697244,802.2151242521489,11004.0,04:47:09,2021/07/03 04:47:09,7.0,11004.0,7.0,26.0,25.79,9.6252,33.1664,25.5828,3.59,156.38,0.374,172.82,53.93,dRB2102_CTD_044_01_F.csv,dRB2102,CTD,44.0,F.csv,440107
230,E549.2B,2.0,1.0,False,WCOA21,2021_WCOA_RonBrown,7/3/2021,,4:47:13 AM,,E549.2B,440108,8,Niskin; Sterivex 0.22µm filter,95% EtOH,West Coast,Ecola,25.5,45.916,-124.087,1000.0,Sean McAllister,,7/3/2021 4:47:13 AM,7/3/2021 ,2021/07/03 04:47:00,2021/07/03 00:00:00,2021/07/02 21:47:00,45.916,-124.087,440108,8,26.0,714.0,33RO20210613,WCOA2021,ECOLA,44.0,1.0,11027.0,2.0,0.0,2021-07-03,2021.0,7.0,3.0,04:47:13,184.199,45.916,-124.087,78.0,25.7,25.5,10.04,33.101,2.0,,9.0,170.4,2.0,168.7,5.536,9.0,2163.4,9.0,2236.6,9.0,7.5394,25.03,9.0,,,9.0,25.7,9.0,1.94,9.0,18.8,9.0,0.28,9.0,1.62,9.0,21.0,9.0,11.226,9.0,,9.0,,9.0,,9.0,,9.0,,9.0,,9.0,,9.0,,,,,,,,,,,,,,,,,,,,,,,,,,,,,,,,,,,,,,,,,,,,,,,,,,,,,,,,,,,,,,,,,,,,,,,,,,,,,,,,,,,,,,,,,,,,,0.0,25.7,,,,,33.101,,,0.0,,10.04,,,,,,,,,,,,,11027.0,04:47:13,2021/07/03 04:47:13,8.0,11027.0,8.0,26.0,25.79,9.6252,33.1664,25.5828,3.59,156.38,0.374,172.82,53.93,dRB2102_CTD_044_01_F.csv,dRB2102,CTD,44.0,F.csv,440107
231,E549.3B,3.0,1.0,False,WCOA21,2021_WCOA_RonBrown,7/3/2021,,4:47:17 AM,,E549.3B,440109,9,Niskin; Sterivex 0.22µm filter,95% EtOH,West Coast,Ecola,25.5,45.916,-124.087,1000.0,Sean McAllister,,7/3/2021 4:47:17 AM,7/3/2021 ,2021/07/03 04:47:00,2021/07/03 00:00:00,2021/07/02 21:47:00,45.916,-124.087,440109,9,26.0,715.0,33RO20210613,WCOA2021,ECOLA,44.0,1.0,12052.0,2.0,0.0,2021-07-03,2021.0,7.0,3.0,04:47:17,184.2,45.916,-124.087,78.0,25.7,25.5,10.051,33.099,2.0,,9.0,170.5,2.0,168.7,5.536,9.0,2163.4,9.0,2236.6,9.0,7.5394,25.03,9.0,,,9.0,25.7,9.0,1.94,9.0,18.8,9.0,0.28,9.0,1.62,9.0,21.0,9.0,11.226,9.0,,9.0,,9.0,,9.0,,9.0,,9.0,,9.0,,9.0,,,,,,,,,,,,,,,,,,,,,,,,,,,,,,,,,,,,,,,,,,,,,,,,,,,,,,,,,,,,,,,,,,,,,,,,,,,,,,,,,,,,,,,,,,,,,0.0,25.7,,,,,33.099,,,0.0,,10.051,,,,,,,,,,,,,12052.0,04:47:17,2021/07/03 04:47:17,9.0,12052.0,9.0,26.0,25.79,9.6252,33.1664,25.5828,3.59,156.38,0.374,172.82,53.93,dRB2102_CTD_044_01_F.csv,dRB2102,CTD,44.0,F.csv,440107
232,E550,1.0,1.0,False,WCOA21,2021_WCOA_RonBrown,7/3/2021,,4:51:12 AM,,E550,440112,12,Niskin; Sterivex 0.22µm filter,95% EtOH,West Coast,Ecola,10.9,45.916,-124.088,1000.0,Sean McAllister,,7/3/2021 4:51:12 AM,7/3/2021 ,2021/07/03 04:51:00,2021/07/03 00:00:00,2021/07/02 21:51:00,45.916,-124.088,440112,12,11.0,718.0,33RO20210613,WCOA2021,ECOLA,44.0,1.0,11026.0,2.0,0.0,2021-07-03,2021.0,7.0,3.0,04:51:12,184.202,45.916,-124.088,78.0,11.0,10.9,11.398,32.243,2.0,,9.0,272.4,2.0,270.7,8.874,4.0,1994.3,2.0,2184.3,2.0,7.8808,25.03,2.0,,,9.0,2.3,2.0,0.62,2.0,1.7,2.0,0.11,2.0,0.46,2.0,,9.0,10.759,2.0,,9.0,,9.0,,9.0,,9.0,,9.0,,9.0,,9.0,317.76571549351166,65.18900164934547,14.63219601670606,136.77270513052298,62.943563250937615,0.0056139581551866,0.0,1.8715021258116704e-09,0.0631644753414734,2.236835524658526,1842.895098852771,0.00015243683455543687,0.559279227102224,0.0,0.0011365172873603,0.0070279599595469,0.0,0.0,1.9461488246047616,0.0551068128710872,26011.28751336297,2184.3,0.0,0.0,0.0,65.18900164934547,0.6694928509728963,0.0631644753414734,0.0,0.0,0.0,14.632196016706004,0.0,0.0,-0.00020008920804923187,0.00018854199109034545,28995.0,1842.895098852771,136.77270513052298,1994.3,0.0428361532335059,0.0427873166091384,343.5754396984989,0.7580756962372932,0.9962189585833304,-0.0001885419910903453,0.0001631289143402048,83.14462618,0.0070279599595469,1.9461488246047616,1.1557852380304676,1.1600197154397471,0.0425880151082576,1e-07,1.9089757303272463e-10,6.179819372391515e-07,1e-07,0.1608477839917127,1.6749262050666675e-09,3.919600532850488e-07,1.0282991819789931e-06,6.059366301007201e-10,0.0029019550525888,0.0244910402557042,8.133695381925893e-07,8.044609933095754e-10,2.3055111526523544e-10,1.841533028235359e-07,1.5889287894222904e-14,0.00021314311604066352,-0.00022333415569574,1.0,1.0,3.0,1.0,10.0,1.0,1.0,0.0,1.0,1.0,344.87944315683285,8.088071614293373,8.153170721479157,8.200325189672073,8.080037763136307,8.088071614293373,1994.3,2.0,2184.3,1.0,0.0,,11.0,1.0,1.0,0.7304252850712374,12.22530051196745,32.243,2.096897393811368,3.306063214245172,,0.2622233350019799,11.398,0.0,0.0,0.0,382.95471714285713,9474.43945327136,62.94371568777217,0.62,2.2999999999999994,26011.28864988025,0.0,0.9869434591617754,349.44194619795513,11026.0,04:51:12,2021/07/03 04:51:12,12.0,11026.0,12.0,11.0,10.91,15.574,30.9325,22.7153,7.23,315.76,0.212,169.22,68.9,dRB2102_CTD_044_01_F.csv,dRB2102,CTD,44.0,F.csv,440112
233,E551.1B,1.0,1.0,False,WCOA21,2021_WCOA_RonBrown,7/3/2021,,4:53:32 AM,,E551.1B,440113,13,Niskin; Sterivex 0.22µm filter,95% EtOH,West Coast,Ecola,3.1,45.916,-124.088,1000.0,Sean McAllister,,7/3/2021 4:53:32 AM,7/3/2021 ,2021/07/03 04:53:00,2021/07/03 00:00:00,2021/07/02 21:53:00,45.916,-124.088,440113,13,3.0,719.0,33RO20210613,WCOA2021,ECOLA,44.0,1.0,11054.0,2.0,0.0,2021-07-03,2021.0,7.0,3.0,04:53:32,184.204,45.916,-124.088,78.0,3.2,3.1,17.0,29.391,2.0,29.4271,2.0,313.0,2.0,307.9,10.06,4.0,1798.7,2.0,,9.0,8.126,25.03,2.0,,,9.0,0.1,2.0,0.09,2.0,0.0,2.0,0.04,2.0,0.05,2.0,2.5,2.0,,9.0,,9.0,,9.0,,9.0,,9.0,,9.0,,9.0,,9.0,279.2134550621488,70.2964155092797,10.724457495041785,153.04977324138645,57.44646311088528,0.000671226275441691,0.0,2.1166815703898755e-10,0.0037125452908316,0.0962874547091683,1634.9257692635715,0.0001459489304910761,0.0781243664454331,0.0,0.001215005526781,0.0062666894161459,0.0,0.0,3.486718101329694,0.011204407067457,23739.625749882704,2014.90506743874,0.0,0.0,0.0,70.2964155092797,0.100533180368679,0.0037125452908316,0.0,0.0,0.0,10.724457495041785,0.0,0.0,-0.00021217885096294373,0.0001966208766732648,28995.0,1634.9257692635715,153.04977324138645,1798.6999999999998,0.0418965133161428,0.0418521115147897,294.6398664283604,0.7323961989948713,0.9964789276858912,-0.0001966208766732,0.0001654445773703505,83.14462618,0.0062666894161459,3.486718101329694,1.188439535453166,1.2052548659972384,0.0363985282271674,1e-07,3.070561018240523e-10,5.490314218640035e-07,1e-07,0.1224429503824545,1.883635373789413e-09,3.494352681736541e-07,1.1405720025728975e-06,7.00381476346365e-10,0.002466610348981,0.0237253932878847,8.707982741403826e-07,1.0730065433603291e-09,2.884709294950444e-10,2.2824573591763813e-07,2.6086561402950412e-14,0.0002304104879500816,-0.000242275080246862,1.0,1.0,3.0,1.0,10.0,1.0,1.0,0.0,1.0,1.0,295.68098054275805,8.126,8.202961828867355,8.252863485522612,8.117609567247523,8.126,1798.7,2.0,8.126,3.0,0.0,,3.2,1.0,1.0,0.682879053024247,10.871918733084732,29.4271,2.410466147203197,3.787315639520206,,0.2608914628912714,17.0,0.0,0.0,0.0,349.50987057142856,8647.001744110712,57.44660905981578,0.09,0.1,23739.62696488823,0.0,0.9811981199347474,301.34686821701376,11054.0,04:53:32,2021/07/03 04:53:32,13.0,11054.0,13.0,3.0,2.98,16.9981,29.4185,21.2362,7.15,312.58,0.141,169.1,76.91,dRB2102_CTD_044_01_F.csv,dRB2102,CTD,44.0,F.csv,440113
234,E551.2B,2.0,1.0,False,WCOA21,2021_WCOA_RonBrown,7/3/2021,,4:53:34 AM,,E551.2B,440114,14,Niskin; Sterivex 0.22µm filter,95% EtOH,West Coast,Ecola,3.4,45.916,-124.088,1000.0,Sean McAllister,,7/3/2021 4:53:34 AM,7/3/2021 ,2021/07/03 04:53:00,2021/07/03 00:00:00,2021/07/02 21:53:00,45.916,-124.088,440114,14,3.0,720.0,33RO20210613,WCOA2021,ECOLA,44.0,1.0,11011.0,2.0,0.0,2021-07-03,2021.0,7.0,3.0,04:53:34,184.204,45.916,-124.088,78.0,3.4,3.4,17.006,29.397,2.0,29.4271,9.0,313.0,2.0,307.9,10.06,9.0,1798.7,9.0,,9.0,8.126,25.03,9.0,,,9.0,0.1,9.0,0.09,9.0,0.0,9.0,0.04,9.0,0.05,9.0,2.5,9.0,,9.0,,9.0,,9.0,,9.0,,9.0,,9.0,,9.0,,9.0,,,,,,,,,,,,,,,,,,,,,,,,,,,,,,,,,,,,,,,,,,,,,,,,,,,,,,,,,,,,,,,,,,,,,,,,,,,,,,,,,,,,,,,,,,,,,0.0,3.4,,,,,29.397,,,0.0,,17.006,,,,,,,,,,,,,11011.0,04:53:34,2021/07/03 04:53:34,14.0,11011.0,14.0,3.0,2.98,16.9981,29.4185,21.2362,7.15,312.58,0.141,169.1,76.91,dRB2102_CTD_044_01_F.csv,dRB2102,CTD,44.0,F.csv,440113
235,E551.3B,3.0,1.0,False,WCOA21,2021_WCOA_RonBrown,7/3/2021,,4:53:37 AM,,E551.3B,440115,15,Niskin; Sterivex 0.22µm filter,95% EtOH,West Coast,Ecola,3.4,45.916,-124.088,1000.0,Sean McAllister,,7/3/2021 4:53:37 AM,7/3/2021 ,2021/07/03 04:53:00,2021/07/03 00:00:00,2021/07/02 21:53:00,45.916,-124.088,440115,15,3.0,721.0,33RO20210613,WCOA2021,ECOLA,44.0,1.0,11053.0,2.0,0.0,2021-07-03,2021.0,7.0,3.0,04:53:37,184.204,45.916,-124.088,78.0,3.5,3.4,17.006,29.399,2.0,29.4271,9.0,313.0,2.0,307.9,10.06,9.0,1798.7,9.0,,9.0,8.126,25.03,9.0,,,9.0,0.1,9.0,0.09,9.0,0.0,9.0,0.04,9.0,0.05,9.0,2.5,9.0,,9.0,,9.0,,9.0,,9.0,,9.0,,9.0,,9.0,,9.0,,,,,,,,,,,,,,,,,,,,,,,,,,,,,,,,,,,,,,,,,,,,,,,,,,,,,,,,,,,,,,,,,,,,,,,,,,,,,,,,,,,,,,,,,,,,,0.0,3.5,,,,,29.399,,,0.0,,17.006,,,,,,,,,,,,,11053.0,04:53:37,2021/07/03 04:53:37,15.0,11053.0,15.0,3.0,2.98,16.9981,29.4185,21.2362,7.15,312.58,0.141,169.1,76.91,dRB2102_CTD_044_01_F.csv,dRB2102,CTD,44.0,F.csv,440113
236,E552,1.0,1.0,False,WCOA21,2021_WCOA_RonBrown,7/3/2021,,4:10:56 PM,,E552,450102,2,Niskin; Sterivex 0.22µm filter,95% EtOH,West Coast,NH55,2848.8,44.651,-125.365,1000.0,Sean McAllister,,7/3/2021 4:10:56 PM,7/3/2021 ,2021/07/03 04:10:00,2021/07/03 00:00:00,2021/07/02 21:10:00,44.651,-125.365,450102,2,2849.0,732.0,33RO20210613,WCOA2021,NH55,45.0,1.0,11081.0,2.0,6.0,2021-07-03,2021.0,7.0,3.0,16:10:56,184.674,44.651,-125.365,2860.0,2891.8,2848.8,1.723,34.645,2.0,34.659,2.0,85.4,2.0,,,9.0,,9.0,,9.0,,,9.0,,,9.0,,9.0,,9.0,,9.0,,9.0,,9.0,,9.0,,9.0,,9.0,,9.0,,9.0,,9.0,,9.0,,9.0,,9.0,,,,,,,,,,,,,,,,,,,,,,,,,,,,,,,,,,,,,,,,,,,,,,,,,,,,,,,,,,,,,,,,,,,,,,,,,,,,,,,,,,,,,,,,,,,,,0.0,2891.8,,,,,34.659,,,0.0,,1.723,,,,,,,,,,,,,11081.0,16:10:56,2021/07/03 16:10:56,2.0,11081.0,2.0,2849.0,2806.97,1.7192,34.6447,27.7241,1.97,85.39,0.04,175.29,53.1,dRB2102_CTD_045_01_F.csv,dRB2102,CTD,45.0,F.csv,450101
237,E553,1.0,1.0,False,WCOA21,2021_WCOA_RonBrown,7/3/2021,,5:27:02 PM,,E553,450114,14,Niskin; Sterivex 0.22µm filter,95% EtOH,West Coast,NH55,100.2,44.65,-125.367,1000.0,Sean McAllister,,7/3/2021 5:27:02 PM,7/3/2021 ,2021/07/03 05:27:00,2021/07/03 00:00:00,2021/07/02 22:27:00,44.65,-125.367,450114,14,100.0,744.0,33RO20210613,WCOA2021,NH55,45.0,1.0,11011.0,2.0,6.0,2021-07-03,2021.0,7.0,3.0,17:27:02,184.727,44.65,-125.367,2860.0,101.0,100.2,8.029,33.452,2.0,,9.0,141.6,2.0,,,9.0,,9.0,,9.0,,,9.0,,,9.0,,9.0,,9.0,,9.0,,9.0,,9.0,,9.0,,9.0,,9.0,,9.0,,9.0,,9.0,,9.0,,9.0,,9.0,,,,,,,,,,,,,,,,,,,,,,,,,,,,,,,,,,,,,,,,,,,,,,,,,,,,,,,,,,,,,,,,,,,,,,,,,,,,,,,,,,,,,,,,,,,,,0.0,101.0,,,,,33.452,,,0.0,,8.029,,,,,,,,,,,,,11011.0,17:27:02,2021/07/03 17:27:02,14.0,11011.0,14.0,100.0,99.17,7.9933,33.4281,26.0419,3.29,143.33,0.042,187.77,99.51,dRB2102_CTD_045_01_F.csv,dRB2102,CTD,45.0,F.csv,450113
238,E554,1.0,1.0,False,WCOA21,2021_WCOA_RonBrown,7/3/2021,,5:45:34 PM,,E554,450124,24,Niskin; Sterivex 0.22µm filter,95% EtOH,West Coast,NH55,4.2,44.65,-125.368,1000.0,Sean McAllister,,7/3/2021 5:45:34 PM,7/3/2021 ,2021/07/03 05:45:00,2021/07/03 00:00:00,2021/07/02 22:45:00,44.65,-125.368,450124,24,4.0,754.0,33RO20210613,WCOA2021,NH55,45.0,1.0,11001.0,2.0,6.0,2021-07-03,2021.0,7.0,3.0,17:45:34,184.74,44.65,-125.368,2860.0,4.2,4.2,15.942,31.406,2.0,,9.0,267.9,2.0,,,9.0,,9.0,,9.0,,,9.0,,,9.0,,9.0,,9.0,,9.0,,9.0,,9.0,0.4,2.0,,9.0,,9.0,,9.0,,9.0,,9.0,,9.0,,9.0,,9.0,,,,,,,,,,,,,,,,,,,,,,,,,,,,,,,,,,,,,,,,,,,,,,,,,,,,,,,,,,,,,,,,,,,,,,,,,,,,,,,,,,,,,,,,,,,,,0.0,4.2,,,,,31.406,,,0.0,,15.942,,,,,,,,,,,,,11001.0,17:45:34,2021/07/03 17:45:34,24.0,11001.0,24.0,4.0,3.97,15.8559,31.3744,22.9928,6.06,264.51,0.055,187.04,98.53,dRB2102_CTD_045_01_F.csv,dRB2102,CTD,45.0,F.csv,450122
239,E555,1.0,1.0,False,WCOA21,2021_WCOA_RonBrown,7/3/2021,,7:46:22 PM,,E555,460102,2,Niskin; Sterivex 0.22µm filter,95% EtOH,West Coast,NH45,710.2,44.653,-125.12,1000.0,Sean McAllister,,7/3/2021 7:46:22 PM,7/3/2021 ,2021/07/03 07:46:00,2021/07/03 00:00:00,2021/07/03 00:46:00,44.653,-125.12,460102,2,710.0,756.0,33RO20210613,WCOA2021,NH45,46.0,1.0,11081.0,2.0,6.0,2021-07-03,2021.0,7.0,3.0,19:46:22,184.824,44.653,-125.12,720.0,717.3,710.2,4.427,34.283,2.0,,9.0,16.3,2.0,,,9.0,,9.0,,9.0,,,9.0,,,9.0,,9.0,,9.0,,9.0,,9.0,,9.0,,9.0,,9.0,,9.0,,9.0,,9.0,,9.0,,9.0,,9.0,,9.0,,,,,,,,,,,,,,,,,,,,,,,,,,,,,,,,,,,,,,,,,,,,,,,,,,,,,,,,,,,,,,,,,,,,,,,,,,,,,,,,,,,,,,,,,,,,,0.0,717.3,,,,,34.283,,,0.0,,4.427,,,,,,,,,,,,,11081.0,19:46:22,2021/07/03 19:46:22,2.0,11081.0,2.0,710.0,703.05,4.4244,34.2829,27.1767,0.37,16.15,0.041,154.82,17.55,dRB2102_CTD_046_01_F.csv,dRB2102,CTD,46.0,F.csv,460101
240,E556,1.0,1.0,False,WCOA21,2021_WCOA_RonBrown,7/3/2021,,8:12:26 PM,,E556,460110,10,Niskin; Sterivex 0.22µm filter,95% EtOH,West Coast,NH45,98.9,44.652,-125.122,1000.0,Sean McAllister,,7/3/2021 8:12:26 PM,7/3/2021 ,2021/07/03 08:12:00,2021/07/03 00:00:00,2021/07/03 01:12:00,44.652,-125.122,460110,10,99.0,764.0,33RO20210613,WCOA2021,NH45,46.0,1.0,11067.0,2.0,6.0,2021-07-03,2021.0,7.0,3.0,20:12:26,184.842,44.652,-125.122,720.0,99.7,98.9,8.176,33.595,2.0,,9.0,137.9,2.0,,,9.0,,9.0,,9.0,,,9.0,,,9.0,,9.0,,9.0,,9.0,,9.0,,9.0,,9.0,,9.0,,9.0,,9.0,,9.0,,9.0,,9.0,,9.0,,9.0,,,,,,,,,,,,,,,,,,,,,,,,,,,,,,,,,,,,,,,,,,,,,,,,,,,,,,,,,,,,,,,,,,,,,,,,,,,,,,,,,,,,,,,,,,,,,0.0,99.7,,,,,33.595,,,0.0,,8.176,,,,,,,,,,,,,11067.0,20:12:26,2021/07/03 20:12:26,10.0,11067.0,10.0,99.0,98.18,8.2003,33.575,26.1266,3.21,139.7,0.04,157.16,99.54,dRB2102_CTD_046_01_F.csv,dRB2102,CTD,46.0,F.csv,460109
241,E557,1.0,1.0,False,WCOA21,2021_WCOA_RonBrown,7/3/2021,,8:30:33 PM,,E557,460120,20,Niskin; Sterivex 0.22µm filter,95% EtOH,West Coast,NH45,3.4,44.652,-125.123,1000.0,Sean McAllister,,7/3/2021 8:30:33 PM,7/3/2021 ,2021/07/03 08:30:00,2021/07/03 00:00:00,2021/07/03 01:30:00,44.652,-125.123,460120,20,3.0,774.0,33RO20210613,WCOA2021,NH45,46.0,1.0,11022.0,2.0,6.0,2021-07-03,2021.0,7.0,3.0,20:30:33,184.855,44.652,-125.123,720.0,3.4,3.4,15.897,31.342,2.0,,9.0,265.0,2.0,,,9.0,,9.0,,9.0,,,9.0,,,9.0,,9.0,,9.0,,9.0,,9.0,,9.0,0.5,2.0,,9.0,,9.0,,9.0,,9.0,,9.0,,9.0,,9.0,,9.0,,,,,,,,,,,,,,,,,,,,,,,,,,,,,,,,,,,,,,,,,,,,,,,,,,,,,,,,,,,,,,,,,,,,,,,,,,,,,,,,,,,,,,,,,,,,,0.0,3.4,,,,,31.342,,,0.0,,15.897,,,,,,,,,,,,,11022.0,20:30:33,2021/07/03 20:30:33,20.0,11022.0,20.0,3.0,,,,,,,,,,,,,,,460119
242,E558,1.0,1.0,False,WCOA21,2021_WCOA_RonBrown,7/3/2021,,7:52:09 PM,,E558,460103,3,Niskin; Sterivex 0.22µm filter,95% EtOH,West Coast,NH45,495.8,44.653,-125.121,1000.0,Sean McAllister,,7/3/2021 7:52:09 PM,7/3/2021 ,2021/07/03 07:52:00,2021/07/03 00:00:00,2021/07/03 00:52:00,44.653,-125.121,460103,3,496.0,757.0,33RO20210613,WCOA2021,NH45,46.0,1.0,11020.0,2.0,6.0,2021-07-03,2021.0,7.0,3.0,19:52:09,184.828,44.653,-125.121,720.0,500.5,495.8,5.438,34.136,2.0,,9.0,33.6,2.0,34.3,1.126,2.0,2309.6,6.0,2305.1,2.0,7.3006,24.96,6.0,46.0028836912429,25.01833333333333,6.0,82.8,6.0,3.04,6.0,40.2,6.0,0.03,6.0,0.05,6.0,,9.0,7.167,2.0,,9.0,,9.0,,9.0,,9.0,,9.0,,9.0,,9.0,385.1728751889139,20.26527338251469,67.86951638688798,39.29613312280305,66.63866914044094,0.1098206818789394,0.0,1.248831145730879e-07,0.531203918529061,82.26879608147094,2202.4343504903086,0.0004983910477731811,2.8712125315566963,0.0,0.0031604107624616,0.0258659553035001,0.0,0.0,0.3172849901184575,0.0589666616812498,27538.41911271247,2305.0999999999995,0.0,0.0,0.0,20.26527338251469,2.989145730036081,0.531203918529061,0.0,0.0,0.0,67.86951638688802,0.0,0.0,-0.00012710703599464173,0.00012869924804003848,28995.0,2202.4343504903086,39.29613312280305,2309.6,0.0401137305946199,0.0400595897091662,1315.777287718652,0.7856049443904192,0.9959136038388972,-0.00012869924804003813,0.00012335170054744363,83.14462618,0.0258659553035001,0.3172849901184575,1.0433520370522833,1.037267675364299,0.0515813101657673,1e-07,1.1989687719001636e-10,7.275058473570784e-07,1e-07,0.2253844741826094,1.5271772465529403e-09,4.617273958305665e-07,9.419349053259944e-07,5.17892376223628e-10,0.0034584747161345,0.0255254312367268,7.588813473895744e-07,5.961202489273518e-10,1.8742123772294344e-10,1.4540276429484154e-07,9.209630385492796e-15,0.0001255537388435269,-0.00013453146091847395,1.0,1.0,3.0,1.0,10.0,1.0,1.0,0.0,1.0,1.0,1321.1761368122618,7.537207326508954,7.587271477224853,7.634609398148979,7.529813606271454,7.537207326508954,2309.6,2.0,2305.1,1.0,0.0,,500.5,1.0,1.0,0.9168985433243356,18.7236980904992,34.136,0.5418062860038474,0.8536795623607799,,0.0851479995479727,5.438,0.0,0.0,0.0,405.4381485714286,10030.687751663034,66.63916753148872,3.04,82.8,27538.42227312324,0.0,0.9912960706595428,1332.7765295521033,11020.0,19:52:09,2021/07/03 19:52:09,3.0,11020.0,3.0,496.0,491.4,5.4597,34.1347,26.9403,0.78,34.1,0.04,155.83,99.97,dRB2102_CTD_046_01_F.csv,dRB2102,CTD,46.0,F.csv,460103
243,E559,1.0,1.0,False,WCOA21,2021_WCOA_RonBrown,7/3/2021,,8:02:57 PM,,E559,460106,6,Niskin; Sterivex 0.22µm filter,95% EtOH,West Coast,NH45,198.0,44.653,-125.122,1000.0,Sean McAllister,,7/3/2021 8:02:57 PM,7/3/2021 ,2021/07/03 08:02:00,2021/07/03 00:00:00,2021/07/03 01:02:00,44.653,-125.122,460106,6,198.0,760.0,33RO20210613,WCOA2021,NH45,46.0,1.0,11082.0,2.0,6.0,2021-07-03,2021.0,7.0,3.0,20:02:57,184.835,44.653,-125.122,720.0,199.7,198.0,7.264,33.953,2.0,,9.0,116.7,2.0,116.5,3.826,2.0,2221.3,2.0,2263.2,2.0,7.4473,24.96,2.0,62.35853083461775,25.01833333333333,2.0,45.3,2.0,2.23,2.0,30.4,2.0,0.04,2.0,0.04,2.0,,9.0,5.246,2.0,,9.0,,9.0,,9.0,,9.0,,9.0,,9.0,,9.0,374.9828004932186,28.2818309353529,45.554323665825535,55.99679204438981,66.28155494337601,0.0563525586302618,0.0,4.6241973472042455e-08,0.4293821320361554,44.87061786796384,2119.748884289785,0.0003660548849517902,2.1078651019954595,0.0,0.0024547700277028,0.0181107557582409,0.0,0.0,0.5278204926985921,0.0657822931323051,27390.788834172825,2263.2,0.0,0.0,0.0,28.2818309353529,2.2394296420180964,0.4293821320361554,0.0,0.0,0.0,45.55432366582564,0.0,0.0,-0.00012889654868394486,0.00012829343333671704,28995.0,2119.748884289785,55.99679204438981,2221.3,0.0410022194786006,0.0409497708691752,940.6995485478984,0.7781619910577741,0.9960105178798078,-0.00012829343333671753,0.0001207516391016453,83.14462618,0.0181107557582409,0.5278204926985921,1.0624570754581926,1.0551436430085492,0.0484260077897825,1e-07,1.3588505057278009e-10,6.821637970971411e-07,1e-07,0.2020832424231078,1.551086420048066e-09,4.322926238388301e-07,9.569618709679057e-07,5.432735413015704e-10,0.0032793143930151,0.0250620793836282,7.692526413312484e-07,6.4180931638469e-10,1.9679848021840108e-10,1.5579291051986794e-07,1.0854906069061447e-14,0.0001295053613796915,-0.00013684006350900258,1.0,1.0,3.0,1.0,10.0,1.0,1.0,0.0,1.0,1.0,944.4674846911768,7.686860178031483,7.742063426285319,7.78812791361286,7.679197927696871,7.686860178031483,2221.3,2.0,2263.2,1.0,0.0,,199.7,1.0,1.0,0.8824289904959077,18.39560950497884,33.953,0.8189751331929201,1.292354196622397,,0.1170436459188202,7.264,0.0,0.0,0.0,403.2646314285715,9976.91414437002,66.28192099826097,2.23,45.3,27390.79128894285,0.0,0.9901264685999582,953.8857051530564,11082.0,20:02:57,2021/07/03 20:02:57,6.0,11082.0,6.0,198.0,196.3,7.3463,33.9494,26.5457,2.6,113.23,0.04,156.49,99.71,dRB2102_CTD_046_01_F.csv,dRB2102,CTD,46.0,F.csv,460106
244,E560,1.0,1.0,False,WCOA21,2021_WCOA_RonBrown,7/3/2021,,10:20:25 PM,,E560,470102,2,Niskin; Sterivex 0.22µm filter,95% EtOH,West Coast,NH35,425.5,44.652,-124.883,1000.0,Sean McAllister,,7/3/2021 10:20:25 PM,7/3/2021 ,2021/07/03 10:20:00,2021/07/03 00:00:00,2021/07/03 03:20:00,44.652,-124.883,470102,2,426.0,777.0,33RO20210613,WCOA2021,NH35,47.0,1.0,11081.0,2.0,6.0,2021-07-03,2021.0,7.0,3.0,22:20:25,184.931,44.652,-124.883,436.0,429.4,425.5,6.289,34.081,2.0,,9.0,50.0,2.0,,,9.0,,9.0,,9.0,,,9.0,,,9.0,,9.0,,9.0,,9.0,,9.0,,9.0,,9.0,,9.0,,9.0,,9.0,,9.0,,9.0,,9.0,,9.0,,9.0,,,,,,,,,,,,,,,,,,,,,,,,,,,,,,,,,,,,,,,,,,,,,,,,,,,,,,,,,,,,,,,,,,,,,,,,,,,,,,,,,,,,,,,,,,,,,0.0,429.4,,,,,34.081,,,0.0,,6.289,,,,,,,,,,,,,11081.0,22:20:25,2021/07/03 22:20:25,2.0,11081.0,2.0,426.0,422.12,6.3295,34.0747,26.7842,1.21,52.71,0.041,157.42,11.42,dRB2102_CTD_047_01_F.csv,dRB2102,CTD,47.0,F.csv,470101
245,E561,1.0,1.0,False,WCOA21,2021_WCOA_RonBrown,7/3/2021,,10:25:44 PM,,E561,470104,4,Niskin; Sterivex 0.22µm filter,95% EtOH,West Coast,NH35,297.0,44.652,-124.883,1000.0,Sean McAllister,,7/3/2021 10:25:44 PM,7/3/2021 ,2021/07/03 10:25:00,2021/07/03 00:00:00,2021/07/03 03:25:00,44.652,-124.883,470104,4,297.0,779.0,33RO20210613,WCOA2021,NH35,47.0,1.0,11058.0,2.0,6.0,2021-07-03,2021.0,7.0,3.0,22:25:44,184.935,44.652,-124.883,436.0,299.7,297.0,6.827,34.033,2.0,34.0286,2.0,64.9,2.0,63.3,2.08,2.0,2266.0,2.0,2278.6,2.0,7.3463,25.0,6.0,48.93332748181512,24.925,6.0,59.2,2.0,2.67,2.0,35.1,2.0,0.08,2.0,0.05,2.0,,9.0,19.68,2.0,,9.0,,9.0,,9.0,,9.0,,9.0,,9.0,,9.0,381.3434789275111,22.81906450106027,58.60921985582566,44.92375845283839,66.4290475588609,0.0850534621147889,0.0,8.7431553612393e-08,0.4424939139517277,58.757506086048274,2162.467021691336,0.0004572531269370009,2.523404320760566,0.0,0.003022773079858,0.0229012913312775,0.0,0.0,0.4037958127989876,0.0615421296930913,27451.776803896748,2278.6,0.0,0.0,0.0,22.81906450106027,2.646488492715195,0.4424939139517277,0.0,0.0,0.0,58.60921985582565,0.0,0.0,-0.00012599677518622073,0.00012676235387168582,28995.0,2162.467021691336,44.92375845283839,2266.0,0.0400965845220972,0.0400437364351901,1192.570630490509,0.7800401172817812,0.9959876027276016,-0.00012676235387168536,0.00012073737287876224,83.14462618,0.0229012913312775,0.4037958127989876,1.049901541248322,1.0433631608226377,0.0491452819291043,1e-07,1.3227453030532264e-10,6.968697448268512e-07,1e-07,0.2079815856295683,1.5512600534988552e-09,4.419326545645916e-07,9.565036902888297e-07,5.385545356263522e-10,0.0033270652104569,0.0252189440478026,7.691267981348869e-07,6.322499099808214e-10,1.9523022058326064e-10,1.534949650521727e-07,1.046802879434878e-14,0.00012524038838071343,-0.0001334202289289442,1.0,1.0,3.0,1.0,10.0,1.0,1.0,0.0,1.0,1.0,1197.374974572522,7.5862969025900515,7.64014002847948,7.68658652245304,7.578703461382079,7.5862969025900515,2266.0,2.0,2278.6,1.0,0.0,,299.7,1.0,1.0,0.9049405314921446,18.76800816492331,34.0286,0.6445945615447347,1.016440950857144,,0.094425549651776,6.827,0.0,0.0,0.0,404.1625434285714,9999.128814923852,66.42950481198784,2.67,59.2,27451.77982666983,0.0,0.9904184981126964,1208.958613812438,11058.0,22:25:44,2021/07/03 22:25:44,4.0,11058.0,4.0,297.0,294.39,6.8292,34.0331,26.684,1.49,64.9,0.04,157.83,99.85,dRB2102_CTD_047_01_F.csv,dRB2102,CTD,47.0,F.csv,470104
246,E562,1.0,1.0,False,WCOA21,2021_WCOA_RonBrown,7/3/2021,,10:29:04 PM,,E562,470105,5,Niskin; Sterivex 0.22µm filter,95% EtOH,West Coast,NH35,197.9,44.652,-124.883,1000.0,Sean McAllister,,7/3/2021 10:29:04 PM,7/3/2021 ,2021/07/03 10:29:00,2021/07/03 00:00:00,2021/07/03 03:29:00,44.652,-124.883,470105,5,198.0,780.0,33RO20210613,WCOA2021,NH35,47.0,1.0,11008.0,2.0,6.0,2021-07-03,2021.0,7.0,3.0,22:29:04,184.937,44.652,-124.883,436.0,199.6,197.9,7.114,33.993,2.0,,9.0,74.6,2.0,74.3,2.44,2.0,2253.0,2.0,2267.0,2.0,7.355,25.0,2.0,45.03600071844439,24.925,2.0,54.6,2.0,2.56,2.0,33.9,2.0,0.1,2.0,0.04,2.0,,9.0,18.634,2.0,,9.0,,9.0,,9.0,,9.0,,9.0,,9.0,,9.0,380.7605077224721,22.97920942038507,57.721139257670416,45.39722042906801,66.35955286643451,0.0807563099621979,0.0,8.24688962014237e-08,0.4137198643462941,54.18628013565371,2149.8816403132614,0.0004548057560110898,2.419139163865166,0.0,0.0030382906166254,0.0225601715768983,0.0,0.0,0.417694843016535,0.0601044437037401,27423.057318232648,2267.0,0.0,0.0,0.0,22.97920942038507,2.53934796880375,0.4137198643462941,0.0,0.0,0.0,57.721139257670224,0.0,0.0,-0.00012571730241158104,0.00012640875881765913,28995.0,2149.8816403132614,45.39722042906801,2253.0,0.0400065383317542,0.039953952990259,1186.0399825857412,0.7788510320726195,0.9960026717967682,-0.00012640875881765877,0.00012031631853867252,83.14462618,0.0225601715768983,0.417694843016535,1.0506368575184448,1.0440810419850788,0.0486671108100671,1e-07,1.3411058831388218e-10,6.832325428966418e-07,1e-07,0.2036239966239889,1.54488824179438e-09,4.32908976961928e-07,9.534403742125492e-07,5.405409415733906e-10,0.0032916973425387,0.0250668733287167,7.668285397190494e-07,6.36003654947738e-10,1.9544785910626215e-10,1.547500401393969e-07,1.0692345787993989e-14,0.0001250333693910564,-0.0001331511127419981,1.0,1.0,3.0,1.0,10.0,1.0,1.0,0.0,1.0,1.0,1190.800001014204,7.5917861180758495,7.646657601735823,7.692683336617922,7.584137736350148,7.5917861180758495,2253.0,2.0,2267.0,1.0,0.0,,199.6,1.0,1.0,0.9036073079749996,18.725639442465425,33.993,0.663694615988156,1.0474667524121988,,0.0952954472436171,7.114,0.0,0.0,0.0,403.7397171428572,9988.667938313847,66.36000767219053,2.56,54.6,27423.060356523263,0.0,0.990227656060012,1202.5517503240044,11008.0,22:29:04,2021/07/03 22:29:04,5.0,11008.0,5.0,198.0,196.3,7.1033,33.9951,26.6155,1.7,73.85,0.041,158.22,99.8,dRB2102_CTD_047_01_F.csv,dRB2102,CTD,47.0,F.csv,470105
247,E563,1.0,1.0,False,WCOA21,2021_WCOA_RonBrown,7/3/2021,,10:37:19 PM,,E563,470109,9,Niskin; Sterivex 0.22µm filter,95% EtOH,West Coast,NH35,100.0,44.652,-124.883,1000.0,Sean McAllister,,7/3/2021 10:37:19 PM,7/3/2021 ,2021/07/03 10:37:00,2021/07/03 00:00:00,2021/07/03 03:37:00,44.652,-124.883,470109,9,100.0,784.0,33RO20210613,WCOA2021,NH35,47.0,1.0,12052.0,2.0,6.0,2021-07-03,2021.0,7.0,3.0,22:37:19,184.943,44.652,-124.883,436.0,100.9,100.0,7.959,33.727,2.0,,9.0,122.3,2.0,,,9.0,,9.0,,9.0,,,9.0,,,9.0,,9.0,,9.0,,9.0,,9.0,,9.0,,9.0,,9.0,,9.0,,9.0,,9.0,,9.0,,9.0,,9.0,,9.0,,,,,,,,,,,,,,,,,,,,,,,,,,,,,,,,,,,,,,,,,,,,,,,,,,,,,,,,,,,,,,,,,,,,,,,,,,,,,,,,,,,,,,,,,,,,,0.0,100.9,,,,,33.727,,,0.0,,7.959,,,,,,,,,,,,,12052.0,22:37:19,2021/07/03 22:37:19,9.0,12052.0,9.0,100.0,99.17,7.8989,33.6535,26.2326,2.82,122.89,0.04,158.57,99.6,dRB2102_CTD_047_01_F.csv,dRB2102,CTD,47.0,F.csv,470108
248,E564,1.0,1.0,False,WCOA21,2021_WCOA_RonBrown,7/3/2021,,10:55:02 PM,,E564,470119,19,Niskin; Sterivex 0.22µm filter,95% EtOH,West Coast,NH35,3.4,44.652,-124.884,1000.0,Sean McAllister,,7/3/2021 10:55:02 PM,7/3/2021 ,2021/07/03 10:55:00,2021/07/03 00:00:00,2021/07/03 03:55:00,44.652,-124.884,470119,19,3.0,794.0,33RO20210613,WCOA2021,NH35,47.0,1.0,11028.0,2.0,6.0,2021-07-03,2021.0,7.0,3.0,22:55:02,184.955,44.652,-124.884,436.0,3.4,3.4,15.9,31.223,2.0,,9.0,271.6,2.0,,,9.0,,9.0,,9.0,,,9.0,,,9.0,,9.0,,9.0,,9.0,,9.0,,9.0,0.7,2.0,,9.0,,9.0,,9.0,,9.0,,9.0,,9.0,,9.0,,9.0,,,,,,,,,,,,,,,,,,,,,,,,,,,,,,,,,,,,,,,,,,,,,,,,,,,,,,,,,,,,,,,,,,,,,,,,,,,,,,,,,,,,,,,,,,,,,0.0,3.4,,,,,31.223,,,0.0,,15.9,,,,,,,,,,,,,11028.0,22:55:02,2021/07/03 22:55:02,19.0,11028.0,19.0,3.0,,,,,,,,,,,,,,,470118
249,E565,1.0,1.0,False,WCOA21,2021_WCOA_RonBrown,7/4/2021,,1:26:49 AM,,E565,480102,2,Niskin; Sterivex 0.22µm filter,95% EtOH,West Coast,NH30,245.4,44.651,-124.777,1000.0,Sean McAllister,,7/4/2021 1:26:49 AM,7/4/2021 ,2021/07/04 01:26:00,2021/07/04 00:00:00,2021/07/03 18:26:00,44.651,-124.777,480102,2,245.0,797.0,33RO20210613,WCOA2021,NH30,48.0,1.0,11081.0,2.0,6.0,2021-07-04,2021.0,7.0,4.0,01:26:49,185.06,44.651,-124.777,257.0,247.5,245.4,6.94,34.014,2.0,,9.0,67.3,2.0,,,9.0,,9.0,,9.0,,,9.0,,,9.0,,9.0,,9.0,,9.0,,9.0,,9.0,,9.0,,9.0,,9.0,,9.0,,9.0,,9.0,,9.0,,9.0,,9.0,,,,,,,,,,,,,,,,,,,,,,,,,,,,,,,,,,,,,,,,,,,,,,,,,,,,,,,,,,,,,,,,,,,,,,,,,,,,,,,,,,,,,,,,,,,,,0.0,247.5,,,,,34.014,,,0.0,,6.94,,,,,,,,,,,,,11081.0,01:26:49,2021/07/04 01:26:49,2.0,11081.0,2.0,245.0,242.88,6.9323,34.0151,26.6553,1.54,66.95,0.04,190.36,14.13,dRB2102_CTD_048_01_F.csv,dRB2102,CTD,48.0,F.csv,480101
250,E566,1.0,1.0,False,WCOA21,2021_WCOA_RonBrown,7/4/2021,,1:31:20 AM,,E566,480104,4,Niskin; Sterivex 0.22µm filter,95% EtOH,West Coast,NH30,197.9,44.651,-124.777,1000.0,Sean McAllister,,7/4/2021 1:31:20 AM,7/4/2021 ,2021/07/04 01:31:00,2021/07/04 00:00:00,2021/07/03 18:31:00,44.651,-124.777,480104,4,198.0,799.0,33RO20210613,WCOA2021,NH30,48.0,1.0,11058.0,2.0,6.0,2021-07-04,2021.0,7.0,4.0,01:31:20,185.063,44.651,-124.777,257.0,199.6,197.9,7.012,34.004,2.0,,9.0,69.9,2.0,71.7,2.354,2.0,2260.5,6.0,2269.5,2.0,7.3525,24.93,2.0,50.15321107522027,25.075,6.0,56.4,6.0,2.6,6.0,34.3,6.0,0.1,6.0,0.05,6.0,,9.0,28.473,2.0,,9.0,,9.0,,9.0,,9.0,,9.0,,9.0,,9.0,381.7283547096395,22.142011004646186,60.22551266091333,43.72877656717549,66.3810103530492,0.085261088238472,0.0,9.032353001373969e-08,0.410114700482467,55.989885299517525,2156.545710771911,0.0004711544719477549,2.456262191837411,0.0,0.0031395863131721,0.0234166569362585,0.0,0.0,0.3984224256146914,0.0584766296005876,27431.93121052156,2269.5,0.0,0.0,0.0,22.142011004646186,2.5732153607150563,0.410114700482467,0.0,0.0,0.0,60.22551266091341,0.0,0.0,-0.00012573802863896942,0.00012666238873628753,28995.0,2156.545710771911,43.72877656717549,2260.5,0.0398572389156645,0.0398045603646943,1233.201353588688,0.7792680519649768,0.9959973248136847,-0.00012666238873628634,0.00012077634373249574,83.14462618,0.0234166569362585,0.3984224256146914,1.048735081903362,1.0423392021566025,0.0488367227992839,1e-07,1.3293019285103656e-10,6.835988592918885e-07,1e-07,0.204601516945334,1.5403850171790883e-09,4.3308746331289866e-07,9.5092180569925e-07,5.384870988035465e-10,0.0032991756187595,0.0250678226289886,7.65051191359056e-07,6.322287686765912e-10,1.9451916779758935e-10,1.5403839591357974e-07,1.0580602993815442e-14,0.00012482706243400148,-0.00013315153994086445,1.0,1.0,3.0,1.0,10.0,1.0,1.0,0.0,1.0,1.0,1238.1572950704217,7.57583335608727,7.630475106606463,7.676508836329349,7.568195707949346,7.57583335608727,2260.5,2.0,2269.5,1.0,0.0,,199.6,1.0,1.0,0.9070593084100664,18.716413580185208,34.004,0.6391666205585292,1.008880675900758,,0.0920945170201769,7.012,0.0,0.0,0.0,403.8703657142857,9991.9002316484,66.38148150752116,2.6,56.4,27431.93435010788,0.0,0.990295853740394,1250.290294959676,11058.0,01:31:20,2021/07/04 01:31:20,4.0,11058.0,4.0,198.0,196.3,7.0316,34.0017,26.6305,1.57,68.34,0.04,191.12,60.71,dRB2102_CTD_048_01_F.csv,dRB2102,CTD,48.0,F.csv,480104
251,E567,1.0,1.0,False,WCOA21,2021_WCOA_RonBrown,7/4/2021,,1:40:41 AM,,E567,480108,8,Niskin; Sterivex 0.22µm filter,95% EtOH,West Coast,NH30,99.5,44.651,-124.777,1000.0,Sean McAllister,,7/4/2021 1:40:41 AM,7/4/2021 ,2021/07/04 01:40:00,2021/07/04 00:00:00,2021/07/03 18:40:00,44.651,-124.777,480108,8,100.0,803.0,33RO20210613,WCOA2021,NH30,48.0,1.0,11027.0,2.0,6.0,2021-07-04,2021.0,7.0,4.0,01:40:41,185.07,44.651,-124.777,257.0,100.3,99.5,7.615,33.832,2.0,,9.0,93.3,2.0,,,9.0,,9.0,,9.0,,,9.0,,,9.0,,9.0,,9.0,,9.0,,9.0,,9.0,,9.0,,9.0,,9.0,,9.0,,9.0,,9.0,,9.0,,9.0,,9.0,,,,,,,,,,,,,,,,,,,,,,,,,,,,,,,,,,,,,,,,,,,,,,,,,,,,,,,,,,,,,,,,,,,,,,,,,,,,,,,,,,,,,,,,,,,,,0.0,100.3,,,,,33.832,,,0.0,,7.615,,,,,,,,,,,,,11027.0,01:40:41,2021/07/04 01:40:41,8.0,11027.0,8.0,100.0,99.17,7.6132,33.8466,26.4257,2.15,93.47,0.04,192.91,99.73,dRB2102_CTD_048_01_F.csv,dRB2102,CTD,48.0,F.csv,480107
252,E568,1.0,1.0,False,WCOA21,2021_WCOA_RonBrown,7/4/2021,,1:59:07 AM,,E568,480118,18,Niskin; Sterivex 0.22µm filter,95% EtOH,West Coast,NH30,4.1,44.651,-124.777,1000.0,Sean McAllister,,7/4/2021 1:59:07 AM,7/4/2021 ,2021/07/04 01:59:00,2021/07/04 00:00:00,2021/07/03 18:59:00,44.651,-124.777,480118,18,4.0,813.0,33RO20210613,WCOA2021,NH30,48.0,1.0,11002.0,2.0,6.0,2021-07-04,2021.0,7.0,4.0,01:59:07,185.083,44.651,-124.777,257.0,4.1,4.1,15.775,30.973,2.0,,9.0,279.2,2.0,,,9.0,,9.0,,9.0,,,9.0,,,9.0,,9.0,,9.0,,9.0,,9.0,,9.0,,9.0,4.745,2.0,,9.0,,9.0,,9.0,,9.0,,9.0,,9.0,,9.0,,,,,,,,,,,,,,,,,,,,,,,,,,,,,,,,,,,,,,,,,,,,,,,,,,,,,,,,,,,,,,,,,,,,,,,,,,,,,,,,,,,,,,,,,,,,,0.0,4.1,,,,,30.973,,,0.0,,15.775,,,,,,,,,,,,,11002.0,01:59:07,2021/07/04 01:59:07,18.0,11002.0,18.0,4.0,3.97,15.8347,30.966,22.6837,6.34,276.79,0.071,191.42,99.76,dRB2102_CTD_048_01_F.csv,dRB2102,CTD,48.0,F.csv,480117
253,E569,1.0,1.0,False,WCOA21,2021_WCOA_RonBrown,7/4/2021,,3:35:34 AM,,E569,490102,2,Niskin; Sterivex 0.22µm filter,95% EtOH,West Coast,NH25,283.1,44.653,-124.653,1000.0,Sean McAllister,,7/4/2021 3:35:34 AM,7/4/2021 ,2021/07/04 03:35:00,2021/07/04 00:00:00,2021/07/03 20:35:00,44.653,-124.653,490102,2,283.0,817.0,33RO20210613,WCOA2021,NH25,49.0,1.0,11081.0,2.0,6.0,2021-07-04,2021.0,7.0,4.0,03:35:34,185.15,44.653,-124.653,293.0,285.6,283.1,6.888,34.017,2.0,,9.0,67.6,2.0,,,9.0,,9.0,,9.0,,,9.0,,,9.0,,9.0,,9.0,,9.0,,9.0,,9.0,,9.0,,9.0,,9.0,,9.0,,9.0,,9.0,,9.0,,9.0,,9.0,,,,,,,,,,,,,,,,,,,,,,,,,,,,,,,,,,,,,,,,,,,,,,,,,,,,,,,,,,,,,,,,,,,,,,,,,,,,,,,,,,,,,,,,,,,,,0.0,285.6,,,,,34.017,,,0.0,,6.888,,,,,,,,,,,,,11081.0,03:35:34,2021/07/04 03:35:34,2.0,11081.0,2.0,283.0,280.52,6.8861,34.0169,26.6634,1.55,67.56,0.04,170.66,13.27,dRB2102_CTD_049_01_F.csv,dRB2102,CTD,49.0,F.csv,490101
254,E570,1.0,1.0,False,WCOA21,2021_WCOA_RonBrown,7/4/2021,,3:41:49 AM,,E570,490103,3,Niskin; Sterivex 0.22µm filter,95% EtOH,West Coast,NH25,199.4,44.653,-124.654,1000.0,Sean McAllister,,7/4/2021 3:41:49 AM,7/4/2021 ,2021/07/04 03:41:00,2021/07/04 00:00:00,2021/07/03 20:41:00,44.653,-124.654,490103,3,199.0,818.0,33RO20210613,WCOA2021,NH25,49.0,1.0,11020.0,2.0,6.0,2021-07-04,2021.0,7.0,4.0,03:41:49,185.154,44.653,-124.654,293.0,201.1,199.4,7.036,34.002,2.0,,9.0,74.2,2.0,80.1,2.63,2.0,2254.1,6.0,2269.2,2.0,7.3613,25.04,6.0,51.73674860844673,24.89,6.0,54.7,2.0,2.56,2.0,34.1,2.0,0.09,2.0,0.04,2.0,,9.0,15.035,2.0,,9.0,,9.0,,9.0,,9.0,,9.0,,9.0,,9.0,380.666457717098,23.18015371147349,57.22794304855493,45.79648098969723,66.37712784765007,0.0800143461283626,0.0,8.080794623718019e-08,0.4175904602801896,54.28240953971981,2151.075575961748,0.0004493261746103816,2.419474867532454,0.0,0.0029957469953139,0.0223228122622035,0.0,0.0,0.4189895747496747,0.0605107055312363,27430.31790098186,2269.2,0.0,0.0,0.0,23.18015371147349,2.5404961977869807,0.4175904602801896,0.0,0.0,0.0,57.22794304855502,0.0,0.0,-0.0001258156368813827,0.00012645695175029378,28995.0,2151.075575961748,45.79648098969723,2254.1,0.0400832681645132,0.0400306115620749,1172.7862547555942,0.7791718054781025,0.9959985837768318,-0.00012645695175029373,0.0001203172293661248,83.14462618,0.0223228122622035,0.4189895747496747,1.0510294528598714,1.044440881551429,0.0487965669929185,1e-07,1.3322880182910558e-10,6.837111944604102e-07,1e-07,0.2043970461303978,1.5417384196282955e-09,4.331794926368937e-07,9.51670324669094e-07,5.39033098448179e-10,0.0032976582428838,0.0250699106265494,7.655829430763935e-07,6.33213398520167e-10,1.9477375894425883e-10,1.5421704008109821e-07,1.0608212513664384e-14,0.00012518079393017794,-0.00013325698266547002,1.0,1.0,3.0,1.0,10.0,1.0,1.0,0.0,1.0,1.0,1177.4979140114665,7.596561005693162,7.65125109320132,7.697287933241209,7.588921162344293,7.596561005693162,2254.1,2.0,2269.2,1.0,0.0,,201.1,1.0,1.0,0.902896245731232,18.73464018308453,34.002,0.6692401098547277,1.0562987460561546,,0.0963622123724929,7.036,0.0,0.0,0.0,403.84661142857146,9991.31254195121,66.37757717382469,2.56,54.7,27430.320896728856,0.0,0.9902798482613476,1189.055715996666,11020.0,03:41:49,2021/07/04 03:41:49,3.0,11020.0,3.0,199.0,197.3,7.0241,34.0032,26.6327,1.7,73.97,0.04,171.46,97.49,dRB2102_CTD_049_01_F.csv,dRB2102,CTD,49.0,F.csv,490103
255,E571,1.0,1.0,False,WCOA21,2021_WCOA_RonBrown,7/4/2021,,3:51:35 AM,,E571,490107,7,Niskin; Sterivex 0.22µm filter,95% EtOH,West Coast,NH25,99.7,44.653,-124.654,1000.0,Sean McAllister,,7/4/2021 3:51:35 AM,7/4/2021 ,2021/07/04 03:51:00,2021/07/04 00:00:00,2021/07/03 20:51:00,44.653,-124.654,490107,7,100.0,822.0,33RO20210613,WCOA2021,NH25,49.0,1.0,11004.0,2.0,6.0,2021-07-04,2021.0,7.0,4.0,03:51:35,185.161,44.653,-124.654,293.0,100.5,99.7,7.481,33.89,2.0,,9.0,85.4,2.0,,,9.0,,9.0,,9.0,,,9.0,,,9.0,,9.0,,9.0,,9.0,,9.0,,9.0,,9.0,,9.0,,9.0,,9.0,,9.0,,9.0,,9.0,,9.0,,9.0,,,,,,,,,,,,,,,,,,,,,,,,,,,,,,,,,,,,,,,,,,,,,,,,,,,,,,,,,,,,,,,,,,,,,,,,,,,,,,,,,,,,,,,,,,,,,0.0,100.5,,,,,33.89,,,0.0,,7.481,,,,,,,,,,,,,11004.0,03:51:35,2021/07/04 03:51:35,7.0,11004.0,7.0,100.0,99.17,7.5026,33.8811,26.4686,1.94,84.38,0.04,172.51,99.78,dRB2102_CTD_049_01_F.csv,dRB2102,CTD,49.0,F.csv,490106
256,E572,1.0,1.0,False,WCOA21,2021_WCOA_RonBrown,7/4/2021,,4:12:03 AM,,E572,490117,17,Niskin; Sterivex 0.22µm filter,95% EtOH,West Coast,NH25,3.4,44.653,-124.655,1000.0,Sean McAllister,,7/4/2021 4:12:03 AM,7/4/2021 ,2021/07/04 04:12:00,2021/07/04 00:00:00,2021/07/03 21:12:00,44.653,-124.655,490117,17,3.0,832.0,33RO20210613,WCOA2021,NH25,49.0,1.0,11052.0,2.0,6.0,2021-07-04,2021.0,7.0,4.0,04:12:03,185.175,44.653,-124.655,293.0,3.4,3.4,15.483,31.286,2.0,,9.0,290.7,2.0,,,9.0,,9.0,,9.0,,,9.0,,,9.0,,9.0,,9.0,,9.0,,9.0,,9.0,,9.0,,9.0,,9.0,,9.0,,9.0,,9.0,,9.0,,9.0,,9.0,,,,,,,,,,,,,,,,,,,,,,,,,,,,,,,,,,,,,,,,,,,,,,,,,,,,,,,,,,,,,,,,,,,,,,,,,,,,,,,,,,,,,,,,,,,,,0.0,3.4,,,,,31.286,,,0.0,,15.483,,,,,,,,,,,,,11052.0,04:12:03,2021/07/04 04:12:03,17.0,11052.0,17.0,3.0,2.98,15.6608,31.2241,22.9202,6.55,286.12,0.081,169.63,4.23,dRB2102_CTD_049_01_F.csv,dRB2102,CTD,49.0,F.csv,490116
257,E573.1B,1.0,1.0,False,WCOA21,2021_WCOA_RonBrown,7/4/2021,,9:46:00 AM,,E573.1B,500101,1,Niskin; Sterivex 0.22µm filter,95% EtOH,West Coast,NH10,70.4,44.652,-124.297,1000.0,Sean McAllister,,7/4/2021 9:46:00 AM,7/4/2021 ,2021/07/04 09:46:00,2021/07/04 00:00:00,2021/07/04 02:46:00,44.652,-124.297,500101,1,70.0,834.0,33RO20210613,WCOA2021,NH10,50.0,1.0,11031.0,2.0,6.0,2021-07-04,2021.0,7.0,4.0,09:46:00,185.407,44.652,-124.297,81.0,71.0,70.4,7.345,33.91,2.0,33.9222,9.0,40.3,2.0,40.1,1.316,6.0,2280.7,2.0,2267.1,6.0,7.2555,24.92,2.0,40.563047795884046,24.87,2.0,64.9,2.0,2.84,2.0,34.1,2.0,0.08,2.0,0.05,2.0,,9.0,12.114,6.0,657.0,9.0,870.0,9.0,60.9,9.0,0.0,9.0,1520000.0,9.0,1010000.0,9.0,311000.0,9.0,384.1875818664248,18.56633241928952,72.66702160907383,37.012284100841576,66.19741155138226,0.111259132710008,0.0,1.416278594459485e-07,0.3961847981179197,64.50381520188209,2171.020694290084,0.000566272404414841,2.6749793350689,0.0,0.0038220783372179,0.0278324403027433,0.0,0.0,0.3419391072423106,0.0537613905932329,27356.098219215568,2267.1,0.0,0.0,0.0,18.56633241928952,2.7825019746275066,0.3961847981179197,0.0,0.0,0.0,72.66702160907369,0.0,0.0,-0.000127764142908084,0.0001297932320558438,28995.0,2171.020694290084,37.012284100841576,2280.7,0.0388242371066738,0.0387718621641927,1504.4124657391158,0.7777222803209873,0.996014746305079,-0.00012979323205584409,0.00012464823398702422,83.14462618,0.0278324403027433,0.3419391072423106,1.041276140898677,1.03567647087067,0.0483025920510255,1e-07,1.3492650309231118e-10,6.655112380286296e-07,1e-07,0.1992075785543728,1.5297431601028694e-09,4.211037424696272e-07,9.457194566771788e-07,5.396567890042492e-10,0.0032536205028459,0.024866960239499,7.610627783033612e-07,6.361884546329515e-10,1.9442321743616148e-10,1.553790321267495e-07,1.0823918026530507e-14,0.0001257975197028437,-0.00013538124750280835,1.0,1.0,3.0,1.0,10.0,1.0,1.0,0.0,1.0,1.0,1510.4319201297394,7.49956427894173,7.555448713768254,7.601039188168129,7.491863729044117,7.49956427894173,2280.7,2.0,2267.1,1.0,0.0,,71.0,1.0,1.0,0.9207200870596084,18.29709035618924,33.91,0.5541615187232907,0.8757953948128664,,0.0780032462362307,7.345,0.0,0.0,0.0,402.7539142857143,9964.278815880403,66.19797782378667,2.84,64.9,27356.102041293907,0.0,0.9900713279387316,1525.5788926585392,11031.0,09:46:00,2021/07/04 09:46:00,1.0,11031.0,1.0,70.0,69.42,7.3437,33.9142,26.5167,0.91,39.39,0.055,174.69,11.83,dRB2102_CTD_050_01_F.csv,dRB2102,CTD,50.0,F.csv,500101
258,E573.2B,2.0,1.0,False,WCOA21,2021_WCOA_RonBrown,7/4/2021,,9:46:05 AM,,E573.2B,500102,2,Niskin; Sterivex 0.22µm filter,95% EtOH,West Coast,NH10,71.1,44.652,-124.297,1000.0,Sean McAllister,,7/4/2021 9:46:05 AM,7/4/2021 ,2021/07/04 09:46:00,2021/07/04 00:00:00,2021/07/04 02:46:00,44.652,-124.297,500102,2,71.0,835.0,33RO20210613,WCOA2021,NH10,50.0,1.0,11081.0,2.0,6.0,2021-07-04,2021.0,7.0,4.0,09:46:05,185.407,44.652,-124.297,81.0,71.7,71.1,7.343,33.914,2.0,33.9222,9.0,39.2,2.0,40.1,1.316,9.0,2280.7,9.0,2267.1,9.0,7.2555,24.92,9.0,40.563047795884046,24.87,9.0,64.9,9.0,2.84,9.0,34.1,9.0,0.08,9.0,0.05,9.0,,9.0,12.114,9.0,657.0,2.0,870.0,2.0,60.9,2.0,0.0,2.0,1520000.0,2.0,1010000.0,2.0,311000.0,2.0,,,,,,,,,,,,,,,,,,,,,,,,,,,,,,,,,,,,,,,,,,,,,,,,,,,,,,,,,,,,,,,,,,,,,,,,,,,,,,,,,,,,,,,,,,,,,0.0,71.7,,,,,33.914,,,0.0,,7.343,,,,,,,,,,,,,11081.0,09:46:05,2021/07/04 09:46:05,2.0,11081.0,2.0,71.0,70.41,7.3429,33.9146,26.5171,0.9,39.18,0.054,174.36,10.8,dRB2102_CTD_050_01_F.csv,dRB2102,CTD,50.0,F.csv,500101
259,E573.3B,3.0,1.0,False,WCOA21,2021_WCOA_RonBrown,7/4/2021,,9:46:09 AM,,E573.3B,500103,3,Niskin; Sterivex 0.22µm filter,95% EtOH,West Coast,NH10,70.5,44.652,-124.297,1000.0,Sean McAllister,,7/4/2021 9:46:09 AM,7/4/2021 ,2021/07/04 09:46:00,2021/07/04 00:00:00,2021/07/04 02:46:00,44.652,-124.297,500103,3,70.0,836.0,33RO20210613,WCOA2021,NH10,50.0,1.0,11020.0,2.0,6.0,2021-07-04,2021.0,7.0,4.0,09:46:09,185.407,44.652,-124.297,81.0,71.1,70.5,7.343,33.914,2.0,33.9222,2.0,39.2,2.0,40.1,1.316,9.0,2280.7,9.0,2267.1,9.0,7.2555,24.92,9.0,40.563047795884046,24.87,9.0,64.9,9.0,2.84,9.0,34.1,9.0,0.08,9.0,0.05,9.0,,9.0,12.114,9.0,657.0,9.0,870.0,9.0,60.9,9.0,0.0,9.0,1520000.0,9.0,1010000.0,9.0,311000.0,9.0,,,,,,,,,,,,,,,,,,,,,,,,,,,,,,,,,,,,,,,,,,,,,,,,,,,,,,,,,,,,,,,,,,,,,,,,,,,,,,,,,,,,,,,,,,,,,0.0,71.1,,,,,33.9222,,,0.0,,7.343,,,,,,,,,,,,,11020.0,09:46:09,2021/07/04 09:46:09,3.0,11020.0,3.0,70.0,69.42,7.3437,33.9142,26.5167,0.91,39.39,0.055,174.69,11.83,dRB2102_CTD_050_01_F.csv,dRB2102,CTD,50.0,F.csv,500101
260,E574.1B,1.0,1.0,False,WCOA21,2021_WCOA_RonBrown,7/4/2021,,9:53:39 AM,,E574.1B,500106,6,Niskin; Sterivex 0.22µm filter,95% EtOH,West Coast,NH10,40.6,44.652,-124.298,1000.0,Sean McAllister,,7/4/2021 9:53:39 AM,7/4/2021 ,2021/07/04 09:53:00,2021/07/04 00:00:00,2021/07/04 02:53:00,44.652,-124.298,500106,6,41.0,839.0,33RO20210613,WCOA2021,NH10,50.0,1.0,11082.0,2.0,6.0,2021-07-04,2021.0,7.0,4.0,09:53:39,185.412,44.652,-124.298,81.0,40.9,40.6,7.595,33.738,2.0,,9.0,80.9,2.0,80.6,2.646,2.0,2241.5,6.0,2249.3,3.0,7.3326,24.92,2.0,47.43880807088789,24.87,2.0,46.1,2.0,2.46,2.0,32.4,2.0,0.09,2.0,0.07,2.0,,9.0,10.822,2.0,1014.0,9.0,1450.0,9.0,180.0,9.0,0.0,9.0,1390000.0,9.0,1050000.0,9.0,200000.0,9.0,379.0030900941378,21.70795562014794,60.35353976397468,43.29019543471332,65.86172514304174,0.0815392922990101,0.0,8.796094068766147e-08,0.335009562434282,45.76499043756572,2137.856264801312,0.0004799828478301375,2.322496654879719,0.0,0.0032652202493787,0.0234873959230269,0.0,0.0,0.4131872490601961,0.0559639648603301,27217.341785477885,2249.3,0.0,0.0,0.0,21.70795562014794,2.4344244966394384,0.335009562434282,0.0,0.0,0.0,60.3535397639748,0.0,0.0,-0.00012495603140222803,0.00012591455174687345,28995.0,2137.856264801312,43.29019543471332,2241.5,0.0395312334419565,0.0394790851236506,1259.051508001596,0.7762470337446243,0.9960277597054614,-0.00012591455174687288,0.0001200831036867541,83.14462618,0.0234873959230269,0.4131872490601961,1.0485617699833203,1.0422934119265232,0.0479357193732046,1e-07,1.3753587131846146e-10,6.579174196680792e-07,1e-07,0.1957798965045316,1.5322951930357535e-09,4.161639259295706e-07,9.476370258499606e-07,5.4172304215163e-10,0.0032228660286536,0.0247995235695772,7.619990403108189e-07,6.44643552089134e-10,1.9583490094568568e-10,1.5685182825148264e-07,1.1053840043294643e-14,0.0001240119942136375,-0.00013234127847129503,1.0,1.0,3.0,1.0,10.0,1.0,1.0,0.0,1.0,1.0,1264.0727085497238,7.572633734996414,7.629165131325913,7.674910892898253,7.564910846526299,7.572633734996414,2241.5,2.0,2249.3,1.0,0.0,,40.9,1.0,1.0,0.9073745174133274,18.666239722177096,33.738,0.6523123132431476,1.0312466006947405,,0.0910214257811936,7.595,0.0,0.0,0.0,400.7110457142858,9913.737501921942,65.86220512588957,2.4599999999999995,46.1,27217.34505069813,0.0,0.9898992049117008,1276.971132290665,11082.0,09:53:39,2021/07/04 09:53:39,6.0,11082.0,6.0,41.0,40.66,7.6617,33.6985,26.3015,2.07,90.29,0.055,175.93,40.89,dRB2102_CTD_050_01_F.csv,dRB2102,CTD,50.0,F.csv,500106
261,E574.2B,2.0,1.0,False,WCOA21,2021_WCOA_RonBrown,7/4/2021,,9:53:43 AM,,E574.2B,500107,7,Niskin; Sterivex 0.22µm filter,95% EtOH,West Coast,NH10,39.6,44.652,-124.298,1000.0,Sean McAllister,,7/4/2021 9:53:43 AM,7/4/2021 ,2021/07/04 09:53:00,2021/07/04 00:00:00,2021/07/04 02:53:00,44.652,-124.298,500107,7,40.0,840.0,33RO20210613,WCOA2021,NH10,50.0,1.0,11004.0,2.0,6.0,2021-07-04,2021.0,7.0,4.0,09:53:43,185.412,44.652,-124.298,81.0,39.9,39.6,7.597,33.735,2.0,,9.0,80.9,2.0,80.6,2.646,9.0,2241.5,9.0,2249.3,9.0,7.3326,24.92,9.0,47.43880807088789,24.87,9.0,46.1,9.0,2.46,9.0,32.4,9.0,0.09,9.0,0.07,9.0,,9.0,10.822,9.0,1014.0,2.0,1450.0,2.0,180.0,2.0,0.0,2.0,1390000.0,2.0,1050000.0,2.0,200000.0,2.0,,,,,,,,,,,,,,,,,,,,,,,,,,,,,,,,,,,,,,,,,,,,,,,,,,,,,,,,,,,,,,,,,,,,,,,,,,,,,,,,,,,,,,,,,,,,,0.0,39.9,,,,,33.735,,,0.0,,7.597,,,,,,,,,,,,,11004.0,09:53:43,2021/07/04 09:53:43,7.0,11004.0,7.0,40.0,39.67,7.6734,33.69,26.2931,2.09,91.12,0.066,175.95,41.97,dRB2102_CTD_050_01_F.csv,dRB2102,CTD,50.0,F.csv,500106
262,E574.3B,3.0,1.0,False,WCOA21,2021_WCOA_RonBrown,7/4/2021,,9:53:47 AM,,E574.3B,500108,8,Niskin; Sterivex 0.22µm filter,95% EtOH,West Coast,NH10,40.4,44.652,-124.298,1000.0,Sean McAllister,,7/4/2021 9:53:47 AM,7/4/2021 ,2021/07/04 09:53:00,2021/07/04 00:00:00,2021/07/04 02:53:00,44.652,-124.298,500108,8,40.0,841.0,33RO20210613,WCOA2021,NH10,50.0,1.0,11027.0,2.0,6.0,2021-07-04,2021.0,7.0,4.0,09:53:47,185.412,44.652,-124.298,81.0,40.7,40.4,7.596,33.737,2.0,,9.0,80.9,2.0,80.6,2.646,9.0,2241.5,9.0,2249.3,9.0,7.3326,24.92,9.0,47.43880807088789,24.87,9.0,46.1,9.0,2.46,9.0,32.4,9.0,0.09,9.0,0.07,9.0,,9.0,10.822,9.0,1014.0,9.0,1450.0,9.0,180.0,9.0,0.0,9.0,1390000.0,9.0,1050000.0,9.0,200000.0,9.0,,,,,,,,,,,,,,,,,,,,,,,,,,,,,,,,,,,,,,,,,,,,,,,,,,,,,,,,,,,,,,,,,,,,,,,,,,,,,,,,,,,,,,,,,,,,,0.0,40.7,,,,,33.737,,,0.0,,7.596,,,,,,,,,,,,,11027.0,09:53:47,2021/07/04 09:53:47,8.0,11027.0,8.0,40.0,39.67,7.6734,33.69,26.2931,2.09,91.12,0.066,175.95,41.97,dRB2102_CTD_050_01_F.csv,dRB2102,CTD,50.0,F.csv,500106
263,E575.1B,1.0,1.0,False,WCOA21,2021_WCOA_RonBrown,7/4/2021,,10:03:01 AM,,E575.1B,500115,15,Niskin; Sterivex 0.22µm filter,95% EtOH,West Coast,NH10,4.0,44.652,-124.298,1000.0,Sean McAllister,,7/4/2021 10:03:01 AM,7/4/2021 ,2021/07/04 10:03:00,2021/07/04 00:00:00,2021/07/04 03:03:00,44.652,-124.298,500115,15,4.0,848.0,33RO20210613,WCOA2021,NH10,50.0,1.0,11053.0,2.0,6.0,2021-07-04,2021.0,7.0,4.0,10:03:01,185.419,44.652,-124.298,81.0,4.0,4.0,13.644,32.721,2.0,,9.0,323.6,2.0,324.4,10.634,6.0,1971.6,2.0,2217.5,2.0,7.9876,24.92,2.0,168.45373419465173,24.87,2.0,2.7,2.0,0.32,2.0,0.0,2.0,0.04,2.0,0.12,2.0,7.2,9.0,5.343,6.0,26700.0,9.0,3010.0,9.0,602.0,9.0,9.27,9.0,2840000.0,9.0,1880000.0,9.0,739000.0,9.0,308.2456364732347,80.38635495533671,11.284625874434768,173.4499347075974,63.87671817253237,0.0022555724083974,0.0,6.339724464442767e-10,0.0964446118654601,2.60355538813454,1786.8654394179678,0.00013326869807167831,0.2808330722167832,0.0,0.0010418215224163,0.005845815957035,0.0,0.0,2.9042567247471403,0.0369113547408469,26396.90296564465,2217.5,0.0,0.0,0.0,80.38635495533671,0.3546557810645045,0.0964446118654601,0.0,0.0,0.0,11.284625874434822,0.0,0.0,-0.00023819494225106656,0.0002200922220443325,28995.0,1786.8654394179678,173.4499347075974,1971.6,0.042645129748664,0.0425981328316001,285.2994961287773,0.7512287982654627,0.9963261627870292,-0.0002200922220443329,0.00018435008036397164,83.14462618,0.005845815957035,2.9042567247471403,1.1938818882519244,1.2134227848528356,0.0395536130541969,1e-07,2.2946277523736706e-10,6.24146175762805e-07,1e-07,0.148116959817618,1.7962040951073583e-09,3.979999338353932e-07,1.0906237904285295e-06,6.685787591378561e-10,0.002801944821095,0.0245051109674768,8.575545604370097e-07,9.052781064612663e-10,2.5514169215246317e-10,2.0230722426309757e-07,2.0003467586734803e-14,0.0002595424694987796,-0.00027302726342056765,1.0,1.0,3.0,1.0,10.0,1.0,1.0,0.0,1.0,1.0,286.3515049436294,8.161929716803932,8.233154861592729,8.277834582587753,8.15360681079156,8.161929716803932,1971.6,2.0,2217.5,1.0,0.0,,4.0,1.0,1.0,0.6752075893607778,10.694869218973873,32.721,2.671975527669752,4.19021001148361,,0.3056657021963887,13.644,0.0,0.0,0.0,388.6319914285714,9614.897290900108,63.87685144123044,0.32,2.7,26396.90400746617,0.0,0.9848720177007398,290.74996527177126,11053.0,10:03:01,2021/07/04 10:03:01,15.0,11053.0,15.0,4.0,3.97,13.6338,32.7236,24.5034,7.42,323.55,0.236,172.53,78.31,dRB2102_CTD_050_01_F.csv,dRB2102,CTD,50.0,F.csv,500115
264,E575.2B,2.0,1.0,False,WCOA21,2021_WCOA_RonBrown,7/4/2021,,10:03:03 AM,,E575.2B,500116,16,Niskin; Sterivex 0.22µm filter,95% EtOH,West Coast,NH10,4.4,44.652,-124.298,1000.0,Sean McAllister,,7/4/2021 10:03:03 AM,7/4/2021 ,2021/07/04 10:03:00,2021/07/04 00:00:00,2021/07/04 03:03:00,44.652,-124.298,500116,16,4.0,849.0,33RO20210613,WCOA2021,NH10,50.0,1.0,11032.0,2.0,6.0,2021-07-04,2021.0,7.0,4.0,10:03:03,185.419,44.652,-124.298,81.0,4.4,4.4,13.646,32.721,2.0,,9.0,323.6,2.0,324.4,10.634,9.0,1971.6,9.0,2217.5,9.0,7.9876,24.92,9.0,168.45373419465173,24.87,9.0,2.7,9.0,0.32,9.0,0.0,9.0,0.04,9.0,0.12,9.0,7.2,9.0,5.343,9.0,26700.0,2.0,3010.0,2.0,602.0,2.0,9.27,2.0,2840000.0,2.0,1880000.0,2.0,739000.0,2.0,,,,,,,,,,,,,,,,,,,,,,,,,,,,,,,,,,,,,,,,,,,,,,,,,,,,,,,,,,,,,,,,,,,,,,,,,,,,,,,,,,,,,,,,,,,,,0.0,4.4,,,,,32.721,,,0.0,,13.646,,,,,,,,,,,,,11032.0,10:03:03,2021/07/04 10:03:03,16.0,11032.0,16.0,4.0,3.97,13.6338,32.7236,24.5034,7.42,323.55,0.236,172.53,78.31,dRB2102_CTD_050_01_F.csv,dRB2102,CTD,50.0,F.csv,500115
265,E575.3B,3.0,1.0,False,WCOA21,2021_WCOA_RonBrown,7/4/2021,,10:03:07 AM,,E575.3B,500117,17,Niskin; Sterivex 0.22µm filter,95% EtOH,West Coast,NH10,4.0,44.652,-124.298,1000.0,Sean McAllister,,7/4/2021 10:03:07 AM,7/4/2021 ,2021/07/04 10:03:00,2021/07/04 00:00:00,2021/07/04 03:03:00,44.652,-124.298,500117,17,4.0,850.0,33RO20210613,WCOA2021,NH10,50.0,1.0,11052.0,2.0,6.0,2021-07-04,2021.0,7.0,4.0,10:03:07,185.419,44.652,-124.298,81.0,4.0,4.0,13.644,32.721,2.0,,9.0,323.6,2.0,324.4,10.634,9.0,1971.6,9.0,2217.5,9.0,7.9876,24.92,9.0,168.45373419465173,24.87,9.0,2.7,9.0,0.32,9.0,0.0,9.0,0.04,9.0,0.12,9.0,7.2,2.0,5.343,9.0,26700.0,9.0,3010.0,9.0,602.0,9.0,9.27,9.0,2840000.0,9.0,1880000.0,9.0,739000.0,9.0,,,,,,,,,,,,,,,,,,,,,,,,,,,,,,,,,,,,,,,,,,,,,,,,,,,,,,,,,,,,,,,,,,,,,,,,,,,,,,,,,,,,,,,,,,,,,0.0,4.0,,,,,32.721,,,0.0,,13.644,,,,,,,,,,,,,11052.0,10:03:07,2021/07/04 10:03:07,17.0,11052.0,17.0,4.0,3.97,13.6338,32.7236,24.5034,7.42,323.55,0.236,172.53,78.31,dRB2102_CTD_050_01_F.csv,dRB2102,CTD,50.0,F.csv,500115
266,E576,1.0,1.0,False,WCOA21,2021_WCOA_RonBrown,7/4/2021,,11:19:19 AM,,E576,510103,3,Niskin; Sterivex 0.22µm filter,95% EtOH,West Coast,NH5,47.7,44.652,-124.176,1000.0,Sean McAllister,,7/4/2021 11:19:19 AM,7/4/2021 ,2021/07/04 11:19:00,2021/07/04 00:00:00,2021/07/04 04:19:00,44.652,-124.176,510103,3,48.0,854.0,33RO20210613,WCOA2021,NH5,51.0,1.0,11020.0,2.0,6.0,2021-07-04,2021.0,7.0,4.0,11:19:19,185.472,44.652,-124.176,58.0,48.1,47.7,8.028,33.757,2.0,,9.0,64.6,2.0,,,9.0,,9.0,,9.0,,,9.0,,,9.0,,9.0,,9.0,,9.0,,9.0,,9.0,,9.0,,9.0,,9.0,,9.0,,9.0,,9.0,,9.0,,9.0,,9.0,,,,,,,,,,,,,,,,,,,,,,,,,,,,,,,,,,,,,,,,,,,,,,,,,,,,,,,,,,,,,,,,,,,,,,,,,,,,,,,,,,,,,,,,,,,,,0.0,48.1,,,,,33.757,,,0.0,,8.028,,,,,,,,,,,,,11020.0,11:19:19,2021/07/04 11:19:19,3.0,11020.0,3.0,48.0,47.61,8.0292,33.7576,26.2945,1.48,64.57,0.088,173.21,10.5,dRB2102_CTD_051_01_F.csv,dRB2102,CTD,51.0,F.csv,510101
267,E577,1.0,1.0,False,WCOA21,2021_WCOA_RonBrown,7/4/2021,,11:26:43 AM,,E577,510108,8,Niskin; Sterivex 0.22µm filter,95% EtOH,West Coast,NH5,23.0,44.652,-124.176,1000.0,Sean McAllister,,7/4/2021 11:26:43 AM,7/4/2021 ,2021/07/04 11:26:00,2021/07/04 00:00:00,2021/07/04 04:26:00,44.652,-124.176,510108,8,23.0,859.0,33RO20210613,WCOA2021,NH5,51.0,1.0,11027.0,2.0,6.0,2021-07-04,2021.0,7.0,4.0,11:26:43,185.477,44.652,-124.176,58.0,23.2,23.0,12.712,32.992,2.0,,9.0,295.3,2.0,,,9.0,,9.0,,9.0,,,9.0,,,9.0,,9.0,,9.0,,9.0,,9.0,,9.0,,9.0,,9.0,,9.0,,9.0,,9.0,,9.0,,9.0,,9.0,,9.0,,,,,,,,,,,,,,,,,,,,,,,,,,,,,,,,,,,,,,,,,,,,,,,,,,,,,,,,,,,,,,,,,,,,,,,,,,,,,,,,,,,,,,,,,,,,,0.0,23.2,,,,,32.992,,,0.0,,12.712,,,,,,,,,,,,,11027.0,11:26:43,2021/07/04 11:26:43,8.0,11027.0,8.0,23.0,22.81,10.3522,33.1513,25.4495,4.15,180.63,0.57,171.91,35.58,dRB2102_CTD_051_01_F.csv,dRB2102,CTD,51.0,F.csv,510106
268,E578,1.0,1.0,False,WCOA21,2021_WCOA_RonBrown,7/4/2021,,11:34:12 AM,,E578,510114,14,Niskin; Sterivex 0.22µm filter,95% EtOH,West Coast,NH5,3.2,44.651,-124.176,1000.0,Sean McAllister,,7/4/2021 11:34:12 AM,7/4/2021 ,2021/07/04 11:34:00,2021/07/04 00:00:00,2021/07/04 04:34:00,44.651,-124.176,510114,14,3.0,865.0,33RO20210613,WCOA2021,NH5,51.0,1.0,11011.0,2.0,6.0,2021-07-04,2021.0,7.0,4.0,11:34:12,185.482,44.651,-124.176,58.0,3.2,3.2,12.915,33.014,2.0,,9.0,299.2,2.0,,,9.0,,9.0,,9.0,,,9.0,,,9.0,,9.0,,9.0,,9.0,,9.0,,9.0,,9.0,,9.0,,9.0,,9.0,,9.0,,9.0,,9.0,,9.0,,9.0,,,,,,,,,,,,,,,,,,,,,,,,,,,,,,,,,,,,,,,,,,,,,,,,,,,,,,,,,,,,,,,,,,,,,,,,,,,,,,,,,,,,,,,,,,,,,0.0,3.2,,,,,33.014,,,0.0,,12.915,,,,,,,,,,,,,11011.0,11:34:12,2021/07/04 11:34:12,14.0,11011.0,14.0,3.0,2.98,12.8647,33.0232,24.8884,6.87,299.31,0.192,171.04,56.14,dRB2102_CTD_051_01_F.csv,dRB2102,CTD,51.0,F.csv,510112
269,E579,1.0,1.0,False,WCOA21,2021_WCOA_RonBrown,7/4/2021,,1:41:12 PM,,E579,520102,2,Niskin; Sterivex 0.22µm filter,95% EtOH,West Coast,NH1,25.1,44.652,-124.101,1000.0,Sean McAllister,,7/4/2021 1:41:12 PM,7/4/2021 ,2021/07/04 01:41:00,2021/07/04 00:00:00,2021/07/03 18:41:00,44.652,-124.101,520102,2,25.0,867.0,33RO20210613,WCOA2021,NH1,52.0,1.0,11081.0,2.0,6.0,2021-07-04,2021.0,7.0,4.0,13:41:12,185.57,44.652,-124.101,35.0,25.3,25.1,8.996,33.615,2.0,33.5988,2.0,117.9,2.0,,,9.0,,9.0,,9.0,,,9.0,,,9.0,,9.0,,9.0,,9.0,,9.0,,9.0,,9.0,,9.0,3130.0,2.0,7200.0,2.0,294.0,2.0,7.94,2.0,3620000.0,2.0,2220000.0,2.0,883000.0,2.0,,,,,,,,,,,,,,,,,,,,,,,,,,,,,,,,,,,,,,,,,,,,,,,,,,,,,,,,,,,,,,,,,,,,,,,,,,,,,,,,,,,,,,,,,,,,,0.0,25.3,,,,,33.5988,,,0.0,,8.996,,,,,,,,,,,,,11081.0,13:41:12,2021/07/04 13:41:12,2.0,11081.0,2.0,25.0,24.8,9.0128,33.6095,26.0277,2.71,117.91,0.096,170.53,5.48,dRB2102_CTD_052_01_F.csv,dRB2102,CTD,52.0,F.csv,520101
270,E580,1.0,1.0,False,WCOA21,2021_WCOA_RonBrown,7/4/2021,,1:45:08 PM,,E580,520105,5,Niskin; Sterivex 0.22µm filter,95% EtOH,West Coast,NH1,10.8,44.652,-124.101,1000.0,Sean McAllister,,7/4/2021 1:45:08 PM,7/4/2021 ,2021/07/04 01:45:00,2021/07/04 00:00:00,2021/07/03 18:45:00,44.652,-124.101,520105,5,11.0,870.0,33RO20210613,WCOA2021,NH1,52.0,1.0,11008.0,2.0,6.0,2021-07-04,2021.0,7.0,4.0,13:45:08,185.573,44.652,-124.101,35.0,10.9,10.8,11.035,33.331,2.0,,9.0,221.4,2.0,214.9,7.052,2.0,2144.0,6.0,2244.9,2.0,7.6237,24.86,2.0,85.58350833523173,24.805,2.0,23.0,2.0,1.62,2.0,14.8,2.0,0.42,2.0,2.23,2.0,,9.0,9.69,2.0,,9.0,,9.0,,9.0,,9.0,,9.0,,9.0,,9.0,354.88522970201666,40.99181886941194,28.70267468239836,85.52521983538848,65.06739976067861,0.0268965477720923,0.0,1.5863651501999334e-08,0.355016760337944,22.644983239662054,2029.7721054822127,0.0002734579776589781,1.51184027017102,0.0,0.0020179541727183,0.0125361684714745,0.0,0.0,1.0710802111883242,0.0812631661932364,26889.00527011328,2244.9,0.0,0.0,0.0,40.99181886941194,1.6743665866938415,0.355016760337944,0.0,0.0,0.0,28.7026746823983,0.0,0.0,-0.00015101094895399227,0.00014711203103149462,28995.0,2029.7721054822127,85.52521983538848,2144.0,0.041409953259938,0.041360811335944,670.2352137535694,0.762334130451092,0.9962012429405372,-0.00014711203103149456,0.00013433431992985055,83.14462618,0.0125361684714745,1.0710802111883242,1.0951187388920167,1.0886750609059868,0.0428247786648696,1e-07,1.8406341427898468e-10,6.418748068539226e-07,1e-07,0.1670429906950905,1.6811067790643435e-09,4.078321843527297e-07,1.0292264674713332e-06,6.132435007092801e-10,0.00298289299286,0.0246762644151865,8.18079298722728e-07,7.82300963186213e-10,2.2817228300780239e-10,1.8188080241642128e-07,1.558863291761e-14,0.00015512215974040962,-0.00016257606092026167,1.0,1.0,3.0,1.0,10.0,1.0,1.0,0.0,1.0,1.0,672.790983250736,7.8370139651819235,7.901835180089233,7.94678430380851,7.828929667806217,7.8370139651819235,2144.0,2.0,2244.9,1.0,0.0,,10.9,1.0,1.0,0.8262859806631511,15.960180548943844,33.331,1.304999345933929,2.053899214563618,,0.1619132759822794,11.035,0.0,0.0,0.0,395.8770485714286,9794.142648543491,65.06767321865627,1.62,23.0,26889.00728806745,0.0,0.9872617618915908,681.4717324427417,11008.0,13:45:08,2021/07/04 13:45:08,5.0,11008.0,5.0,11.0,10.91,11.1952,33.3026,25.4192,5.23,227.89,0.18,169.66,19.31,dRB2102_CTD_052_01_F.csv,dRB2102,CTD,52.0,F.csv,520105
271,E581,1.0,1.0,False,WCOA21,2021_WCOA_RonBrown,7/4/2021,,1:49:06 PM,,E581,520109,9,Niskin; Sterivex 0.22µm filter,95% EtOH,West Coast,NH1,3.7,44.652,-124.101,1000.0,Sean McAllister,,7/4/2021 1:49:06 PM,7/4/2021 ,2021/07/04 01:49:00,2021/07/04 00:00:00,2021/07/03 18:49:00,44.652,-124.101,520109,9,4.0,874.0,33RO20210613,WCOA2021,NH1,52.0,1.0,12052.0,2.0,6.0,2021-07-04,2021.0,7.0,4.0,13:49:06,185.576,44.652,-124.101,35.0,3.7,3.7,11.227,33.293,2.0,33.3248,2.0,227.8,2.0,,,9.0,,9.0,,9.0,,,9.0,,,9.0,,9.0,,9.0,,9.0,,9.0,,9.0,,9.0,,9.0,,9.0,,9.0,,9.0,,9.0,,9.0,,9.0,,9.0,,,,,,,,,,,,,,,,,,,,,,,,,,,,,,,,,,,,,,,,,,,,,,,,,,,,,,,,,,,,,,,,,,,,,,,,,,,,,,,,,,,,,,,,,,,,,0.0,3.7,,,,,33.3248,,,0.0,,11.227,,,,,,,,,,,,,12052.0,13:49:06,2021/07/04 13:49:06,9.0,12052.0,9.0,4.0,3.97,11.2338,33.2962,25.4071,5.23,227.78,0.178,169.92,26.42,dRB2102_CTD_052_01_F.csv,dRB2102,CTD,52.0,F.csv,520107
272,E583,1.0,1.0,False,WCOA21,2021_WCOA_RonBrown,7/4/2021,,9:19:12 PM,,E583,530102,2,Niskin; Sterivex 0.22µm filter,95% EtOH,West Coast,HH42,1418.0,43.999,-125.105,1000.0,Sean McAllister,,7/4/2021 9:19:12 PM,7/4/2021 ,2021/07/04 09:19:00,2021/07/04 00:00:00,2021/07/04 02:19:00,43.999,-125.105,530102,2,1418.0,876.0,33RO20210613,WCOA2021,HH42,53.0,1.0,11081.0,2.0,7.0,2021-07-04,2021.0,7.0,4.0,21:19:12,185.888,43.999,-125.105,1428.0,1434.4,1418.0,2.62,34.524,2.0,,9.0,36.7,2.0,,,9.0,,9.0,,9.0,,,9.0,,,9.0,,9.0,,9.0,,9.0,,9.0,,9.0,,9.0,,9.0,,9.0,,9.0,,9.0,,9.0,,9.0,,9.0,,9.0,,,,,,,,,,,,,,,,,,,,,,,,,,,,,,,,,,,,,,,,,,,,,,,,,,,,,,,,,,,,,,,,,,,,,,,,,,,,,,,,,,,,,,,,,,,,,0.0,1434.4,,,,,34.524,,,0.0,,2.62,,,,,,,,,,,,,11081.0,21:19:12,2021/07/04 21:19:12,2.0,11081.0,2.0,1418.0,1401.85,2.6711,34.5184,27.5385,0.81,35.38,0.041,162.03,27.79,dRB2102_CTD_053_01_F.csv,dRB2102,CTD,53.0,F.csv,530101
273,E584,1.0,1.0,False,WCOA21,2021_WCOA_RonBrown,7/4/2021,,9:28:50 PM,,E584,530103,3,Niskin; Sterivex 0.22µm filter,95% EtOH,West Coast,HH42,988.6,43.999,-125.106,1000.0,Sean McAllister,,7/4/2021 9:28:50 PM,7/4/2021 ,2021/07/04 09:28:00,2021/07/04 00:00:00,2021/07/04 02:28:00,43.999,-125.106,530103,3,989.0,877.0,33RO20210613,WCOA2021,HH42,53.0,1.0,11020.0,2.0,7.0,2021-07-04,2021.0,7.0,4.0,21:28:50,185.895,43.999,-125.106,1428.0,999.0,988.6,3.842,34.387,2.0,,9.0,15.8,2.0,15.2,0.501,2.0,2367.1,6.0,2365.4,2.0,7.2979,24.93,6.0,,,9.0,123.8,2.0,3.25,2.0,43.7,2.0,0.04,2.0,0.04,2.0,,9.0,4.912,2.0,,9.0,,9.0,,9.0,,9.0,,9.0,,9.0,,9.0,387.2476325718678,21.1716788567036,67.35350485472314,40.226098741233066,67.12869244694605,0.1138482871271227,0.0,1.2290265743901074e-07,0.8004386976086496,122.99956130239136,2259.520396404044,0.0004689634506758127,3.074209988376014,0.0,0.0028016500868546,0.0256094627752271,0.0,0.0,0.2860755668294188,0.0619416015942064,27740.907870540228,2365.4,0.0,0.0,0.0,21.1716788567036,3.198093068661769,0.8004386976086496,0.0,0.0,0.0,67.35350485472316,0.0,0.0,-0.00012862807823907542,0.0001301192692577673,28995.0,2259.520396404044,40.226098741233066,2367.0999999999995,0.0410585878226282,0.0410029174389707,1234.359303074806,0.7924942693051992,0.9958263426605946,-0.0001301192692577675,0.00012469387347723533,83.14462618,0.0256094627752271,0.2860755668294188,1.043509722083679,1.03714544751201,0.0545655585751611,1e-07,1.101741859123043e-10,8.079788961046996e-07,1e-07,0.253575473537877,1.5532979749241351e-09,5.151957876770184e-07,9.531128301964918e-07,5.058012508048901e-10,0.0036658075333852,0.0263180360322288,7.671764768301438e-07,5.724494611401046e-10,1.84889719626811e-10,1.3816869072113202e-07,8.127725297219242e-15,0.00012717067861735216,-0.00013603825596766894,1.0,1.0,3.0,1.0,10.0,1.0,1.0,0.0,1.0,1.0,1239.5326877745692,7.546511750322344,7.591599531886962,7.640405479573313,7.539401609998587,7.546511750322344,2367.1,2.0,2365.4,1.0,0.0,,999.0,1.0,1.0,0.9166088802760766,18.98329030922396,34.387,0.5030605577768107,0.788947277653476,,0.0882299022137142,3.842,0.0,0.0,0.0,408.41931142857146,10104.442808660557,67.12916141039673,3.25,123.8,27740.910672190315,0.0,0.9922166150792746,1249.2561290918666,11020.0,21:28:50,2021/07/04 21:28:50,3.0,11020.0,3.0,989.0,978.73,3.8796,34.3806,27.3132,0.36,15.69,0.04,163.9,100.0,dRB2102_CTD_053_01_F.csv,dRB2102,CTD,53.0,F.csv,530103
274,E585,1.0,1.0,False,WCOA21,2021_WCOA_RonBrown,7/4/2021,,9:51:35 PM,,E585,530108,8,Niskin; Sterivex 0.22µm filter,95% EtOH,West Coast,HH42,198.1,43.999,-125.107,1000.0,Sean McAllister,,7/4/2021 9:51:35 PM,7/4/2021 ,2021/07/04 09:51:00,2021/07/04 00:00:00,2021/07/04 02:51:00,43.999,-125.107,530108,8,198.0,882.0,33RO20210613,WCOA2021,HH42,53.0,1.0,11027.0,2.0,7.0,2021-07-04,2021.0,7.0,4.0,21:51:35,185.911,43.999,-125.107,1428.0,199.8,198.1,7.427,33.996,2.0,,9.0,90.8,2.0,89.5,2.941,2.0,2243.3,2.0,2274.0,2.0,7.3924,24.93,2.0,,,9.0,48.2,2.0,2.42,2.0,32.8,2.0,0.05,2.0,0.05,2.0,,9.0,9.088,2.0,,9.0,,9.0,,9.0,,9.0,,9.0,,9.0,,9.0,377.7493001956488,26.02604837577987,50.404906405162905,51.77667324412728,66.36546011943447,0.0670194320687112,0.0,6.051250650324283e-08,0.4187226912329921,47.78127730876701,2141.11842035071,0.0004040533007673056,2.2875541351946493,0.0,0.0027195272292058,0.0199156179800542,0.0,0.0,0.4880944734027529,0.0654263722241322,27425.47781706457,2274.0,0.0,0.0,0.0,26.02604837577987,2.418406819130408,0.4187226912329921,0.0,0.0,0.0,50.40490640516272,0.0,0.0,-0.00012758789842789124,0.00012750992673924582,28995.0,2141.11842035071,51.77667324412728,2243.3,0.0405162749241398,0.0404639744379745,1047.009280526108,0.7776898431419828,0.9960190209025206,-0.00012750992673924526,0.00012058225532576372,83.14462618,0.0199156179800542,0.4880944734027529,1.057451831488525,1.0504705167465558,0.04814179524735,1e-07,1.377667284035692e-10,6.829576038903031e-07,1e-07,0.2008420188845156,1.559508888361494e-09,4.329324082928745e-07,9.615041548274911e-07,5.473646483802982e-10,0.0032711257358849,0.0250691085603808,7.725986186808133e-07,6.473881560515933e-10,1.9835905537102223e-10,1.5696070086584433e-07,1.1048089412933063e-14,0.00012766596553348704,-0.00013528213305068196,1.0,1.0,3.0,1.0,10.0,1.0,1.0,0.0,1.0,1.0,1051.1940621147817,7.645216709894441,7.700806212922068,7.746726154833004,7.637532581811538,7.645216709894441,2243.3,2.0,2274.0,1.0,0.0,,199.8,1.0,1.0,0.8913391044816616,18.603898176721984,33.996,0.7573319865919147,1.194702981354076,,0.1075095145174541,7.427,0.0,0.0,0.0,403.7753485714287,9989.549472859637,66.36586417273524,2.4199999999999995,48.2,27425.4805365918,0.0,0.9900159330787648,1061.7950954039338,11027.0,21:51:35,2021/07/04 21:51:35,8.0,11027.0,8.0,198.0,196.32,7.4168,33.9921,26.5694,2.12,92.05,0.04,166.62,99.74,dRB2102_CTD_053_01_F.csv,dRB2102,CTD,53.0,F.csv,530108
275,E586,1.0,1.0,False,WCOA21,2021_WCOA_RonBrown,7/4/2021,,9:58:31 PM,,E586,530112,12,Niskin; Sterivex 0.22µm filter,95% EtOH,West Coast,HH42,99.2,43.999,-125.107,1000.0,Sean McAllister,,7/4/2021 9:58:31 PM,7/4/2021 ,2021/07/04 09:58:00,2021/07/04 00:00:00,2021/07/04 02:58:00,43.999,-125.107,530112,12,99.0,886.0,33RO20210613,WCOA2021,HH42,53.0,1.0,11026.0,2.0,7.0,2021-07-04,2021.0,7.0,4.0,21:58:31,185.916,43.999,-125.107,1428.0,100.0,99.2,8.216,33.643,2.0,,9.0,142.3,2.0,,,9.0,,9.0,,9.0,,,9.0,,,9.0,,9.0,,9.0,,9.0,,9.0,,9.0,,9.0,,9.0,,9.0,,9.0,,9.0,,9.0,,9.0,,9.0,,9.0,,,,,,,,,,,,,,,,,,,,,,,,,,,,,,,,,,,,,,,,,,,,,,,,,,,,,,,,,,,,,,,,,,,,,,,,,,,,,,,,,,,,,,,,,,,,,0.0,100.0,,,,,33.643,,,0.0,,8.216,,,,,,,,,,,,,11026.0,21:58:31,2021/07/04 21:58:31,12.0,11026.0,12.0,99.0,98.18,8.2551,33.6472,26.175,3.27,142.53,0.04,167.29,99.54,dRB2102_CTD_053_01_F.csv,dRB2102,CTD,53.0,F.csv,530111
276,E587,1.0,1.0,False,WCOA21,2021_WCOA_RonBrown,7/4/2021,,10:17:52 PM,,E587,530122,22,Niskin; Sterivex 0.22µm filter,95% EtOH,West Coast,HH42,3.5,43.999,-125.108,1000.0,Sean McAllister,,7/4/2021 10:17:52 PM,7/4/2021 ,2021/07/04 10:17:00,2021/07/04 00:00:00,2021/07/04 03:17:00,43.999,-125.108,530122,22,4.0,896.0,33RO20210613,WCOA2021,HH42,53.0,1.0,11024.0,2.0,7.0,2021-07-04,2021.0,7.0,4.0,22:17:52,185.929,43.999,-125.108,1428.0,3.6,3.5,15.585,31.132,2.0,,9.0,270.9,2.0,,,9.0,,9.0,,9.0,,,9.0,,,9.0,,9.0,,9.0,,9.0,,9.0,,9.0,0.9,2.0,,9.0,,9.0,,9.0,,9.0,,9.0,,9.0,,9.0,,9.0,,,,,,,,,,,,,,,,,,,,,,,,,,,,,,,,,,,,,,,,,,,,,,,,,,,,,,,,,,,,,,,,,,,,,,,,,,,,,,,,,,,,,,,,,,,,,0.0,3.6,,,,,31.132,,,0.0,,15.585,,,,,,,,,,,,,11024.0,22:17:52,2021/07/04 22:17:52,22.0,11024.0,22.0,4.0,3.97,15.5036,31.1433,22.8925,6.2,270.83,0.058,165.66,99.71,dRB2102_CTD_053_01_F.csv,dRB2102,CTD,53.0,F.csv,530121
277,E588,1.0,1.0,False,WCOA21,2021_WCOA_RonBrown,7/5/2021,,1:02:15 AM,,E588,540102,2,Niskin; Sterivex 0.22µm filter,95% EtOH,West Coast,HH37,923.5,44.0,-125.001,1000.0,Sean McAllister,,7/5/2021 1:02:15 AM,7/5/2021 ,2021/07/05 01:02:00,2021/07/05 00:00:00,2021/07/04 18:02:00,44.0,-125.001,540102,2,924.0,899.0,33RO20210613,WCOA2021,HH37,54.0,1.0,11081.0,2.0,7.0,2021-07-05,2021.0,7.0,5.0,01:02:15,186.043,44.0,-125.001,934.0,933.1,923.5,4.039,34.356,2.0,,9.0,14.7,2.0,,,9.0,,9.0,,9.0,,,9.0,,,9.0,,9.0,,9.0,,9.0,,9.0,,9.0,,9.0,,9.0,,9.0,,9.0,,9.0,,9.0,,9.0,,9.0,,9.0,,,,,,,,,,,,,,,,,,,,,,,,,,,,,,,,,,,,,,,,,,,,,,,,,,,,,,,,,,,,,,,,,,,,,,,,,,,,,,,,,,,,,,,,,,,,,0.0,933.1,,,,,34.356,,,0.0,,4.039,,,,,,,,,,,,,11081.0,01:02:15,2021/07/05 01:02:15,2.0,11081.0,2.0,924.0,914.55,4.0318,34.3568,27.2784,0.34,14.99,0.041,140.14,19.95,dRB2102_CTD_054_01_F.csv,dRB2102,CTD,54.0,F.csv,540101
278,E589,1.0,1.0,False,WCOA21,2021_WCOA_RonBrown,7/5/2021,,1:08:28 AM,,E589,540103,3,Niskin; Sterivex 0.22µm filter,95% EtOH,West Coast,HH37,743.1,44.0,-125.001,1000.0,Sean McAllister,,7/5/2021 1:08:28 AM,7/5/2021 ,2021/07/05 01:08:00,2021/07/05 00:00:00,2021/07/04 18:08:00,44.0,-125.001,540103,3,743.0,900.0,33RO20210613,WCOA2021,HH37,54.0,1.0,11020.0,2.0,7.0,2021-07-05,2021.0,7.0,5.0,01:08:28,186.048,44.0,-125.001,934.0,750.5,743.1,4.574,34.27,2.0,,9.0,16.9,2.0,16.1,0.529,2.0,2345.9,6.0,2336.4,2.0,7.2854,24.96,6.0,,,9.0,105.5,2.0,3.23,2.0,42.7,2.0,0.03,2.0,0.01,2.0,,9.0,2.773,2.0,,9.0,,9.0,,9.0,,9.0,,9.0,,9.0,,9.0,387.2683930685402,19.761292645745574,71.23822738356678,37.908055814232696,66.90025112830901,0.1206159428011476,0.0,1.401953600783321e-07,0.6459199803212103,104.85408001967878,2236.753716802201,0.0005067608437519091,3.0504606172019897,0.0,0.0031144375164924,0.0270129461490809,0.0,0.0,0.2852860111677104,0.058923299801502,27646.5205350801,2336.4,0.0,0.0,0.0,19.761292645745574,3.1683070766096337,0.6459199803212103,0.0,0.0,0.0,71.23822738356678,0.0,0.0,-0.0001286108622564778,0.00013046448070811904,28995.0,2236.753716802201,37.908055814232696,2345.9,0.0403872324033758,0.0403322694281774,1339.90572627876,0.78931707401859,0.9958666656755176,-0.00013046448070811934,0.00012527725220570776,83.14462618,0.0270129461490809,0.2852860111677104,1.0414059888054836,1.0354026574190731,0.0531665967137946,1e-07,1.1429011862462444e-10,7.668719238060365e-07,1e-07,0.2397909627240355,1.5373215652378035e-09,4.878028334741377e-07,9.459463079200944e-07,5.105928946277063e-10,0.0035661257245315,0.0259198508798187,7.619423793165358e-07,5.819465003494646e-10,1.8559010090369527e-10,1.413442928232395e-07,8.594921212962642e-15,0.00012680917776377443,-0.00013609982869134104,1.0,1.0,3.0,1.0,10.0,1.0,1.0,0.0,1.0,1.0,1345.466991175845,7.521038576808426,7.568428047189355,7.616542686602233,7.513794183898739,7.521038576808426,2345.9,2.0,2336.4,1.0,0.0,,750.5,1.0,1.0,0.920480601704668,18.725666142070114,34.27,0.4977839153349777,0.7825631230427742,,0.0828030272765453,4.574,0.0,0.0,0.0,407.0296857142857,10070.06296137486,66.90075788915276,3.23,105.5,27646.523649517618,0.0,0.9918056857098692,1356.583260775369,11020.0,01:08:28,2021/07/05 01:08:28,3.0,11020.0,3.0,743.0,735.72,4.6513,34.2579,27.1327,0.4,17.48,0.042,140.91,100.0,dRB2102_CTD_054_01_F.csv,dRB2102,CTD,54.0,F.csv,540103
279,E590,1.0,1.0,False,WCOA21,2021_WCOA_RonBrown,7/5/2021,,1:15:40 AM,,E590,540104,4,Niskin; Sterivex 0.22µm filter,95% EtOH,West Coast,HH37,496.3,44.0,-125.002,1000.0,Sean McAllister,,7/5/2021 1:15:40 AM,7/5/2021 ,2021/07/05 01:15:00,2021/07/05 00:00:00,2021/07/04 18:15:00,44.0,-125.002,540104,4,496.0,901.0,33RO20210613,WCOA2021,HH37,54.0,1.0,11058.0,2.0,7.0,2021-07-05,2021.0,7.0,5.0,01:15:40,186.053,44.0,-125.002,934.0,500.9,496.3,6.291,34.15,2.0,,9.0,35.4,2.0,34.6,1.137,2.0,2295.9,2.0,2299.7,2.0,7.3123,24.96,2.0,,,9.0,71.9,2.0,2.96,2.0,38.0,2.0,0.07,2.0,0.01,2.0,,9.0,16.223,2.0,,9.0,,9.0,,9.0,,9.0,,9.0,,9.0,,9.0,384.0703721384854,21.53405643294316,63.49735924480839,42.01067102079655,66.66601152447177,0.100869578192516,0.0,1.1040908179274448e-07,0.4986971845779195,71.40130281542208,2190.391969734395,0.0004863428922899136,2.796521703972476,0.0,0.0031495158668098,0.0248006800272844,0.0,0.0,0.3606323368611088,0.0626086074259257,27549.713297260507,2299.7,0.0,0.0,0.0,21.53405643294316,2.921738808415246,0.4986971845779195,0.0,0.0,0.0,63.497359244808415,0.0,0.0,-0.00012674501941184737,0.00012794239664400966,28995.0,2190.391969734395,42.01067102079655,2295.9,0.0400297554619624,0.0399764126749891,1268.9009406767134,0.7824485168568124,0.9959592583984368,-0.00012794239664401015,0.0001222728788353217,83.14462618,0.0248006800272844,0.3606323368611088,1.0463677461649017,1.0400442789526907,0.0500412263946663,1e-07,1.29065714348591e-10,7.26467706780093e-07,1e-07,0.2169386195284794,1.5671115168230047e-09,4.615870709289827e-07,9.641642763686656e-07,5.360714045816232e-10,0.0033995817492652,0.0255352590636207,7.74894986730716e-07,6.257497884847185e-10,1.9521610433885006e-10,1.512707224653162e-07,1.0079744590860975e-14,0.0001255698462178839,-0.00013416324388094083,1.0,1.0,3.0,1.0,10.0,1.0,1.0,0.0,1.0,1.0,1274.0490436498208,7.553615138339437,7.605536410784745,7.652667434439525,7.546123206114165,7.553615138339437,2295.9,2.0,2299.7,1.0,0.0,,500.9,1.0,1.0,0.9113739001706688,18.77685404865736,34.15,0.5802993635954944,0.9133027644572536,,0.0883198350740641,6.291,0.0,0.0,0.0,405.60442857142857,10034.801579543371,66.66649786736406,2.96,71.9,27549.716446776376,0.0,0.9907663934338522,1285.9227483828474,11058.0,01:15:40,2021/07/05 01:15:40,4.0,11058.0,4.0,496.0,491.43,6.2943,34.1478,26.8473,0.82,35.61,0.041,141.5,99.95,dRB2102_CTD_054_01_F.csv,dRB2102,CTD,54.0,F.csv,540104
280,E591,1.0,1.0,False,WCOA21,2021_WCOA_RonBrown,7/5/2021,,1:29:19 AM,,E591,540107,7,Niskin; Sterivex 0.22µm filter,95% EtOH,West Coast,HH37,198.2,44.0,-125.002,1000.0,Sean McAllister,,7/5/2021 1:29:19 AM,7/5/2021 ,2021/07/05 01:29:00,2021/07/05 00:00:00,2021/07/04 18:29:00,44.0,-125.002,540107,7,198.0,904.0,33RO20210613,WCOA2021,HH37,54.0,1.0,11004.0,2.0,7.0,2021-07-05,2021.0,7.0,5.0,01:29:19,186.062,44.0,-125.002,934.0,199.9,198.2,7.185,34.027,2.0,,9.0,83.0,2.0,72.2,2.373,2.0,2260.1,2.0,2275.4,2.0,7.3556,24.96,2.0,,,9.0,54.9,2.0,2.62,2.0,34.3,2.0,0.21,2.0,0.01,2.0,,9.0,13.031,2.0,,9.0,,9.0,,9.0,,9.0,,9.0,,9.0,,9.0,380.9301424097821,23.21339759021805,57.366002835298346,46.033743438697925,66.42592912638744,0.0818955302227874,0.0,8.302078444011457e-08,0.4204200124730698,54.479579987526925,2156.700253726003,0.00045221864321112266,2.4759275582574616,0.0,0.003025548640066,0.0223915181457753,0.0,0.0,0.4240299471041449,0.0621768284989661,27450.48603841797,2275.4,0.0,0.0,0.0,23.21339759021805,2.6002811322346098,0.4204200124730698,0.0,0.0,0.0,57.3660028352985,0.0,0.0,-0.00012623400462968186,0.00012687013812595407,28995.0,2156.700253726003,46.033743438697925,2260.1,0.0400246869990695,0.0399721664279325,1181.8837931195933,0.7786946358995829,0.996006388147994,-0.00012687013812595445,0.00012069987675555816,83.14462618,0.0223915181457753,0.4240299471041449,1.0511206932124035,1.0445570560787485,0.0485377692538451,1e-07,1.3490877789104174e-10,6.839582788895494e-07,1e-07,0.20315589975978,1.5488836900261743e-09,4.334413406251695e-07,9.555658821580385e-07,5.425152358160031e-10,0.0032890669584559,0.0250725670984927,7.684279808628051e-07,6.382871009103533e-10,1.961440172221726e-10,1.5526291477778277e-07,1.0777597626144576e-14,0.00012560421852040335,-0.00013370524282531717,1.0,1.0,3.0,1.0,10.0,1.0,1.0,0.0,1.0,1.0,1186.6227036126,7.594874564221981,7.649916460240469,7.695848327043419,7.58721551007752,7.594874564221981,2260.1,2.0,2275.4,1.0,0.0,,199.9,1.0,1.0,0.902731068767812,18.72495698216132,34.027,0.6729587196145794,1.0619099852529732,,0.0963177324415992,7.185,0.0,0.0,0.0,404.14354,9998.6586631661,66.42638134503066,2.62,54.89999999999999,27450.48906396661,0.0,0.9901801581833204,1198.390710827504,11004.0,01:29:19,2021/07/05 01:29:19,7.0,11004.0,7.0,198.0,196.32,7.0259,33.9982,26.6285,1.98,86.35,0.04,142.11,99.78,dRB2102_CTD_054_01_F.csv,dRB2102,CTD,54.0,F.csv,540107
281,E592,1.0,1.0,False,WCOA21,2021_WCOA_RonBrown,7/5/2021,,1:38:02 AM,,E592,540111,11,Niskin; Sterivex 0.22µm filter,95% EtOH,West Coast,HH37,99.3,44.0,-125.002,1000.0,Sean McAllister,,7/5/2021 1:38:02 AM,7/5/2021 ,2021/07/05 01:38:00,2021/07/05 00:00:00,2021/07/04 18:38:00,44.0,-125.002,540111,11,99.0,908.0,33RO20210613,WCOA2021,HH37,54.0,1.0,11023.0,2.0,7.0,2021-07-05,2021.0,7.0,5.0,01:38:02,186.068,44.0,-125.002,934.0,100.1,99.3,7.886,33.807,2.0,,9.0,107.8,2.0,,,9.0,,9.0,,9.0,,,9.0,,,9.0,,9.0,,9.0,,9.0,,9.0,,9.0,,9.0,,9.0,,9.0,,9.0,,9.0,,9.0,,9.0,,9.0,,9.0,,,,,,,,,,,,,,,,,,,,,,,,,,,,,,,,,,,,,,,,,,,,,,,,,,,,,,,,,,,,,,,,,,,,,,,,,,,,,,,,,,,,,,,,,,,,,0.0,100.1,,,,,33.807,,,0.0,,7.886,,,,,,,,,,,,,11023.0,01:38:02,2021/07/05 01:38:02,11.0,11023.0,11.0,99.0,98.18,7.9222,33.814,26.3553,2.48,107.82,0.042,142.58,99.67,dRB2102_CTD_054_01_F.csv,dRB2102,CTD,54.0,F.csv,540110
282,E593,1.0,1.0,False,WCOA21,2021_WCOA_RonBrown,7/5/2021,,1:55:45 AM,,E593,540121,21,Niskin; Sterivex 0.22µm filter,95% EtOH,West Coast,HH37,4.3,44.0,-125.002,1000.0,Sean McAllister,,7/5/2021 1:55:45 AM,7/5/2021 ,2021/07/05 01:55:00,2021/07/05 00:00:00,2021/07/04 18:55:00,44.0,-125.002,540121,21,4.0,918.0,33RO20210613,WCOA2021,HH37,54.0,1.0,11062.0,2.0,7.0,2021-07-05,2021.0,7.0,5.0,01:55:45,186.08,44.0,-125.002,934.0,4.4,4.3,14.813,31.619,2.0,,9.0,297.0,2.0,,,9.0,,9.0,,9.0,,,9.0,,,9.0,,9.0,,9.0,,9.0,,9.0,,9.0,,9.0,,9.0,,9.0,,9.0,,9.0,,9.0,,9.0,,9.0,,9.0,,,,,,,,,,,,,,,,,,,,,,,,,,,,,,,,,,,,,,,,,,,,,,,,,,,,,,,,,,,,,,,,,,,,,,,,,,,,,,,,,,,,,,,,,,,,,0.0,4.4,,,,,31.619,,,0.0,,14.813,,,,,,,,,,,,,11062.0,01:55:45,2021/07/05 01:55:45,21.0,11062.0,21.0,4.0,3.97,14.9232,31.5796,23.353,6.8,296.96,0.149,140.27,54.73,dRB2102_CTD_054_01_F.csv,dRB2102,CTD,54.0,F.csv,540120
283,E594,1.0,1.0,False,WCOA21,2021_WCOA_RonBrown,7/5/2021,,3:33:25 AM,,E594,550102,2,Niskin; Sterivex 0.22µm filter,95% EtOH,West Coast,HH29,100.5,44.001,-124.801,1000.0,Sean McAllister,,7/5/2021 3:33:25 AM,7/5/2021 ,2021/07/05 03:33:00,2021/07/05 00:00:00,2021/07/04 20:33:00,44.001,-124.801,550102,2,100.0,921.0,33RO20210613,WCOA2021,HH29,55.0,1.0,11081.0,2.0,7.0,2021-07-05,2021.0,7.0,5.0,03:33:25,186.148,44.001,-124.801,111.0,101.4,100.5,7.459,33.87,2.0,,9.0,70.9,2.0,,,9.0,,9.0,,9.0,,,9.0,,,9.0,,9.0,,9.0,,9.0,,9.0,,9.0,,9.0,,9.0,,9.0,,9.0,,9.0,,9.0,,9.0,,9.0,,9.0,,,,,,,,,,,,,,,,,,,,,,,,,,,,,,,,,,,,,,,,,,,,,,,,,,,,,,,,,,,,,,,,,,,,,,,,,,,,,,,,,,,,,,,,,,,,,0.0,101.4,,,,,33.87,,,0.0,,7.459,,,,,,,,,,,,,11081.0,03:33:25,2021/07/05 03:33:25,2.0,11081.0,2.0,100.0,99.17,7.4652,33.8656,26.4617,1.63,70.93,0.041,146.02,12.03,dRB2102_CTD_055_01_F.csv,dRB2102,CTD,55.0,F.csv,550101
284,E595,1.0,1.0,False,WCOA21,2021_WCOA_RonBrown,7/5/2021,,3:36:52 AM,,E595,550104,4,Niskin; Sterivex 0.22µm filter,95% EtOH,West Coast,HH29,80.2,44.001,-124.801,1000.0,Sean McAllister,,7/5/2021 3:36:52 AM,7/5/2021 ,2021/07/05 03:36:00,2021/07/05 00:00:00,2021/07/04 20:36:00,44.001,-124.801,550104,4,80.0,923.0,33RO20210613,WCOA2021,HH29,55.0,1.0,11058.0,2.0,7.0,2021-07-05,2021.0,7.0,5.0,03:36:52,186.151,44.001,-124.801,111.0,80.8,80.2,7.552,33.812,2.0,,9.0,81.5,2.0,79.3,2.606,2.0,2243.2,6.0,2256.4,2.0,7.3543,24.85,6.0,,,9.0,50.0,2.0,2.5,2.0,32.5,2.0,0.05,2.0,0.02,2.0,,9.0,39.727,2.0,,9.0,,9.0,,9.0,,9.0,,9.0,,9.0,,9.0,378.9256339166185,22.66432036909584,57.90276571624215,45.1765635481586,66.0062043069689,0.0794639716794668,0.0,8.223126454202507e-08,0.3788300862996278,49.62116991370037,2140.120670735599,0.00046116569037111735,2.3613300870018232,0.0,0.0031286557996858,0.0226057190675582,0.0,0.0,0.4295055303004726,0.0592058590874448,27277.0396970661,2256.4,0.0,0.0,0.0,22.66432036909584,2.4797417229454486,0.3788300862996278,0.0,0.0,0.0,57.902765716242016,0.0,0.0,-0.00012536252350851465,0.00012607779253342766,28995.0,2140.120670735599,45.1765635481586,2243.2,0.039768637135888,0.0397164499180286,1206.6572780054505,0.776640037504655,0.9960255254046432,-0.00012607779253342823,0.00012001337266167754,83.14462618,0.0226057190675582,0.4295055303004726,1.0505312011257777,1.0440762998721955,0.0479860908077832,1e-07,1.3757714089157219e-10,6.643209299491089e-07,1e-07,0.1970869075621639,1.5392258332967874e-09,4.2044879285404373e-07,9.511578192955094e-07,5.43236021067165e-10,0.0032355349550796,0.0248683475262668,7.647157977038657e-07,6.452404946376505e-10,1.964676690357161e-10,1.5687776102117118e-07,1.1053056478436802e-14,0.0001246553244800459,-0.0001327877152813416,1.0,1.0,3.0,1.0,10.0,1.0,1.0,0.0,1.0,1.0,1211.4722436608604,7.5894863709984834,7.645781673893751,7.691552800255882,7.581772575880199,7.5894863709984834,2243.2,2.0,2256.4,1.0,0.0,,80.8,1.0,1.0,0.9037987618613764,18.691250401933704,33.812,0.6756537610894476,1.0675519647558385,,0.094671647663131,7.552,0.0,0.0,0.0,401.5899542857143,9935.482020718024,66.00666547265925,2.5,49.99999999999999,27277.0428257219,0.0,0.989929239866832,1223.7968077635842,11058.0,03:36:52,2021/07/05 03:36:52,4.0,11058.0,4.0,80.0,79.34,7.6088,33.7768,26.3712,2.02,87.99,0.041,146.02,32.09,dRB2102_CTD_055_01_F.csv,dRB2102,CTD,55.0,F.csv,550104
285,E596,1.0,1.0,False,WCOA21,2021_WCOA_RonBrown,7/5/2021,,3:42:47 AM,,E596,550107,7,Niskin; Sterivex 0.22µm filter,95% EtOH,West Coast,HH29,50.5,44.001,-124.801,1000.0,Sean McAllister,,7/5/2021 3:42:47 AM,7/5/2021 ,2021/07/05 03:42:00,2021/07/05 00:00:00,2021/07/04 20:42:00,44.001,-124.801,550107,7,50.0,926.0,33RO20210613,WCOA2021,HH29,55.0,1.0,11004.0,2.0,7.0,2021-07-05,2021.0,7.0,5.0,03:42:47,186.155,44.001,-124.801,111.0,51.0,50.5,8.065,33.234,2.0,,9.0,158.5,2.0,161.1,5.288,2.0,,9.0,,9.0,,,9.0,,,9.0,,9.0,,9.0,,9.0,,9.0,,9.0,,9.0,,9.0,,9.0,,9.0,,9.0,,9.0,,9.0,,9.0,,9.0,,,,,,,,,,,,,,,,,,,,,,,,,,,,,,,,,,,,,,,,,,,,,,,,,,,,,,,,,,,,,,,,,,,,,,,,,,,,,,,,,,,,,,,,,,,,,0.0,51.0,,,,,33.234,,,0.0,,8.065,,,,,,,,,,,,,11004.0,03:42:47,2021/07/05 03:42:47,7.0,11004.0,7.0,50.0,49.59,8.0637,33.2174,25.8654,3.68,160.33,0.043,145.72,62.34,dRB2102_CTD_055_01_F.csv,dRB2102,CTD,55.0,F.csv,550106
286,E597,1.0,1.0,False,WCOA21,2021_WCOA_RonBrown,7/5/2021,,3:55:12 AM,,E597,550114,14,Niskin; Sterivex 0.22µm filter,95% EtOH,West Coast,HH29,3.4,44.001,-124.801,1000.0,Sean McAllister,,7/5/2021 3:55:12 AM,7/5/2021 ,2021/07/05 03:55:00,2021/07/05 00:00:00,2021/07/04 20:55:00,44.001,-124.801,550114,14,3.0,933.0,33RO20210613,WCOA2021,HH29,55.0,1.0,11011.0,2.0,7.0,2021-07-05,2021.0,7.0,5.0,03:55:12,186.163,44.001,-124.801,111.0,3.4,3.4,13.199,32.076,2.0,,9.0,310.0,2.0,,,9.0,,9.0,,9.0,,,9.0,,,9.0,,9.0,,9.0,,9.0,,9.0,,9.0,,9.0,,9.0,,9.0,,9.0,,9.0,,9.0,,9.0,,9.0,,9.0,,,,,,,,,,,,,,,,,,,,,,,,,,,,,,,,,,,,,,,,,,,,,,,,,,,,,,,,,,,,,,,,,,,,,,,,,,,,,,,,,,,,,,,,,,,,,0.0,3.4,,,,,32.076,,,0.0,,13.199,,,,,,,,,,,,,11011.0,03:55:12,2021/07/05 03:55:12,14.0,11011.0,14.0,3.0,2.98,13.2794,32.0693,24.0686,7.14,311.56,0.428,143.0,101.97,dRB2102_CTD_055_01_F.csv,dRB2102,CTD,55.0,F.csv,550113
287,E598.1B,1.0,1.0,False,WCOA21,2021_WCOA_RonBrown,7/5/2021,,5:42:43 AM,,E598.1B,560101,1,Niskin; Sterivex 0.22µm filter,95% EtOH,West Coast,HH20,144.2,44.001,-124.6,1000.0,Sean McAllister,,7/5/2021 5:42:43 AM,7/5/2021 ,2021/07/05 05:42:00,2021/07/05 00:00:00,2021/07/04 22:42:00,44.001,-124.6,560101,1,144.0,935.0,33RO20210613,WCOA2021,HH20,56.0,1.0,11031.0,2.0,7.0,2021-07-05,2021.0,7.0,5.0,05:42:43,186.238,44.001,-124.6,154.0,145.4,144.2,7.44,34.011,2.0,34.02,2.0,70.2,2.0,72.7,2.387,2.0,2265.1,6.0,2274.1,6.0,7.3365,24.93,2.0,,,9.0,54.0,2.0,2.7,2.0,33.7,2.0,0.45,2.0,1.16,2.0,,9.0,30.931,6.0,,9.0,,9.0,,9.0,,9.0,,9.0,,9.0,,9.0,381.9689481827779,22.091451817222183,60.54423975194628,44.00230969494195,66.4122366298519,0.0888696317289911,0.0,9.53117154581584e-08,0.3943578232467085,53.605642176753285,2160.553450553112,0.0004795472411026131,2.54988212206678,0.0,0.0032340705702925,0.023570126573169,0.0,0.0,0.4110258323791896,0.0612481508925131,27444.838743069475,2274.1,0.0,0.0,0.0,22.091451817222183,2.672378328540091,0.3943578232467085,0.0,0.0,0.0,60.54423975194621,0.0,0.0,-0.00012628899923586225,0.00012721806743305704,28995.0,2160.553450553112,44.00230969494195,2265.1,0.0396557288548022,0.0396034401615994,1258.363746493076,0.7777176581919001,0.9960196980260256,-0.0001272180674330565,0.00012129158131072068,83.14462618,0.023570126573169,0.4110258323791896,1.0488614795709028,1.0425334632971155,0.0481134647439395,1e-07,1.3707118051797164e-10,6.76847836948507e-07,1e-07,0.2000198538944828,1.5502402510211279e-09,4.288064053872344e-07,9.565220686272771e-07,5.459002184362467e-10,0.0032642140110611,0.0249925116901772,7.690764857972108e-07,6.43836638693859e-10,1.9718903757941908e-10,1.5664839355911873e-07,1.1017217598788908e-14,0.00012537340254875344,-0.0001337534593548622,1.0,1.0,3.0,1.0,10.0,1.0,1.0,0.0,1.0,1.0,1263.392429875614,7.571797190336525,7.627638085278762,7.673274006961365,7.564095966747454,7.571797190336525,2265.1,2.0,2274.1,1.0,0.0,,145.4,1.0,1.0,0.906829489837128,18.674832791546702,34.02,0.6498854573423162,1.0258092242563617,,0.0916649065861432,7.44,0.0,0.0,0.0,404.0604000000001,9996.601749225933,66.412716177093,2.7,54.0,27444.841977140044,0.0,0.990007182367576,1276.1447112476944,11031.0,05:42:43,2021/07/05 05:42:43,1.0,11031.0,1.0,144.0,142.79,7.4438,34.0106,26.5794,1.62,70.6,0.041,153.5,11.16,dRB2102_CTD_056_01_F.csv,dRB2102,CTD,56.0,F.csv,560101
288,E598.2B,2.0,1.0,False,WCOA21,2021_WCOA_RonBrown,7/5/2021,,5:42:45 AM,,E598.2B,560102,2,Niskin; Sterivex 0.22µm filter,95% EtOH,West Coast,HH20,143.3,44.001,-124.6,1000.0,Sean McAllister,,7/5/2021 5:42:45 AM,7/5/2021 ,2021/07/05 05:42:00,2021/07/05 00:00:00,2021/07/04 22:42:00,44.001,-124.6,560102,2,143.0,936.0,33RO20210613,WCOA2021,HH20,56.0,1.0,11081.0,2.0,7.0,2021-07-05,2021.0,7.0,5.0,05:42:45,186.238,44.001,-124.6,154.0,144.5,143.3,7.444,34.011,2.0,34.02,9.0,70.6,2.0,72.2,2.371,2.0,2265.1,9.0,2274.1,9.0,7.3365,24.93,9.0,,,9.0,54.0,9.0,2.7,9.0,33.7,9.0,0.45,9.0,1.16,9.0,,9.0,30.931,9.0,,9.0,,9.0,,9.0,,9.0,,9.0,,9.0,,9.0,,,,,,,,,,,,,,,,,,,,,,,,,,,,,,,,,,,,,,,,,,,,,,,,,,,,,,,,,,,,,,,,,,,,,,,,,,,,,,,,,,,,,,,,,,,,,0.0,144.5,,,,,34.011,,,0.0,,7.444,,,,,,,,,,,,,11081.0,05:42:45,2021/07/05 05:42:45,2.0,11081.0,2.0,143.0,141.8,7.4454,34.0105,26.5791,1.62,70.58,0.041,153.53,12.1,dRB2102_CTD_056_01_F.csv,dRB2102,CTD,56.0,F.csv,560101
289,E598.3B,3.0,1.0,False,WCOA21,2021_WCOA_RonBrown,7/5/2021,,5:42:49 AM,,E598.3B,560103,3,Niskin; Sterivex 0.22µm filter,95% EtOH,West Coast,HH20,143.5,44.001,-124.6,1000.0,Sean McAllister,,7/5/2021 5:42:49 AM,7/5/2021 ,2021/07/05 05:42:00,2021/07/05 00:00:00,2021/07/04 22:42:00,44.001,-124.6,560103,3,144.0,937.0,33RO20210613,WCOA2021,HH20,56.0,1.0,11020.0,2.0,7.0,2021-07-05,2021.0,7.0,5.0,05:42:49,186.238,44.001,-124.6,154.0,144.7,143.5,7.443,34.011,2.0,34.02,9.0,70.4,2.0,72.0,2.365,2.0,2265.1,9.0,2274.1,9.0,7.3365,24.93,9.0,,,9.0,54.0,9.0,2.7,9.0,33.7,9.0,0.45,9.0,1.16,9.0,,9.0,30.931,9.0,,9.0,,9.0,,9.0,,9.0,,9.0,,9.0,,9.0,,,,,,,,,,,,,,,,,,,,,,,,,,,,,,,,,,,,,,,,,,,,,,,,,,,,,,,,,,,,,,,,,,,,,,,,,,,,,,,,,,,,,,,,,,,,,0.0,144.7,,,,,34.011,,,0.0,,7.443,,,,,,,,,,,,,11020.0,05:42:49,2021/07/05 05:42:49,3.0,11020.0,3.0,144.0,142.79,7.4438,34.0106,26.5794,1.62,70.6,0.041,153.5,11.16,dRB2102_CTD_056_01_F.csv,dRB2102,CTD,56.0,F.csv,560101
290,E599,1.0,1.0,False,WCOA21,2021_WCOA_RonBrown,7/5/2021,,5:57:30 AM,,E599,560107,7,Niskin; Sterivex 0.22µm filter,95% EtOH,West Coast,HH20,59.6,44.001,-124.601,1000.0,Sean McAllister,,7/5/2021 5:57:30 AM,7/5/2021 ,2021/07/05 05:57:00,2021/07/05 00:00:00,2021/07/04 22:57:00,44.001,-124.601,560107,7,60.0,941.0,33RO20210613,WCOA2021,HH20,56.0,1.0,11004.0,2.0,7.0,2021-07-05,2021.0,7.0,5.0,05:57:30,186.248,44.001,-124.601,154.0,60.1,59.6,7.596,33.847,2.0,,9.0,76.8,2.0,78.2,2.567,2.0,2245.5,2.0,2257.8,2.0,7.3474,24.93,2.0,,,9.0,47.2,2.0,2.49,2.0,32.9,2.0,0.1,2.0,0.06,2.0,,9.0,15.48,2.0,,9.0,,9.0,,9.0,,9.0,,9.0,,9.0,,9.0,379.48318590059216,22.52246838512212,58.40424916607125,44.956338721100245,66.07452612838557,0.0797366755087202,0.0,8.317447515434661e-08,0.3550497419521183,46.84495025804788,2142.1394121128287,0.0004651839620547588,2.351720797347845,0.0,0.0031608021194994,0.0227536518716194,0.0,0.0,0.4279663537379403,0.0585424439689601,27305.27509905264,2257.8,0.0,0.0,0.0,22.52246838512212,2.46880560211129,0.3550497419521183,0.0,0.0,0.0,58.4042491660712,0.0,0.0,-0.00012548551609305907,0.00012624155489271687,28995.0,2142.1394121128287,44.956338721100245,2245.5,0.0397075842533593,0.0396554368393001,1219.202415678502,0.7765866074926069,0.9960278116461851,-0.00012624155489271663,0.00012020361085185326,83.14462618,0.0227536518716194,0.4279663537379403,1.050230970584612,1.0438237958425185,0.0479036527610292,1e-07,1.3775209465582883e-10,6.625882143661504e-07,1e-07,0.1965623599243345,1.538032515428144e-09,4.1930305565639693e-07,9.50485192673141e-07,5.438576879069733e-10,0.0032319187412796,0.0248433480850429,7.643102860067098e-07,6.451001725596615e-10,1.9641221266329507e-10,1.570437486138357e-07,1.1090514540276446e-14,0.00012473847895477108,-0.00013291816324061692,1.0,1.0,3.0,1.0,10.0,1.0,1.0,0.0,1.0,1.0,1224.064630949878,7.586457931035749,7.642948890856815,7.688541212559034,7.578731109273555,7.586457931035749,2245.5,2.0,2257.8,1.0,0.0,,60.1,1.0,1.0,0.9043430026508344,18.68080321453488,33.847,0.6748161859588843,1.06635343016979,,0.0941448618533501,7.596,0.0,0.0,0.0,402.0056542857143,9945.766590418874,66.07499131234763,2.49,47.2,27305.27825985476,0.0,0.9898991138982068,1236.55493147128,11004.0,05:57:30,2021/07/05 05:57:30,7.0,11004.0,7.0,60.0,59.51,7.6695,33.7662,26.3538,1.68,72.96,0.042,154.93,95.77,dRB2102_CTD_056_01_F.csv,dRB2102,CTD,56.0,F.csv,560107
291,E600.1B,1.0,1.0,False,WCOA21,2021_WCOA_RonBrown,7/5/2021,,6:11:35 AM,,E600.1B,560117,17,Niskin; Sterivex 0.22µm filter,95% EtOH,West Coast,HH20,3.7,44.001,-124.601,1000.0,Sean McAllister,,7/5/2021 6:11:35 AM,7/5/2021 ,2021/07/05 06:11:00,2021/07/05 00:00:00,2021/07/04 23:11:00,44.001,-124.601,560117,17,4.0,951.0,33RO20210613,WCOA2021,HH20,56.0,1.0,11052.0,2.0,7.0,2021-07-05,2021.0,7.0,5.0,06:11:35,186.258,44.001,-124.601,154.0,3.7,3.7,14.158,32.16,2.0,,9.0,299.6,2.0,,,9.0,,9.0,,9.0,,,9.0,,,9.0,,9.0,,9.0,,9.0,,9.0,,9.0,,9.0,,9.0,,9.0,,9.0,,9.0,,9.0,,9.0,,9.0,,9.0,,,,,,,,,,,,,,,,,,,,,,,,,,,,,,,,,,,,,,,,,,,,,,,,,,,,,,,,,,,,,,,,,,,,,,,,,,,,,,,,,,,,,,,,,,,,,0.0,3.7,,,,,32.16,,,0.0,,14.158,,,,,,,,,,,,,11052.0,06:11:35,2021/07/05 06:11:35,17.0,11052.0,17.0,4.0,3.97,14.2475,32.1677,23.9483,6.94,302.77,0.216,151.16,90.79,dRB2102_CTD_056_01_F.csv,dRB2102,CTD,56.0,F.csv,560116
292,E600.2B,2.0,1.0,False,WCOA21,2021_WCOA_RonBrown,7/5/2021,,6:11:38 AM,,E600.2B,560118,18,Niskin; Sterivex 0.22µm filter,95% EtOH,West Coast,HH20,3.8,44.001,-124.601,1000.0,Sean McAllister,,7/5/2021 6:11:38 AM,7/5/2021 ,2021/07/05 06:11:00,2021/07/05 00:00:00,2021/07/04 23:11:00,44.001,-124.601,560118,18,4.0,952.0,33RO20210613,WCOA2021,HH20,56.0,1.0,11002.0,2.0,7.0,2021-07-05,2021.0,7.0,5.0,06:11:38,186.258,44.001,-124.601,154.0,3.9,3.8,14.158,32.159,2.0,,9.0,299.7,2.0,,,9.0,,9.0,,9.0,,,9.0,,,9.0,,9.0,,9.0,,9.0,,9.0,,9.0,,9.0,,9.0,,9.0,,9.0,,9.0,,9.0,,9.0,,9.0,,9.0,,,,,,,,,,,,,,,,,,,,,,,,,,,,,,,,,,,,,,,,,,,,,,,,,,,,,,,,,,,,,,,,,,,,,,,,,,,,,,,,,,,,,,,,,,,,,0.0,3.9,,,,,32.159,,,0.0,,14.158,,,,,,,,,,,,,11002.0,06:11:38,2021/07/05 06:11:38,18.0,11002.0,18.0,4.0,3.97,14.2475,32.1677,23.9483,6.94,302.77,0.216,151.16,90.79,dRB2102_CTD_056_01_F.csv,dRB2102,CTD,56.0,F.csv,560116
293,E600.3B,3.0,1.0,False,WCOA21,2021_WCOA_RonBrown,7/5/2021,,6:11:41 AM,,E600.3B,560119,19,Niskin; Sterivex 0.22µm filter,95% EtOH,West Coast,HH20,3.7,44.001,-124.601,1000.0,Sean McAllister,,7/5/2021 6:11:41 AM,7/5/2021 ,2021/07/05 06:11:00,2021/07/05 00:00:00,2021/07/04 23:11:00,44.001,-124.601,560119,19,4.0,953.0,33RO20210613,WCOA2021,HH20,56.0,1.0,11028.0,2.0,7.0,2021-07-05,2021.0,7.0,5.0,06:11:41,186.258,44.001,-124.601,154.0,3.8,3.7,14.158,32.16,2.0,,9.0,299.6,2.0,,,9.0,,9.0,,9.0,,,9.0,,,9.0,,9.0,,9.0,,9.0,,9.0,,9.0,,9.0,,9.0,,9.0,,9.0,,9.0,,9.0,,9.0,,9.0,,9.0,,,,,,,,,,,,,,,,,,,,,,,,,,,,,,,,,,,,,,,,,,,,,,,,,,,,,,,,,,,,,,,,,,,,,,,,,,,,,,,,,,,,,,,,,,,,,0.0,3.8,,,,,32.16,,,0.0,,14.158,,,,,,,,,,,,,11028.0,06:11:41,2021/07/05 06:11:41,19.0,11028.0,19.0,4.0,3.97,14.2475,32.1677,23.9483,6.94,302.77,0.216,151.16,90.79,dRB2102_CTD_056_01_F.csv,dRB2102,CTD,56.0,F.csv,560116
294,E601,1.0,1.0,False,WCOA21,2021_WCOA_RonBrown,7/5/2021,,11:35:38 AM,,E601,570102,2,Niskin; Sterivex 0.22µm filter,95% EtOH,West Coast,HH10,108.1,44.0,-124.393,1000.0,Sean McAllister,,7/5/2021 11:35:38 AM,7/5/2021 ,2021/07/05 11:35:00,2021/07/05 00:00:00,2021/07/05 04:35:00,44.0,-124.393,570102,2,108.0,956.0,33RO20210613,WCOA2021,HH10,57.0,1.0,11081.0,2.0,7.0,2021-07-05,2021.0,7.0,5.0,11:35:38,186.483,44.0,-124.393,118.0,109.0,108.1,7.394,33.992,2.0,34.011,3.0,54.8,2.0,,,9.0,,9.0,,9.0,,,9.0,,,9.0,,9.0,,9.0,,9.0,,9.0,,9.0,,9.0,,9.0,273.0,2.0,182.0,2.0,24.8,2.0,0.0,2.0,1300000.0,2.0,966000.0,2.0,199000.0,2.0,,,,,,,,,,,,,,,,,,,,,,,,,,,,,,,,,,,,,,,,,,,,,,,,,,,,,,,,,,,,,,,,,,,,,,,,,,,,,,,,,,,,,,,,,,,,,0.0,109.0,,,,,34.011,,,0.0,,7.394,,,,,,,,,,,,,11081.0,11:35:38,2021/07/05 11:35:38,2.0,11081.0,2.0,108.0,107.11,7.3967,33.9948,26.5732,1.26,54.81,0.041,153.57,11.67,dRB2102_CTD_057_01_F.csv,dRB2102,CTD,57.0,F.csv,570101
295,E602,1.0,1.0,False,WCOA21,2021_WCOA_RonBrown,7/5/2021,,11:46:59 AM,,E602,570106,6,Niskin; Sterivex 0.22µm filter,95% EtOH,West Coast,HH10,50.0,43.999,-124.394,1000.0,Sean McAllister,,7/5/2021 11:46:59 AM,7/5/2021 ,2021/07/05 11:46:00,2021/07/05 00:00:00,2021/07/05 04:46:00,43.999,-124.394,570106,6,50.0,960.0,33RO20210613,WCOA2021,HH10,57.0,1.0,11082.0,2.0,7.0,2021-07-05,2021.0,7.0,5.0,11:46:59,186.491,43.999,-124.394,118.0,50.4,50.0,7.601,33.833,2.0,,9.0,78.2,2.0,,,9.0,,9.0,,9.0,,,9.0,,,9.0,,9.0,,9.0,,9.0,,9.0,,9.0,,9.0,,9.0,247.5,2.0,117.0,2.0,8.38,2.0,0.0,2.0,1070000.0,2.0,780000.0,2.0,172000.0,2.0,,,,,,,,,,,,,,,,,,,,,,,,,,,,,,,,,,,,,,,,,,,,,,,,,,,,,,,,,,,,,,,,,,,,,,,,,,,,,,,,,,,,,,,,,,,,,0.0,50.4,,,,,33.833,,,0.0,,7.601,,,,,,,,,,,,,11082.0,11:46:59,2021/07/05 11:46:59,6.0,11082.0,6.0,50.0,49.59,7.6831,33.7239,26.3185,1.92,83.48,0.042,154.59,70.07,dRB2102_CTD_057_01_F.csv,dRB2102,CTD,57.0,F.csv,570105
296,E603,1.0,1.0,False,WCOA21,2021_WCOA_RonBrown,7/5/2021,,12:01:00 PM,,E603,570114,14,Niskin; Sterivex 0.22µm filter,95% EtOH,West Coast,HH10,4.1,43.999,-124.394,1000.0,Sean McAllister,,7/5/2021 12:01:00 PM,7/5/2021 ,2021/07/05 12:01:00,2021/07/05 00:00:00,2021/07/05 05:01:00,43.999,-124.394,570114,14,4.0,968.0,33RO20210613,WCOA2021,HH10,57.0,1.0,11011.0,2.0,7.0,2021-07-05,2021.0,7.0,5.0,12:01:00,186.501,43.999,-124.394,118.0,4.1,4.1,12.379,32.572,2.0,32.5791,2.0,280.5,2.0,,,9.0,,9.0,,9.0,,,9.0,,,9.0,,9.0,,9.0,,9.0,,9.0,,9.0,,9.0,,9.0,,9.0,,9.0,,9.0,,9.0,,9.0,,9.0,,9.0,,,,,,,,,,,,,,,,,,,,,,,,,,,,,,,,,,,,,,,,,,,,,,,,,,,,,,,,,,,,,,,,,,,,,,,,,,,,,,,,,,,,,,,,,,,,,0.0,4.1,,,,,32.5791,,,0.0,,12.379,,,,,,,,,,,,,11011.0,12:01:00,2021/07/05 12:01:00,14.0,11011.0,14.0,4.0,3.97,12.1442,32.5926,24.693,6.43,280.15,0.231,151.86,26.5,dRB2102_CTD_057_01_F.csv,dRB2102,CTD,57.0,F.csv,570112
297,E604,1.0,1.0,False,WCOA21,2021_WCOA_RonBrown,7/5/2021,,1:26:12 PM,,E604,580102,2,Niskin; Sterivex 0.22µm filter,95% EtOH,West Coast,HH3,44.9,44.0,-124.202,1000.0,Sean McAllister,,7/5/2021 1:26:12 PM,7/5/2021 ,2021/07/05 01:26:00,2021/07/05 00:00:00,2021/07/04 18:26:00,44.0,-124.202,580102,2,45.0,970.0,33RO20210613,WCOA2021,HH3,58.0,1.0,11081.0,2.0,7.0,2021-07-05,2021.0,7.0,5.0,13:26:12,186.56,44.0,-124.202,55.0,45.3,44.9,7.605,33.868,2.0,33.859,2.0,54.6,2.0,,,9.0,,9.0,,9.0,,,9.0,,,9.0,,9.0,,9.0,,9.0,,9.0,,9.0,,9.0,,9.0,1155.0,2.0,1030.0,2.0,169.0,2.0,0.0,2.0,1700000.0,2.0,980000.0,2.0,441000.0,2.0,,,,,,,,,,,,,,,,,,,,,,,,,,,,,,,,,,,,,,,,,,,,,,,,,,,,,,,,,,,,,,,,,,,,,,,,,,,,,,,,,,,,,,,,,,,,,0.0,45.3,,,,,33.859,,,0.0,,7.605,,,,,,,,,,,,,11081.0,13:26:12,2021/07/05 13:26:12,2.0,11081.0,2.0,45.0,44.63,7.5968,33.8705,26.4461,1.28,55.76,0.06,156.04,10.35,dRB2102_CTD_058_01_F.csv,dRB2102,CTD,58.0,F.csv,580101
298,E605,1.0,1.0,False,WCOA21,2021_WCOA_RonBrown,7/5/2021,,1:32:40 PM,,E605,580105,5,Niskin; Sterivex 0.22µm filter,95% EtOH,West Coast,HH3,20.3,44.0,-124.203,1000.0,Sean McAllister,,7/5/2021 1:32:40 PM,7/5/2021 ,2021/07/05 01:32:00,2021/07/05 00:00:00,2021/07/04 18:32:00,44.0,-124.203,580105,5,20.0,973.0,33RO20210613,WCOA2021,HH3,58.0,1.0,11008.0,2.0,7.0,2021-07-05,2021.0,7.0,5.0,13:32:40,186.564,44.0,-124.203,55.0,20.5,20.3,7.901,33.629,2.0,33.6338,2.0,97.4,2.0,,,9.0,,9.0,,9.0,,,9.0,,,9.0,,9.0,,9.0,,9.0,,9.0,,9.0,,9.0,,9.0,1780.0,2.0,602.0,2.0,98.9,2.0,16.5,2.0,1650000.0,2.0,1030000.0,2.0,483000.0,2.0,,,,,,,,,,,,,,,,,,,,,,,,,,,,,,,,,,,,,,,,,,,,,,,,,,,,,,,,,,,,,,,,,,,,,,,,,,,,,,,,,,,,,,,,,,,,,0.0,20.5,,,,,33.6338,,,0.0,,7.901,,,,,,,,,,,,,11008.0,13:32:40,2021/07/05 13:32:40,5.0,11008.0,5.0,20.0,19.84,7.9669,33.6143,26.1908,2.27,98.81,0.049,156.06,35.38,dRB2102_CTD_058_01_F.csv,dRB2102,CTD,58.0,F.csv,580104
299,E606,1.0,1.0,False,WCOA21,2021_WCOA_RonBrown,7/5/2021,,1:38:35 PM,,E606,580110,10,Niskin; Sterivex 0.22µm filter,95% EtOH,West Coast,HH3,3.6,44.0,-124.203,1000.0,Sean McAllister,,7/5/2021 1:38:35 PM,7/5/2021 ,2021/07/05 01:38:00,2021/07/05 00:00:00,2021/07/04 18:38:00,44.0,-124.203,580110,10,4.0,978.0,33RO20210613,WCOA2021,HH3,58.0,1.0,11067.0,2.0,7.0,2021-07-05,2021.0,7.0,5.0,13:38:35,186.568,44.0,-124.203,55.0,3.7,3.6,10.54,32.953,2.0,,9.0,212.8,2.0,,,9.0,,9.0,,9.0,,,9.0,,,9.0,,9.0,,9.0,,9.0,,9.0,,9.0,,9.0,,9.0,,9.0,,9.0,,9.0,,9.0,,9.0,,9.0,,9.0,,,,,,,,,,,,,,,,,,,,,,,,,,,,,,,,,,,,,,,,,,,,,,,,,,,,,,,,,,,,,,,,,,,,,,,,,,,,,,,,,,,,,,,,,,,,,0.0,3.7,,,,,32.953,,,0.0,,10.54,,,,,,,,,,,,,11067.0,13:38:35,2021/07/05 13:38:35,10.0,11067.0,10.0,4.0,3.97,10.1996,33.1243,25.454,4.84,210.85,0.111,155.11,51.63,dRB2102_CTD_058_01_F.csv,dRB2102,CTD,58.0,F.csv,580108
300,E607,1.0,1.0,False,WCOA21,2021_WCOA_RonBrown,7/5/2021,,5:40:06 PM,,E607,590102,2,Niskin; Sterivex 0.22µm filter,95% EtOH,West Coast,CB06,80.1,43.301,-124.502,1000.0,Sean McAllister,,7/5/2021 5:40:06 PM,7/5/2021 ,2021/07/05 05:40:00,2021/07/05 00:00:00,2021/07/04 22:40:00,43.301,-124.502,590102,2,80.0,980.0,33RO20210613,WCOA2021,CB06,59.0,1.0,11081.0,2.0,0.0,2021-07-05,2021.0,7.0,5.0,17:40:06,186.736,43.301,-124.502,90.0,80.8,80.1,8.006,33.932,2.0,,9.0,106.7,2.0,,,9.0,,9.0,,9.0,,,9.0,,,9.0,,9.0,,9.0,,9.0,,9.0,,9.0,,9.0,,9.0,721.0,2.0,448.0,2.0,99.5,2.0,0.0,2.0,1760000.0,2.0,1020000.0,2.0,425000.0,2.0,,,,,,,,,,,,,,,,,,,,,,,,,,,,,,,,,,,,,,,,,,,,,,,,,,,,,,,,,,,,,,,,,,,,,,,,,,,,,,,,,,,,,,,,,,,,,0.0,80.8,,,,,33.932,,,0.0,,8.006,,,,,,,,,,,,,11081.0,17:40:06,2021/07/05 17:40:06,2.0,11081.0,2.0,80.0,79.35,8.0057,33.9315,26.435,2.45,106.69,0.045,160.43,10.45,dRB2102_CTD_059_01_F.csv,dRB2102,CTD,59.0,F.csv,590101
301,E608,1.0,1.0,False,WCOA21,2021_WCOA_RonBrown,7/5/2021,,5:48:16 PM,,E608,590106,6,Niskin; Sterivex 0.22µm filter,95% EtOH,West Coast,CB06,39.7,43.301,-124.503,1000.0,Sean McAllister,,7/5/2021 5:48:16 PM,7/5/2021 ,2021/07/05 05:48:00,2021/07/05 00:00:00,2021/07/04 22:48:00,43.301,-124.503,590106,6,40.0,984.0,33RO20210613,WCOA2021,CB06,59.0,1.0,11082.0,2.0,0.0,2021-07-05,2021.0,7.0,5.0,17:48:16,186.742,43.301,-124.503,90.0,40.0,39.7,8.486,33.876,2.0,,9.0,138.1,2.0,,,9.0,,9.0,,9.0,,,9.0,,,9.0,,9.0,,9.0,,9.0,,9.0,,9.0,,9.0,,9.0,1560.0,2.0,1360.0,2.0,585.0,2.0,0.0,2.0,2080000.0,2.0,1170000.0,2.0,855000.0,2.0,,,,,,,,,,,,,,,,,,,,,,,,,,,,,,,,,,,,,,,,,,,,,,,,,,,,,,,,,,,,,,,,,,,,,,,,,,,,,,,,,,,,,,,,,,,,,0.0,40.0,,,,,33.876,,,0.0,,8.486,,,,,,,,,,,,,11082.0,17:48:16,2021/07/05 17:48:16,6.0,11082.0,6.0,40.0,39.68,8.5091,33.8751,26.3144,3.18,138.42,0.051,160.88,50.89,dRB2102_CTD_059_01_F.csv,dRB2102,CTD,59.0,F.csv,590105
302,E609,1.0,1.0,False,WCOA21,2021_WCOA_RonBrown,7/5/2021,,5:57:35 PM,,E609,590113,13,Niskin; Sterivex 0.22µm filter,95% EtOH,West Coast,CB06,3.6,43.301,-124.503,1000.0,Sean McAllister,,7/5/2021 5:57:35 PM,7/5/2021 ,2021/07/05 05:57:00,2021/07/05 00:00:00,2021/07/04 22:57:00,43.301,-124.503,590113,13,4.0,991.0,33RO20210613,WCOA2021,CB06,59.0,1.0,11054.0,2.0,0.0,2021-07-05,2021.0,7.0,5.0,17:57:35,186.748,43.301,-124.503,90.0,3.6,3.6,12.224,33.196,2.0,,9.0,250.7,2.0,,,9.0,,9.0,,9.0,,,9.0,,,9.0,,9.0,,9.0,,9.0,,9.0,,9.0,,9.0,,9.0,,9.0,,9.0,,9.0,,9.0,,9.0,,9.0,,9.0,,,,,,,,,,,,,,,,,,,,,,,,,,,,,,,,,,,,,,,,,,,,,,,,,,,,,,,,,,,,,,,,,,,,,,,,,,,,,,,,,,,,,,,,,,,,,0.0,3.6,,,,,33.196,,,0.0,,12.224,,,,,,,,,,,,,11054.0,17:57:35,2021/07/05 17:57:35,13.0,11054.0,13.0,4.0,3.97,12.1784,33.1861,25.1469,5.75,250.69,0.119,159.28,86.29,dRB2102_CTD_059_01_F.csv,dRB2102,CTD,59.0,F.csv,590111
303,E611.1B,1.0,1.0,False,WCOA21,2021_WCOA_RonBrown,7/6/2021,,4:10:58 AM,,E611.1B,600101,1,Niskin; Sterivex 0.22µm filter,95% EtOH,West Coast,B66,2881.4,41.717,-125.657,1000.0,Sean McAllister,,7/6/2021 4:10:58 AM,7/6/2021 ,2021/07/06 04:10:00,2021/07/06 00:00:00,2021/07/05 21:10:00,41.717,-125.657,600101,1,2881.0,992.0,33RO20210613,WCOA2021,B66,60.0,1.0,11031.0,2.0,8.0,2021-07-06,2021.0,7.0,6.0,04:10:58,187.174,41.717,-125.657,2891.0,2924.3,2881.4,1.71,34.645,2.0,,9.0,91.6,2.0,92.5,3.041,6.0,2382.0,6.0,2433.5,6.0,7.4692,25.08,2.0,70.30947238433218,24.83,2.0,187.2,6.0,2.92,6.0,39.3,6.0,0.05,6.0,0.04,6.0,,9.0,2.105,6.0,,9.0,,9.0,,9.0,,9.0,,9.0,,9.0,,9.0,378.4490204309702,33.034593854744124,43.86190512835326,57.21108079013965,67.63250095160858,0.067410135855506,0.0,4.858358072188914e-08,1.8477704465857427,185.35222955341425,2280.927014081507,0.0003195056338192396,2.7713927758292947,0.0,0.0016817931770911,0.0196363853577132,0.0,0.0,0.3563109143432988,0.0811970397316181,27949.0444762908,2433.5,0.0,0.0,0.0,33.034593854744124,2.93378680670895,1.8477704465857427,0.0,0.0,0.0,43.86190512835342,0.0,0.0,-0.00013373671872511766,0.0001329914098704293,28995.0,2280.927014081507,57.21108079013965,2382.0,0.0441059305610433,0.0440481417155459,743.5348063124331,0.8015380990760376,0.9957059226310344,-0.00013299140987042878,0.00012529385484063617,83.14462618,0.0196363853577132,0.3563109143432988,1.0614360140773362,1.0521627186133249,0.0589910583283748,1e-07,1.1302178086137092e-10,1.1770445766876212e-06,1e-07,0.3263291914797432,1.8608513563102903e-09,7.67233295748778e-07,1.1085977546936e-06,5.34710682417068e-10,0.0041566022968566,0.0295791560994907,8.764415842789588e-07,6.24585952886225e-10,2.1252024080612392e-10,1.3630336246589225e-07,7.595899721928327e-15,0.000134490428361147,-0.00014169668969312834,1.0,1.0,3.0,1.0,10.0,1.0,1.0,0.0,1.0,1.0,746.7413715364181,7.671249902934528,7.706938453599759,7.760865020022378,7.66478919028739,7.671249902934528,2382.0,2.0,2433.5,1.0,0.0,,2924.3,1.0,1.0,0.8842398161310927,19.011307482156365,34.645,0.4948184547936383,0.7591216151423502,,0.1161581916697082,1.71,0.0,0.0,0.0,411.4836142857144,10180.254779598248,67.6328204572424,2.92,187.2,27949.046158083976,0.0,0.9933112115472572,751.7698006984507,11031.0,04:10:58,2021/07/06 04:10:58,1.0,11031.0,1.0,2881.0,2839.05,1.7068,34.6446,27.7252,2.11,91.64,0.04,135.67,52.57,dRB2102_CTD_060_01_F.csv,dRB2102,CTD,60.0,F.csv,600101
304,E611.2T,2.0,2.0,False,WCOA21,2021_WCOA_RonBrown,7/6/2021,,4:11:05 AM,,E611.2T,600102,2,Niskin; Sterivex 0.22µm filter,95% EtOH,West Coast,B66,2881.2,41.717,-125.657,1000.0,Sean McAllister,,7/6/2021 4:11:05 AM,7/6/2021 ,2021/07/06 04:11:00,2021/07/06 00:00:00,2021/07/05 21:11:00,41.717,-125.657,600102,2,2881.0,993.0,33RO20210613,WCOA2021,B66,60.0,1.0,11081.0,2.0,8.0,2021-07-06,2021.0,7.0,6.0,04:11:05,187.174,41.717,-125.657,2891.0,2924.0,2881.2,1.71,34.645,2.0,,9.0,91.6,2.0,92.5,3.041,9.0,2382.0,9.0,2433.5,9.0,7.4692,25.08,9.0,70.30947238433218,24.83,9.0,187.2,9.0,2.92,9.0,39.3,9.0,0.05,9.0,0.04,9.0,,9.0,2.105,9.0,,9.0,,9.0,,9.0,,9.0,,9.0,,9.0,,9.0,,,,,,,,,,,,,,,,,,,,,,,,,,,,,,,,,,,,,,,,,,,,,,,,,,,,,,,,,,,,,,,,,,,,,,,,,,,,,,,,,,,,,,,,,,,,,0.0,2924.0,,,,,34.645,,,0.0,,1.71,,,,,,,,,,,,,11081.0,04:11:05,2021/07/06 04:11:05,2.0,11081.0,2.0,2881.0,2839.05,1.7068,34.6446,27.7252,2.11,91.64,0.04,135.67,52.57,dRB2102_CTD_060_01_F.csv,dRB2102,CTD,60.0,F.csv,600101
305,E611.3T,2.0,3.0,False,WCOA21,2021_WCOA_RonBrown,7/6/2021,,4:11:05 AM,,E611.3T,600102,2,Niskin; Sterivex 0.22µm filter,95% EtOH,West Coast,B66,2881.2,41.717,-125.657,1000.0,Sean McAllister,,7/6/2021 4:11:05 AM,7/6/2021 ,2021/07/06 04:11:00,2021/07/06 00:00:00,2021/07/05 21:11:00,41.717,-125.657,600102,2,2881.0,993.0,33RO20210613,WCOA2021,B66,60.0,1.0,11081.0,2.0,8.0,2021-07-06,2021.0,7.0,6.0,04:11:05,187.174,41.717,-125.657,2891.0,2924.0,2881.2,1.71,34.645,2.0,,9.0,91.6,2.0,92.5,3.041,9.0,2382.0,9.0,2433.5,9.0,7.4692,25.08,9.0,70.30947238433218,24.83,9.0,187.2,9.0,2.92,9.0,39.3,9.0,0.05,9.0,0.04,9.0,,9.0,2.105,9.0,,9.0,,9.0,,9.0,,9.0,,9.0,,9.0,,9.0,,,,,,,,,,,,,,,,,,,,,,,,,,,,,,,,,,,,,,,,,,,,,,,,,,,,,,,,,,,,,,,,,,,,,,,,,,,,,,,,,,,,,,,,,,,,,0.0,2924.0,,,,,34.645,,,0.0,,1.71,,,,,,,,,,,,,11081.0,04:11:05,2021/07/06 04:11:05,2.0,11081.0,2.0,2881.0,2839.05,1.7068,34.6446,27.7252,2.11,91.64,0.04,135.67,52.57,dRB2102_CTD_060_01_F.csv,dRB2102,CTD,60.0,F.csv,600101
306,E612,1.0,1.0,False,WCOA21,2021_WCOA_RonBrown,7/6/2021,,5:29:33 AM,,E612,600113,13,Niskin; Sterivex 0.22µm filter,95% EtOH,West Coast,B66,100.2,41.717,-125.659,1000.0,Sean McAllister,,7/6/2021 5:29:33 AM,7/6/2021 ,2021/07/06 05:29:00,2021/07/06 00:00:00,2021/07/05 22:29:00,41.717,-125.659,600113,13,100.0,1004.0,33RO20210613,WCOA2021,B66,60.0,1.0,11054.0,2.0,8.0,2021-07-06,2021.0,7.0,6.0,05:29:33,187.229,41.717,-125.659,2891.0,101.0,100.2,9.125,32.595,2.0,,9.0,248.5,2.0,249.6,8.189,2.0,2057.4,2.0,2179.3,2.0,7.7105,25.08,6.0,100.47067285617943,24.83,6.0,9.3,2.0,1.11,2.0,10.4,2.0,0.05,2.0,0.04,2.0,,9.0,4.178,2.0,,9.0,,9.0,,9.0,,9.0,,9.0,,9.0,,9.0,340.0026140782478,47.1328573503237,22.66571233220597,95.00458889083929,63.63067066428168,0.0151065996308657,0.0,7.020549357884693e-09,0.1674668074740058,9.132533192525994,1939.7296987769548,0.0002077540706393719,1.030688261122775,0.0,0.0014679753634822,0.0100149367798559,0.0,0.0,1.1133914312286246,0.0642051322258093,26295.254976612512,2179.3,0.0,0.0,0.0,47.1328573503237,1.1590985185538445,0.1674668074740058,0.0,0.0,0.0,22.665712332205864,0.0,0.0,-0.00015788805513379753,0.00015252521715580886,28995.0,1939.7296987769548,95.00458889083929,2057.4,0.0426039486025353,0.0425531629878704,494.79964614997976,0.7672010728173594,0.9961061891942404,-0.00015252521715580935,0.00013749740121689203,83.14462618,0.0100149367798559,1.1133914312286246,1.1092952725354537,1.1034943216295816,0.045807858814304,1e-07,1.5882324471685143e-10,6.382431958619685e-07,1e-07,0.1793935530200429,1.5918185374784732e-09,4.039907272224537e-07,9.827066339404462e-07,5.624130805035107e-10,0.0030673629739308,0.0247085731815295,7.834524726483132e-07,7.153102694300527e-10,2.105666204911655e-10,1.6789002902072298e-07,1.27849760771886e-14,0.000163641754299799,-0.00017124105492286152,1.0,1.0,3.0,1.0,10.0,1.0,1.0,0.0,1.0,1.0,496.7338337193024,7.939947954884097,7.999351787882774,8.047251509365475,7.93216071082518,7.939947954884097,2057.4,2.0,2179.3,1.0,0.0,,101.0,1.0,1.0,0.8029464737812442,14.963191898838897,32.595,1.4256977238619024,2.252383063014473,,0.1936836688453724,9.125,0.0,0.0,0.0,387.13547142857146,9577.87283997705,63.63087841835231,1.11,9.3,26295.25644458788,0.0,0.9887866242842256,502.3670643591927,11054.0,05:29:33,2021/07/06 05:29:33,13.0,11054.0,13.0,100.0,99.19,9.4995,32.5095,25.0912,5.94,258.85,0.045,140.82,99.44,dRB2102_CTD_060_01_F.csv,dRB2102,CTD,60.0,F.csv,600113
307,E613.1B,1.0,1.0,False,WCOA21,2021_WCOA_RonBrown,7/6/2021,,5:47:27 AM,,E613.1B,600122,22,Niskin; Sterivex 0.22µm filter,95% EtOH,West Coast,B66,4.0,41.717,-125.659,1000.0,Sean McAllister,,7/6/2021 5:47:27 AM,7/6/2021 ,2021/07/06 05:47:00,2021/07/06 00:00:00,2021/07/05 22:47:00,41.717,-125.659,600122,22,4.0,1013.0,33RO20210613,WCOA2021,B66,60.0,1.0,11024.0,2.0,8.0,2021-07-06,2021.0,7.0,6.0,05:47:27,187.241,41.717,-125.659,2891.0,4.1,4.0,15.09,31.999,2.0,32.0029,2.0,266.6,2.0,266.6,8.731,6.0,1971.9,6.0,2168.6,6.0,7.9076,25.08,2.0,144.187706034307,24.83,2.0,1.5,2.0,0.38,2.0,0.0,2.0,0.05,2.0,0.05,2.0,0.3,2.0,,9.0,,9.0,,9.0,,9.0,,9.0,,9.0,,9.0,,9.0,314.36382817375704,65.7391869691001,14.349664116539763,142.29283118414028,62.47482696632791,0.0034363543841557,0.0,1.2518430833761722e-09,0.0444311041445042,1.4555688958554958,1815.25750469932,0.0001734611820500904,0.3390427472012874,0.0,0.0013974360003536,0.007464518079206,0.0,0.0,2.568165734140769,0.0375208971627136,25817.59217429283,2168.6,0.0,0.0,0.0,65.7391869691001,0.4140845402748716,0.0444311041445042,0.0,0.0,0.0,14.349664116539843,0.0,0.0,-0.0002053688808568878,0.00019285578204739312,28995.0,1815.25750469932,142.29283118414028,1971.9,0.0419081638958587,0.0418623073445577,377.73643527731366,0.7443490616365419,0.9963930473672672,-0.0001928557820473932,0.00016587102147277175,83.14462618,0.007464518079206,2.568165734140769,1.162685201640547,1.1696883824817166,0.037988562331841,1e-07,2.5951080717457117e-10,6.063050612702386e-07,1e-07,0.1379067688951796,1.8531955934771982e-09,3.8713652998368723e-07,1.1210526362066363e-06,6.946631777050347e-10,0.0026884659142398,0.0243263835681992,8.743514045594383e-07,9.807272777922058e-10,2.7051032013297787e-10,2.139369482073281e-07,2.2758966998908843e-14,0.00021961842540407428,-0.0002303264941993792,1.0,1.0,3.0,1.0,10.0,1.0,1.0,0.0,1.0,1.0,379.1038448887141,8.052470500997652,8.126998225755111,8.172275210764928,8.04405185597715,8.052470500997652,1971.9,2.0,2168.6,1.0,0.0,,4.1,1.0,1.0,0.720156063892448,11.888152508445806,32.0029,2.206984295956933,3.456418201710405,,0.2431848225749617,15.09,0.0,0.0,0.0,380.1030151428572,9403.887305123531,62.475000427509954,0.38,1.5,25817.59357172883,0.0,0.9833811651765948,385.5105815664417,11024.0,05:47:27,2021/07/06 05:47:27,22.0,11024.0,22.0,4.0,3.97,15.5283,32.0731,23.602,6.01,262.36,0.046,140.91,83.13,dRB2102_CTD_060_01_F.csv,dRB2102,CTD,60.0,F.csv,600122
308,E613.2B,2.0,1.0,False,WCOA21,2021_WCOA_RonBrown,7/6/2021,,5:47:33 AM,,E613.2B,600123,23,Niskin; Sterivex 0.22µm filter,95% EtOH,West Coast,B66,3.6,41.717,-125.659,1000.0,Sean McAllister,,7/6/2021 5:47:33 AM,7/6/2021 ,2021/07/06 05:47:00,2021/07/06 00:00:00,2021/07/05 22:47:00,41.717,-125.659,600123,23,4.0,1014.0,33RO20210613,WCOA2021,B66,60.0,1.0,11061.0,2.0,8.0,2021-07-06,2021.0,7.0,6.0,05:47:33,187.241,41.717,-125.659,2891.0,3.6,3.6,15.09,31.999,2.0,32.0029,9.0,266.5,2.0,266.6,8.731,9.0,1971.9,9.0,2168.6,9.0,7.9076,25.08,9.0,144.187706034307,24.83,9.0,1.5,9.0,0.38,9.0,0.0,9.0,0.05,9.0,0.05,9.0,0.3,9.0,,9.0,,9.0,,9.0,,9.0,,9.0,,9.0,,9.0,,9.0,,,,,,,,,,,,,,,,,,,,,,,,,,,,,,,,,,,,,,,,,,,,,,,,,,,,,,,,,,,,,,,,,,,,,,,,,,,,,,,,,,,,,,,,,,,,,0.0,3.6,,,,,31.999,,,0.0,,15.09,,,,,,,,,,,,,11061.0,05:47:33,2021/07/06 05:47:33,23.0,11061.0,23.0,4.0,3.97,15.5283,32.0731,23.602,6.01,262.36,0.046,140.91,83.13,dRB2102_CTD_060_01_F.csv,dRB2102,CTD,60.0,F.csv,600122
309,E613.3B,3.0,1.0,False,WCOA21,2021_WCOA_RonBrown,7/6/2021,,5:47:35 AM,,E613.3B,600124,24,Niskin; Sterivex 0.22µm filter,95% EtOH,West Coast,B66,4.2,41.717,-125.659,1000.0,Sean McAllister,Potential droplettes from sample on 1…chemists,7/6/2021 5:47:35 AM,7/6/2021 ,2021/07/06 05:47:00,2021/07/06 00:00:00,2021/07/05 22:47:00,41.717,-125.659,600124,24,4.0,1015.0,33RO20210613,WCOA2021,B66,60.0,1.0,11001.0,2.0,8.0,2021-07-06,2021.0,7.0,6.0,05:47:35,187.241,41.717,-125.659,2891.0,4.2,4.2,15.091,31.999,2.0,32.0029,9.0,266.6,2.0,266.6,8.731,9.0,1971.9,9.0,2168.6,9.0,7.9076,25.08,9.0,144.187706034307,24.83,9.0,1.5,9.0,0.38,9.0,0.0,9.0,0.05,9.0,0.05,9.0,0.3,9.0,,9.0,,9.0,,9.0,,9.0,,9.0,,9.0,,9.0,,9.0,,,,,,,,,,,,,,,,,,,,,,,,,,,,,,,,,,,,,,,,,,,,,,,,,,,,,,,,,,,,,,,,,,,,,,,,,,,,,,,,,,,,,,,,,,,,,0.0,4.2,,,,,31.999,,,0.0,,15.091,,,,,,,,,,,,,11001.0,05:47:35,2021/07/06 05:47:35,24.0,11001.0,24.0,4.0,3.97,15.5283,32.0731,23.602,6.01,262.36,0.046,140.91,83.13,dRB2102_CTD_060_01_F.csv,dRB2102,CTD,60.0,F.csv,600122
310,E614,1.0,1.0,False,WCOA21,2021_WCOA_RonBrown,7/6/2021,,1:48:40 PM,,E614,610102,2,Niskin; Sterivex 0.22µm filter,95% EtOH,West Coast,B38,1174.0,41.845,-125.05,1000.0,Sean McAllister,,7/6/2021 1:48:40 PM,7/6/2021 ,2021/07/06 01:48:00,2021/07/06 00:00:00,2021/07/05 18:48:00,41.845,-125.05,610102,2,1174.0,1017.0,33RO20210613,WCOA2021,B38,61.0,1.0,11081.0,2.0,8.0,2021-07-06,2021.0,7.0,6.0,13:48:40,187.575,41.845,-125.05,1184.0,1186.7,1174.0,3.394,34.463,2.0,34.474,2.0,24.7,2.0,,,9.0,,9.0,,9.0,,,9.0,,,9.0,,9.0,,9.0,,9.0,,9.0,,9.0,,9.0,,9.0,,9.0,,9.0,,9.0,,9.0,,9.0,,9.0,,9.0,,,,,,,,,,,,,,,,,,,,,,,,,,,,,,,,,,,,,,,,,,,,,,,,,,,,,,,,,,,,,,,,,,,,,,,,,,,,,,,,,,,,,,,,,,,,,0.0,1186.7,,,,,34.474,,,0.0,,3.394,,,,,,,,,,,,,11081.0,13:48:40,2021/07/06 13:48:40,2.0,11081.0,2.0,1174.0,1161.53,3.3952,34.4634,27.4278,0.57,24.68,0.041,131.59,23.61,dRB2102_CTD_061_01_F.csv,dRB2102,CTD,61.0,F.csv,610101
311,E615,1.0,1.0,False,WCOA21,2021_WCOA_RonBrown,7/6/2021,,1:56:58 PM,,E615,610103,3,Niskin; Sterivex 0.22µm filter,95% EtOH,West Coast,B38,990.6,41.845,-125.05,1000.0,Sean McAllister,,7/6/2021 1:56:58 PM,7/6/2021 ,2021/07/06 01:56:00,2021/07/06 00:00:00,2021/07/05 18:56:00,41.845,-125.05,610103,3,991.0,1018.0,33RO20210613,WCOA2021,B38,61.0,1.0,11020.0,2.0,8.0,2021-07-06,2021.0,7.0,6.0,13:56:58,187.581,41.845,-125.05,1184.0,1000.8,990.6,3.892,34.4,2.0,,9.0,16.4,2.0,16.7,0.55,2.0,2362.6,2.0,2363.2,2.0,7.2999,24.94,6.0,46.56420201558165,24.61,6.0,123.7,6.0,3.29,6.0,43.5,6.0,0.09,6.0,0.04,6.0,,9.0,4.212,2.0,,9.0,,9.0,,9.0,,9.0,,9.0,,9.0,,9.0,387.0489000961547,21.524814189559528,66.1132515446623,40.8701660282785,67.15407726716633,0.1133659291126977,0.0,1.2051530873411228e-07,0.8141181425086559,122.88588185749134,2255.61658242706,0.0004623122575066147,3.112775154259002,0.0,0.0027650267121914,0.0252183497512194,0.0,0.0,0.2921062470668518,0.0638587961129911,27751.395354127235,2363.2,0.0,0.0,0.0,21.524814189559528,3.240492625969676,0.8141181425086559,0.0,0.0,0.0,66.11325154466229,0.0,0.0,-0.00012841032766308612,0.00012979713892083614,28995.0,2255.61658242706,40.8701660282785,2362.6,0.041114390105158,0.0410587683627363,1213.9443312585156,0.792351818848,0.9958291133550252,-0.00012979713892083628,0.00012429654321391312,83.14462618,0.0252183497512194,0.2921062470668518,1.044253810803543,1.037799047721999,0.0544615184092682,1e-07,1.1066840366065939e-10,8.08458130300719e-07,1e-07,0.2531058347606657,1.5562296767973071e-09,5.155516906237304e-07,9.547218920542655e-07,5.070388568079853e-10,0.0036631410486008,0.0263233072797064,7.683610104632329e-07,5.740808960383142e-10,1.853896830737452e-10,1.3851514647933784e-07,8.174119159459646e-15,0.00012705283775847409,-0.0001358071215852433,1.0,1.0,3.0,1.0,10.0,1.0,1.0,0.0,1.0,1.0,1219.0287620419567,7.553099880602258,7.598283336374687,7.647065434737954,7.54598349392573,7.553099880602258,2362.6,2.0,2363.2,1.0,0.0,,1000.8,1.0,1.0,0.9152431902173472,19.00776915359576,34.4,0.5110052865697141,0.8013287242916828,,0.0894434649641573,3.892,0.0,0.0,0.0,408.57371428571423,10108.2627916923,67.15453957942383,3.29,123.7,27751.398119153942,0.0,0.9921892271843392,1228.6252749400926,11020.0,13:56:58,2021/07/06 13:56:58,3.0,11020.0,3.0,991.0,980.9,3.8889,34.3975,27.3258,0.37,16.25,0.042,132.35,100.0,dRB2102_CTD_061_01_F.csv,dRB2102,CTD,61.0,F.csv,610103
312,E616,1.0,1.0,False,WCOA21,2021_WCOA_RonBrown,7/6/2021,,2:24:23 PM,,E616,610108,8,Niskin; Sterivex 0.22µm filter,95% EtOH,West Coast,B38,198.7,41.845,-125.051,1000.0,Sean McAllister,,7/6/2021 2:24:23 PM,7/6/2021 ,2021/07/06 02:24:00,2021/07/06 00:00:00,2021/07/05 19:24:00,41.845,-125.051,610108,8,199.0,1023.0,33RO20210613,WCOA2021,B38,61.0,1.0,11027.0,2.0,8.0,2021-07-06,2021.0,7.0,6.0,14:24:23,187.6,41.845,-125.051,1184.0,200.4,198.7,7.274,33.995,2.0,,9.0,91.4,2.0,91.0,2.989,2.0,2239.0,2.0,2270.6,2.0,7.4005,24.94,2.0,55.66321771336739,24.61,2.0,49.4,2.0,2.41,2.0,32.5,2.0,0.08,2.0,0.06,2.0,,9.0,5.822,2.0,,9.0,,9.0,,9.0,,9.0,,9.0,,9.0,,9.0,377.5528850805318,26.21058634803964,49.90636701838743,51.99184097038245,66.36351373305179,0.0661862984153313,0.0,5.9041610062991393e-08,0.431263798101904,48.96873620189809,2137.1017920112304,0.0003982728352149472,2.2784202300435363,0.0,0.0026707709953199,0.019692241752881,0.0,0.0,0.4862301914459046,0.0653934124995228,27424.67113913129,2270.6,0.0,0.0,0.0,26.21058634803964,2.409206996000972,0.431263798101904,0.0,0.0,0.0,49.90636701838764,0.0,0.0,-0.00012747344344360236,0.00012735482121836218,28995.0,2137.1017920112304,51.99184097038245,2239.0,0.0406145386954722,0.0405620991871155,1031.178901110577,0.778258969412865,0.9960110402282858,-0.00012735482121836267,0.00012039460960420914,83.14462618,0.019692241752881,0.4862301914459046,1.057811654832674,1.0507730228090095,0.0483973895942195,1e-07,1.3597823919893508e-10,6.831898879313044e-07,1e-07,0.2022087460929335,1.5524916021532975e-09,4.329864934911834e-07,9.576340260790967e-07,5.440518651438232e-10,0.0032812841862453,0.0250691851196786,7.698321625888908e-07,6.41845483594459e-10,1.9694929203801198e-10,1.5588304228066946e-07,1.0873572096330991e-14,0.00012759228685168842,-0.00013516917490180255,1.0,1.0,3.0,1.0,10.0,1.0,1.0,0.0,1.0,1.0,1035.3087058896765,7.650469683579781,7.705704841226636,7.751679026952055,7.642803161567214,7.650469683579781,2239.0,2.0,2270.6,1.0,0.0,,200.4,1.0,1.0,0.890695749912457,18.597178124175105,33.995,0.7601982980115038,1.1994826578455915,,0.1085250637702822,7.274,0.0,0.0,0.0,403.76347142857145,9989.255628011038,66.363912005887,2.41,49.39999999999999,27424.67380990228,0.0,0.9901199300618212,1045.639699248387,11027.0,14:24:23,2021/07/06 14:24:23,8.0,11027.0,8.0,199.0,197.35,7.3518,33.9908,26.5775,2.13,92.64,0.04,133.78,99.76,dRB2102_CTD_061_01_F.csv,dRB2102,CTD,61.0,F.csv,610108
313,E617,1.0,1.0,False,WCOA21,2021_WCOA_RonBrown,7/6/2021,,2:34:24 PM,,E617,610112,12,Niskin; Sterivex 0.22µm filter,95% EtOH,West Coast,B38,99.6,41.845,-125.052,1000.0,Sean McAllister,,7/6/2021 2:34:24 PM,7/6/2021 ,2021/07/06 02:34:00,2021/07/06 00:00:00,2021/07/05 19:34:00,41.845,-125.052,610112,12,100.0,1027.0,33RO20210613,WCOA2021,B38,61.0,1.0,11026.0,2.0,8.0,2021-07-06,2021.0,7.0,6.0,14:34:24,187.607,41.845,-125.052,1184.0,100.4,99.6,8.324,33.771,2.0,,9.0,151.5,2.0,,,9.0,,9.0,,9.0,,,9.0,,,9.0,,9.0,,9.0,,9.0,,9.0,,9.0,,9.0,,9.0,,9.0,,9.0,,9.0,,9.0,,9.0,,9.0,,9.0,,,,,,,,,,,,,,,,,,,,,,,,,,,,,,,,,,,,,,,,,,,,,,,,,,,,,,,,,,,,,,,,,,,,,,,,,,,,,,,,,,,,,,,,,,,,,0.0,100.4,,,,,33.771,,,0.0,,8.324,,,,,,,,,,,,,11026.0,14:34:24,2021/07/06 14:34:24,12.0,11026.0,12.0,100.0,99.19,8.3115,33.7055,26.2123,3.49,152.02,0.04,133.98,99.48,dRB2102_CTD_061_01_F.csv,dRB2102,CTD,61.0,F.csv,610111
314,E618,1.0,1.0,False,WCOA21,2021_WCOA_RonBrown,7/6/2021,,2:58:47 PM,,E618,610123,23,Niskin; Sterivex 0.22µm filter,95% EtOH,West Coast,B38,4.6,41.845,-125.053,1000.0,Sean McAllister,,7/6/2021 2:58:47 PM,7/6/2021 ,2021/07/06 02:58:00,2021/07/06 00:00:00,2021/07/05 19:58:00,41.845,-125.053,610123,23,5.0,1038.0,33RO20210613,WCOA2021,B38,61.0,1.0,11061.0,2.0,8.0,2021-07-06,2021.0,7.0,6.0,14:58:47,187.624,41.845,-125.053,1184.0,4.7,4.6,12.981,32.996,2.0,,9.0,267.7,2.0,,,9.0,,9.0,,9.0,,,9.0,,,9.0,,9.0,,9.0,,9.0,,9.0,,9.0,,9.0,,9.0,,9.0,,9.0,,9.0,,9.0,,9.0,,9.0,,9.0,,,,,,,,,,,,,,,,,,,,,,,,,,,,,,,,,,,,,,,,,,,,,,,,,,,,,,,,,,,,,,,,,,,,,,,,,,,,,,,,,,,,,,,,,,,,,0.0,4.7,,,,,32.996,,,0.0,,12.981,,,,,,,,,,,,,11061.0,14:58:47,2021/07/06 14:58:47,23.0,11061.0,23.0,5.0,4.96,12.9878,32.9983,24.8451,6.14,267.47,0.07,132.19,99.62,dRB2102_CTD_061_01_F.csv,dRB2102,CTD,61.0,F.csv,610121
315,E619,1.0,1.0,False,WCOA21,2021_WCOA_RonBrown,7/6/2021,,4:42:04 PM,,E619,620102,2,Niskin; Sterivex 0.22µm filter,95% EtOH,West Coast,B26,687.2,41.899,-124.795,1000.0,Sean McAllister,,7/6/2021 4:42:04 PM,7/6/2021 ,2021/07/06 04:42:00,2021/07/06 00:00:00,2021/07/05 21:42:00,41.899,-124.795,620102,2,687.0,1040.0,33RO20210613,WCOA2021,B26,62.0,1.0,11081.0,2.0,8.0,2021-07-06,2021.0,7.0,6.0,16:42:04,187.696,41.899,-124.795,697.0,693.8,687.2,4.926,34.307,2.0,34.3086,2.0,13.8,2.0,,,9.0,,9.0,,9.0,,,9.0,,,9.0,,9.0,,9.0,,9.0,,9.0,,9.0,,9.0,,9.0,,9.0,,9.0,,9.0,,9.0,,9.0,,9.0,,9.0,,,,,,,,,,,,,,,,,,,,,,,,,,,,,,,,,,,,,,,,,,,,,,,,,,,,,,,,,,,,,,,,,,,,,,,,,,,,,,,,,,,,,,,,,,,,,0.0,693.8,,,,,34.3086,,,0.0,,4.926,,,,,,,,,,,,,11081.0,16:42:04,2021/07/06 16:42:04,2.0,11081.0,2.0,687.0,680.49,4.9452,34.3044,27.1363,0.33,14.19,0.041,131.14,16.21,dRB2102_CTD_062_01_F.csv,dRB2102,CTD,62.0,F.csv,620101
316,E620,1.0,1.0,False,WCOA21,2021_WCOA_RonBrown,7/6/2021,,4:47:59 PM,,E620,620104,4,Niskin; Sterivex 0.22µm filter,95% EtOH,West Coast,B26,496.2,41.899,-124.794,1000.0,Sean McAllister,,7/6/2021 4:47:59 PM,7/6/2021 ,2021/07/06 04:47:00,2021/07/06 00:00:00,2021/07/05 21:47:00,41.899,-124.794,620104,4,496.0,1042.0,33RO20210613,WCOA2021,B26,62.0,1.0,11058.0,2.0,8.0,2021-07-06,2021.0,7.0,6.0,16:47:59,187.7,41.899,-124.794,697.0,500.7,496.2,5.683,34.17,2.0,,9.0,30.3,2.0,,,9.0,,9.0,,9.0,,,9.0,,,9.0,,9.0,,9.0,,9.0,,9.0,,9.0,,9.0,,9.0,,9.0,,9.0,,9.0,,9.0,,9.0,,9.0,,9.0,,,,,,,,,,,,,,,,,,,,,,,,,,,,,,,,,,,,,,,,,,,,,,,,,,,,,,,,,,,,,,,,,,,,,,,,,,,,,,,,,,,,,,,,,,,,,0.0,500.7,,,,,34.17,,,0.0,,5.683,,,,,,,,,,,,,11058.0,16:47:59,2021/07/06 16:47:59,4.0,11058.0,4.0,496.0,491.53,5.7025,34.1676,26.937,0.7,30.48,0.04,131.98,99.99,dRB2102_CTD_062_01_F.csv,dRB2102,CTD,62.0,F.csv,620103
317,E621,1.0,1.0,False,WCOA21,2021_WCOA_RonBrown,7/6/2021,,5:02:17 PM,,E621,620108,8,Niskin; Sterivex 0.22µm filter,95% EtOH,West Coast,B26,198.7,41.899,-124.795,1000.0,Sean McAllister,,7/6/2021 5:02:17 PM,7/6/2021 ,2021/07/06 05:02:00,2021/07/06 00:00:00,2021/07/05 22:02:00,41.899,-124.795,620108,8,199.0,1046.0,33RO20210613,WCOA2021,B26,62.0,1.0,11027.0,2.0,8.0,2021-07-06,2021.0,7.0,6.0,17:02:17,187.71,41.899,-124.795,697.0,200.4,198.7,7.609,34.07,2.0,,9.0,71.5,2.0,,,9.0,,9.0,,9.0,,,9.0,,,9.0,,9.0,,9.0,,9.0,,9.0,,9.0,,9.0,,9.0,,9.0,,9.0,,9.0,,9.0,,9.0,,9.0,,9.0,,,,,,,,,,,,,,,,,,,,,,,,,,,,,,,,,,,,,,,,,,,,,,,,,,,,,,,,,,,,,,,,,,,,,,,,,,,,,,,,,,,,,,,,,,,,,0.0,200.4,,,,,34.07,,,0.0,,7.609,,,,,,,,,,,,,11027.0,17:02:17,2021/07/06 17:02:17,8.0,11027.0,8.0,199.0,197.35,7.6376,34.0647,26.5951,1.68,73.25,0.04,132.13,99.83,dRB2102_CTD_062_01_F.csv,dRB2102,CTD,62.0,F.csv,620107
318,E622,1.0,1.0,False,WCOA21,2021_WCOA_RonBrown,7/6/2021,,5:12:14 PM,,E622,620112,12,Niskin; Sterivex 0.22µm filter,95% EtOH,West Coast,B26,99.4,41.899,-124.795,1000.0,Sean McAllister,,7/6/2021 5:12:14 PM,7/6/2021 ,2021/07/06 05:12:00,2021/07/06 00:00:00,2021/07/05 22:12:00,41.899,-124.795,620112,12,99.0,1050.0,33RO20210613,WCOA2021,B26,62.0,1.0,11026.0,2.0,8.0,2021-07-06,2021.0,7.0,6.0,17:12:14,187.717,41.899,-124.795,697.0,100.2,99.4,8.27,33.787,2.0,,9.0,159.0,2.0,,,9.0,,9.0,,9.0,,,9.0,,,9.0,,9.0,,9.0,,9.0,,9.0,,9.0,,9.0,,9.0,,9.0,,9.0,,9.0,,9.0,,9.0,,9.0,,9.0,,,,,,,,,,,,,,,,,,,,,,,,,,,,,,,,,,,,,,,,,,,,,,,,,,,,,,,,,,,,,,,,,,,,,,,,,,,,,,,,,,,,,,,,,,,,,0.0,100.2,,,,,33.787,,,0.0,,8.27,,,,,,,,,,,,,11026.0,17:12:14,2021/07/06 17:12:14,12.0,11026.0,12.0,99.0,98.2,8.2923,33.828,26.3113,3.38,147.07,0.04,131.99,99.5,dRB2102_CTD_062_01_F.csv,dRB2102,CTD,62.0,F.csv,620111
319,E623,1.0,1.0,False,WCOA21,2021_WCOA_RonBrown,7/6/2021,,5:32:44 PM,,E623,620123,23,Niskin; Sterivex 0.22µm filter,95% EtOH,West Coast,B26,4.2,41.898,-124.796,1000.0,Sean McAllister,,7/6/2021 5:32:44 PM,7/6/2021 ,2021/07/06 05:32:00,2021/07/06 00:00:00,2021/07/05 22:32:00,41.898,-124.796,620123,23,4.0,1061.0,33RO20210613,WCOA2021,B26,62.0,1.0,11061.0,2.0,8.0,2021-07-06,2021.0,7.0,6.0,17:32:44,187.731,41.898,-124.796,697.0,4.2,4.2,11.796,33.132,2.0,,9.0,263.9,2.0,,,9.0,,9.0,,9.0,,,9.0,,,9.0,,9.0,,9.0,,9.0,,9.0,,9.0,,9.0,,9.0,,9.0,,9.0,,9.0,,9.0,,9.0,,9.0,,9.0,,,,,,,,,,,,,,,,,,,,,,,,,,,,,,,,,,,,,,,,,,,,,,,,,,,,,,,,,,,,,,,,,,,,,,,,,,,,,,,,,,,,,,,,,,,,,0.0,4.2,,,,,33.132,,,0.0,,11.796,,,,,,,,,,,,,11061.0,17:32:44,2021/07/06 17:32:44,23.0,11061.0,23.0,4.0,3.97,11.5775,33.1584,25.2375,6.04,263.27,0.077,130.55,1.22,dRB2102_CTD_062_01_F.csv,dRB2102,CTD,62.0,F.csv,620121
320,E624,1.0,1.0,False,WCOA21,2021_WCOA_RonBrown,7/6/2021,,7:10:54 PM,,E624,630102,2,Niskin; Sterivex 0.22µm filter,95% EtOH,West Coast,B17,426.0,41.942,-124.604,1000.0,Sean McAllister,,7/6/2021 7:10:54 PM,7/6/2021 ,2021/07/06 07:10:00,2021/07/06 00:00:00,2021/07/06 00:10:00,41.942,-124.604,630102,2,426.0,1063.0,33RO20210613,WCOA2021,B17,63.0,1.0,11081.0,2.0,8.0,2021-07-06,2021.0,7.0,6.0,19:10:54,187.799,41.942,-124.604,437.0,429.8,426.0,6.542,34.129,2.0,,9.0,44.4,2.0,,,9.0,,9.0,,9.0,,,9.0,,,9.0,,9.0,,9.0,,9.0,,9.0,,9.0,,9.0,,9.0,,9.0,,9.0,,9.0,,9.0,,9.0,,9.0,,9.0,,,,,,,,,,,,,,,,,,,,,,,,,,,,,,,,,,,,,,,,,,,,,,,,,,,,,,,,,,,,,,,,,,,,,,,,,,,,,,,,,,,,,,,,,,,,,0.0,429.8,,,,,34.129,,,0.0,,6.542,,,,,,,,,,,,,11081.0,19:10:54,2021/07/06 19:10:54,2.0,11081.0,2.0,426.0,422.23,6.569,34.1267,26.7941,1.04,45.16,0.04,132.52,13.96,dRB2102_CTD_063_01_F.csv,dRB2102,CTD,63.0,F.csv,630101
321,E625,1.0,1.0,False,WCOA21,2021_WCOA_RonBrown,7/6/2021,,7:14:47 PM,,E625,630104,4,Niskin; Sterivex 0.22µm filter,95% EtOH,West Coast,B17,396.4,41.942,-124.603,1000.0,Sean McAllister,,7/6/2021 7:14:47 PM,7/6/2021 ,2021/07/06 07:14:00,2021/07/06 00:00:00,2021/07/06 00:14:00,41.942,-124.603,630104,4,396.0,1065.0,33RO20210613,WCOA2021,B17,63.0,1.0,11058.0,2.0,8.0,2021-07-06,2021.0,7.0,6.0,19:14:47,187.802,41.942,-124.603,437.0,399.9,396.4,6.724,34.117,2.0,,9.0,49.0,2.0,,,9.0,,9.0,,9.0,,,9.0,,,9.0,,9.0,,9.0,,9.0,,9.0,,9.0,,9.0,,9.0,,9.0,,9.0,,9.0,,9.0,,9.0,,9.0,,9.0,,,,,,,,,,,,,,,,,,,,,,,,,,,,,,,,,,,,,,,,,,,,,,,,,,,,,,,,,,,,,,,,,,,,,,,,,,,,,,,,,,,,,,,,,,,,,0.0,399.9,,,,,34.117,,,0.0,,6.724,,,,,,,,,,,,,11058.0,19:14:47,2021/07/06 19:14:47,4.0,11058.0,4.0,396.0,392.52,6.7996,34.1124,26.7518,1.18,51.38,0.04,132.68,45.79,dRB2102_CTD_063_01_F.csv,dRB2102,CTD,63.0,F.csv,630103
322,E626,1.0,1.0,False,WCOA21,2021_WCOA_RonBrown,7/6/2021,,7:32:45 PM,,E626,630110,10,Niskin; Sterivex 0.22µm filter,95% EtOH,West Coast,B17,99.2,41.941,-124.602,1000.0,Sean McAllister,,7/6/2021 7:32:45 PM,7/6/2021 ,2021/07/06 07:32:00,2021/07/06 00:00:00,2021/07/06 00:32:00,41.941,-124.602,630110,10,99.0,1071.0,33RO20210613,WCOA2021,B17,63.0,1.0,11067.0,2.0,8.0,2021-07-06,2021.0,7.0,6.0,19:32:45,187.814,41.941,-124.602,437.0,100.0,99.2,8.196,33.946,2.0,,9.0,114.3,2.0,,,9.0,,9.0,,9.0,,,9.0,,,9.0,,9.0,,9.0,,9.0,,9.0,,9.0,,9.0,,9.0,,9.0,,9.0,,9.0,,9.0,,9.0,,9.0,,9.0,,,,,,,,,,,,,,,,,,,,,,,,,,,,,,,,,,,,,,,,,,,,,,,,,,,,,,,,,,,,,,,,,,,,,,,,,,,,,,,,,,,,,,,,,,,,,0.0,100.0,,,,,33.946,,,0.0,,8.196,,,,,,,,,,,,,11067.0,19:32:45,2021/07/06 19:32:45,10.0,11067.0,10.0,99.0,98.2,8.1145,33.953,26.4361,2.54,110.66,0.04,133.01,99.67,dRB2102_CTD_063_01_F.csv,dRB2102,CTD,63.0,F.csv,630109
323,E627,1.0,1.0,False,WCOA21,2021_WCOA_RonBrown,7/6/2021,,7:51:28 PM,,E627,630121,21,Niskin; Sterivex 0.22µm filter,95% EtOH,West Coast,B17,3.6,41.942,-124.602,1000.0,Sean McAllister,,7/6/2021 7:51:28 PM,7/6/2021 ,2021/07/06 07:51:00,2021/07/06 00:00:00,2021/07/06 00:51:00,41.942,-124.602,630121,21,4.0,1082.0,33RO20210613,WCOA2021,B17,63.0,1.0,11062.0,2.0,8.0,2021-07-06,2021.0,7.0,6.0,19:51:28,187.827,41.942,-124.602,437.0,3.6,3.6,11.561,33.298,2.0,,9.0,254.0,2.0,,,9.0,,9.0,,9.0,,,9.0,,,9.0,,9.0,,9.0,,9.0,,9.0,,9.0,,9.0,,9.0,,9.0,,9.0,,9.0,,9.0,,9.0,,9.0,,9.0,,,,,,,,,,,,,,,,,,,,,,,,,,,,,,,,,,,,,,,,,,,,,,,,,,,,,,,,,,,,,,,,,,,,,,,,,,,,,,,,,,,,,,,,,,,,,0.0,3.6,,,,,33.298,,,0.0,,11.561,,,,,,,,,,,,,11062.0,19:51:28,2021/07/06 19:51:28,21.0,11062.0,21.0,4.0,3.97,10.0574,33.3415,25.6475,5.52,240.27,0.16,131.98,99.38,dRB2102_CTD_063_01_F.csv,dRB2102,CTD,63.0,F.csv,630119
324,E628,1.0,1.0,False,WCOA21,2021_WCOA_RonBrown,7/6/2021,,9:15:06 PM,,E628,640102,2,Niskin; Sterivex 0.22µm filter,95% EtOH,West Coast,B15,168.1,41.947,-124.562,1000.0,Sean McAllister,Sterivex on inlet,7/6/2021 9:15:06 PM,7/6/2021 ,2021/07/06 09:15:00,2021/07/06 00:00:00,2021/07/06 02:15:00,41.947,-124.562,640102,2,168.0,1085.0,33RO20210613,WCOA2021,B15,64.0,1.0,11081.0,2.0,8.0,2021-07-06,2021.0,7.0,6.0,21:15:06,187.885,41.947,-124.562,179.0,169.5,168.1,7.792,34.026,2.0,,9.0,82.5,2.0,,,9.0,,9.0,,9.0,,,9.0,,,9.0,,9.0,,9.0,,9.0,,9.0,,9.0,,9.0,,9.0,144.5,2.0,149.0,2.0,17.5,2.0,0.0,2.0,693000.0,2.0,481000.0,2.0,133000.0,2.0,,,,,,,,,,,,,,,,,,,,,,,,,,,,,,,,,,,,,,,,,,,,,,,,,,,,,,,,,,,,,,,,,,,,,,,,,,,,,,,,,,,,,,,,,,,,,0.0,169.5,,,,,34.026,,,0.0,,7.792,,,,,,,,,,,,,11081.0,21:15:06,2021/07/06 21:15:06,2.0,11081.0,2.0,168.0,166.62,7.783,34.0275,26.5444,1.88,81.98,0.04,131.27,11.24,dRB2102_CTD_064_01_F.csv,dRB2102,CTD,64.0,F.csv,640101
325,E629,1.0,1.0,False,WCOA21,2021_WCOA_RonBrown,7/6/2021,,9:17:41 PM,,E629,640104,4,Niskin; Sterivex 0.22µm filter,95% EtOH,West Coast,B15,149.2,41.947,-124.562,1000.0,Sean McAllister,Sterivex on inlet,7/6/2021 9:17:41 PM,7/6/2021 ,2021/07/06 09:17:00,2021/07/06 00:00:00,2021/07/06 02:17:00,41.947,-124.562,640104,4,149.0,1087.0,33RO20210613,WCOA2021,B15,64.0,1.0,11058.0,2.0,8.0,2021-07-06,2021.0,7.0,6.0,21:17:41,187.887,41.947,-124.562,179.0,150.5,149.2,7.936,34.003,2.0,,9.0,92.6,2.0,,,9.0,,9.0,,9.0,,,9.0,,,9.0,,9.0,,9.0,,9.0,,9.0,,9.0,,9.0,,9.0,,9.0,,9.0,,9.0,,9.0,,9.0,,9.0,,9.0,,,,,,,,,,,,,,,,,,,,,,,,,,,,,,,,,,,,,,,,,,,,,,,,,,,,,,,,,,,,,,,,,,,,,,,,,,,,,,,,,,,,,,,,,,,,,0.0,150.5,,,,,34.003,,,0.0,,7.936,,,,,,,,,,,,,11058.0,21:17:41,2021/07/06 21:17:41,4.0,11058.0,4.0,149.0,147.78,7.9024,34.0098,26.5128,2.06,89.7,0.04,131.35,30.33,dRB2102_CTD_064_01_F.csv,dRB2102,CTD,64.0,F.csv,640103
326,E630,1.0,1.0,False,WCOA21,2021_WCOA_RonBrown,7/6/2021,,9:25:49 PM,,E630,640108,8,Niskin; Sterivex 0.22µm filter,95% EtOH,West Coast,B15,79.6,41.946,-124.562,1000.0,Sean McAllister,Sterivex on inlet,7/6/2021 9:25:49 PM,7/6/2021 ,2021/07/06 09:25:00,2021/07/06 00:00:00,2021/07/06 02:25:00,41.946,-124.562,640108,8,80.0,1091.0,33RO20210613,WCOA2021,B15,64.0,1.0,11027.0,2.0,8.0,2021-07-06,2021.0,7.0,6.0,21:25:49,187.893,41.946,-124.562,179.0,80.3,79.6,8.313,33.883,2.0,,9.0,126.6,2.0,,,9.0,,9.0,,9.0,,,9.0,,,9.0,,9.0,,9.0,,9.0,,9.0,,9.0,,9.0,,9.0,165.0,2.0,206.0,2.0,24.8,2.0,0.0,2.0,730000.0,2.0,448000.0,2.0,158000.0,2.0,,,,,,,,,,,,,,,,,,,,,,,,,,,,,,,,,,,,,,,,,,,,,,,,,,,,,,,,,,,,,,,,,,,,,,,,,,,,,,,,,,,,,,,,,,,,,0.0,80.3,,,,,33.883,,,0.0,,8.313,,,,,,,,,,,,,11027.0,21:25:49,2021/07/06 21:25:49,8.0,11027.0,8.0,80.0,79.36,8.3507,33.8599,26.3273,3.05,132.69,0.042,131.33,99.46,dRB2102_CTD_064_01_F.csv,dRB2102,CTD,64.0,F.csv,640107
327,E631,1.0,1.0,False,WCOA21,2021_WCOA_RonBrown,7/6/2021,,9:39:38 PM,,E631,640117,17,Niskin; Sterivex 0.22µm filter,95% EtOH,West Coast,B15,3.8,41.946,-124.562,1000.0,Sean McAllister,Sterivex on inlet,7/6/2021 9:39:38 PM,7/6/2021 ,2021/07/06 09:39:00,2021/07/06 00:00:00,2021/07/06 02:39:00,41.946,-124.562,640117,17,4.0,1100.0,33RO20210613,WCOA2021,B15,64.0,1.0,11052.0,2.0,8.0,2021-07-06,2021.0,7.0,6.0,21:39:38,187.903,41.946,-124.562,179.0,3.8,3.8,11.365,33.327,2.0,,9.0,280.5,2.0,,,9.0,,9.0,,9.0,,,9.0,,,9.0,,9.0,,9.0,,9.0,,9.0,,9.0,,9.0,,9.0,26550.0,2.0,12100.0,2.0,1420.0,2.0,8.32,2.0,3630000.0,2.0,1470000.0,2.0,1570000.0,2.0,,,,,,,,,,,,,,,,,,,,,,,,,,,,,,,,,,,,,,,,,,,,,,,,,,,,,,,,,,,,,,,,,,,,,,,,,,,,,,,,,,,,,,,,,,,,,0.0,3.8,,,,,33.327,,,0.0,,11.365,,,,,,,,,,,,,11052.0,21:39:38,2021/07/06 21:39:38,17.0,11052.0,17.0,4.0,3.97,11.2188,33.3573,25.4574,6.44,280.37,0.221,129.07,80.85,dRB2102_CTD_064_01_F.csv,dRB2102,CTD,64.0,F.csv,640116
328,E632,1.0,1.0,False,WCOA21,2021_WCOA_RonBrown,7/6/2021,,11:01:42 PM,,E632,650102,2,Niskin; Sterivex 0.22µm filter,95% EtOH,West Coast,B9,78.4,41.975,-124.416,1000.0,Sean McAllister,Sterivex on inlet,7/6/2021 11:01:42 PM,7/6/2021 ,2021/07/06 11:01:00,2021/07/06 00:00:00,2021/07/06 04:01:00,41.975,-124.416,650102,2,78.0,1104.0,33RO20210613,WCOA2021,B9,65.0,1.0,11081.0,2.0,8.0,2021-07-06,2021.0,7.0,6.0,23:01:42,187.96,41.975,-124.416,88.0,79.0,78.4,8.331,33.885,2.0,,9.0,117.5,2.0,,,9.0,,9.0,,9.0,,,9.0,,,9.0,,9.0,,9.0,,9.0,,9.0,,9.0,,9.0,,9.0,468.5,2.0,216.0,2.0,149.0,2.0,0.0,2.0,733000.0,2.0,508000.0,2.0,120000.0,2.0,,,,,,,,,,,,,,,,,,,,,,,,,,,,,,,,,,,,,,,,,,,,,,,,,,,,,,,,,,,,,,,,,,,,,,,,,,,,,,,,,,,,,,,,,,,,,0.0,79.0,,,,,33.885,,,0.0,,8.331,,,,,,,,,,,,,11081.0,23:01:42,2021/07/06 23:01:42,2.0,11081.0,2.0,78.0,77.37,8.3309,33.881,26.3468,2.74,119.17,0.048,159.53,6.15,dRB2102_CTD_065_01_F.csv,dRB2102,CTD,65.0,F.csv,650101
329,E633,1.0,1.0,False,WCOA21,2021_WCOA_RonBrown,7/6/2021,,11:08:14 PM,,E633,650106,6,Niskin; Sterivex 0.22µm filter,95% EtOH,West Coast,B9,39.4,41.975,-124.416,1000.0,Sean McAllister,Sterivex on inlet,7/6/2021 11:08:14 PM,7/6/2021 ,2021/07/06 11:08:00,2021/07/06 00:00:00,2021/07/06 04:08:00,41.975,-124.416,650106,6,39.0,1108.0,33RO20210613,WCOA2021,B9,65.0,1.0,11082.0,2.0,8.0,2021-07-06,2021.0,7.0,6.0,23:08:14,187.964,41.975,-124.416,88.0,39.7,39.4,8.577,33.75,2.0,,9.0,152.0,2.0,,,9.0,,9.0,,9.0,,,9.0,,,9.0,,9.0,,9.0,,9.0,,9.0,,9.0,,9.0,,9.0,778.0,2.0,366.0,2.0,68.0,2.0,0.0,2.0,641000.0,2.0,505000.0,2.0,73000.0,2.0,,,,,,,,,,,,,,,,,,,,,,,,,,,,,,,,,,,,,,,,,,,,,,,,,,,,,,,,,,,,,,,,,,,,,,,,,,,,,,,,,,,,,,,,,,,,,0.0,39.7,,,,,33.75,,,0.0,,8.577,,,,,,,,,,,,,11082.0,23:08:14,2021/07/06 23:08:14,6.0,11082.0,6.0,39.0,38.69,8.5979,33.7367,26.1923,3.59,156.11,0.045,159.64,45.54,dRB2102_CTD_065_01_F.csv,dRB2102,CTD,65.0,F.csv,650105
330,E634,1.0,1.0,False,WCOA21,2021_WCOA_RonBrown,7/6/2021,,11:17:24 PM,,E634,650112,12,Niskin; Sterivex 0.22µm filter,95% EtOH,West Coast,B9,3.8,41.975,-124.416,1000.0,Sean McAllister,Sterivex on inlet,7/6/2021 11:17:24 PM,7/6/2021 ,2021/07/06 11:17:00,2021/07/06 00:00:00,2021/07/06 04:17:00,41.975,-124.416,650112,12,4.0,1114.0,33RO20210613,WCOA2021,B9,65.0,1.0,11026.0,2.0,8.0,2021-07-06,2021.0,7.0,6.0,23:17:24,187.97,41.975,-124.416,88.0,3.8,3.8,10.849,33.465,2.0,,9.0,270.5,2.0,,,9.0,,9.0,,9.0,,,9.0,,,9.0,,9.0,,9.0,,9.0,,9.0,,9.0,,9.0,,9.0,10750.0,2.0,4080.0,2.0,858.0,2.0,0.0,2.0,2770000.0,2.0,1340000.0,2.0,1070000.0,2.0,,,,,,,,,,,,,,,,,,,,,,,,,,,,,,,,,,,,,,,,,,,,,,,,,,,,,,,,,,,,,,,,,,,,,,,,,,,,,,,,,,,,,,,,,,,,,0.0,3.8,,,,,33.465,,,0.0,,10.849,,,,,,,,,,,,,11026.0,23:17:24,2021/07/06 23:17:24,12.0,11026.0,12.0,4.0,3.97,10.4571,33.463,25.6741,6.17,268.61,0.258,157.93,80.66,dRB2102_CTD_065_01_F.csv,dRB2102,CTD,65.0,F.csv,650111
331,E635,1.0,1.0,False,WCOA21,2021_WCOA_RonBrown,7/7/2021,,12:41:16 AM,,E635,660102,2,Niskin; Sterivex 0.22µm filter,95% EtOH,West Coast,B5,36.4,41.993,-124.327,1000.0,Sean McAllister,Sterivex on inlet,7/7/2021 12:41:16 AM,7/7/2021 ,2021/07/07 12:41:00,2021/07/07 00:00:00,2021/07/07 05:41:00,41.993,-124.327,660102,2,36.0,1117.0,33RO20210613,WCOA2021,B5,66.0,1.0,11081.0,2.0,8.0,2021-07-07,2021.0,7.0,7.0,00:41:16,188.029,41.993,-124.327,46.0,36.7,36.4,9.443,33.759,2.0,,9.0,149.5,2.0,,,9.0,,9.0,,9.0,,,9.0,,,9.0,,9.0,,9.0,,9.0,,9.0,,9.0,,9.0,,9.0,1795.0,2.0,2630.0,2.0,1120.0,2.0,7.62,2.0,1200000.0,2.0,709000.0,2.0,289000.0,2.0,,,,,,,,,,,,,,,,,,,,,,,,,,,,,,,,,,,,,,,,,,,,,,,,,,,,,,,,,,,,,,,,,,,,,,,,,,,,,,,,,,,,,,,,,,,,,0.0,36.7,,,,,33.759,,,0.0,,9.443,,,,,,,,,,,,,11081.0,00:41:16,2021/07/07 00:41:16,2.0,11081.0,2.0,36.0,35.71,9.3329,33.6839,26.035,3.43,149.44,0.157,151.53,6.23,dRB2102_CTD_066_01_F.csv,dRB2102,CTD,66.0,F.csv,660101
332,E636,1.0,1.0,False,WCOA21,2021_WCOA_RonBrown,7/7/2021,,12:44:37 AM,,E636,660104,4,Niskin; Sterivex 0.22µm filter,95% EtOH,West Coast,B5,19.5,41.993,-124.327,1000.0,Sean McAllister,Sterivex on inlet,7/7/2021 12:44:37 AM,7/7/2021 ,2021/07/07 12:44:00,2021/07/07 00:00:00,2021/07/07 05:44:00,41.993,-124.327,660104,4,20.0,1119.0,33RO20210613,WCOA2021,B5,66.0,1.0,11058.0,2.0,8.0,2021-07-07,2021.0,7.0,7.0,00:44:37,188.031,41.993,-124.327,46.0,19.7,19.5,9.841,33.462,2.0,,9.0,217.1,2.0,,,9.0,,9.0,,9.0,,,9.0,,,9.0,,9.0,,9.0,,9.0,,9.0,,9.0,,9.0,10.781,2.0,5735.0,2.0,4830.0,2.0,1010.0,2.0,0.0,2.0,1210000.0,2.0,606000.0,2.0,379000.0,2.0,,,,,,,,,,,,,,,,,,,,,,,,,,,,,,,,,,,,,,,,,,,,,,,,,,,,,,,,,,,,,,,,,,,,,,,,,,,,,,,,,,,,,,,,,,,,,0.0,19.7,,,,,33.462,,,0.0,,9.841,,,,,,,,,,,,,11058.0,00:44:37,2021/07/07 00:44:37,4.0,11058.0,4.0,20.0,19.84,10.1854,33.4762,25.7312,5.2,226.49,0.294,150.63,22.09,dRB2102_CTD_066_01_F.csv,dRB2102,CTD,66.0,F.csv,660103
333,E637,1.0,1.0,False,WCOA21,2021_WCOA_RonBrown,7/7/2021,,12:51:49 AM,,E637,660108,8,Niskin; Sterivex 0.22µm filter,95% EtOH,West Coast,B5,3.6,41.993,-124.327,1000.0,Sean McAllister,,7/7/2021 12:51:49 AM,7/7/2021 ,2021/07/07 12:51:00,2021/07/07 00:00:00,2021/07/07 05:51:00,41.993,-124.327,660108,8,4.0,1123.0,33RO20210613,WCOA2021,B5,66.0,1.0,11027.0,2.0,8.0,2021-07-07,2021.0,7.0,7.0,00:51:49,188.036,41.993,-124.327,46.0,3.6,3.6,13.517,33.339,2.0,,9.0,355.5,2.0,,,9.0,,9.0,,9.0,,,9.0,,,9.0,,9.0,,9.0,,9.0,,9.0,,9.0,,9.0,,9.0,1110.0,2.0,6790.0,2.0,2840.0,2.0,0.0,2.0,2570000.0,2.0,1220000.0,2.0,969000.0,2.0,,,,,,,,,,,,,,,,,,,,,,,,,,,,,,,,,,,,,,,,,,,,,,,,,,,,,,,,,,,,,,,,,,,,,,,,,,,,,,,,,,,,,,,,,,,,,0.0,3.6,,,,,33.339,,,0.0,,13.517,,,,,,,,,,,,,11027.0,00:51:49,2021/07/07 00:51:49,8.0,11027.0,8.0,4.0,3.97,12.8636,33.3705,25.1577,8.18,356.37,0.486,148.69,38.16,dRB2102_CTD_066_01_F.csv,dRB2102,CTD,66.0,F.csv,660107
334,E638,1.0,1.0,False,WCOA21,2021_WCOA_RonBrown,7/7/2021,,1:45:22 AM,,E638,670102,2,Niskin; Sterivex 0.22µm filter,95% EtOH,West Coast,B2.5,26.1,41.998,-124.283,1000.0,Sean McAllister,Sterivex on inlet,7/7/2021 1:45:22 AM,7/7/2021 ,2021/07/07 01:45:00,2021/07/07 00:00:00,2021/07/06 18:45:00,41.998,-124.283,670102,2,26.0,1126.0,33RO20210613,WCOA2021,B2.5,67.0,1.0,11081.0,2.0,8.0,2021-07-07,2021.0,7.0,7.0,01:45:22,188.073,41.998,-124.283,36.0,26.3,26.1,10.144,33.447,2.0,,9.0,247.7,2.0,,,9.0,,9.0,,9.0,,,9.0,,,9.0,,9.0,,9.0,,9.0,,9.0,,9.0,,9.0,,9.0,4965.0,2.0,3760.0,2.0,1640.0,2.0,10.7,2.0,2430000.0,2.0,1280000.0,2.0,735000.0,2.0,,,,,,,,,,,,,,,,,,,,,,,,,,,,,,,,,,,,,,,,,,,,,,,,,,,,,,,,,,,,,,,,,,,,,,,,,,,,,,,,,,,,,,,,,,,,,0.0,26.3,,,,,33.447,,,0.0,,10.144,,,,,,,,,,,,,11081.0,01:45:22,2021/07/07 01:45:22,2.0,11081.0,2.0,26.0,25.79,10.3266,33.4381,25.6775,5.69,247.86,0.766,157.92,4.75,dRB2102_CTD_067_01_F.csv,dRB2102,CTD,67.0,F.csv,670101
335,E639,1.0,1.0,False,WCOA21,2021_WCOA_RonBrown,7/7/2021,,1:49:04 AM,,E639,670105,5,Niskin; Sterivex 0.22µm filter,95% EtOH,West Coast,B2.5,10.4,41.998,-124.283,1000.0,Sean McAllister,,7/7/2021 1:49:04 AM,7/7/2021 ,2021/07/07 01:49:00,2021/07/07 00:00:00,2021/07/06 18:49:00,41.998,-124.283,670105,5,10.0,1129.0,33RO20210613,WCOA2021,B2.5,67.0,1.0,11008.0,2.0,8.0,2021-07-07,2021.0,7.0,7.0,01:49:04,188.076,41.998,-124.283,36.0,10.5,10.4,12.893,33.331,2.0,,9.0,368.6,2.0,,,9.0,,9.0,,9.0,,,9.0,,,9.0,,9.0,,9.0,,9.0,,9.0,,9.0,,9.0,,9.0,1055.0,2.0,3510.0,2.0,922.0,2.0,10.2,2.0,2230000.0,2.0,1290000.0,2.0,662000.0,2.0,,,,,,,,,,,,,,,,,,,,,,,,,,,,,,,,,,,,,,,,,,,,,,,,,,,,,,,,,,,,,,,,,,,,,,,,,,,,,,,,,,,,,,,,,,,,,0.0,10.5,,,,,33.331,,,0.0,,12.893,,,,,,,,,,,,,11008.0,01:49:04,2021/07/07 01:49:04,5.0,11008.0,5.0,10.0,9.92,13.1181,33.3229,25.0707,8.52,371.08,0.487,156.89,20.82,dRB2102_CTD_067_01_F.csv,dRB2102,CTD,67.0,F.csv,670104
336,E640,1.0,1.0,False,WCOA21,2021_WCOA_RonBrown,7/7/2021,,1:52:55 AM,,E640,670108,8,Niskin; Sterivex 0.22µm filter,95% EtOH,West Coast,B2.5,3.1,41.998,-124.283,1000.0,Sean McAllister,,7/7/2021 1:52:55 AM,7/7/2021 ,2021/07/07 01:52:00,2021/07/07 00:00:00,2021/07/06 18:52:00,41.998,-124.283,670108,8,3.0,1132.0,33RO20210613,WCOA2021,B2.5,67.0,1.0,11027.0,2.0,8.0,2021-07-07,2021.0,7.0,7.0,01:52:55,188.078,41.998,-124.283,36.0,3.2,3.1,13.249,33.31,2.0,,9.0,375.6,2.0,,,9.0,,9.0,,9.0,,,9.0,,,9.0,,9.0,,9.0,,9.0,,9.0,,9.0,,9.0,,9.0,828.0,2.0,2510.0,2.0,673.0,2.0,8.63,2.0,2510000.0,2.0,1410000.0,2.0,819000.0,2.0,,,,,,,,,,,,,,,,,,,,,,,,,,,,,,,,,,,,,,,,,,,,,,,,,,,,,,,,,,,,,,,,,,,,,,,,,,,,,,,,,,,,,,,,,,,,,0.0,3.2,,,,,33.31,,,0.0,,13.249,,,,,,,,,,,,,11027.0,01:52:55,2021/07/07 01:52:55,8.0,11027.0,8.0,3.0,2.98,13.409,33.2969,24.9921,8.79,382.95,0.633,157.37,27.21,dRB2102_CTD_067_01_F.csv,dRB2102,CTD,67.0,F.csv,670107
337,E641.1B,1.0,1.0,False,WCOA21,2021_WCOA_RonBrown,7/7/2021,,5:13:39 AM,,E641.1B,680101,1,Niskin; Sterivex 0.22µm filter,95% EtOH,West Coast,FKC,25.2,41.598,-124.153,1000.0,Sean McAllister,Sterivex on inlet,7/7/2021 5:13:39 AM,7/7/2021 ,2021/07/07 05:13:00,2021/07/07 00:00:00,2021/07/06 22:13:00,41.598,-124.153,680101,1,25.0,1134.0,33RO20210613,WCOA2021,FKC,68.0,1.0,11031.0,2.0,0.0,2021-07-07,2021.0,7.0,7.0,05:13:39,188.218,41.598,-124.153,35.0,25.4,25.2,9.775,33.455,2.0,33.4078,2.0,214.4,2.0,223.3,7.331,6.0,2111.5,2.0,2236.1,6.0,7.6853,25.14,2.0,101.42145577194748,24.895,2.0,15.5,6.0,1.33,6.0,14.1,6.0,0.47,6.0,0.52,6.0,,9.0,6.984,6.0,,9.0,,9.0,,9.0,,9.0,,9.0,,9.0,,9.0,349.132977390388,47.65623575246919,23.71252743321317,97.8496063997428,65.2173798404985,0.0184496997708612,0.0,8.882539147642787e-09,0.2761652751913248,15.223834724808675,1989.937866167044,0.0002197921025256837,1.235747685401924,0.0,0.0015756537678366,0.0103274958867042,0.0,0.0,1.1552900591574264,0.0758026059446752,26950.96232216808,2236.1,0.0,0.0,0.0,47.65623575246919,1.3873528884087354,0.2761652751913248,0.0,0.0,0.0,23.71252743321337,0.0,0.0,-0.0001624220361887238,0.0001569126607124802,28995.0,1989.937866167044,97.8496063997428,2111.5,0.0423352596828683,0.0422850405284873,531.4977863785615,0.7671865761106315,0.9961388880628974,-0.00015691266071247973,0.000141436093109298,83.14462618,0.0103274958867042,1.1552900591574264,1.1094244563954585,1.1039491702004207,0.0446145365812004,1e-07,1.656743343865872e-10,6.466860256904412e-07,1e-07,0.1766479147935308,1.624765769088196e-09,4.101244441521579e-07,9.9890357424984e-07,5.853039622142914e-10,0.0030644059286237,0.0247237344528617,7.972644504306887e-07,7.301569571243157e-10,2.1592697798228758e-10,1.7245662735581937e-07,1.3751590574977874e-14,0.00016833237017905664,-0.0001761924205524296,1.0,1.0,3.0,1.0,10.0,1.0,1.0,0.0,1.0,1.0,533.5579132063782,7.924338102759388,7.986004969324703,8.031490956364529,7.916391951502002,7.924338102759388,2111.5,2.0,2236.1,1.0,0.0,,25.4,1.0,1.0,0.8027365346695521,14.929004001604383,33.4078,1.4853594556194216,2.342121316523793,,0.1926834818427695,9.775,0.0,0.0,0.0,396.7892131428572,9816.709932915644,65.21759963260102,1.33,15.5,26950.963897821843,0.0,0.9882903832196304,539.8796975724534,11031.0,05:13:39,2021/07/07 05:13:39,1.0,11031.0,1.0,25.0,24.8,9.5693,33.5169,25.8658,4.71,204.96,0.184,172.24,10.25,dRB2102_CTD_068_01_F.csv,dRB2102,CTD,68.0,F.csv,680101
338,E641.2B,2.0,1.0,False,WCOA21,2021_WCOA_RonBrown,7/7/2021,,5:13:41 AM,,E641.2B,680102,2,Niskin; Sterivex 0.22µm filter,95% EtOH,West Coast,FKC,24.9,41.598,-124.153,1000.0,Sean McAllister,Sterivex on inlet,7/7/2021 5:13:41 AM,7/7/2021 ,2021/07/07 05:13:00,2021/07/07 00:00:00,2021/07/06 22:13:00,41.598,-124.153,680102,2,25.0,1135.0,33RO20210613,WCOA2021,FKC,68.0,1.0,11081.0,2.0,0.0,2021-07-07,2021.0,7.0,7.0,05:13:41,188.218,41.598,-124.153,35.0,25.1,24.9,9.813,33.443,2.0,33.4078,9.0,214.4,2.0,223.3,7.331,9.0,2111.5,9.0,2236.1,9.0,7.6853,25.14,9.0,101.42145577194748,24.895,9.0,15.5,9.0,1.33,9.0,14.1,9.0,0.47,9.0,0.52,9.0,,9.0,6.984,9.0,,9.0,,9.0,,9.0,,9.0,,9.0,,9.0,,9.0,,,,,,,,,,,,,,,,,,,,,,,,,,,,,,,,,,,,,,,,,,,,,,,,,,,,,,,,,,,,,,,,,,,,,,,,,,,,,,,,,,,,,,,,,,,,,0.0,25.1,,,,,33.443,,,0.0,,9.813,,,,,,,,,,,,,11081.0,05:13:41,2021/07/07 05:13:41,2.0,11081.0,2.0,25.0,24.8,9.5693,33.5169,25.8658,4.71,204.96,0.184,172.24,10.25,dRB2102_CTD_068_01_F.csv,dRB2102,CTD,68.0,F.csv,680101
339,E641.3B,3.0,1.0,False,WCOA21,2021_WCOA_RonBrown,7/7/2021,,5:13:47 AM,,E641.3B,680103,3,Niskin; Sterivex 0.22µm filter,95% EtOH,West Coast,FKC,25.1,41.598,-124.153,800.0,Sean McAllister,Sterivex on inlet; 800 mL filtered only,7/7/2021 5:13:47 AM,7/7/2021 ,2021/07/07 05:13:00,2021/07/07 00:00:00,2021/07/06 22:13:00,41.598,-124.153,680103,3,25.0,1136.0,33RO20210613,WCOA2021,FKC,68.0,1.0,11020.0,2.0,0.0,2021-07-07,2021.0,7.0,7.0,05:13:47,188.218,41.598,-124.153,35.0,25.3,25.1,9.806,33.446,2.0,33.4078,9.0,214.4,2.0,223.3,7.331,9.0,2111.5,9.0,2236.1,9.0,7.6853,25.14,9.0,101.42145577194748,24.895,9.0,15.5,9.0,1.33,9.0,14.1,9.0,0.47,9.0,0.52,9.0,,9.0,6.984,9.0,,9.0,,9.0,,9.0,,9.0,,9.0,,9.0,,9.0,,,,,,,,,,,,,,,,,,,,,,,,,,,,,,,,,,,,,,,,,,,,,,,,,,,,,,,,,,,,,,,,,,,,,,,,,,,,,,,,,,,,,,,,,,,,,0.0,25.3,,,,,33.446,,,0.0,,9.806,,,,,,,,,,,,,11020.0,05:13:47,2021/07/07 05:13:47,3.0,11020.0,3.0,25.0,24.8,9.5693,33.5169,25.8658,4.71,204.96,0.184,172.24,10.25,dRB2102_CTD_068_01_F.csv,dRB2102,CTD,68.0,F.csv,680101
340,E642.1B,1.0,1.0,False,WCOA21,2021_WCOA_RonBrown,7/7/2021,,5:18:41 AM,,E642.1B,680105,5,Niskin; Sterivex 0.22µm filter,95% EtOH,West Coast,FKC,10.6,41.598,-124.153,1000.0,Sean McAllister,,7/7/2021 5:18:41 AM,7/7/2021 ,2021/07/07 05:18:00,2021/07/07 00:00:00,2021/07/06 22:18:00,41.598,-124.153,680105,5,11.0,1138.0,33RO20210613,WCOA2021,FKC,68.0,1.0,11008.0,2.0,0.0,2021-07-07,2021.0,7.0,7.0,05:18:41,188.221,41.598,-124.153,35.0,10.7,10.6,12.872,33.243,2.0,,9.0,319.1,2.0,315.5,10.35,2.0,2034.3,2.0,2241.2,2.0,7.8915,25.14,2.0,157.45517899907563,24.895,3.0,2.2,2.0,0.61,2.0,1.3,2.0,0.13,2.0,0.15,2.0,22.7,2.0,9.076,2.0,,9.0,,9.0,,9.0,,9.0,,9.0,,9.0,,9.0,325.22434459025004,69.60751540974996,14.382345751244433,148.69633890101068,64.89572330588634,0.0053270068006084,0.0,1.7895821522665131e-09,0.0639201864549877,2.1360798135450123,1871.2213153477448,0.00015923012490864764,0.5473898171149045,0.0,0.0012233431246875,0.0070489524767494,0.0,0.0,2.261046615839822,0.0572831742949048,26818.014116047423,2241.2,0.0,0.0,0.0,69.60751540974996,0.6619561639151319,0.0639201864549877,0.0,0.0,0.0,14.382345751244324,0.0,0.0,-0.00021393632008651225,0.00020068608674791283,28995.0,1871.2213153477448,148.69633890101068,2034.3,0.0424910876038017,0.0424434678267323,355.9887322964235,0.7553563679544099,0.9962897762151194,-0.0002006860867479129,0.00017231067931627726,83.14462618,0.0070489524767494,2.261046615839822,1.1646758491361544,1.172139537709106,0.040401126345955,1e-07,2.1476634029977608e-10,6.373589586965612e-07,1e-07,0.1545264801100609,1.770513053568969e-09,4.062900740197632e-07,1.0762706048385703e-06,6.573568120722045e-10,0.002872866361123,0.0246239465268244,8.500402902471669e-07,8.656780581895311e-10,2.4754069462607347e-10,1.963552743944281e-07,1.8704046101032504e-14,0.0002290599269588712,-0.0002402493529492407,1.0,1.0,3.0,1.0,10.0,1.0,1.0,0.0,1.0,1.0,357.3144488632775,8.082373952004735,8.151875417387163,8.19594191269154,8.074093807527884,8.082373952004735,2034.3,2.0,2241.2,1.0,0.0,,10.7,1.0,1.0,0.7172159974669428,11.806000696370248,33.243,2.278948296266704,3.5750519294281213,,0.2654609066410742,12.872,0.0,0.0,0.0,394.83186,9768.284301867068,64.89588253601124,0.61,2.2,26818.015339390546,0.0,0.9856197980615956,362.5276699656426,11008.0,05:18:41,2021/07/07 05:18:41,5.0,11008.0,5.0,11.0,10.91,12.9095,33.2383,25.0464,7.33,319.21,0.427,170.61,24.3,dRB2102_CTD_068_01_F.csv,dRB2102,CTD,68.0,F.csv,680105
341,E642.2B,2.0,1.0,False,WCOA21,2021_WCOA_RonBrown,7/7/2021,,5:18:45 AM,,E642.2B,680106,6,Niskin; Sterivex 0.22µm filter,95% EtOH,West Coast,FKC,10.6,41.598,-124.153,1000.0,Sean McAllister,,7/7/2021 5:18:45 AM,7/7/2021 ,2021/07/07 05:18:00,2021/07/07 00:00:00,2021/07/06 22:18:00,41.598,-124.153,680106,6,11.0,1139.0,33RO20210613,WCOA2021,FKC,68.0,1.0,11082.0,2.0,0.0,2021-07-07,2021.0,7.0,7.0,05:18:45,188.221,41.598,-124.153,35.0,10.7,10.6,12.859,33.244,2.0,,9.0,316.2,2.0,315.5,10.35,9.0,2034.3,9.0,2241.2,9.0,7.8915,25.14,9.0,157.45517899907563,24.895,9.0,2.2,9.0,0.61,9.0,1.3,9.0,0.13,9.0,0.15,9.0,22.7,9.0,9.076,9.0,,9.0,,9.0,,9.0,,9.0,,9.0,,9.0,,9.0,,,,,,,,,,,,,,,,,,,,,,,,,,,,,,,,,,,,,,,,,,,,,,,,,,,,,,,,,,,,,,,,,,,,,,,,,,,,,,,,,,,,,,,,,,,,,0.0,10.7,,,,,33.244,,,0.0,,12.859,,,,,,,,,,,,,11082.0,05:18:45,2021/07/07 05:18:45,6.0,11082.0,6.0,11.0,10.91,12.9095,33.2383,25.0464,7.33,319.21,0.427,170.61,24.3,dRB2102_CTD_068_01_F.csv,dRB2102,CTD,68.0,F.csv,680105
342,E642.3B,3.0,1.0,False,WCOA21,2021_WCOA_RonBrown,7/7/2021,,5:18:48 AM,,E642.3B,680107,7,Niskin; Sterivex 0.22µm filter,95% EtOH,West Coast,FKC,10.5,41.598,-124.153,1000.0,Sean McAllister,,7/7/2021 5:18:48 AM,7/7/2021 ,2021/07/07 05:18:00,2021/07/07 00:00:00,2021/07/06 22:18:00,41.598,-124.153,680107,7,10.0,1140.0,33RO20210613,WCOA2021,FKC,68.0,1.0,11004.0,2.0,0.0,2021-07-07,2021.0,7.0,7.0,05:18:48,188.221,41.598,-124.153,35.0,10.6,10.5,12.873,33.242,2.0,,9.0,319.1,2.0,315.5,10.35,9.0,2034.3,9.0,2241.2,9.0,7.8915,25.14,9.0,157.45517899907563,24.895,9.0,2.2,9.0,0.61,9.0,1.3,9.0,0.13,9.0,0.15,9.0,22.7,9.0,9.076,9.0,,9.0,,9.0,,9.0,,9.0,,9.0,,9.0,,9.0,,,,,,,,,,,,,,,,,,,,,,,,,,,,,,,,,,,,,,,,,,,,,,,,,,,,,,,,,,,,,,,,,,,,,,,,,,,,,,,,,,,,,,,,,,,,,0.0,10.6,,,,,33.242,,,0.0,,12.873,,,,,,,,,,,,,11004.0,05:18:48,2021/07/07 05:18:48,7.0,11004.0,7.0,10.0,9.92,12.9208,33.237,25.0432,7.37,321.09,0.426,170.62,25.22,dRB2102_CTD_068_01_F.csv,dRB2102,CTD,68.0,F.csv,680105
343,E643.1B,1.0,1.0,False,WCOA21,2021_WCOA_RonBrown,7/7/2021,,5:21:54 AM,,E643.1B,680109,9,Niskin; Sterivex 0.22µm filter,95% EtOH,West Coast,FKC,4.0,41.598,-124.153,1000.0,Sean McAllister,,7/7/2021 5:21:54 AM,7/7/2021 ,2021/07/07 05:21:00,2021/07/07 00:00:00,2021/07/06 22:21:00,41.598,-124.153,680109,9,4.0,1142.0,33RO20210613,WCOA2021,FKC,68.0,1.0,12052.0,2.0,0.0,2021-07-07,2021.0,7.0,7.0,05:21:54,188.224,41.598,-124.153,35.0,4.1,4.0,13.009,33.226,2.0,33.2358,3.0,331.8,2.0,328.4,10.772,6.0,2017.4,2.0,2241.5,2.0,7.9212,25.14,3.0,156.32450580798238,24.895,2.0,1.2,2.0,0.45,2.0,0.0,2.0,0.07,2.0,0.08,2.0,21.3,2.0,7.301,6.0,,9.0,,9.0,,9.0,,9.0,,9.0,,9.0,,9.0,320.2330087430514,74.51333582837718,13.04773388896571,159.6295983819276,64.88167973421328,0.0035895315682209,0.0,1.1132128538381578e-09,0.037888496883604,1.1621115031163958,1844.722667729107,0.00014720049061716178,0.4006560625816266,0.0,0.0011344960191059,0.0064978145841656,0.0,0.0,2.482525821929124,0.0457544047369396,26812.205772730053,2241.5,0.0,0.0,0.0,74.51333582837718,0.4921648709422931,0.037888496883604,0.0,0.0,0.0,13.04773388896563,0.0,0.0,-0.0002250472672547327,0.000209803217119879,28995.0,1844.722667729107,159.6295983819276,2017.4,0.0426003487139768,0.042552840190286,324.33587526793696,0.7548356402730694,0.9962962683444396,-0.0002098032171198792,0.00017830468878423782,83.14462618,0.0064978145841656,2.482525821929124,1.176655636766552,1.1885652963967952,0.0402290800491523,1e-07,2.1708504094151706e-10,6.363028244364054e-07,1e-07,0.1535666399614104,1.7759222540399895e-09,4.0568874769379387e-07,1.07907599782246e-06,6.604476137808677e-10,0.002864047008638,0.0246102260917694,8.519026719286768e-07,8.716000161493973e-10,2.4883737709338716e-10,1.973975866894541e-07,1.894740827277532e-14,0.00024268011323112904,-0.0002548183074891496,1.0,1.0,3.0,1.0,10.0,1.0,1.0,0.0,1.0,1.0,325.54159397474274,8.117343961235182,8.187232685453731,8.23119527662034,8.109047674218838,8.117343961235182,2017.4,2.0,2241.5,1.0,0.0,,4.1,1.0,1.0,0.6997326469246323,11.314340715073437,33.2358,2.450043461232708,3.842772527551095,,0.2838989392255753,13.009,0.0,0.0,0.0,394.7463445714286,9766.168618957176,64.88182693470391,0.45,1.2,26812.20690722607,0.0,0.9854901966001036,330.3346853148275,12052.0,05:21:54,2021/07/07 05:21:54,9.0,12052.0,9.0,4.0,3.97,13.1729,33.2032,24.967,7.88,343.46,0.425,171.08,30.82,dRB2102_CTD_068_01_F.csv,dRB2102,CTD,68.0,F.csv,680109
344,E643.2B,2.0,1.0,False,WCOA21,2021_WCOA_RonBrown,7/7/2021,,5:21:58 AM,,E643.2B,680110,10,Niskin; Sterivex 0.22µm filter,95% EtOH,West Coast,FKC,4.1,41.598,-124.153,1000.0,Sean McAllister,,7/7/2021 5:21:58 AM,7/7/2021 ,2021/07/07 05:21:00,2021/07/07 00:00:00,2021/07/06 22:21:00,41.598,-124.153,680110,10,4.0,1143.0,33RO20210613,WCOA2021,FKC,68.0,1.0,11067.0,2.0,0.0,2021-07-07,2021.0,7.0,7.0,05:21:58,188.224,41.598,-124.153,35.0,4.2,4.1,13.021,33.226,2.0,33.2358,9.0,331.8,2.0,328.4,10.772,9.0,2017.4,9.0,2241.5,9.0,7.9212,25.14,9.0,156.32450580798238,24.895,9.0,1.2,9.0,0.45,9.0,0.0,9.0,0.07,9.0,0.08,9.0,21.3,9.0,7.301,9.0,,9.0,,9.0,,9.0,,9.0,,9.0,,9.0,,9.0,,,,,,,,,,,,,,,,,,,,,,,,,,,,,,,,,,,,,,,,,,,,,,,,,,,,,,,,,,,,,,,,,,,,,,,,,,,,,,,,,,,,,,,,,,,,,0.0,4.2,,,,,33.226,,,0.0,,13.021,,,,,,,,,,,,,11067.0,05:21:58,2021/07/07 05:21:58,10.0,11067.0,10.0,4.0,3.97,13.1729,33.2032,24.967,7.88,343.46,0.425,171.08,30.82,dRB2102_CTD_068_01_F.csv,dRB2102,CTD,68.0,F.csv,680109
345,E643.3B,3.0,1.0,False,WCOA21,2021_WCOA_RonBrown,7/7/2021,,5:22:02 AM,,E643.3B,680111,11,Niskin; Sterivex 0.22µm filter,95% EtOH,West Coast,FKC,3.9,41.598,-124.153,1000.0,Sean McAllister,,7/7/2021 5:22:02 AM,7/7/2021 ,2021/07/07 05:22:00,2021/07/07 00:00:00,2021/07/06 22:22:00,41.598,-124.153,680111,11,4.0,1144.0,33RO20210613,WCOA2021,FKC,68.0,1.0,11023.0,2.0,0.0,2021-07-07,2021.0,7.0,7.0,05:22:02,188.224,41.598,-124.153,35.0,4.0,3.9,13.016,33.226,2.0,33.2358,9.0,331.8,2.0,328.4,10.772,9.0,2017.4,9.0,2241.5,9.0,7.9212,25.14,9.0,156.32450580798238,24.895,9.0,1.2,9.0,0.45,9.0,0.0,9.0,0.07,9.0,0.08,9.0,21.3,9.0,7.301,9.0,,9.0,,9.0,,9.0,,9.0,,9.0,,9.0,,9.0,,,,,,,,,,,,,,,,,,,,,,,,,,,,,,,,,,,,,,,,,,,,,,,,,,,,,,,,,,,,,,,,,,,,,,,,,,,,,,,,,,,,,,,,,,,,,0.0,4.0,,,,,33.226,,,0.0,,13.016,,,,,,,,,,,,,11023.0,05:22:02,2021/07/07 05:22:02,11.0,11023.0,11.0,4.0,3.97,13.1729,33.2032,24.967,7.88,343.46,0.425,171.08,30.82,dRB2102_CTD_068_01_F.csv,dRB2102,CTD,68.0,F.csv,680109
346,E645,1.0,1.0,False,WCOA21,2021_WCOA_RonBrown,7/7/2021,,5:42:12 PM,,E645,690102,2,Niskin; Sterivex 0.22µm filter,95% EtOH,West Coast,CM45,1974.7,39.892,-125.201,1000.0,Sean McAllister,Sterivex on inlet,7/7/2021 5:42:12 PM,7/7/2021 ,2021/07/07 05:42:00,2021/07/07 00:00:00,2021/07/06 22:42:00,39.892,-125.201,690102,2,1975.0,1147.0,33RO20210613,WCOA2021,CM45,69.0,1.0,11081.0,2.0,9.0,2021-07-07,2021.0,7.0,7.0,17:42:12,188.738,39.892,-125.201,1986.0,1999.5,1974.7,1.989,34.603,2.0,34.6091,3.0,70.7,2.0,,,9.0,,9.0,,9.0,,,9.0,,,9.0,,9.0,,9.0,,9.0,,9.0,,9.0,,9.0,,9.0,,9.0,,9.0,,9.0,,9.0,,9.0,,9.0,,9.0,,,,,,,,,,,,,,,,,,,,,,,,,,,,,,,,,,,,,,,,,,,,,,,,,,,,,,,,,,,,,,,,,,,,,,,,,,,,,,,,,,,,,,,,,,,,,0.0,1999.5,,,,,34.6091,,,0.0,,1.989,,,,,,,,,,,,,11081.0,17:42:12,2021/07/07 17:42:12,2.0,11081.0,2.0,1975.0,1950.68,2.0101,34.6008,27.6616,1.6,69.61,0.04,168.65,99.97,dRB2102_CTD_069_01_F.csv,dRB2102,CTD,69.0,F.csv,690101
347,E646,1.0,1.0,False,WCOA21,2021_WCOA_RonBrown,7/7/2021,,6:39:11 PM,,E646,690113,13,Niskin; Sterivex 0.22µm filter,95% EtOH,West Coast,CM45,98.8,39.892,-125.201,1000.0,Sean McAllister,Sterivex on inlet,7/7/2021 6:39:11 PM,7/7/2021 ,2021/07/07 06:39:00,2021/07/07 00:00:00,2021/07/06 23:39:00,39.892,-125.201,690113,13,99.0,1158.0,33RO20210613,WCOA2021,CM45,69.0,1.0,11054.0,2.0,9.0,2021-07-07,2021.0,7.0,7.0,18:39:11,188.777,39.892,-125.201,1986.0,99.6,98.8,9.742,33.599,2.0,,9.0,207.7,2.0,,,9.0,,9.0,,9.0,,,9.0,,,9.0,,9.0,,9.0,,9.0,,9.0,,9.0,,9.0,,9.0,,9.0,,9.0,,9.0,,9.0,,9.0,,9.0,,9.0,,,,,,,,,,,,,,,,,,,,,,,,,,,,,,,,,,,,,,,,,,,,,,,,,,,,,,,,,,,,,,,,,,,,,,,,,,,,,,,,,,,,,,,,,,,,,0.0,99.6,,,,,33.599,,,0.0,,9.742,,,,,,,,,,,,,11054.0,18:39:11,2021/07/07 18:39:11,13.0,11054.0,13.0,99.0,98.22,9.8624,33.4882,25.7964,4.99,217.37,0.045,175.6,99.31,dRB2102_CTD_069_01_F.csv,dRB2102,CTD,69.0,F.csv,690112
348,E647,1.0,1.0,False,WCOA21,2021_WCOA_RonBrown,7/7/2021,,6:56:54 PM,,E647,690124,24,Niskin; Sterivex 0.22µm filter,95% EtOH,West Coast,CM45,3.9,39.893,-125.2,860.0,Sean McAllister,Sterivex on inlet; 860 mL filtered only,7/7/2021 6:56:54 PM,7/7/2021 ,2021/07/07 06:56:00,2021/07/07 00:00:00,2021/07/06 23:56:00,39.893,-125.2,690124,24,4.0,1169.0,33RO20210613,WCOA2021,CM45,69.0,1.0,11001.0,2.0,9.0,2021-07-07,2021.0,7.0,7.0,18:56:54,188.79,39.893,-125.2,1986.0,4.0,3.9,13.405,32.674,2.0,,9.0,268.1,2.0,,,9.0,,9.0,,9.0,,,9.0,,,9.0,,9.0,,9.0,,9.0,,9.0,,9.0,,9.0,,9.0,,9.0,,9.0,,9.0,,9.0,,9.0,,9.0,,9.0,,,,,,,,,,,,,,,,,,,,,,,,,,,,,,,,,,,,,,,,,,,,,,,,,,,,,,,,,,,,,,,,,,,,,,,,,,,,,,,,,,,,,,,,,,,,,0.0,4.0,,,,,32.674,,,0.0,,13.405,,,,,,,,,,,,,11001.0,18:56:54,2021/07/07 18:56:54,24.0,11001.0,24.0,4.0,3.97,13.3547,32.6953,24.5378,6.12,266.91,0.052,176.1,3.48,dRB2102_CTD_069_01_F.csv,dRB2102,CTD,69.0,F.csv,690122
349,E648,1.0,1.0,False,WCOA21,2021_WCOA_RonBrown,7/7/2021,,9:39:39 PM,,E648,700102,2,Niskin; Sterivex 0.22µm filter,95% EtOH,West Coast,CM30,1472.8,40.003,-124.938,900.0,Sean McAllister,Sterivex on inlet; 900 mL filtered only,7/7/2021 9:39:39 PM,7/7/2021 ,2021/07/07 09:39:00,2021/07/07 00:00:00,2021/07/07 02:39:00,40.003,-124.938,700102,2,1473.0,1171.0,33RO20210613,WCOA2021,CM30,70.0,1.0,11081.0,2.0,9.0,2021-07-07,2021.0,7.0,7.0,21:39:39,188.903,40.003,-124.938,1483.0,1489.4,1472.8,2.488,34.555,2.0,,9.0,49.0,2.0,,,9.0,,9.0,,9.0,,,9.0,,,9.0,,9.0,,9.0,,9.0,,9.0,,9.0,,9.0,,9.0,,9.0,,9.0,,9.0,,9.0,,9.0,,9.0,,9.0,,,,,,,,,,,,,,,,,,,,,,,,,,,,,,,,,,,,,,,,,,,,,,,,,,,,,,,,,,,,,,,,,,,,,,,,,,,,,,,,,,,,,,,,,,,,,0.0,1489.4,,,,,34.555,,,0.0,,2.488,,,,,,,,,,,,,11081.0,21:39:39,2021/07/07 21:39:39,2.0,11081.0,2.0,1473.0,1456.56,2.5471,34.549,27.5738,1.09,47.16,0.04,151.33,27.04,dRB2102_CTD_070_01_F.csv,dRB2102,CTD,70.0,F.csv,700101
350,E649,1.0,1.0,False,WCOA21,2021_WCOA_RonBrown,7/7/2021,,10:13:10 PM,,E649,700112,12,Niskin; Sterivex 0.22µm filter,95% EtOH,West Coast,CM30,99.3,40.003,-124.938,1000.0,Sean McAllister,Sterivex on inlet,7/7/2021 10:13:10 PM,7/7/2021 ,2021/07/07 10:13:00,2021/07/07 00:00:00,2021/07/07 03:13:00,40.003,-124.938,700112,12,99.0,1181.0,33RO20210613,WCOA2021,CM30,70.0,1.0,11026.0,2.0,9.0,2021-07-07,2021.0,7.0,7.0,22:13:10,188.926,40.003,-124.938,1483.0,100.1,99.3,9.986,33.51,2.0,,9.0,214.7,2.0,,,9.0,,9.0,,9.0,,,9.0,,,9.0,,9.0,,9.0,,9.0,,9.0,,9.0,,9.0,,9.0,,9.0,,9.0,,9.0,,9.0,,9.0,,9.0,,9.0,,,,,,,,,,,,,,,,,,,,,,,,,,,,,,,,,,,,,,,,,,,,,,,,,,,,,,,,,,,,,,,,,,,,,,,,,,,,,,,,,,,,,,,,,,,,,0.0,100.1,,,,,33.51,,,0.0,,9.986,,,,,,,,,,,,,11026.0,22:13:10,2021/07/07 22:13:10,12.0,11026.0,12.0,99.0,98.22,9.9633,33.5141,25.7998,4.93,214.61,0.042,155.28,99.3,dRB2102_CTD_070_01_F.csv,dRB2102,CTD,70.0,F.csv,700111
351,E650,1.0,1.0,False,WCOA21,2021_WCOA_RonBrown,7/7/2021,,10:28:21 PM,,E650,700122,22,Niskin; Sterivex 0.22µm filter,95% EtOH,West Coast,CM30,4.2,40.003,-124.938,1000.0,Sean McAllister,Sterivex on inlet,7/7/2021 10:28:21 PM,7/7/2021 ,2021/07/07 10:28:00,2021/07/07 00:00:00,2021/07/07 03:28:00,40.003,-124.938,700122,22,4.0,1191.0,33RO20210613,WCOA2021,CM30,70.0,1.0,11024.0,2.0,9.0,2021-07-07,2021.0,7.0,7.0,22:28:21,188.936,40.003,-124.938,1483.0,4.2,4.2,13.376,32.741,2.0,,9.0,269.5,2.0,,,9.0,,9.0,,9.0,,,9.0,,,9.0,,9.0,,9.0,,9.0,,9.0,,9.0,,9.0,,9.0,,9.0,,9.0,,9.0,,9.0,,9.0,,9.0,,9.0,,,,,,,,,,,,,,,,,,,,,,,,,,,,,,,,,,,,,,,,,,,,,,,,,,,,,,,,,,,,,,,,,,,,,,,,,,,,,,,,,,,,,,,,,,,,,0.0,4.2,,,,,32.741,,,0.0,,13.376,,,,,,,,,,,,,11024.0,22:28:21,2021/07/07 22:28:21,22.0,11024.0,22.0,4.0,3.97,13.4245,32.7368,24.5558,6.2,270.28,0.048,154.66,-9.33,dRB2102_CTD_070_01_F.csv,dRB2102,CTD,70.0,F.csv,700121
352,E651,1.0,1.0,False,WCOA21,2021_WCOA_RonBrown,7/8/2021,,12:17:18 AM,,E651,710102,2,Niskin; Sterivex 0.22µm filter,95% EtOH,West Coast,CM20,924.6,40.1,-124.715,1000.0,Sean McAllister,,7/8/2021 12:17:18 AM,7/8/2021 ,2021/07/08 12:17:00,2021/07/08 00:00:00,2021/07/08 05:17:00,40.1,-124.715,710102,2,925.0,1194.0,33RO20210613,WCOA2021,CM20,71.0,1.0,11081.0,2.0,9.0,2021-07-08,2021.0,7.0,8.0,00:17:18,189.012,40.1,-124.715,935.0,933.8,924.6,4.307,34.389,2.0,,9.0,15.9,2.0,,,9.0,,9.0,,9.0,,,9.0,,,9.0,,9.0,,9.0,,9.0,,9.0,,9.0,,9.0,,9.0,,9.0,,9.0,,9.0,,9.0,,9.0,,9.0,,9.0,,,,,,,,,,,,,,,,,,,,,,,,,,,,,,,,,,,,,,,,,,,,,,,,,,,,,,,,,,,,,,,,,,,,,,,,,,,,,,,,,,,,,,,,,,,,,0.0,933.8,,,,,34.389,,,0.0,,4.307,,,,,,,,,,,,,11081.0,00:17:18,2021/07/08 00:17:18,2.0,11081.0,2.0,925.0,915.86,4.3165,34.3881,27.2738,0.37,16.11,0.04,154.72,20.04,dRB2102_CTD_071_01_F.csv,dRB2102,CTD,71.0,F.csv,710101
353,E652,1.0,1.0,False,WCOA21,2021_WCOA_RonBrown,7/8/2021,,12:21:30 AM,,E652,710103,3,Niskin; Sterivex 0.22µm filter,95% EtOH,West Coast,CM20,742.1,40.1,-124.715,1000.0,Sean McAllister,,7/8/2021 12:21:30 AM,7/8/2021 ,2021/07/08 12:21:00,2021/07/08 00:00:00,2021/07/08 05:21:00,40.1,-124.715,710103,3,742.0,1195.0,33RO20210613,WCOA2021,CM20,71.0,1.0,11020.0,2.0,9.0,2021-07-08,2021.0,7.0,8.0,00:21:30,189.015,40.1,-124.715,935.0,749.2,742.1,4.621,34.302,2.0,,9.0,14.4,2.0,12.1,0.399,2.0,2345.7,2.0,2340.1,2.0,7.2917,24.99,6.0,45.276234834047095,24.84,6.0,103.9,6.0,3.22,6.0,42.7,6.0,0.03,6.0,0.01,6.0,,9.0,0.0,3.0,,9.0,,9.0,,9.0,,9.0,,9.0,,9.0,,9.0,387.05435811848486,20.35539616722946,69.15679551157085,39.11633816254898,66.96273416567331,0.1167645328531045,0.0,1.3188650924281e-07,0.6558854028079827,103.24411459719202,2237.42686632588,0.0004930626230956103,3.042639786898348,0.0,0.0030332670450177,0.0262467282298685,0.0,0.0,0.2951180851479446,0.0605955483620379,27672.3358703149,2340.1,0.0,0.0,0.0,20.35539616722946,3.1638307517359148,0.6558854028079827,0.0,0.0,0.0,69.15679551157102,0.0,0.0,-0.00012837981468887596,0.00013004525309923115,28995.0,2237.42686632588,39.11633816254898,2345.7,0.0405038328083413,0.0404489149107424,1303.2171045801088,0.7892518471364312,0.9958692372060892,-0.00013004525309923115,0.00012472770660013142,83.14462618,0.0262467282298685,0.2951180851479446,1.042633241996082,1.036506086224485,0.0530662122746255,1e-07,1.1471822336598847e-10,7.673921356692021e-07,1e-07,0.2394475225208993,1.539850664025818e-09,4.88180104823852e-07,9.472944536141972e-07,5.118943670577935e-10,0.0035645628016596,0.0259227803409495,7.629755150674275e-07,5.831243637537311e-10,1.8600887603215252e-10,1.4165931048531724e-07,8.641056236788439e-15,0.00012675649412130017,-0.00013583639917723043,1.0,1.0,3.0,1.0,10.0,1.0,1.0,0.0,1.0,1.0,1308.6227146008484,7.533428992767108,7.580924825601715,7.628960893249354,7.526176500221871,7.533428992767108,2345.7,2.0,2340.1,1.0,0.0,,749.2,1.0,1.0,0.9182200599810876,18.80656723305396,34.302,0.5137813929697813,0.8076359452633605,,0.085245934149602,4.621,0.0,0.0,0.0,407.4097542857143,10079.46599652992,66.9632272282964,3.22,103.9,27672.338903581945,0.0,0.9917788338346872,1319.4702991806073,11020.0,00:21:30,2021/07/08 00:21:30,3.0,11020.0,3.0,742.0,734.99,4.6526,34.302,27.1675,0.33,14.43,0.04,155.78,100.0,dRB2102_CTD_071_01_F.csv,dRB2102,CTD,71.0,F.csv,710103
354,E653,1.0,1.0,False,WCOA21,2021_WCOA_RonBrown,7/8/2021,,12:39:08 AM,,E653,710111,11,Niskin; Sterivex 0.22µm filter,95% EtOH,West Coast,CM20,99.4,40.1,-124.716,1000.0,Sean McAllister,,7/8/2021 12:39:08 AM,7/8/2021 ,2021/07/08 12:39:00,2021/07/08 00:00:00,2021/07/08 05:39:00,40.1,-124.716,710111,11,99.0,1203.0,33RO20210613,WCOA2021,CM20,71.0,1.0,11023.0,2.0,9.0,2021-07-08,2021.0,7.0,8.0,00:39:08,189.027,40.1,-124.716,935.0,100.2,99.4,8.934,33.728,2.0,,9.0,169.0,2.0,,,9.0,,9.0,,9.0,,,9.0,,,9.0,,9.0,,9.0,,9.0,,9.0,,9.0,,9.0,,9.0,,9.0,,9.0,,9.0,,9.0,,9.0,,9.0,,9.0,,,,,,,,,,,,,,,,,,,,,,,,,,,,,,,,,,,,,,,,,,,,,,,,,,,,,,,,,,,,,,,,,,,,,,,,,,,,,,,,,,,,,,,,,,,,,0.0,100.2,,,,,33.728,,,0.0,,8.934,,,,,,,,,,,,,11023.0,00:39:08,2021/07/08 00:39:08,11.0,11023.0,11.0,99.0,98.22,8.9175,33.7279,26.1367,3.85,167.69,0.042,157.96,99.27,dRB2102_CTD_071_01_F.csv,dRB2102,CTD,71.0,F.csv,710110
355,E654,1.0,1.0,False,WCOA21,2021_WCOA_RonBrown,7/8/2021,,12:53:30 AM,,E654,710121,21,Niskin; Sterivex 0.22µm filter,95% EtOH,West Coast,CM20,4.0,40.1,-124.717,1000.0,Sean McAllister,,7/8/2021 12:53:30 AM,7/8/2021 ,2021/07/08 12:53:00,2021/07/08 00:00:00,2021/07/08 05:53:00,40.1,-124.717,710121,21,4.0,1213.0,33RO20210613,WCOA2021,CM20,71.0,1.0,11062.0,2.0,9.0,2021-07-08,2021.0,7.0,8.0,00:53:30,189.037,40.1,-124.717,935.0,4.0,4.0,14.243,32.748,2.0,,9.0,270.2,2.0,,,9.0,,9.0,,9.0,,,9.0,,,9.0,,9.0,,9.0,,9.0,,9.0,,9.0,,9.0,,9.0,,9.0,,9.0,,9.0,,9.0,,9.0,,9.0,,9.0,,,,,,,,,,,,,,,,,,,,,,,,,,,,,,,,,,,,,,,,,,,,,,,,,,,,,,,,,,,,,,,,,,,,,,,,,,,,,,,,,,,,,,,,,,,,,0.0,4.0,,,,,32.748,,,0.0,,14.243,,,,,,,,,,,,,11062.0,00:53:30,2021/07/08 00:53:30,21.0,11062.0,21.0,4.0,3.97,14.2841,32.7547,24.3936,6.15,268.27,0.068,156.21,79.55,dRB2102_CTD_071_01_F.csv,dRB2102,CTD,71.0,F.csv,710120
356,E655,1.0,1.0,False,WCOA21,2021_WCOA_RonBrown,7/9/2021,,8:38:49 AM,,E655,720103,3,Niskin; Sterivex 0.22µm filter,95% EtOH,West Coast,CM3,86.4,40.234,-124.412,1000.0,Sean McAllister,Samples rinsed with niskin water (not RO),7/9/2021 8:38:49 AM,7/9/2021 ,2021/07/09 08:38:00,2021/07/09 00:00:00,2021/07/09 01:38:00,40.234,-124.412,720103,3,86.0,1217.0,33RO20210613,WCOA2021,CM3,72.0,1.0,11020.0,2.0,9.0,2021-07-09,2021.0,7.0,9.0,08:38:49,190.36,40.234,-124.412,96.0,87.0,86.4,8.373,34.041,2.0,34.0384,2.0,91.8,2.0,,,9.0,,9.0,,9.0,,,9.0,,,9.0,,9.0,,9.0,,9.0,,9.0,,9.0,,9.0,,9.0,,9.0,,9.0,,9.0,,9.0,,9.0,,9.0,,9.0,,,,,,,,,,,,,,,,,,,,,,,,,,,,,,,,,,,,,,,,,,,,,,,,,,,,,,,,,,,,,,,,,,,,,,,,,,,,,,,,,,,,,,,,,,,,,0.0,87.0,,,,,34.0384,,,0.0,,8.373,,,,,,,,,,,,,11020.0,08:38:49,2021/07/09 08:38:49,3.0,11020.0,3.0,86.0,85.32,8.3822,34.039,26.463,2.11,91.82,0.043,164.23,12.09,dRB2102_CTD_072_01_F.csv,dRB2102,CTD,72.0,F.csv,720101
357,E656,1.0,1.0,False,WCOA21,2021_WCOA_RonBrown,7/9/2021,,8:47:53 AM,,E656,720109,9,Niskin; Sterivex 0.22µm filter,95% EtOH,West Coast,CM3,30.0,40.234,-124.413,1000.0,Sean McAllister,Samples rinsed with niskin water (not RO),7/9/2021 8:47:53 AM,7/9/2021 ,2021/07/09 08:47:00,2021/07/09 00:00:00,2021/07/09 01:47:00,40.234,-124.413,720109,9,30.0,1223.0,33RO20210613,WCOA2021,CM3,72.0,1.0,12052.0,3.0,9.0,2021-07-09,2021.0,7.0,9.0,08:47:53,190.367,40.234,-124.413,96.0,30.2,30.0,8.983,33.986,2.0,,9.0,146.3,2.0,,,9.0,,9.0,,9.0,,,9.0,,,9.0,,9.0,,9.0,,9.0,,9.0,,9.0,,9.0,,9.0,,9.0,,9.0,,9.0,,9.0,,9.0,,9.0,,9.0,,,,,,,,,,,,,,,,,,,,,,,,,,,,,,,,,,,,,,,,,,,,,,,,,,,,,,,,,,,,,,,,,,,,,,,,,,,,,,,,,,,,,,,,,,,,,0.0,30.2,,,,,33.986,,,0.0,,8.983,,,,,,,,,,,,,12052.0,08:47:53,2021/07/09 08:47:53,9.0,12052.0,9.0,30.0,29.77,8.9822,33.9849,26.3265,3.27,142.11,0.046,164.75,68.98,dRB2102_CTD_072_01_F.csv,dRB2102,CTD,72.0,F.csv,720107
358,E657,1.0,1.0,False,WCOA21,2021_WCOA_RonBrown,7/9/2021,,8:55:12 AM,,E657,720116,16,Niskin; Sterivex 0.22µm filter,95% EtOH,West Coast,CM3,5.2,40.234,-124.414,1000.0,Sean McAllister,Samples rinsed with niskin water (not RO),7/9/2021 8:55:12 AM,7/9/2021 ,2021/07/09 08:55:00,2021/07/09 00:00:00,2021/07/09 01:55:00,40.234,-124.414,720116,16,5.0,1230.0,33RO20210613,WCOA2021,CM3,72.0,1.0,11032.0,2.0,9.0,2021-07-09,2021.0,7.0,9.0,08:55:12,190.372,40.234,-124.414,96.0,5.3,5.2,9.029,33.983,2.0,33.9824,2.0,142.2,2.0,,,9.0,,9.0,,9.0,,,9.0,,,9.0,,9.0,,9.0,,9.0,,9.0,,9.0,,9.0,,9.0,,9.0,,9.0,,9.0,,9.0,,9.0,,9.0,,9.0,,,,,,,,,,,,,,,,,,,,,,,,,,,,,,,,,,,,,,,,,,,,,,,,,,,,,,,,,,,,,,,,,,,,,,,,,,,,,,,,,,,,,,,,,,,,,0.0,5.3,,,,,33.9824,,,0.0,,9.029,,,,,,,,,,,,,11032.0,08:55:12,2021/07/09 08:55:12,16.0,11032.0,16.0,5.0,4.96,8.9787,33.9853,26.327,3.34,145.33,0.046,165.07,93.51,dRB2102_CTD_072_01_F.csv,dRB2102,CTD,72.0,F.csv,720113
359,E658.1B,1.0,1.0,False,WCOA21,2021_WCOA_RonBrown,7/9/2021,,10:16:31 AM,,E658.1B,730101,1,Niskin; Sterivex 0.22µm filter,95% EtOH,West Coast,CM1,45.9,40.245,-124.385,1000.0,Sean McAllister,,7/9/2021 10:16:31 AM,7/9/2021 ,2021/07/09 10:16:00,2021/07/09 00:00:00,2021/07/09 03:16:00,40.245,-124.385,730101,1,46.0,1231.0,33RO20210613,WCOA2021,CM1,73.0,1.0,11031.0,2.0,9.0,2021-07-09,2021.0,7.0,9.0,10:16:31,190.428,40.245,-124.385,56.0,46.3,45.9,8.179,34.046,2.0,34.0482,9.0,84.9,2.0,88.9,2.921,6.0,2250.9,2.0,2272.4,6.0,7.3881,24.8,2.0,54.30768841060121,24.79,2.0,46.9,6.0,2.52,6.0,30.8,6.0,0.32,6.0,0.96,6.0,,9.0,8.153,6.0,,9.0,,9.0,,9.0,,9.0,,9.0,,9.0,,9.0,380.1836027525526,24.185602961733167,54.75611260740216,48.72639874118524,66.46302561575031,0.0755641987739536,0.0,7.485601111170954e-08,0.3811230754068992,46.5188769245931,2147.417488651413,0.00044689939688777216,2.380246737696202,0.0,0.0030769416558588,0.0215441779323711,0.0,0.0,0.4794312078741332,0.0641889886738332,27465.81379412565,2272.4,0.0,0.0,0.0,24.185602961733167,2.508624640187857,0.3811230754068992,0.0,0.0,0.0,54.75611260740212,0.0,0.0,-0.00012722763151866822,0.00012756936449926512,28995.0,2147.417488651413,48.72639874118524,2250.9,0.0398076489613611,0.0397560256832479,1167.4576625618536,0.7750324487450582,0.9960579408099958,-0.00012756936449926517,0.00012103400922117258,83.14462618,0.0215441779323711,0.4794312078741332,1.0539960240939397,1.0473807730646203,0.0469020114076309,1e-07,1.4441890222266102e-10,6.647986571226979e-07,1e-07,0.1923105621165433,1.5662869909692621e-09,4.211562565388269e-07,9.655876032189012e-07,5.586703627248967e-10,0.0032040572436687,0.0248540521064249,7.755569614931565e-07,6.63966791124275e-10,2.01717615926384e-10,1.61162859220654e-07,1.1804133268660301e-14,0.00012688772451615018,-0.00013485076992100602,1.0,1.0,3.0,1.0,10.0,1.0,1.0,0.0,1.0,1.0,1172.078063664123,7.608692196342512,7.6666700727636545,7.71156004127709,7.60087992702974,7.608692196342512,2250.9,2.0,2272.4,1.0,0.0,,46.3,1.0,1.0,0.8975403647459543,18.59725224739765,34.046,0.7332606131188706,1.1574579822903586,,0.0996750720956876,8.179,0.0,0.0,0.0,404.3692057142857,10004.24171528942,66.4634725151472,2.52,46.89999999999999,27465.816871067305,0.0,0.989490869313522,1184.526406471314,11031.0,10:16:31,2021/07/09 10:16:31,1.0,11031.0,1.0,46.0,45.64,8.2132,34.0428,26.4909,2.01,87.32,0.043,147.75,11.05,dRB2102_CTD_073_01_F.csv,dRB2102,CTD,73.0,F.csv,730101
360,E658.2T,2.0,2.0,False,WCOA21,2021_WCOA_RonBrown,7/9/2021,,10:16:36 AM,,E658.2T,730102,2,Niskin; Sterivex 0.22µm filter,95% EtOH,West Coast,CM1,46.0,40.245,-124.385,1000.0,Sean McAllister,,7/9/2021 10:16:36 AM,7/9/2021 ,2021/07/09 10:16:00,2021/07/09 00:00:00,2021/07/09 03:16:00,40.245,-124.385,730102,2,46.0,1232.0,33RO20210613,WCOA2021,CM1,73.0,1.0,11081.0,2.0,9.0,2021-07-09,2021.0,7.0,9.0,10:16:36,190.428,40.245,-124.385,56.0,46.3,46.0,8.178,34.046,2.0,34.0482,2.0,84.9,2.0,88.9,2.921,9.0,2250.9,9.0,2272.4,9.0,7.3881,24.8,9.0,54.30768841060121,24.79,9.0,46.9,9.0,2.52,9.0,30.8,9.0,0.32,9.0,0.96,9.0,,9.0,8.153,9.0,,9.0,,9.0,,9.0,,9.0,,9.0,,9.0,,9.0,,,,,,,,,,,,,,,,,,,,,,,,,,,,,,,,,,,,,,,,,,,,,,,,,,,,,,,,,,,,,,,,,,,,,,,,,,,,,,,,,,,,,,,,,,,,,0.0,46.3,,,,,34.0482,,,0.0,,8.178,,,,,,,,,,,,,11081.0,10:16:36,2021/07/09 10:16:36,2.0,11081.0,2.0,46.0,45.64,8.2132,34.0428,26.4909,2.01,87.32,0.043,147.75,11.05,dRB2102_CTD_073_01_F.csv,dRB2102,CTD,73.0,F.csv,730101
361,E658.3T,2.0,3.0,False,WCOA21,2021_WCOA_RonBrown,7/9/2021,,10:16:36 AM,,E658.3T,730102,2,Niskin; Sterivex 0.22µm filter,95% EtOH,West Coast,CM1,46.0,40.245,-124.385,1000.0,Sean McAllister,,7/9/2021 10:16:36 AM,7/9/2021 ,2021/07/09 10:16:00,2021/07/09 00:00:00,2021/07/09 03:16:00,40.245,-124.385,730102,2,46.0,1232.0,33RO20210613,WCOA2021,CM1,73.0,1.0,11081.0,2.0,9.0,2021-07-09,2021.0,7.0,9.0,10:16:36,190.428,40.245,-124.385,56.0,46.3,46.0,8.178,34.046,2.0,34.0482,2.0,84.9,2.0,88.9,2.921,9.0,2250.9,9.0,2272.4,9.0,7.3881,24.8,9.0,54.30768841060121,24.79,9.0,46.9,9.0,2.52,9.0,30.8,9.0,0.32,9.0,0.96,9.0,,9.0,8.153,9.0,,9.0,,9.0,,9.0,,9.0,,9.0,,9.0,,9.0,,,,,,,,,,,,,,,,,,,,,,,,,,,,,,,,,,,,,,,,,,,,,,,,,,,,,,,,,,,,,,,,,,,,,,,,,,,,,,,,,,,,,,,,,,,,,0.0,46.3,,,,,34.0482,,,0.0,,8.178,,,,,,,,,,,,,11081.0,10:16:36,2021/07/09 10:16:36,2.0,11081.0,2.0,46.0,45.64,8.2132,34.0428,26.4909,2.01,87.32,0.043,147.75,11.05,dRB2102_CTD_073_01_F.csv,dRB2102,CTD,73.0,F.csv,730101
362,E659.1B,1.0,1.0,False,WCOA21,2021_WCOA_RonBrown,7/9/2021,,10:21:10 AM,,E659.1B,730104,4,Niskin; Sterivex 0.22µm filter,95% EtOH,West Coast,CM1,25.5,40.245,-124.385,1000.0,Sean McAllister,,7/9/2021 10:21:10 AM,7/9/2021 ,2021/07/09 10:21:00,2021/07/09 00:00:00,2021/07/09 03:21:00,40.245,-124.385,730104,4,26.0,1234.0,33RO20210613,WCOA2021,CM1,73.0,1.0,11058.0,2.0,9.0,2021-07-09,2021.0,7.0,9.0,10:21:10,190.431,40.245,-124.385,56.0,25.7,25.5,8.511,34.02,2.0,,9.0,106.3,2.0,106.0,3.483,2.0,2239.0,6.0,2270.2,2.0,7.4075,24.8,2.0,56.25653306682741,24.79,2.0,43.9,2.0,2.46,2.0,29.6,2.0,0.36,2.0,1.4,2.0,,9.0,14.2,2.0,,9.0,,9.0,,9.0,,9.0,,9.0,,9.0,,9.0,378.126726039106,25.93367396089403,50.552574435896176,52.46596303429487,66.41229652302009,0.0685147987457522,0.0,6.348550664391983e-08,0.386581800790001,43.51341819921,2135.981462529809,0.0004196540729139364,2.32327087788628,0.0,0.002914376105832,0.020084588496291,0.0,0.0,0.5300749244256131,0.0682142598824605,27444.83906276394,2270.2,0.0,0.0,0.0,25.93367396089403,2.4596993341656948,0.386581800790001,0.0,0.0,0.0,50.55257443589613,0.0,0.0,-0.00012835948434172445,0.00012824988547231433,28995.0,2135.981462529809,52.46596303429487,2239.0,0.0400422298604032,0.0399909023605264,1089.9028627430505,0.7737087910340099,0.996074963361665,-0.00012824988547231457,0.00012120375860762278,83.14462618,0.020084588496291,0.5300749244256131,1.058134557423276,1.0512930830430132,0.0463826421270848,1e-07,1.4826200864388112e-10,6.614825070966366e-07,1e-07,0.1891376675163789,1.5773750342995731e-09,4.191469279938094e-07,9.717677735848803e-07,5.649219639996286e-10,0.0031784837389915,0.0248209321399488,7.798727629476592e-07,6.752795743451746e-10,2.0432734636311444e-10,1.6338716006071617e-07,1.2191174587384591e-14,0.00012846927069178532,-0.0001361658254723227,1.0,1.0,3.0,1.0,10.0,1.0,1.0,0.0,1.0,1.0,1094.1976285245885,7.638291709343074,7.697137061897002,7.741861138613327,7.630438670039714,7.638291709343074,2239.0,2.0,2270.2,1.0,0.0,,25.7,1.0,1.0,0.8901187811787512,18.473024481430432,34.02,0.7928876912338865,1.2513066488494018,,0.1063492768559459,8.511,0.0,0.0,0.0,404.0604000000001,9996.601749225933,66.412716177093,2.4599999999999995,43.9,27444.841977140044,0.0,0.9892511309214744,1106.0868108438326,11058.0,10:21:10,2021/07/09 10:21:10,4.0,11058.0,4.0,26.0,25.8,8.7087,34.0054,26.3855,2.74,119.31,0.045,147.78,31.48,dRB2102_CTD_073_01_F.csv,dRB2102,CTD,73.0,F.csv,730104
363,E659.2B,2.0,1.0,False,WCOA21,2021_WCOA_RonBrown,7/9/2021,,10:21:14 AM,,E659.2B,730105,5,Niskin; Sterivex 0.22µm filter,95% EtOH,West Coast,CM1,25.4,40.245,-124.385,1000.0,Sean McAllister,,7/9/2021 10:21:14 AM,7/9/2021 ,2021/07/09 10:21:00,2021/07/09 00:00:00,2021/07/09 03:21:00,40.245,-124.385,730105,5,25.0,1235.0,33RO20210613,WCOA2021,CM1,73.0,1.0,11008.0,2.0,9.0,2021-07-09,2021.0,7.0,9.0,10:21:14,190.431,40.245,-124.385,56.0,25.6,25.4,8.563,34.014,2.0,,9.0,150.9,3.0,106.0,3.483,9.0,2239.0,9.0,2270.2,9.0,7.4075,24.8,9.0,56.25653306682741,24.79,9.0,43.9,9.0,2.46,9.0,29.6,9.0,0.36,9.0,1.4,9.0,,9.0,14.2,9.0,,9.0,,9.0,,9.0,,9.0,,9.0,,9.0,,9.0,,,,,,,,,,,,,,,,,,,,,,,,,,,,,,,,,,,,,,,,,,,,,,,,,,,,,,,,,,,,,,,,,,,,,,,,,,,,,,,,,,,,,,,,,,,,,0.0,25.6,,,,,34.014,,,0.0,,8.563,,,,,,,,,,,,,11008.0,10:21:14,2021/07/09 10:21:14,5.0,11008.0,5.0,25.0,24.81,8.7023,34.005,26.3862,2.74,119.22,0.045,147.79,32.78,dRB2102_CTD_073_01_F.csv,dRB2102,CTD,73.0,F.csv,730104
364,E659.3B,3.0,1.0,False,WCOA21,2021_WCOA_RonBrown,7/9/2021,,10:21:18 AM,,E659.3B,730106,6,Niskin; Sterivex 0.22µm filter,95% EtOH,West Coast,CM1,25.5,40.245,-124.385,1000.0,Sean McAllister,,7/9/2021 10:21:18 AM,7/9/2021 ,2021/07/09 10:21:00,2021/07/09 00:00:00,2021/07/09 03:21:00,40.245,-124.385,730106,6,26.0,1236.0,33RO20210613,WCOA2021,CM1,73.0,1.0,11082.0,2.0,9.0,2021-07-09,2021.0,7.0,9.0,10:21:18,190.431,40.245,-124.385,56.0,25.7,25.5,8.613,34.011,2.0,,9.0,157.1,3.0,106.0,3.483,9.0,2239.0,9.0,2270.2,9.0,7.4075,24.8,9.0,56.25653306682741,24.79,9.0,43.9,9.0,2.46,9.0,29.6,9.0,0.36,9.0,1.4,9.0,,9.0,14.2,9.0,,9.0,,9.0,,9.0,,9.0,,9.0,,9.0,,9.0,,,,,,,,,,,,,,,,,,,,,,,,,,,,,,,,,,,,,,,,,,,,,,,,,,,,,,,,,,,,,,,,,,,,,,,,,,,,,,,,,,,,,,,,,,,,,0.0,25.7,,,,,34.011,,,0.0,,8.613,,,,,,,,,,,,,11082.0,10:21:18,2021/07/09 10:21:18,6.0,11082.0,6.0,26.0,25.8,8.7087,34.0054,26.3855,2.74,119.31,0.045,147.78,31.48,dRB2102_CTD_073_01_F.csv,dRB2102,CTD,73.0,F.csv,730104
365,E660.1B,1.0,1.0,False,WCOA21,2021_WCOA_RonBrown,7/9/2021,,10:29:06 AM,,E660.1B,730110,10,Niskin; Sterivex 0.22µm filter,95% EtOH,West Coast,CM1,5.3,40.245,-124.386,1000.0,Sean McAllister,,7/9/2021 10:29:06 AM,7/9/2021 ,2021/07/09 10:29:00,2021/07/09 00:00:00,2021/07/09 03:29:00,40.245,-124.386,730110,10,5.0,1240.0,33RO20210613,WCOA2021,CM1,73.0,1.0,11067.0,2.0,9.0,2021-07-09,2021.0,7.0,9.0,10:29:06,190.437,40.245,-124.386,56.0,5.3,5.3,9.071,33.978,2.0,33.9912,9.0,202.7,2.0,,,9.0,,9.0,,9.0,,,9.0,,,9.0,,9.0,,9.0,,9.0,,9.0,,9.0,,9.0,,9.0,,9.0,,9.0,,9.0,,9.0,,9.0,,9.0,,9.0,,,,,,,,,,,,,,,,,,,,,,,,,,,,,,,,,,,,,,,,,,,,,,,,,,,,,,,,,,,,,,,,,,,,,,,,,,,,,,,,,,,,,,,,,,,,,0.0,5.3,,,,,33.978,,,0.0,,9.071,,,,,,,,,,,,,11067.0,10:29:06,2021/07/09 10:29:06,10.0,11067.0,10.0,5.0,4.96,9.102,34.0074,26.3247,4.66,202.73,0.047,148.27,54.89,dRB2102_CTD_073_01_F.csv,dRB2102,CTD,73.0,F.csv,730109
366,E660.2B,2.0,1.0,False,WCOA21,2021_WCOA_RonBrown,7/9/2021,,10:29:08 AM,,E660.2B,730111,11,Niskin; Sterivex 0.22µm filter,95% EtOH,West Coast,CM1,5.2,40.245,-124.386,1000.0,Sean McAllister,,7/9/2021 10:29:08 AM,7/9/2021 ,2021/07/09 10:29:00,2021/07/09 00:00:00,2021/07/09 03:29:00,40.245,-124.386,730111,11,5.0,1241.0,33RO20210613,WCOA2021,CM1,73.0,1.0,11023.0,2.0,9.0,2021-07-09,2021.0,7.0,9.0,10:29:08,190.437,40.245,-124.386,56.0,5.3,5.2,9.054,33.98,2.0,33.9912,2.0,202.7,2.0,,,9.0,,9.0,,9.0,,,9.0,,,9.0,,9.0,,9.0,,9.0,,9.0,,9.0,,9.0,,9.0,,9.0,,9.0,,9.0,,9.0,,9.0,,9.0,,9.0,,,,,,,,,,,,,,,,,,,,,,,,,,,,,,,,,,,,,,,,,,,,,,,,,,,,,,,,,,,,,,,,,,,,,,,,,,,,,,,,,,,,,,,,,,,,,0.0,5.3,,,,,33.9912,,,0.0,,9.054,,,,,,,,,,,,,11023.0,10:29:08,2021/07/09 10:29:08,11.0,11023.0,11.0,5.0,4.96,9.102,34.0074,26.3247,4.66,202.73,0.047,148.27,54.89,dRB2102_CTD_073_01_F.csv,dRB2102,CTD,73.0,F.csv,730109
367,E660.3B,3.0,1.0,False,WCOA21,2021_WCOA_RonBrown,7/9/2021,,10:29:11 AM,,E660.3B,730112,12,Niskin; Sterivex 0.22µm filter,95% EtOH,West Coast,CM1,5.0,40.245,-124.386,1000.0,Sean McAllister,,7/9/2021 10:29:11 AM,7/9/2021 ,2021/07/09 10:29:00,2021/07/09 00:00:00,2021/07/09 03:29:00,40.245,-124.386,730112,12,5.0,1242.0,33RO20210613,WCOA2021,CM1,73.0,1.0,11026.0,2.0,9.0,2021-07-09,2021.0,7.0,9.0,10:29:11,190.437,40.245,-124.386,56.0,5.0,5.0,9.083,33.977,2.0,33.9912,9.0,202.7,2.0,,,9.0,,9.0,,9.0,,,9.0,,,9.0,,9.0,,9.0,,9.0,,9.0,,9.0,,9.0,,9.0,,9.0,,9.0,,9.0,,9.0,,9.0,,9.0,,9.0,,,,,,,,,,,,,,,,,,,,,,,,,,,,,,,,,,,,,,,,,,,,,,,,,,,,,,,,,,,,,,,,,,,,,,,,,,,,,,,,,,,,,,,,,,,,,0.0,5.0,,,,,33.977,,,0.0,,9.083,,,,,,,,,,,,,11026.0,10:29:11,2021/07/09 10:29:11,12.0,11026.0,12.0,5.0,4.96,9.102,34.0074,26.3247,4.66,202.73,0.047,148.27,54.89,dRB2102_CTD_073_01_F.csv,dRB2102,CTD,73.0,F.csv,730109
368,E661,1.0,1.0,False,WCOA21,2021_WCOA_RonBrown,7/9/2021,,12:47:44 PM,,E661,740102,2,Niskin; Sterivex 0.22µm filter,95% EtOH,West Coast,CM5,118.2,40.219,-124.45,1000.0,Sean McAllister,Samples rinsed with niskin water (not RO),7/9/2021 12:47:44 PM,7/9/2021 ,2021/07/09 12:47:00,2021/07/09 00:00:00,2021/07/09 05:47:00,40.219,-124.45,740102,2,118.0,1244.0,33RO20210613,WCOA2021,CM5,74.0,1.0,11081.0,2.0,9.0,2021-07-09,2021.0,7.0,9.0,12:47:44,190.533,40.219,-124.45,128.0,119.1,118.2,7.957,34.062,2.0,34.0617,2.0,77.3,2.0,,,9.0,,9.0,,9.0,,,9.0,,,9.0,,9.0,,9.0,,9.0,,9.0,,9.0,,9.0,,9.0,,9.0,,9.0,,9.0,,9.0,,9.0,,9.0,,9.0,,,,,,,,,,,,,,,,,,,,,,,,,,,,,,,,,,,,,,,,,,,,,,,,,,,,,,,,,,,,,,,,,,,,,,,,,,,,,,,,,,,,,,,,,,,,,0.0,119.1,,,,,34.0617,,,0.0,,7.957,,,,,,,,,,,,,11081.0,12:47:44,2021/07/09 12:47:44,2.0,11081.0,2.0,118.0,117.06,7.9545,34.062,26.5456,1.78,77.3,0.042,152.2,11.69,dRB2102_CTD_074_01_F.csv,dRB2102,CTD,74.0,F.csv,740101
369,E662,1.0,1.0,False,WCOA21,2021_WCOA_RonBrown,7/9/2021,,12:58:51 PM,,E662,740107,7,Niskin; Sterivex 0.22µm filter,95% EtOH,West Coast,CM5,59.9,40.218,-124.453,1000.0,Sean McAllister,,7/9/2021 12:58:51 PM,7/9/2021 ,2021/07/09 12:58:00,2021/07/09 00:00:00,2021/07/09 05:58:00,40.218,-124.453,740107,7,60.0,1249.0,33RO20210613,WCOA2021,CM5,74.0,1.0,11004.0,2.0,9.0,2021-07-09,2021.0,7.0,9.0,12:58:51,190.541,40.218,-124.453,128.0,60.4,59.9,8.145,34.045,2.0,,9.0,87.6,2.0,86.3,2.835,2.0,2252.5,2.0,2270.5,2.0,7.3854,24.89,2.0,53.97454475682783,24.845,2.0,47.3,2.0,2.53,2.0,31.1,2.0,0.32,2.0,0.86,2.0,,9.0,18.644,2.0,,9.0,,9.0,,9.0,,9.0,,9.0,,9.0,,9.0,380.7819660745846,23.57536249684401,56.30448151784307,47.40107480535272,66.46106128920927,0.0779543287883355,0.0,7.933740403256774e-08,0.3739568130636241,46.92604318693637,2148.794443676804,0.0004590590896865613,2.3894017867373494,0.0,0.0031566746095681,0.0221589652369682,0.0,0.0,0.4651727838453482,0.062643805136911,27465.00698770319,2270.5,0.0,0.0,0.0,23.57536249684401,2.514689317673767,0.3739568130636241,0.0,0.0,0.0,56.30448151784304,0.0,0.0,-0.00012687365889337178,0.00012737713968381746,28995.0,2148.794443676804,47.40107480535272,2252.4999999999995,0.03968782075759,0.0396361670785974,1199.0725533217656,0.7751566852419969,0.996056192024424,-0.0001273771396838174,0.00012101230947768945,83.14462618,0.0221589652369682,0.4651727838453482,1.052596551818569,1.0460656368465884,0.0469566927888256,1e-07,1.4422494347992059e-10,6.664782721903852e-07,1e-07,0.1927966009638423,1.567367806116464e-09,4.222689139059201e-07,9.661416916294152e-07,5.584473465295034e-10,0.0032081019193523,0.0248743170315547,7.759573700243925e-07,6.63709235086801e-10,2.0174204962561648e-10,1.610282656053517e-07,1.1776146831009178e-14,0.0001263741426271114,-0.00013444867646230513,1.0,1.0,3.0,1.0,10.0,1.0,1.0,0.0,1.0,1.0,1203.820188984241,7.596611085228712,7.654450523833828,7.699416842387887,7.588806339291853,7.596611085228712,2252.5,2.0,2270.5,1.0,0.0,,60.4,1.0,1.0,0.9000632260713795,18.613808873842576,34.045,0.7114978854406763,1.1229760603719554,,0.0969717863942456,8.145,0.0,0.0,0.0,404.35732857142864,10003.947870440825,66.46152034829896,2.53,47.3,27465.0101443778,0.0,0.9895151315650887,1216.5758264658286,11004.0,12:58:51,2021/07/09 12:58:51,7.0,11004.0,7.0,60.0,59.53,8.0232,34.0551,26.5291,1.89,82.4,0.042,152.9,68.44,dRB2102_CTD_074_01_F.csv,dRB2102,CTD,74.0,F.csv,740107
370,E663,1.0,1.0,False,WCOA21,2021_WCOA_RonBrown,7/9/2021,,1:13:40 PM,,E663,740116,16,Niskin; Sterivex 0.22µm filter,95% EtOH,West Coast,CM5,4.9,40.217,-124.458,1000.0,Sean McAllister,Samples rinsed with niskin water (not RO),7/9/2021 1:13:40 PM,7/9/2021 ,2021/07/09 01:13:00,2021/07/09 00:00:00,2021/07/08 18:13:00,40.217,-124.458,740116,16,5.0,1258.0,33RO20210613,WCOA2021,CM5,74.0,1.0,11032.0,2.0,9.0,2021-07-09,2021.0,7.0,9.0,13:13:40,190.551,40.217,-124.458,128.0,4.9,4.9,9.316,33.943,2.0,,9.0,158.2,2.0,,,9.0,,9.0,,9.0,,,9.0,,,9.0,,9.0,,9.0,,9.0,,9.0,,9.0,,9.0,,9.0,,9.0,,9.0,,9.0,,9.0,,9.0,,9.0,,9.0,,,,,,,,,,,,,,,,,,,,,,,,,,,,,,,,,,,,,,,,,,,,,,,,,,,,,,,,,,,,,,,,,,,,,,,,,,,,,,,,,,,,,,,,,,,,,0.0,4.9,,,,,33.943,,,0.0,,9.316,,,,,,,,,,,,,11032.0,13:13:40,2021/07/09 13:13:40,16.0,11032.0,16.0,5.0,4.96,9.2934,33.947,26.2467,3.63,158.17,0.049,153.27,99.46,dRB2102_CTD_074_01_F.csv,dRB2102,CTD,74.0,F.csv,740114
371,E664,1.0,1.0,False,WCOA21,2021_WCOA_RonBrown,7/9/2021,,2:27:36 PM,,E664,750102,2,Niskin; Sterivex 0.22µm filter,95% EtOH,West Coast,CM7,310.5,40.203,-124.492,1000.0,Sean McAllister,Samples rinsed with niskin water (not RO),7/9/2021 2:27:36 PM,7/9/2021 ,2021/07/09 02:27:00,2021/07/09 00:00:00,2021/07/08 19:27:00,40.203,-124.492,750102,2,310.0,1260.0,33RO20210613,WCOA2021,CM7,75.0,1.0,11081.0,2.0,9.0,2021-07-09,2021.0,7.0,9.0,14:27:36,190.603,40.203,-124.492,321.0,313.2,310.5,7.255,34.134,2.0,,9.0,48.1,2.0,,,9.0,,9.0,,9.0,,,9.0,,,9.0,,9.0,,9.0,,9.0,,9.0,,9.0,,9.0,,9.0,,9.0,,9.0,,9.0,,9.0,,9.0,,9.0,,9.0,,,,,,,,,,,,,,,,,,,,,,,,,,,,,,,,,,,,,,,,,,,,,,,,,,,,,,,,,,,,,,,,,,,,,,,,,,,,,,,,,,,,,,,,,,,,,0.0,313.2,,,,,34.134,,,0.0,,7.255,,,,,,,,,,,,,11081.0,14:27:36,2021/07/09 14:27:36,2.0,11081.0,2.0,310.0,307.39,7.2923,34.1325,26.6989,1.13,49.09,0.041,145.95,13.11,dRB2102_CTD_075_01_F.csv,dRB2102,CTD,75.0,F.csv,750101
372,E665,1.0,1.0,False,WCOA21,2021_WCOA_RonBrown,7/9/2021,,2:32:52 PM,,E665,750103,3,Niskin; Sterivex 0.22µm filter,95% EtOH,West Coast,CM7,199.1,40.203,-124.492,1000.0,Sean McAllister,,7/9/2021 2:32:52 PM,7/9/2021 ,2021/07/09 02:32:00,2021/07/09 00:00:00,2021/07/08 19:32:00,40.203,-124.492,750103,3,199.0,1261.0,33RO20210613,WCOA2021,CM7,75.0,1.0,11020.0,2.0,9.0,2021-07-09,2021.0,7.0,9.0,14:32:52,190.606,40.203,-124.492,321.0,200.8,199.1,8.274,34.039,2.0,34.0525,2.0,89.3,2.0,89.3,2.932,2.0,2247.2,6.0,2271.3,2.0,7.3893,25.04,6.0,54.59928200753336,24.815,6.0,45.5,2.0,2.51,2.0,30.7,2.0,0.31,2.0,0.85,2.0,,9.0,12.162,2.0,,9.0,,9.0,,9.0,,9.0,,9.0,,9.0,,9.0,379.6935644613177,24.75284268153949,53.50651546535575,49.5057293881619,66.47571755831015,0.0738012415325412,0.0,7.224840618417294e-08,0.3794166320003083,45.120583367999686,2144.187755146482,0.00044404135060633335,2.370667849850675,0.0,0.0030484817836682,0.0215038336193342,0.0,0.0,0.4917936700682544,0.0655308363683774,27471.057546067343,2271.3,0.0,0.0,0.0,24.75284268153949,2.5017294503390235,0.3794166320003083,0.0,0.0,0.0,53.50651546535577,0.0,0.0,-0.0001272753944514343,0.0001275023924028111,28995.0,2144.187755146482,49.5057293881619,2247.2,0.0399026866934016,0.0398511482501388,1144.555673494802,0.7746967898558974,0.9960628216856502,-0.00012750239240281108,0.0001208601603183977,83.14462618,0.0215038336193342,0.4917936700682544,1.0549579949829202,1.0482045788089025,0.0467487224120587,1e-07,1.4809727290553363e-10,6.833043928237909e-07,1e-07,0.1937794261991474,1.6006055037408047e-09,4.3374912265321923e-07,9.83894658717975e-07,5.668721388898138e-10,0.0032192559727777,0.0250800187839082,7.886775934738854e-07,6.786837664368942e-10,2.0645914239169343e-10,1.630624513616596e-07,1.2074673467085813e-14,0.0001270492033319038,-0.00013491716952888957,1.0,1.0,3.0,1.0,10.0,1.0,1.0,0.0,1.0,1.0,1149.0798055868156,7.609907539539568,7.667484108860857,7.712991471834969,7.602123228200869,7.609907539539568,2247.2,2.0,2271.3,1.0,0.0,,200.8,1.0,1.0,0.8958100791798635,18.59338920352172,34.0525,0.724950466902296,1.1420468947208386,,0.0997118836158884,8.274,0.0,0.0,0.0,404.4464071428572,10006.151706805293,66.47616159966076,2.51,45.49999999999999,27471.06059454913,0.0,0.9894228363338682,1161.363739940073,11020.0,14:32:52,2021/07/09 14:32:52,3.0,11020.0,3.0,199.0,197.38,8.2718,34.0397,26.482,2.05,89.21,0.043,146.97,90.66,dRB2102_CTD_075_01_F.csv,dRB2102,CTD,75.0,F.csv,750103
373,E666,1.0,1.0,False,WCOA21,2021_WCOA_RonBrown,7/9/2021,,2:44:09 PM,,E666,750107,7,Niskin; Sterivex 0.22µm filter,95% EtOH,West Coast,CM7,100.2,40.203,-124.493,1000.0,Sean McAllister,Samples rinsed with niskin water (not RO),7/9/2021 2:44:09 PM,7/9/2021 ,2021/07/09 02:44:00,2021/07/09 00:00:00,2021/07/08 19:44:00,40.203,-124.493,750107,7,100.0,1265.0,33RO20210613,WCOA2021,CM7,75.0,1.0,11004.0,2.0,9.0,2021-07-09,2021.0,7.0,9.0,14:44:09,190.614,40.203,-124.493,321.0,101.0,100.2,8.92,33.984,2.0,,9.0,133.4,2.0,,,9.0,,9.0,,9.0,,,9.0,,,9.0,,9.0,,9.0,,9.0,,9.0,,9.0,,9.0,,9.0,,9.0,,9.0,,9.0,,9.0,,9.0,,9.0,,9.0,,,,,,,,,,,,,,,,,,,,,,,,,,,,,,,,,,,,,,,,,,,,,,,,,,,,,,,,,,,,,,,,,,,,,,,,,,,,,,,,,,,,,,,,,,,,,0.0,101.0,,,,,33.984,,,0.0,,8.92,,,,,,,,,,,,,11004.0,14:44:09,2021/07/09 14:44:09,7.0,11004.0,7.0,100.0,99.21,8.874,33.9883,26.3475,3.0,130.58,0.046,147.18,99.6,dRB2102_CTD_075_01_F.csv,dRB2102,CTD,75.0,F.csv,750106
374,E667,1.0,1.0,False,WCOA21,2021_WCOA_RonBrown,7/9/2021,,3:04:57 PM,,E667,750118,18,Niskin; Sterivex 0.22µm filter,95% EtOH,West Coast,CM7,5.3,40.202,-124.496,1000.0,Sean McAllister,Samples rinsed with niskin water (not RO),7/9/2021 3:04:57 PM,7/9/2021 ,2021/07/09 03:04:00,2021/07/09 00:00:00,2021/07/08 20:04:00,40.202,-124.496,750118,18,5.0,1276.0,33RO20210613,WCOA2021,CM7,75.0,1.0,11002.0,2.0,9.0,2021-07-09,2021.0,7.0,9.0,15:04:57,190.628,40.202,-124.496,321.0,5.3,5.3,9.109,33.959,2.0,,9.0,144.4,2.0,,,9.0,,9.0,,9.0,,,9.0,,,9.0,,9.0,,9.0,,9.0,,9.0,,9.0,,9.0,,9.0,,9.0,,9.0,,9.0,,9.0,,9.0,,9.0,,9.0,,,,,,,,,,,,,,,,,,,,,,,,,,,,,,,,,,,,,,,,,,,,,,,,,,,,,,,,,,,,,,,,,,,,,,,,,,,,,,,,,,,,,,,,,,,,,0.0,5.3,,,,,33.959,,,0.0,,9.109,,,,,,,,,,,,,11002.0,15:04:57,2021/07/09 15:04:57,18.0,11002.0,18.0,5.0,4.96,9.2007,33.9568,26.2693,3.83,166.65,0.05,148.74,56.4,dRB2102_CTD_075_01_F.csv,dRB2102,CTD,75.0,F.csv,750116
375,E668,1.0,1.0,False,WCOA21,2021_WCOA_RonBrown,7/9/2021,,11:40:15 PM,,E668,760102,2,Niskin; Sterivex 0.22µm filter,95% EtOH,West Coast,PA19,2044.8,38.779,-124.092,1000.0,Sean McAllister,Samples rinsed with niskin water (not RO); Sterivex on inlet,7/9/2021 11:40:15 PM,7/9/2021 ,2021/07/09 11:40:00,2021/07/09 00:00:00,2021/07/09 04:40:00,38.779,-124.092,760102,2,2045.0,1278.0,33RO20210613,WCOA2021,PA19,76.0,1.0,11081.0,2.0,10.0,2021-07-09,2021.0,7.0,9.0,23:40:15,190.986,38.779,-124.092,2055.0,2070.5,2044.8,1.954,34.613,2.0,,9.0,76.9,2.0,,,9.0,,9.0,,9.0,,,9.0,,,9.0,,9.0,,9.0,,9.0,,9.0,,9.0,,9.0,,9.0,,9.0,,9.0,,9.0,,9.0,,9.0,,9.0,,9.0,,,,,,,,,,,,,,,,,,,,,,,,,,,,,,,,,,,,,,,,,,,,,,,,,,,,,,,,,,,,,,,,,,,,,,,,,,,,,,,,,,,,,,,,,,,,,0.0,2070.5,,,,,34.613,,,0.0,,1.954,,,,,,,,,,,,,11081.0,23:40:15,2021/07/09 23:40:15,2.0,11081.0,2.0,2045.0,2019.69,1.9631,34.6114,27.6741,1.76,76.36,0.04,149.53,35.52,dRB2102_CTD_076_01_F.csv,dRB2102,CTD,76.0,F.csv,760101
376,E669,1.0,1.0,False,WCOA21,2021_WCOA_RonBrown,7/10/2021,,12:31:51 AM,,E669,760113,13,Niskin; Sterivex 0.22µm filter,95% EtOH,West Coast,PA19,99.6,38.779,-124.09,1000.0,Sean McAllister,Samples rinsed with niskin water (not RO); Sterivex on inlet,7/10/2021 12:31:51 AM,7/10/2021 ,2021/07/10 12:31:00,2021/07/10 00:00:00,2021/07/10 05:31:00,38.779,-124.09,760113,13,100.0,1289.0,33RO20210613,WCOA2021,PA19,76.0,1.0,11054.0,2.0,10.0,2021-07-10,2021.0,7.0,10.0,00:31:51,191.022,38.779,-124.09,2055.0,100.4,99.6,9.311,33.927,2.0,,9.0,172.4,2.0,,,9.0,,9.0,,9.0,,,9.0,,,9.0,,9.0,,9.0,,9.0,,9.0,,9.0,,9.0,,9.0,,9.0,,9.0,,9.0,,9.0,,9.0,,9.0,,9.0,,,,,,,,,,,,,,,,,,,,,,,,,,,,,,,,,,,,,,,,,,,,,,,,,,,,,,,,,,,,,,,,,,,,,,,,,,,,,,,,,,,,,,,,,,,,,0.0,100.4,,,,,33.927,,,0.0,,9.311,,,,,,,,,,,,,11054.0,00:31:51,2021/07/10 00:31:51,13.0,11054.0,13.0,100.0,99.22,9.2374,33.9342,26.2473,3.96,172.18,0.04,156.3,96.99,dRB2102_CTD_076_01_F.csv,dRB2102,CTD,76.0,F.csv,760112
377,E670,1.0,1.0,False,WCOA21,2021_WCOA_RonBrown,7/10/2021,,12:50:27 AM,,E670,760123,23,Niskin; Sterivex 0.22µm filter,95% EtOH,West Coast,PA19,4.0,38.779,-124.09,1000.0,Sean McAllister,Samples rinsed with niskin water (not RO); Sterivex on inlet,7/10/2021 12:50:27 AM,7/10/2021 ,2021/07/10 12:50:00,2021/07/10 00:00:00,2021/07/10 05:50:00,38.779,-124.09,760123,23,4.0,1299.0,33RO20210613,WCOA2021,PA19,76.0,1.0,11061.0,2.0,10.0,2021-07-10,2021.0,7.0,10.0,00:50:27,191.035,38.779,-124.09,2055.0,4.1,4.0,12.868,33.245,2.0,,9.0,266.6,2.0,,,9.0,,9.0,,9.0,,,9.0,,,9.0,,9.0,,9.0,,9.0,,9.0,,9.0,,9.0,,9.0,,9.0,,9.0,,9.0,,9.0,,9.0,,9.0,,9.0,,,,,,,,,,,,,,,,,,,,,,,,,,,,,,,,,,,,,,,,,,,,,,,,,,,,,,,,,,,,,,,,,,,,,,,,,,,,,,,,,,,,,,,,,,,,,0.0,4.1,,,,,33.245,,,0.0,,12.868,,,,,,,,,,,,,11061.0,00:50:27,2021/07/10 00:50:27,23.0,11061.0,23.0,4.0,3.97,12.8477,33.2245,25.0477,6.07,264.46,0.066,156.06,85.51,dRB2102_CTD_076_01_F.csv,dRB2102,CTD,76.0,F.csv,760122
378,E671,1.0,1.0,False,WCOA21,2021_WCOA_RonBrown,7/10/2021,,2:23:51 AM,,E671,770102,2,Niskin; Sterivex 0.22µm filter,95% EtOH,West Coast,PA9,246.7,38.853,-123.907,1000.0,Sean McAllister,Samples rinsed with niskin water (not RO),7/10/2021 2:23:51 AM,7/10/2021 ,2021/07/10 02:23:00,2021/07/10 00:00:00,2021/07/09 19:23:00,38.853,-123.907,770102,2,247.0,1302.0,33RO20210613,WCOA2021,PA9,77.0,1.0,11081.0,2.0,10.0,2021-07-10,2021.0,7.0,10.0,02:23:51,191.1,38.853,-123.907,257.0,248.7,246.7,8.032,34.077,2.0,,9.0,74.5,2.0,,,9.0,,9.0,,9.0,,,9.0,,,9.0,,9.0,,9.0,,9.0,,9.0,,9.0,,9.0,3.288,9.0,,9.0,,9.0,,9.0,,9.0,,9.0,,9.0,,9.0,,,,,,,,,,,,,,,,,,,,,,,,,,,,,,,,,,,,,,,,,,,,,,,,,,,,,,,,,,,,,,,,,,,,,,,,,,,,,,,,,,,,,,,,,,,,,0.0,248.7,,,,,34.077,,,0.0,,8.032,,,,,,,,,,,,,11081.0,02:23:51,2021/07/10 02:23:51,2.0,11081.0,2.0,247.0,244.99,8.0335,34.0777,26.5482,1.71,74.49,0.04,148.87,11.92,dRB2102_CTD_077_01_F.csv,dRB2102,CTD,77.0,F.csv,770101
379,E672,1.0,1.0,False,WCOA21,2021_WCOA_RonBrown,7/10/2021,,2:23:53 AM,,E672,770103,3,Niskin; Sterivex 0.22µm filter,95% EtOH,West Coast,PA9,246.6,38.853,-123.907,1000.0,Sean McAllister,,7/10/2021 2:23:53 AM,7/10/2021 ,2021/07/10 02:23:00,2021/07/10 00:00:00,2021/07/09 19:23:00,38.853,-123.907,770103,3,247.0,1303.0,33RO20210613,WCOA2021,PA9,77.0,1.0,11020.0,2.0,10.0,2021-07-10,2021.0,7.0,10.0,02:23:53,191.1,38.853,-123.907,257.0,248.6,246.6,8.031,34.077,2.0,,9.0,74.5,2.0,,,9.0,,9.0,,9.0,,,9.0,,,9.0,,9.0,,9.0,,9.0,,9.0,,9.0,,9.0,3.288,2.0,,9.0,,9.0,,9.0,,9.0,,9.0,,9.0,,9.0,,,,,,,,,,,,,,,,,,,,,,,,,,,,,,,,,,,,,,,,,,,,,,,,,,,,,,,,,,,,,,,,,,,,,,,,,,,,,,,,,,,,,,,,,,,,,0.0,248.6,,,,,34.077,,,0.0,,8.031,,,,,,,,,,,,,11020.0,02:23:53,2021/07/10 02:23:53,3.0,11020.0,3.0,247.0,244.99,8.0335,34.0777,26.5482,1.71,74.49,0.04,148.87,11.92,dRB2102_CTD_077_01_F.csv,dRB2102,CTD,77.0,F.csv,770101
380,E673,1.0,1.0,False,WCOA21,2021_WCOA_RonBrown,7/10/2021,,2:33:48 AM,,E673,770107,7,Niskin; Sterivex 0.22µm filter,95% EtOH,West Coast,PA9,100.0,38.853,-123.907,1000.0,Sean McAllister,Samples rinsed with niskin water (not RO),7/10/2021 2:33:48 AM,7/10/2021 ,2021/07/10 02:33:00,2021/07/10 00:00:00,2021/07/09 19:33:00,38.853,-123.907,770107,7,100.0,1307.0,33RO20210613,WCOA2021,PA9,77.0,1.0,11004.0,2.0,10.0,2021-07-10,2021.0,7.0,10.0,02:33:48,191.107,38.853,-123.907,257.0,100.8,100.0,8.69,33.956,2.0,,9.0,118.5,2.0,,,9.0,,9.0,,9.0,,,9.0,,,9.0,,9.0,,9.0,,9.0,,9.0,,9.0,,9.0,,9.0,,9.0,,9.0,,9.0,,9.0,,9.0,,9.0,,9.0,,,,,,,,,,,,,,,,,,,,,,,,,,,,,,,,,,,,,,,,,,,,,,,,,,,,,,,,,,,,,,,,,,,,,,,,,,,,,,,,,,,,,,,,,,,,,0.0,100.8,,,,,33.956,,,0.0,,8.69,,,,,,,,,,,,,11004.0,02:33:48,2021/07/10 02:33:48,7.0,11004.0,7.0,100.0,99.22,8.7646,33.9506,26.335,2.85,124.06,0.04,149.67,99.58,dRB2102_CTD_077_01_F.csv,dRB2102,CTD,77.0,F.csv,770106
381,E674,1.0,1.0,False,WCOA21,2021_WCOA_RonBrown,7/10/2021,,2:52:18 AM,,E674,770118,18,Niskin; Sterivex 0.22µm filter,95% EtOH,West Coast,PA9,3.7,38.853,-123.907,1000.0,Sean McAllister,Samples rinsed with niskin water (not RO),7/10/2021 2:52:18 AM,7/10/2021 ,2021/07/10 02:52:00,2021/07/10 00:00:00,2021/07/09 19:52:00,38.853,-123.907,770118,18,4.0,1318.0,33RO20210613,WCOA2021,PA9,77.0,1.0,11002.0,2.0,10.0,2021-07-10,2021.0,7.0,10.0,02:52:18,191.12,38.853,-123.907,257.0,3.7,3.7,11.547,33.554,2.0,,9.0,247.8,2.0,,,9.0,,9.0,,9.0,,,9.0,,,9.0,,9.0,,9.0,,9.0,,9.0,,9.0,,9.0,,9.0,,9.0,,9.0,,9.0,,9.0,,9.0,,9.0,,9.0,,,,,,,,,,,,,,,,,,,,,,,,,,,,,,,,,,,,,,,,,,,,,,,,,,,,,,,,,,,,,,,,,,,,,,,,,,,,,,,,,,,,,,,,,,,,,0.0,3.7,,,,,33.554,,,0.0,,11.547,,,,,,,,,,,,,11002.0,02:52:18,2021/07/10 02:52:18,18.0,11002.0,18.0,4.0,3.97,11.5873,33.5555,25.5443,5.69,247.62,0.084,149.12,97.72,dRB2102_CTD_077_01_F.csv,dRB2102,CTD,77.0,F.csv,770117
382,E675.1B,1.0,1.0,False,WCOA21,2021_WCOA_RonBrown,7/10/2021,,4:28:00 AM,,E675.1B,780101,1,Niskin; Sterivex 0.22µm filter,95% EtOH,West Coast,PA3,89.9,38.895,-123.791,1000.0,Sean McAllister,Sterivex on inlet,7/10/2021 4:28:00 AM,7/10/2021 ,2021/07/10 04:28:00,2021/07/10 00:00:00,2021/07/09 21:28:00,38.895,-123.791,780101,1,90.0,1320.0,33RO20210613,WCOA2021,PA3,78.0,1.0,11031.0,2.0,10.0,2021-07-10,2021.0,7.0,10.0,04:28:00,191.186,38.895,-123.791,100.0,90.6,89.9,8.708,34.018,2.0,,9.0,85.8,2.0,89.1,2.925,6.0,2230.3,6.0,2259.7,3.0,7.4067,24.99,2.0,56.91903793972104,24.9,2.0,39.7,2.0,2.4,2.0,29.1,2.0,0.25,2.0,0.64,2.0,,9.0,5.257,6.0,,9.0,,9.0,,9.0,,9.0,,9.0,,9.0,,9.0,378.3949136995393,25.64173201474648,51.05418726979242,51.56167177594308,66.40838095025113,0.0678456941864444,0.0,6.426133827195978e-08,0.3465935480034234,39.35340645199658,2127.684140954265,0.0004308931453870741,2.2661223858609243,0.0,0.0029999180134317,0.0205981749020961,0.0,0.0,0.5300328841776802,0.0660318556912925,27443.225523843008,2259.7,0.0,0.0,0.0,25.64173201474648,2.398186032982171,0.3465935480034234,0.0,0.0,0.0,51.054187269792585,0.0,0.0,-0.00012766165783837456,0.00012763261619590526,28995.0,2127.684140954265,51.56167177594308,2230.3,0.0399068123259794,0.039855659411503,1108.0677334929949,0.7729652811336616,0.9960850181014466,-0.0001276326161959054,0.00012069800874611602,83.14462618,0.0205981749020961,0.5300328841776802,1.0574541993014643,1.0506060412343436,0.0460749697212575,1e-07,1.5186134029630654e-10,6.688510316057085e-07,1e-07,0.1884319360351905,1.5991123588100503e-09,4.242743066519185e-07,9.834509456695874e-07,5.718692520834691e-10,0.0031745490974323,0.0249143429102468,7.882028182316424e-07,6.876177109250946e-10,2.0783326275307464e-10,1.6533598396225157e-07,1.2507765422924831e-14,0.00012769071270017556,-0.00013541264106350565,1.0,1.0,3.0,1.0,10.0,1.0,1.0,0.0,1.0,1.0,1112.422848809622,7.627123087169655,7.686171258517398,7.731104510672872,7.619264498057311,7.627123087169655,2230.3,2.0,2259.7,1.0,0.0,,90.6,1.0,1.0,0.891334869464006,18.4783495864572,34.018,0.7705919130718649,1.214806524751415,,0.1032947895173829,8.708,0.0,0.0,0.0,404.0366457142857,9996.01405952874,66.4088118433965,2.4,39.7,27443.22852376102,0.0,0.9891066867864936,1124.6742779828635,11031.0,04:28:00,2021/07/10 04:28:00,1.0,11031.0,1.0,90.0,89.3,8.6905,34.0202,26.401,1.97,85.77,0.041,169.88,11.32,dRB2102_CTD_078_01_F.csv,dRB2102,CTD,78.0,F.csv,780101
383,E675.2B,2.0,1.0,False,WCOA21,2021_WCOA_RonBrown,7/10/2021,,4:28:03 AM,,E675.2B,780102,2,Niskin; Sterivex 0.22µm filter,95% EtOH,West Coast,PA3,88.6,38.895,-123.791,1000.0,Sean McAllister,Samples rinsed with niskin water (not RO); Sterivex on inlet,7/10/2021 4:28:03 AM,7/10/2021 ,2021/07/10 04:28:00,2021/07/10 00:00:00,2021/07/09 21:28:00,38.895,-123.791,780102,2,89.0,1321.0,33RO20210613,WCOA2021,PA3,78.0,1.0,11081.0,2.0,10.0,2021-07-10,2021.0,7.0,10.0,04:28:03,191.186,38.895,-123.791,100.0,89.3,88.6,8.711,34.016,2.0,,9.0,87.6,2.0,89.1,2.925,9.0,2230.3,9.0,2259.7,9.0,7.4067,24.99,9.0,56.91903793972104,24.9,9.0,39.7,9.0,2.4,9.0,29.1,9.0,0.25,9.0,0.64,9.0,,9.0,5.257,9.0,,9.0,,9.0,,9.0,,9.0,,9.0,,9.0,,9.0,,,,,,,,,,,,,,,,,,,,,,,,,,,,,,,,,,,,,,,,,,,,,,,,,,,,,,,,,,,,,,,,,,,,,,,,,,,,,,,,,,,,,,,,,,,,,0.0,89.3,,,,,34.016,,,0.0,,8.711,,,,,,,,,,,,,11081.0,04:28:03,2021/07/10 04:28:03,2.0,11081.0,2.0,89.0,88.31,8.7222,34.0113,26.3891,2.01,87.64,0.04,169.94,12.35,dRB2102_CTD_078_01_F.csv,dRB2102,CTD,78.0,F.csv,780101
384,E675.3B,3.0,1.0,False,WCOA21,2021_WCOA_RonBrown,7/10/2021,,4:28:07 AM,,E675.3B,780103,3,Niskin; Sterivex 0.22µm filter,95% EtOH,West Coast,PA3,90.4,38.895,-123.791,1000.0,Sean McAllister,Samples rinsed with niskin water (not RO); Sterivex on inlet,7/10/2021 4:28:07 AM,7/10/2021 ,2021/07/10 04:28:00,2021/07/10 00:00:00,2021/07/09 21:28:00,38.895,-123.791,780103,3,90.0,1322.0,33RO20210613,WCOA2021,PA3,78.0,1.0,11020.0,2.0,10.0,2021-07-10,2021.0,7.0,10.0,04:28:07,191.186,38.895,-123.791,100.0,91.1,90.4,8.693,34.021,2.0,,9.0,86.2,2.0,89.1,2.925,9.0,2230.3,9.0,2259.7,9.0,7.4067,24.99,9.0,56.91903793972104,24.9,9.0,39.7,9.0,2.4,9.0,29.1,9.0,0.25,9.0,0.64,9.0,,9.0,5.257,9.0,,9.0,,9.0,,9.0,,9.0,,9.0,,9.0,,9.0,,,,,,,,,,,,,,,,,,,,,,,,,,,,,,,,,,,,,,,,,,,,,,,,,,,,,,,,,,,,,,,,,,,,,,,,,,,,,,,,,,,,,,,,,,,,,0.0,91.1,,,,,34.021,,,0.0,,8.693,,,,,,,,,,,,,11020.0,04:28:07,2021/07/10 04:28:07,3.0,11020.0,3.0,90.0,89.3,8.6905,34.0202,26.401,1.97,85.77,0.041,169.88,11.32,dRB2102_CTD_078_01_F.csv,dRB2102,CTD,78.0,F.csv,780101
385,E676.1B,1.0,1.0,False,WCOA21,2021_WCOA_RonBrown,7/10/2021,,4:39:22 AM,,E676.1B,780110,10,Niskin; Sterivex 0.22µm filter,95% EtOH,West Coast,PA3,39.9,38.895,-123.791,1000.0,Sean McAllister,Sterivex on inlet,7/10/2021 4:39:22 AM,7/10/2021 ,2021/07/10 04:39:00,2021/07/10 00:00:00,2021/07/09 21:39:00,38.895,-123.791,780110,10,40.0,1329.0,33RO20210613,WCOA2021,PA3,78.0,1.0,11067.0,2.0,10.0,2021-07-10,2021.0,7.0,10.0,04:39:22,191.194,38.895,-123.791,100.0,40.2,39.9,9.748,33.882,2.0,,9.0,185.3,2.0,192.1,6.309,2.0,2172.9,2.0,2253.9,2.0,7.5707,24.99,2.0,80.16943506436512,24.9,2.0,24.5,2.0,1.88,2.0,22.4,2.0,0.58,2.0,0.72,2.0,,9.0,4.845,2.0,,9.0,,9.0,,9.0,,9.0,,9.0,,9.0,,9.0,365.7654699524088,36.65588433330552,33.57379507751801,74.84404871011591,66.14301448407734,0.035930842902964,0.0,2.3637080405485515e-08,0.3207499101758697,24.179250089824126,2064.482156212366,0.00030266795864408643,1.765529276258228,0.0,0.0021634437185892,0.0141626006480086,0.0,0.0,0.8471318692203421,0.0785398572017277,27333.5115305439,2253.9,0.0,0.0,0.0,36.65588433330552,1.922608967024603,0.3207499101758697,0.0,0.0,0.0,33.57379507751799,0.0,0.0,-0.00014224476880496316,0.0001395934470843952,28995.0,2064.482156212366,74.84404871011591,2172.9,0.0412833693685198,0.0412331268307328,753.9131126575193,0.7686716510451658,0.9961375370675644,-0.0001395934470843954,0.00012886705707853578,83.14462618,0.0141626006480086,0.8471318692203421,1.0832360903479186,1.0760193316522069,0.0445327114144112,1e-07,1.6511801905381608e-10,6.587998191036547e-07,1e-07,0.1789339860281912,1.636145698163116e-09,4.182487196624597e-07,1.003902822188158e-06,5.91871074766262e-10,0.0030949992327895,0.0248173010986407,8.022107823878572e-07,7.262667483985698e-10,2.1657318980464918e-10,1.7256863806610136e-07,1.3830312626310027e-14,0.00014499875443332812,-0.00015226760741200203,1.0,1.0,3.0,1.0,10.0,1.0,1.0,0.0,1.0,1.0,756.8363650634964,7.787119023069403,7.848856990758241,7.893400474832153,7.779141339221725,7.787119023069403,2172.9,2.0,2253.9,1.0,0.0,,40.2,1.0,1.0,0.846319576887095,16.861562987938523,33.882,1.1310737440733352,1.7815982284172152,,0.1457699900973094,9.748,0.0,0.0,0.0,402.4213542857143,9956.051160119723,66.14331715203599,1.88,24.5,27333.513693987617,0.0,0.9883146036608796,765.7848647182285,11067.0,04:39:22,2021/07/10 04:39:22,10.0,11067.0,10.0,40.0,39.69,10.0866,33.8725,26.0577,4.91,213.87,0.145,169.18,61.74,dRB2102_CTD_078_01_F.csv,dRB2102,CTD,78.0,F.csv,780110
386,E676.2B,2.0,1.0,False,WCOA21,2021_WCOA_RonBrown,7/10/2021,,4:39:24 AM,,E676.2B,780111,11,Niskin; Sterivex 0.22µm filter,95% EtOH,West Coast,PA3,40.0,38.895,-123.791,1000.0,Sean McAllister,Samples rinsed with niskin water (not RO); Sterivex on inlet,7/10/2021 4:39:24 AM,7/10/2021 ,2021/07/10 04:39:00,2021/07/10 00:00:00,2021/07/09 21:39:00,38.895,-123.791,780111,11,40.0,1330.0,33RO20210613,WCOA2021,PA3,78.0,1.0,11023.0,2.0,10.0,2021-07-10,2021.0,7.0,10.0,04:39:24,191.194,38.895,-123.791,100.0,40.3,40.0,9.749,33.882,2.0,,9.0,185.3,2.0,192.1,6.309,9.0,2172.9,9.0,2253.9,9.0,7.5707,24.99,9.0,80.16943506436512,24.9,9.0,24.5,9.0,1.88,9.0,22.4,9.0,0.58,9.0,0.72,9.0,,9.0,4.845,9.0,,9.0,,9.0,,9.0,,9.0,,9.0,,9.0,,9.0,,,,,,,,,,,,,,,,,,,,,,,,,,,,,,,,,,,,,,,,,,,,,,,,,,,,,,,,,,,,,,,,,,,,,,,,,,,,,,,,,,,,,,,,,,,,,0.0,40.3,,,,,33.882,,,0.0,,9.749,,,,,,,,,,,,,11023.0,04:39:24,2021/07/10 04:39:24,11.0,11023.0,11.0,40.0,39.69,10.0866,33.8725,26.0577,4.91,213.87,0.145,169.18,61.74,dRB2102_CTD_078_01_F.csv,dRB2102,CTD,78.0,F.csv,780110
387,E676.3B,3.0,1.0,False,WCOA21,2021_WCOA_RonBrown,7/10/2021,,4:39:28 AM,,E676.3B,780112,12,Niskin; Sterivex 0.22µm filter,95% EtOH,West Coast,PA3,39.4,38.895,-123.791,1000.0,Sean McAllister,Samples rinsed with niskin water (not RO); Sterivex on inlet,7/10/2021 4:39:28 AM,7/10/2021 ,2021/07/10 04:39:00,2021/07/10 00:00:00,2021/07/09 21:39:00,38.895,-123.791,780112,12,39.0,1331.0,33RO20210613,WCOA2021,PA3,78.0,1.0,11026.0,2.0,10.0,2021-07-10,2021.0,7.0,10.0,04:39:28,191.194,38.895,-123.791,100.0,39.7,39.4,9.757,33.882,2.0,,9.0,185.3,2.0,192.1,6.309,9.0,2172.9,9.0,2253.9,9.0,7.5707,24.99,9.0,80.16943506436512,24.9,9.0,24.5,9.0,1.88,9.0,22.4,9.0,0.58,9.0,0.72,9.0,,9.0,4.845,9.0,,9.0,,9.0,,9.0,,9.0,,9.0,,9.0,,9.0,,,,,,,,,,,,,,,,,,,,,,,,,,,,,,,,,,,,,,,,,,,,,,,,,,,,,,,,,,,,,,,,,,,,,,,,,,,,,,,,,,,,,,,,,,,,,0.0,39.7,,,,,33.882,,,0.0,,9.757,,,,,,,,,,,,,11026.0,04:39:28,2021/07/10 04:39:28,12.0,11026.0,12.0,39.0,38.7,10.3078,33.8845,26.0292,5.13,223.44,0.186,169.04,62.7,dRB2102_CTD_078_01_F.csv,dRB2102,CTD,78.0,F.csv,780110
388,E677.1B,1.0,1.0,False,WCOA21,2021_WCOA_RonBrown,7/10/2021,,4:48:54 AM,,E677.1B,780122,22,Niskin; Sterivex 0.22µm filter,95% EtOH,West Coast,PA3,2.9,38.895,-123.791,1000.0,Sean McAllister,Samples rinsed with niskin water (not RO); Sterivex on inlet,7/10/2021 4:48:54 AM,7/10/2021 ,2021/07/10 04:48:00,2021/07/10 00:00:00,2021/07/09 21:48:00,38.895,-123.791,780122,22,3.0,1341.0,33RO20210613,WCOA2021,PA3,78.0,1.0,11024.0,2.0,10.0,2021-07-10,2021.0,7.0,10.0,04:48:54,191.201,38.895,-123.791,100.0,3.0,2.9,10.546,33.872,2.0,,9.0,252.1,2.0,,,9.0,,9.0,,9.0,,,9.0,,,9.0,,9.0,,9.0,,9.0,,9.0,,9.0,,9.0,,9.0,,9.0,,9.0,,9.0,,9.0,,9.0,,9.0,,9.0,,,,,,,,,,,,,,,,,,,,,,,,,,,,,,,,,,,,,,,,,,,,,,,,,,,,,,,,,,,,,,,,,,,,,,,,,,,,,,,,,,,,,,,,,,,,,0.0,3.0,,,,,33.872,,,0.0,,10.546,,,,,,,,,,,,,11024.0,04:48:54,2021/07/10 04:48:54,22.0,11024.0,22.0,3.0,2.98,10.5852,33.9002,25.9926,5.78,251.76,0.284,170.46,98.15,dRB2102_CTD_078_01_F.csv,dRB2102,CTD,78.0,F.csv,780121
389,E677.2B,2.0,1.0,False,WCOA21,2021_WCOA_RonBrown,7/10/2021,,4:48:56 AM,,E677.2B,780123,23,Niskin; Sterivex 0.22µm filter,95% EtOH,West Coast,PA3,3.4,38.895,-123.791,1000.0,Sean McAllister,Samples rinsed with niskin water (not RO); Sterivex on inlet,7/10/2021 4:48:56 AM,7/10/2021 ,2021/07/10 04:48:00,2021/07/10 00:00:00,2021/07/09 21:48:00,38.895,-123.791,780123,23,3.0,1342.0,33RO20210613,WCOA2021,PA3,78.0,1.0,11061.0,2.0,10.0,2021-07-10,2021.0,7.0,10.0,04:48:56,191.201,38.895,-123.791,100.0,3.4,3.4,10.544,33.872,2.0,,9.0,252.1,2.0,,,9.0,,9.0,,9.0,,,9.0,,,9.0,,9.0,,9.0,,9.0,,9.0,,9.0,,9.0,,9.0,,9.0,,9.0,,9.0,,9.0,,9.0,,9.0,,9.0,,,,,,,,,,,,,,,,,,,,,,,,,,,,,,,,,,,,,,,,,,,,,,,,,,,,,,,,,,,,,,,,,,,,,,,,,,,,,,,,,,,,,,,,,,,,,0.0,3.4,,,,,33.872,,,0.0,,10.544,,,,,,,,,,,,,11061.0,04:48:56,2021/07/10 04:48:56,23.0,11061.0,23.0,3.0,2.98,10.5852,33.9002,25.9926,5.78,251.76,0.284,170.46,98.15,dRB2102_CTD_078_01_F.csv,dRB2102,CTD,78.0,F.csv,780121
390,E677.3B,3.0,1.0,False,WCOA21,2021_WCOA_RonBrown,7/10/2021,,4:48:58 AM,,E677.3B,780124,24,Niskin; Sterivex 0.22µm filter,95% EtOH,West Coast,PA3,3.3,38.895,-123.791,1000.0,Sean McAllister,Samples rinsed with niskin water (not RO); Sterivex on inlet,7/10/2021 4:48:58 AM,7/10/2021 ,2021/07/10 04:48:00,2021/07/10 00:00:00,2021/07/09 21:48:00,38.895,-123.791,780124,24,3.0,1343.0,33RO20210613,WCOA2021,PA3,78.0,1.0,11001.0,2.0,10.0,2021-07-10,2021.0,7.0,10.0,04:48:58,191.201,38.895,-123.791,100.0,3.3,3.3,10.541,33.873,2.0,,9.0,252.1,2.0,,,9.0,,9.0,,9.0,,,9.0,,,9.0,,9.0,,9.0,,9.0,,9.0,,9.0,,9.0,,9.0,,9.0,,9.0,,9.0,,9.0,,9.0,,9.0,,9.0,,,,,,,,,,,,,,,,,,,,,,,,,,,,,,,,,,,,,,,,,,,,,,,,,,,,,,,,,,,,,,,,,,,,,,,,,,,,,,,,,,,,,,,,,,,,,0.0,3.3,,,,,33.873,,,0.0,,10.541,,,,,,,,,,,,,11001.0,04:48:58,2021/07/10 04:48:58,24.0,11001.0,24.0,3.0,2.98,10.5852,33.9002,25.9926,5.78,251.76,0.284,170.46,98.15,dRB2102_CTD_078_01_F.csv,dRB2102,CTD,78.0,F.csv,780121
391,E678,1.0,1.0,False,WCOA21,2021_WCOA_RonBrown,7/10/2021,,8:14:57 PM,,E678,790102,2,Niskin; Sterivex 0.22µm filter,95% EtOH,West Coast,PR28,1139.7,37.749,-123.319,1000.0,Sean McAllister,Samples rinsed with niskin water (not RO); Sterivex on inlet,7/10/2021 8:14:57 PM,7/10/2021 ,2021/07/10 08:14:00,2021/07/10 00:00:00,2021/07/10 01:14:00,37.749,-123.319,790102,2,1140.0,1345.0,33RO20210613,WCOA2021,PR28,79.0,1.0,11081.0,2.0,11.0,2021-07-10,2021.0,7.0,10.0,20:14:57,191.844,37.749,-123.319,1150.0,1151.4,1139.7,3.788,34.456,2.0,34.4604,2.0,23.7,2.0,,,9.0,,9.0,,9.0,,,9.0,,,9.0,,9.0,,9.0,,9.0,,9.0,,9.0,,9.0,,9.0,,9.0,,9.0,,9.0,,9.0,,9.0,,9.0,,9.0,,,,,,,,,,,,,,,,,,,,,,,,,,,,,,,,,,,,,,,,,,,,,,,,,,,,,,,,,,,,,,,,,,,,,,,,,,,,,,,,,,,,,,,,,,,,,0.0,1151.4,,,,,34.4604,,,0.0,,3.788,,,,,,,,,,,,,11081.0,20:14:57,2021/07/10 20:14:57,2.0,11081.0,2.0,1140.0,1128.4,3.7962,34.455,27.382,0.54,23.69,0.04,151.27,20.58,dRB2102_CTD_079_01_F.csv,dRB2102,CTD,79.0,F.csv,790101
392,E679,1.0,1.0,False,WCOA21,2021_WCOA_RonBrown,7/10/2021,,8:18:57 PM,,E679,790103,3,Niskin; Sterivex 0.22µm filter,95% EtOH,West Coast,PR28,990.7,37.749,-123.32,1000.0,Sean McAllister,,7/10/2021 8:18:57 PM,7/10/2021 ,2021/07/10 08:18:00,2021/07/10 00:00:00,2021/07/10 01:18:00,37.749,-123.32,790103,3,991.0,1346.0,33RO20210613,WCOA2021,PR28,79.0,1.0,11020.0,2.0,11.0,2021-07-10,2021.0,7.0,10.0,20:18:57,191.846,37.749,-123.32,1150.0,1000.5,990.7,4.157,34.427,2.0,,9.0,19.9,2.0,16.1,0.528,2.0,2360.9,2.0,2363.8,2.0,7.3159,24.98,6.0,,,9.0,117.2,2.0,3.33,2.0,42.7,2.0,0.05,2.0,0.01,2.0,,9.0,1.704,2.0,,9.0,,9.0,,9.0,,9.0,,9.0,,9.0,,9.0,387.00351521851707,21.89088192434009,65.00792421109455,41.67073243775166,67.20678769419561,0.1129830382013678,0.0,1.190349193427804e-07,0.7880648697219884,116.411935130278,2254.221343351154,0.0004603901306728245,3.150843986506785,0.0,0.0027718954039816,0.0249681181669862,0.0,0.0,0.3032558029974787,0.0661728562569271,27773.176967875326,2363.8,0.0,0.0,0.0,21.89088192434009,3.2831895799857205,0.7880648697219884,0.0,0.0,0.0,65.00792421109455,0.0,0.0,-0.0001284596069060142,0.0001297420907267459,28995.0,2254.221343351154,41.67073243775166,2360.9,0.0410676630298841,0.0410122982986802,1205.4541623358894,0.7914457569092956,0.9958437578055118,-0.0001297420907267455,0.00012414683816609214,83.14462618,0.0249681181669862,0.3032558029974787,1.0450696340181298,1.0385599811060588,0.0539281593960603,1e-07,1.1322833453851947e-10,8.084062898023849e-07,1e-07,0.2501695999821808,1.569115896466332e-09,5.156878658891001e-07,9.619155209001625e-07,5.127920105419177e-10,0.0036447936325653,0.0263296775564353,7.736068812523604e-07,5.8258547765755e-10,1.8778942532346862e-10,1.4028364257454574e-07,8.412320174520029e-15,0.00012720222928778148,-0.00013586549904436615,1.0,1.0,3.0,1.0,10.0,1.0,1.0,0.0,1.0,1.0,1210.4852321334874,7.556893326465985,7.602614188945871,7.65132346658006,7.54974462168212,7.556893326465985,2360.9,2.0,2363.8,1.0,0.0,,1000.5,1.0,1.0,0.9137480746716482,19.0169966055956,34.427,0.5214572514247353,0.8174505350984442,,0.0902839904984017,4.157,0.0,0.0,0.0,408.89439714285714,10116.196602604385,67.20724808432628,3.33,117.2,27773.17973977073,0.0,0.992042462474528,1220.1949794710206,11020.0,20:18:57,2021/07/10 20:18:57,3.0,11020.0,3.0,991.0,981.26,4.1816,34.4244,27.3173,0.45,19.62,0.04,152.23,100.0,dRB2102_CTD_079_01_F.csv,dRB2102,CTD,79.0,F.csv,790103
393,E680,1.0,1.0,False,WCOA21,2021_WCOA_RonBrown,7/10/2021,,8:50:28 PM,,E680,790112,12,Niskin; Sterivex 0.22µm filter,95% EtOH,West Coast,PR28,100.0,37.749,-123.32,1000.0,Sean McAllister,Samples rinsed with niskin water (not RO); Sterivex on inlet,7/10/2021 8:50:28 PM,7/10/2021 ,2021/07/10 08:50:00,2021/07/10 00:00:00,2021/07/10 01:50:00,37.749,-123.32,790112,12,100.0,1355.0,33RO20210613,WCOA2021,PR28,79.0,1.0,11026.0,2.0,11.0,2021-07-10,2021.0,7.0,10.0,20:50:28,191.868,37.749,-123.32,1150.0,100.8,100.0,9.87,33.934,2.0,,9.0,123.3,2.0,,,9.0,,9.0,,9.0,,,9.0,,,9.0,,9.0,,9.0,,9.0,,9.0,,9.0,,9.0,,9.0,,9.0,,9.0,,9.0,,9.0,,9.0,,9.0,,9.0,,,,,,,,,,,,,,,,,,,,,,,,,,,,,,,,,,,,,,,,,,,,,,,,,,,,,,,,,,,,,,,,,,,,,,,,,,,,,,,,,,,,,,,,,,,,,0.0,100.8,,,,,33.934,,,0.0,,9.87,,,,,,,,,,,,,11026.0,20:50:28,2021/07/10 20:50:28,12.0,11026.0,12.0,100.0,99.23,9.8829,33.929,26.1373,2.87,124.83,0.041,155.61,99.58,dRB2102_CTD_079_01_F.csv,dRB2102,CTD,79.0,F.csv,790111
394,E681,1.0,1.0,False,WCOA21,2021_WCOA_RonBrown,7/10/2021,,9:05:54 PM,,E681,790122,22,Niskin; Sterivex 0.22µm filter,95% EtOH,West Coast,PR28,4.8,37.749,-123.32,1000.0,Sean McAllister,Samples rinsed with niskin water (not RO); Sterivex on inlet,7/10/2021 9:05:54 PM,7/10/2021 ,2021/07/10 09:05:00,2021/07/10 00:00:00,2021/07/10 02:05:00,37.749,-123.32,790122,22,5.0,1365.0,33RO20210613,WCOA2021,PR28,79.0,1.0,11024.0,2.0,11.0,2021-07-10,2021.0,7.0,10.0,21:05:54,191.879,37.749,-123.32,1150.0,4.8,4.8,13.144,33.765,2.0,33.7689,2.0,296.3,2.0,,,9.0,,9.0,,9.0,,,9.0,,,9.0,2.5,2.0,0.69,2.0,6.1,2.0,0.38,2.0,1.25,2.0,10.9,2.0,,9.0,,9.0,,9.0,,9.0,,9.0,,9.0,,9.0,,9.0,,,,,,,,,,,,,,,,,,,,,,,,,,,,,,,,,,,,,,,,,,,,,,,,,,,,,,,,,,,,,,,,,,,,,,,,,,,,,,,,,,,,,,,,,,,,,0.69,4.8,,,,,33.7689,,,2.5,,13.144,,,,,,,,,,,,,11024.0,21:05:54,2021/07/10 21:05:54,22.0,11024.0,22.0,5.0,4.96,13.1139,33.759,25.409,6.73,292.98,0.116,154.03,99.8,dRB2102_CTD_079_01_F.csv,dRB2102,CTD,79.0,F.csv,790121
395,E682,1.0,1.0,False,WCOA21,2021_WCOA_RonBrown,7/10/2021,,10:39:00 PM,,E682,800102,2,Niskin; Sterivex 0.22µm filter,95% EtOH,West Coast,PR20,68.6,37.813,-123.168,1000.0,Sean McAllister,Sterivex on inlet,7/10/2021 10:39:00 PM,7/10/2021 ,2021/07/10 10:39:00,2021/07/10 00:00:00,2021/07/10 03:39:00,37.813,-123.168,800102,2,69.0,1368.0,33RO20210613,WCOA2021,PR20,80.0,1.0,11081.0,2.0,11.0,2021-07-10,2021.0,7.0,10.0,22:39:00,191.944,37.813,-123.168,79.0,69.1,68.6,9.684,33.917,2.0,,9.0,106.0,2.0,,,9.0,,9.0,,9.0,,,9.0,,,9.0,,9.0,,9.0,,9.0,,9.0,,9.0,,9.0,,9.0,,9.0,,9.0,,9.0,,9.0,,9.0,,9.0,,9.0,,,,,,,,,,,,,,,,,,,,,,,,,,,,,,,,,,,,,,,,,,,,,,,,,,,,,,,,,,,,,,,,,,,,,,,,,,,,,,,,,,,,,,,,,,,,,0.0,69.1,,,,,33.917,,,0.0,,9.684,,,,,,,,,,,,,11081.0,22:39:00,2021/07/10 22:39:00,2.0,11081.0,2.0,69.0,68.47,9.6697,33.9186,26.164,2.42,105.13,0.042,144.68,9.63,dRB2102_CTD_080_01_F.csv,dRB2102,CTD,80.0,F.csv,800101
396,E683,1.0,1.0,False,WCOA21,2021_WCOA_RonBrown,7/10/2021,,10:47:50 PM,,E683,800110,10,Niskin; Sterivex 0.22µm filter,95% EtOH,West Coast,PR20,30.3,37.813,-123.168,1000.0,Sean McAllister,Sterivex on inlet,7/10/2021 10:47:50 PM,7/10/2021 ,2021/07/10 10:47:00,2021/07/10 00:00:00,2021/07/10 03:47:00,37.813,-123.168,800110,10,30.0,1376.0,33RO20210613,WCOA2021,PR20,80.0,1.0,11067.0,2.0,11.0,2021-07-10,2021.0,7.0,10.0,22:47:50,191.95,37.813,-123.168,79.0,30.5,30.3,10.757,33.764,2.0,,9.0,183.4,2.0,,,9.0,,9.0,,9.0,,,9.0,,,9.0,,9.0,,9.0,,9.0,,9.0,,9.0,,9.0,,9.0,,9.0,,9.0,,9.0,,9.0,,9.0,,9.0,,9.0,,,,,,,,,,,,,,,,,,,,,,,,,,,,,,,,,,,,,,,,,,,,,,,,,,,,,,,,,,,,,,,,,,,,,,,,,,,,,,,,,,,,,,,,,,,,,0.0,30.5,,,,,33.764,,,0.0,,10.757,,,,,,,,,,,,,11067.0,22:47:50,2021/07/10 22:47:50,10.0,11067.0,10.0,30.0,29.77,10.779,33.763,25.8522,4.3,187.04,0.057,143.66,47.95,dRB2102_CTD_080_01_F.csv,dRB2102,CTD,80.0,F.csv,800109
397,E684,1.0,1.0,False,WCOA21,2021_WCOA_RonBrown,7/10/2021,,10:55:40 PM,,E684,800116,16,Niskin; Sterivex 0.22µm filter,95% EtOH,West Coast,PR20,4.0,37.813,-123.168,1000.0,Sean McAllister,Sterivex on inlet,7/10/2021 10:55:40 PM,7/10/2021 ,2021/07/10 10:55:00,2021/07/10 00:00:00,2021/07/10 03:55:00,37.813,-123.168,800116,16,4.0,1382.0,33RO20210613,WCOA2021,PR20,80.0,1.0,11032.0,2.0,11.0,2021-07-10,2021.0,7.0,10.0,22:55:40,191.955,37.813,-123.168,79.0,4.0,4.0,12.539,33.786,2.0,,9.0,301.5,2.0,,,9.0,,9.0,,9.0,,,9.0,,,9.0,,9.0,,9.0,,9.0,,9.0,,9.0,,9.0,,9.0,,9.0,,9.0,,9.0,,9.0,,9.0,,9.0,,9.0,,,,,,,,,,,,,,,,,,,,,,,,,,,,,,,,,,,,,,,,,,,,,,,,,,,,,,,,,,,,,,,,,,,,,,,,,,,,,,,,,,,,,,,,,,,,,0.0,4.0,,,,,33.786,,,0.0,,12.539,,,,,,,,,,,,,11032.0,22:55:40,2021/07/10 22:55:40,16.0,11032.0,16.0,4.0,3.97,12.4717,33.783,25.5538,6.78,295.44,0.222,143.18,72.9,dRB2102_CTD_080_01_F.csv,dRB2102,CTD,80.0,F.csv,800115
398,E685,1.0,1.0,False,WCOA21,2021_WCOA_RonBrown,7/11/2021,,1:39:28 AM,,E685,810102,2,Niskin; Sterivex 0.22µm filter,95% EtOH,West Coast,PR10,69.6,37.892,-122.996,750.0,Sean McAllister,Sterivex on inlet; 750 mL,7/11/2021 1:39:28 AM,7/11/2021 ,2021/07/11 01:39:00,2021/07/11 00:00:00,2021/07/10 18:39:00,37.892,-122.996,810102,2,70.0,1384.0,33RO20210613,WCOA2021,PR10,81.0,1.0,11081.0,2.0,11.0,2021-07-11,2021.0,7.0,11.0,01:39:28,192.069,37.892,-122.996,80.0,70.1,69.6,9.327,33.939,2.0,33.9528,2.0,89.4,2.0,,,9.0,,9.0,,9.0,,,9.0,,,9.0,,9.0,,9.0,,9.0,,9.0,,9.0,,9.0,,9.0,,9.0,,9.0,,9.0,,9.0,,9.0,,9.0,,9.0,,,,,,,,,,,,,,,,,,,,,,,,,,,,,,,,,,,,,,,,,,,,,,,,,,,,,,,,,,,,,,,,,,,,,,,,,,,,,,,,,,,,,,,,,,,,,0.0,70.1,,,,,33.9528,,,0.0,,9.327,,,,,,,,,,,,,11081.0,01:39:28,2021/07/11 01:39:28,2.0,11081.0,2.0,70.0,69.47,9.3256,33.9392,26.2365,2.03,88.27,0.043,168.37,7.44,dRB2102_CTD_081_01_F.csv,dRB2102,CTD,81.0,F.csv,810101
399,E686,1.0,1.0,False,WCOA21,2021_WCOA_RonBrown,7/11/2021,,1:46:31 AM,,E686,810108,8,Niskin; Sterivex 0.22µm filter,95% EtOH,West Coast,PR10,29.5,37.892,-122.996,1000.0,Sean McAllister,Sterivex on inlet,7/11/2021 1:46:31 AM,7/11/2021 ,2021/07/11 01:46:00,2021/07/11 00:00:00,2021/07/10 18:46:00,37.892,-122.996,810108,8,30.0,1390.0,33RO20210613,WCOA2021,PR10,81.0,1.0,11027.0,2.0,11.0,2021-07-11,2021.0,7.0,11.0,01:46:31,192.074,37.892,-122.996,80.0,29.7,29.5,10.248,33.929,2.0,,9.0,123.4,2.0,,,9.0,,9.0,,9.0,,,9.0,,,9.0,,9.0,,9.0,,9.0,,9.0,,9.0,,9.0,,9.0,,9.0,,9.0,,9.0,,9.0,,9.0,,9.0,,9.0,,,,,,,,,,,,,,,,,,,,,,,,,,,,,,,,,,,,,,,,,,,,,,,,,,,,,,,,,,,,,,,,,,,,,,,,,,,,,,,,,,,,,,,,,,,,,0.0,29.7,,,,,33.929,,,0.0,,10.248,,,,,,,,,,,,,11027.0,01:46:31,2021/07/11 01:46:31,8.0,11027.0,8.0,30.0,29.77,10.4852,33.9257,26.0305,3.1,135.04,0.069,170.18,47.99,dRB2102_CTD_081_01_F.csv,dRB2102,CTD,81.0,F.csv,810107
400,E687,1.0,1.0,False,WCOA21,2021_WCOA_RonBrown,7/11/2021,,1:53:05 AM,,E687,810114,14,Niskin; Sterivex 0.22µm filter,95% EtOH,West Coast,PR10,4.0,37.892,-122.996,1000.0,Sean McAllister,Whales! Sterivex on inlet,7/11/2021 1:53:05 AM,7/11/2021 ,2021/07/11 01:53:00,2021/07/11 00:00:00,2021/07/10 18:53:00,37.892,-122.996,810114,14,4.0,1396.0,33RO20210613,WCOA2021,PR10,81.0,1.0,11011.0,2.0,11.0,2021-07-11,2021.0,7.0,11.0,01:53:05,192.079,37.892,-122.996,80.0,4.1,4.0,12.095,33.818,2.0,,9.0,285.9,2.0,,,9.0,,9.0,,9.0,,,9.0,,,9.0,,9.0,,9.0,,9.0,,9.0,,9.0,,9.0,,9.0,,9.0,,9.0,,9.0,,9.0,,9.0,,9.0,,9.0,,,,,,,,,,,,,,,,,,,,,,,,,,,,,,,,,,,,,,,,,,,,,,,,,,,,,,,,,,,,,,,,,,,,,,,,,,,,,,,,,,,,,,,,,,,,,0.0,4.1,,,,,33.818,,,0.0,,12.095,,,,,,,,,,,,,11011.0,01:53:05,2021/07/11 01:53:05,14.0,11011.0,14.0,4.0,3.97,12.0367,33.8195,25.6654,6.48,282.01,0.175,169.3,73.33,dRB2102_CTD_081_01_F.csv,dRB2102,CTD,81.0,F.csv,810113
401,E688,1.0,1.0,False,WCOA21,2021_WCOA_RonBrown,7/11/2021,,3:31:53 AM,,E688,820102,2,Niskin; Sterivex 0.22µm filter,95% EtOH,West Coast,PR1,29.0,37.97,-122.829,1000.0,Sean McAllister,Sterivex on inlet unless otherwise indicated,7/11/2021 3:31:53 AM,7/11/2021 ,2021/07/11 03:31:00,2021/07/11 00:00:00,2021/07/10 20:31:00,37.97,-122.829,820102,2,29.0,1398.0,33RO20210613,WCOA2021,PR1,82.0,1.0,11081.0,2.0,11.0,2021-07-11,2021.0,7.0,11.0,03:31:53,192.147,37.97,-122.829,39.0,29.3,29.0,10.15,33.921,2.0,,9.0,129.9,2.0,,,9.0,,9.0,,9.0,,,9.0,,,9.0,,9.0,,9.0,,9.0,,9.0,,9.0,,9.0,19.012,2.0,,9.0,,9.0,,9.0,,9.0,,9.0,,9.0,,9.0,,,,,,,,,,,,,,,,,,,,,,,,,,,,,,,,,,,,,,,,,,,,,,,,,,,,,,,,,,,,,,,,,,,,,,,,,,,,,,,,,,,,,,,,,,,,,0.0,29.3,,,,,33.921,,,0.0,,10.15,,,,,,,,,,,,,11081.0,03:31:53,2021/07/11 03:31:53,2.0,11081.0,2.0,29.0,28.78,10.15,33.9216,26.0849,2.99,129.92,0.07,166.01,6.9,dRB2102_CTD_082_01_F.csv,dRB2102,CTD,82.0,F.csv,820101
402,E689,1.0,1.0,False,WCOA21,2021_WCOA_RonBrown,7/11/2021,,3:35:50 AM,,E689,820106,6,Niskin; Sterivex 0.22µm filter,95% EtOH,West Coast,PR1,14.9,37.97,-122.829,1000.0,Sean McAllister,,7/11/2021 3:35:50 AM,7/11/2021 ,2021/07/11 03:35:00,2021/07/11 00:00:00,2021/07/10 20:35:00,37.97,-122.829,820106,6,15.0,1402.0,33RO20210613,WCOA2021,PR1,82.0,1.0,11082.0,2.0,11.0,2021-07-11,2021.0,7.0,11.0,03:35:50,192.15,37.97,-122.829,39.0,15.0,14.9,11.055,33.848,2.0,,9.0,187.3,2.0,,,9.0,,9.0,,9.0,,,9.0,,,9.0,,9.0,,9.0,,9.0,,9.0,,9.0,,9.0,,9.0,,9.0,,9.0,,9.0,,9.0,,9.0,,9.0,,9.0,,,,,,,,,,,,,,,,,,,,,,,,,,,,,,,,,,,,,,,,,,,,,,,,,,,,,,,,,,,,,,,,,,,,,,,,,,,,,,,,,,,,,,,,,,,,,0.0,15.0,,,,,33.848,,,0.0,,11.055,,,,,,,,,,,,,11082.0,03:35:50,2021/07/11 03:35:50,6.0,11082.0,6.0,15.0,14.89,10.7683,33.8515,25.9227,4.13,179.6,0.125,166.07,21.08,dRB2102_CTD_082_01_F.csv,dRB2102,CTD,82.0,F.csv,820105
403,E690,1.0,1.0,False,WCOA21,2021_WCOA_RonBrown,7/11/2021,,3:39:14 AM,,E690,820110,10,Niskin; Sterivex 0.22µm filter,95% EtOH,West Coast,PR1,3.6,37.97,-122.829,1000.0,Sean McAllister,,7/11/2021 3:39:14 AM,7/11/2021 ,2021/07/11 03:39:00,2021/07/11 00:00:00,2021/07/10 20:39:00,37.97,-122.829,820110,10,4.0,1406.0,33RO20210613,WCOA2021,PR1,82.0,1.0,11067.0,2.0,11.0,2021-07-11,2021.0,7.0,11.0,03:39:14,192.152,37.97,-122.829,39.0,3.7,3.6,12.083,33.839,2.0,,9.0,202.0,2.0,,,9.0,,9.0,,9.0,,,9.0,,,9.0,,9.0,,9.0,,9.0,,9.0,,9.0,,9.0,21.818,2.0,,9.0,,9.0,,9.0,,9.0,,9.0,,9.0,,9.0,,,,,,,,,,,,,,,,,,,,,,,,,,,,,,,,,,,,,,,,,,,,,,,,,,,,,,,,,,,,,,,,,,,,,,,,,,,,,,,,,,,,,,,,,,,,,0.0,3.7,,,,,33.839,,,0.0,,12.083,,,,,,,,,,,,,11067.0,03:39:14,2021/07/11 03:39:14,10.0,11067.0,10.0,4.0,3.97,12.11,33.8371,25.6652,4.7,204.6,0.113,166.01,31.82,dRB2102_CTD_082_01_F.csv,dRB2102,CTD,82.0,F.csv,820109
404,E691.1B,1.0,1.0,False,WCOA21,2021_WCOA_RonBrown,7/11/2021,,4:38:46 AM,,E691.1B,830101,1,Niskin; Sterivex 0.22µm filter,95% EtOH,West Coast,PR4,44.5,37.943,-122.881,1000.0,Sean McAllister,,7/11/2021 4:38:46 AM,7/11/2021 ,2021/07/11 04:38:00,2021/07/11 00:00:00,2021/07/10 21:38:00,37.943,-122.881,830101,1,44.0,1409.0,33RO20210613,WCOA2021,PR4,83.0,1.0,11031.0,2.0,11.0,2021-07-11,2021.0,7.0,11.0,04:38:46,192.194,37.943,-122.881,55.0,44.8,44.5,9.455,33.95,2.0,,9.0,81.4,2.0,105.6,3.466,6.0,2222.2,6.0,2260.3,2.0,7.4157,24.86,2.0,,,9.0,42.6,2.0,2.52,2.0,26.6,2.0,0.54,2.0,1.77,2.0,,9.0,7.723,6.0,,9.0,,9.0,,9.0,,9.0,,9.0,,9.0,,9.0,376.0703980049449,27.15860199505516,47.79135661392811,55.22840437774498,66.27564900939562,0.0670278627262011,0.0,6.070532113180935e-08,0.40123627578875,42.19876372421125,2119.1802390083267,0.00041548832063363335,2.377482225199281,0.0,0.0029486410837962,0.019544529782477,0.0,0.0,0.5975607572949474,0.0754898513691966,27388.36816023324,2260.3,0.0,0.0,0.0,27.15860199505516,2.528461867232353,0.40123627578875,0.0,0.0,0.0,47.79135661392821,0.0,0.0,-0.00012948468161827096,0.00012905278003911338,28995.0,2119.1802390083267,55.22840437774498,2222.2,0.0399331147413816,0.0398826176351164,1063.1771245886375,0.7699666282190626,0.996122835858144,-0.0001290527800391133,0.00012158490888564535,83.14462618,0.019544529782477,0.5975607572949474,1.0614210367216863,1.0544443403329926,0.0449514530633073,1e-07,1.6108095644218334e-10,6.611658765578286e-07,1e-07,0.1815388044827582,1.6243849210843731e-09,4.196226570354909e-07,9.973996819184164e-07,5.861992911249134e-10,0.0031176000180744,0.02483586549367,7.978341021571421e-07,7.142035096977311e-10,2.1387063126824675e-10,1.7044550189583237e-07,1.3441036406511604e-14,0.00012991948379920208,-0.00013749805300169055,1.0,1.0,3.0,1.0,10.0,1.0,1.0,0.0,1.0,1.0,1067.3152811246691,7.647949311549491,7.708974773701013,7.753528370889929,7.640000273342425,7.647949311549491,2222.2,2.0,2260.3,1.0,0.0,,44.8,1.0,1.0,0.8842664040061015,18.276939304120813,33.95,0.8333163924450565,1.3129900252605855,,0.10842830513673,9.455,0.0,0.0,0.0,403.229,9976.032609824231,66.27606449771625,2.52,42.6,27388.37110887432,0.0,0.9885429219870192,1079.6853200661371,11031.0,04:38:46,2021/07/11 04:38:46,1.0,11031.0,1.0,44.0,43.67,9.4526,33.9498,26.2237,1.87,81.22,0.05,174.5,7.36,dRB2102_CTD_083_01_F.csv,dRB2102,CTD,83.0,F.csv,830101
405,E691.2B,2.0,1.0,False,WCOA21,2021_WCOA_RonBrown,7/11/2021,,4:38:49 AM,,E691.2B,830102,2,Niskin; Sterivex 0.22µm filter,95% EtOH,West Coast,PR4,44.2,37.943,-122.881,1000.0,Sean McAllister,,7/11/2021 4:38:49 AM,7/11/2021 ,2021/07/11 04:38:00,2021/07/11 00:00:00,2021/07/10 21:38:00,37.943,-122.881,830102,2,44.0,1410.0,33RO20210613,WCOA2021,PR4,83.0,1.0,11081.0,2.0,11.0,2021-07-11,2021.0,7.0,11.0,04:38:49,192.194,37.943,-122.881,55.0,44.5,44.2,9.46,33.948,2.0,,9.0,82.9,2.0,105.6,3.466,9.0,2222.2,9.0,2260.3,9.0,7.4157,24.86,9.0,,,9.0,42.6,9.0,2.52,9.0,26.6,9.0,0.54,9.0,1.77,9.0,,9.0,7.723,9.0,,9.0,,9.0,,9.0,,9.0,,9.0,,9.0,,9.0,,,,,,,,,,,,,,,,,,,,,,,,,,,,,,,,,,,,,,,,,,,,,,,,,,,,,,,,,,,,,,,,,,,,,,,,,,,,,,,,,,,,,,,,,,,,,0.0,44.5,,,,,33.948,,,0.0,,9.46,,,,,,,,,,,,,11081.0,04:38:49,2021/07/11 04:38:49,2.0,11081.0,2.0,44.0,43.67,9.4526,33.9498,26.2237,1.87,81.22,0.05,174.5,7.36,dRB2102_CTD_083_01_F.csv,dRB2102,CTD,83.0,F.csv,830101
406,E691.3B,3.0,1.0,False,WCOA21,2021_WCOA_RonBrown,7/11/2021,,4:38:52 AM,,E691.3B,830103,3,Niskin; Sterivex 0.22µm filter,95% EtOH,West Coast,PR4,44.3,37.943,-122.881,1000.0,Sean McAllister,,7/11/2021 4:38:52 AM,7/11/2021 ,2021/07/11 04:38:00,2021/07/11 00:00:00,2021/07/10 21:38:00,37.943,-122.881,830103,3,44.0,1411.0,33RO20210613,WCOA2021,PR4,83.0,1.0,11020.0,2.0,11.0,2021-07-11,2021.0,7.0,11.0,04:38:52,192.194,37.943,-122.881,55.0,44.7,44.3,9.453,33.95,2.0,,9.0,81.2,2.0,105.6,3.466,9.0,2222.2,9.0,2260.3,9.0,7.4157,24.86,9.0,,,9.0,42.6,9.0,2.52,9.0,26.6,9.0,0.54,9.0,1.77,9.0,,9.0,7.723,9.0,,9.0,,9.0,,9.0,,9.0,,9.0,,9.0,,9.0,,,,,,,,,,,,,,,,,,,,,,,,,,,,,,,,,,,,,,,,,,,,,,,,,,,,,,,,,,,,,,,,,,,,,,,,,,,,,,,,,,,,,,,,,,,,,0.0,44.7,,,,,33.95,,,0.0,,9.453,,,,,,,,,,,,,11020.0,04:38:52,2021/07/11 04:38:52,3.0,11020.0,3.0,44.0,43.67,9.4526,33.9498,26.2237,1.87,81.22,0.05,174.5,7.36,dRB2102_CTD_083_01_F.csv,dRB2102,CTD,83.0,F.csv,830101
407,E692.1B,1.0,1.0,False,WCOA21,2021_WCOA_RonBrown,7/11/2021,,4:46:15 AM,,E692.1B,830110,10,Niskin; Sterivex 0.22µm filter,95% EtOH,West Coast,PR4,15.0,37.943,-122.88,1000.0,Sean McAllister,,7/11/2021 4:46:15 AM,7/11/2021 ,2021/07/11 04:46:00,2021/07/11 00:00:00,2021/07/10 21:46:00,37.943,-122.88,830110,10,15.0,1418.0,33RO20210613,WCOA2021,PR4,83.0,1.0,11067.0,2.0,11.0,2021-07-11,2021.0,7.0,11.0,04:46:15,192.199,37.943,-122.88,55.0,15.1,15.0,10.096,33.812,2.0,,9.0,170.8,2.0,165.2,5.422,2.0,2176.5,2.0,2255.3,2.0,7.5491,24.86,2.0,,,9.0,22.2,2.0,1.86,2.0,22.1,2.0,0.47,2.0,1.32,2.0,3.9,2.0,6.233,2.0,,9.0,,9.0,,9.0,,9.0,,9.0,,9.0,,9.0,365.5770268427215,36.01292744299281,34.23828403892958,73.99917494918981,66.00635404678907,0.0362176337567896,0.0,2.4440509239242053e-08,0.2875150925044728,21.912484907495525,2068.262541011881,0.00031142587019021936,1.7465445389550156,0.0,0.0022462480997502,0.0144679944353178,0.0,0.0,0.8546721024374824,0.0772378028476858,27277.0405794738,2255.3,0.0,0.0,0.0,36.01292744299281,1.901020120209878,0.2875150925044728,0.0,0.0,0.0,34.23828403892977,0.0,0.0,-0.00014156257331567277,0.00013902286598353245,28995.0,2068.262541011881,73.99917494918981,2176.5,0.0410913241910057,0.041041382070993,777.428743597166,0.7671705171614296,0.9961549019578056,-0.00013902286598353264,0.00012846998453053184,83.14462618,0.0144679944353178,0.8546721024374824,1.0821427782650093,1.075012059326371,0.0440404144057101,1e-07,1.6965978426255474e-10,6.540073293870853e-07,1e-07,0.1756903306271663,1.646517056993642e-09,4.152719765304482e-07,1.009672157633367e-06,5.980092694512289e-10,0.0030664747359018,0.0247683186725393,8.060208886504421e-07,7.391574363924541e-10,2.1930862985567703e-10,1.7494785618733038e-07,1.428519696619153e-14,0.00014419679946459083,-0.00015146458805514733,1.0,1.0,3.0,1.0,10.0,1.0,1.0,0.0,1.0,1.0,780.4295718158257,7.7769132954073905,7.839591666948793,7.884003882776708,7.768895787053841,7.7769132954073905,2176.5,2.0,2255.3,1.0,0.0,,15.1,1.0,1.0,0.8481849531968266,16.94170049100254,33.812,1.1241731387699665,1.7704480769405735,,0.1429543362252778,10.096,0.0,0.0,0.0,401.5899542857143,9935.482020718024,66.00666547265925,1.86,22.2,27277.0428257219,0.0,0.9880382923757496,789.8778598340289,11067.0,04:46:15,2021/07/11 04:46:15,10.0,11067.0,10.0,15.0,14.89,10.1149,33.8137,26.0065,3.92,170.84,0.074,174.76,36.42,dRB2102_CTD_083_01_F.csv,dRB2102,CTD,83.0,F.csv,830110
408,E692.2B,2.0,1.0,False,WCOA21,2021_WCOA_RonBrown,7/11/2021,,4:46:17 AM,,E692.2B,830111,11,Niskin; Sterivex 0.22µm filter,95% EtOH,West Coast,PR4,15.0,37.943,-122.88,1000.0,Sean McAllister,,7/11/2021 4:46:17 AM,7/11/2021 ,2021/07/11 04:46:00,2021/07/11 00:00:00,2021/07/10 21:46:00,37.943,-122.88,830111,11,15.0,1419.0,33RO20210613,WCOA2021,PR4,83.0,1.0,11023.0,2.0,11.0,2021-07-11,2021.0,7.0,11.0,04:46:17,192.199,37.943,-122.88,55.0,15.1,15.0,10.099,33.813,2.0,,9.0,170.8,2.0,165.2,5.422,9.0,2176.5,9.0,2255.3,9.0,7.5491,24.86,9.0,,,9.0,22.2,9.0,1.86,9.0,22.1,9.0,0.47,9.0,1.32,9.0,3.9,9.0,6.233,9.0,,9.0,,9.0,,9.0,,9.0,,9.0,,9.0,,9.0,,,,,,,,,,,,,,,,,,,,,,,,,,,,,,,,,,,,,,,,,,,,,,,,,,,,,,,,,,,,,,,,,,,,,,,,,,,,,,,,,,,,,,,,,,,,,0.0,15.1,,,,,33.813,,,0.0,,10.099,,,,,,,,,,,,,11023.0,04:46:17,2021/07/11 04:46:17,11.0,11023.0,11.0,15.0,14.89,10.1149,33.8137,26.0065,3.92,170.84,0.074,174.76,36.42,dRB2102_CTD_083_01_F.csv,dRB2102,CTD,83.0,F.csv,830110
409,E692.3B,3.0,1.0,False,WCOA21,2021_WCOA_RonBrown,7/11/2021,,4:46:19 AM,,E692.3B,830112,12,Niskin; Sterivex 0.22µm filter,95% EtOH,West Coast,PR4,15.4,37.943,-122.88,1000.0,Sean McAllister,,7/11/2021 4:46:19 AM,7/11/2021 ,2021/07/11 04:46:00,2021/07/11 00:00:00,2021/07/10 21:46:00,37.943,-122.88,830112,12,15.0,1420.0,33RO20210613,WCOA2021,PR4,83.0,1.0,11026.0,2.0,11.0,2021-07-11,2021.0,7.0,11.0,04:46:19,192.199,37.943,-122.88,55.0,15.5,15.4,10.103,33.82,2.0,,9.0,166.7,2.0,165.2,5.422,9.0,2176.5,9.0,2255.3,9.0,7.5491,24.86,9.0,,,9.0,22.2,9.0,1.86,9.0,22.1,9.0,0.47,9.0,1.32,9.0,3.9,9.0,6.233,9.0,,9.0,,9.0,,9.0,,9.0,,9.0,,9.0,,9.0,,,,,,,,,,,,,,,,,,,,,,,,,,,,,,,,,,,,,,,,,,,,,,,,,,,,,,,,,,,,,,,,,,,,,,,,,,,,,,,,,,,,,,,,,,,,,0.0,15.5,,,,,33.82,,,0.0,,10.103,,,,,,,,,,,,,11026.0,04:46:19,2021/07/11 04:46:19,12.0,11026.0,12.0,15.0,14.89,10.1149,33.8137,26.0065,3.92,170.84,0.074,174.76,36.42,dRB2102_CTD_083_01_F.csv,dRB2102,CTD,83.0,F.csv,830110
410,E693.1B,1.0,1.0,False,WCOA21,2021_WCOA_RonBrown,7/11/2021,,4:49:56 AM,,E693.1B,830117,17,Niskin; Sterivex 0.22µm filter,95% EtOH,West Coast,PR4,4.0,37.943,-122.88,1000.0,Sean McAllister,,7/11/2021 4:49:56 AM,7/11/2021 ,2021/07/11 04:49:00,2021/07/11 00:00:00,2021/07/10 21:49:00,37.943,-122.88,830117,17,4.0,1425.0,33RO20210613,WCOA2021,PR4,83.0,1.0,11052.0,2.0,11.0,2021-07-11,2021.0,7.0,11.0,04:49:56,192.201,37.943,-122.88,55.0,4.0,4.0,12.794,33.752,2.0,,9.0,248.7,2.0,,,9.0,,9.0,,9.0,,,9.0,,,9.0,,9.0,,9.0,,9.0,,9.0,,9.0,,9.0,,9.0,,9.0,,9.0,,9.0,,9.0,,9.0,,9.0,,9.0,,,,,,,,,,,,,,,,,,,,,,,,,,,,,,,,,,,,,,,,,,,,,,,,,,,,,,,,,,,,,,,,,,,,,,,,,,,,,,,,,,,,,,,,,,,,,0.0,4.0,,,,,33.752,,,0.0,,12.794,,,,,,,,,,,,,11052.0,04:49:56,2021/07/11 04:49:56,17.0,11052.0,17.0,4.0,3.97,12.8688,33.7497,25.4504,5.85,254.67,0.162,174.1,47.51,dRB2102_CTD_083_01_F.csv,dRB2102,CTD,83.0,F.csv,830116
411,E693.2B,2.0,1.0,False,WCOA21,2021_WCOA_RonBrown,7/11/2021,,4:49:59 AM,,E693.2B,830118,18,Niskin; Sterivex 0.22µm filter,95% EtOH,West Coast,PR4,4.0,37.943,-122.88,1000.0,Sean McAllister,,7/11/2021 4:49:59 AM,7/11/2021 ,2021/07/11 04:49:00,2021/07/11 00:00:00,2021/07/10 21:49:00,37.943,-122.88,830118,18,4.0,1426.0,33RO20210613,WCOA2021,PR4,83.0,1.0,11002.0,2.0,11.0,2021-07-11,2021.0,7.0,11.0,04:49:59,192.201,37.943,-122.88,55.0,4.0,4.0,12.792,33.752,2.0,,9.0,248.7,2.0,,,9.0,,9.0,,9.0,,,9.0,,,9.0,,9.0,,9.0,,9.0,,9.0,,9.0,,9.0,,9.0,,9.0,,9.0,,9.0,,9.0,,9.0,,9.0,,9.0,,,,,,,,,,,,,,,,,,,,,,,,,,,,,,,,,,,,,,,,,,,,,,,,,,,,,,,,,,,,,,,,,,,,,,,,,,,,,,,,,,,,,,,,,,,,,0.0,4.0,,,,,33.752,,,0.0,,12.792,,,,,,,,,,,,,11002.0,04:49:59,2021/07/11 04:49:59,18.0,11002.0,18.0,4.0,3.97,12.8688,33.7497,25.4504,5.85,254.67,0.162,174.1,47.51,dRB2102_CTD_083_01_F.csv,dRB2102,CTD,83.0,F.csv,830116
412,E693.3B,3.0,1.0,False,WCOA21,2021_WCOA_RonBrown,7/11/2021,,4:50:03 AM,,E693.3B,830119,19,Niskin; Sterivex 0.22µm filter,95% EtOH,West Coast,PR4,4.0,37.943,-122.88,1000.0,Sean McAllister,,7/11/2021 4:50:03 AM,7/11/2021 ,2021/07/11 04:50:00,2021/07/11 00:00:00,2021/07/10 21:50:00,37.943,-122.88,830119,19,4.0,1427.0,33RO20210613,WCOA2021,PR4,83.0,1.0,11028.0,2.0,11.0,2021-07-11,2021.0,7.0,11.0,04:50:03,192.201,37.943,-122.88,55.0,4.0,4.0,12.793,33.752,2.0,,9.0,248.7,2.0,,,9.0,,9.0,,9.0,,,9.0,,,9.0,,9.0,,9.0,,9.0,,9.0,,9.0,,9.0,,9.0,,9.0,,9.0,,9.0,,9.0,,9.0,,9.0,,9.0,,,,,,,,,,,,,,,,,,,,,,,,,,,,,,,,,,,,,,,,,,,,,,,,,,,,,,,,,,,,,,,,,,,,,,,,,,,,,,,,,,,,,,,,,,,,,0.0,4.0,,,,,33.752,,,0.0,,12.793,,,,,,,,,,,,,11028.0,04:50:03,2021/07/11 04:50:03,19.0,11028.0,19.0,4.0,3.97,12.8688,33.7497,25.4504,5.85,254.67,0.162,174.1,47.51,dRB2102_CTD_083_01_F.csv,dRB2102,CTD,83.0,F.csv,830116
413,E694.1B,1.0,1.0,False,WCOA21,2021_WCOA_RonBrown,7/11/2021,,11:19:48 AM,,E694.1B,840101,1,Niskin; Sterivex 0.22µm filter,95% EtOH,West Coast,PR15,84.8,37.861,-123.071,1000.0,Sean McAllister,,7/11/2021 11:19:48 AM,7/11/2021 ,2021/07/11 11:19:00,2021/07/11 00:00:00,2021/07/11 04:19:00,37.861,-123.071,840101,1,85.0,1429.0,33RO20210613,WCOA2021,PR15,84.0,1.0,11031.0,2.0,11.0,2021-07-11,2021.0,7.0,11.0,11:19:48,192.472,37.861,-123.071,95.0,85.5,84.8,9.413,33.976,2.0,33.9824,9.0,99.9,2.0,99.7,3.274,6.0,2212.7,2.0,2258.0,6.0,7.4459,24.85,2.0,,,9.0,38.4,2.0,2.25,2.0,26.8,2.0,0.12,2.0,0.06,2.0,,9.0,9.863,6.0,,9.0,,9.0,,9.0,,9.0,,9.0,,9.0,,9.0,374.8207269617557,28.717078752529964,44.87245654330668,58.19796504411393,66.32642828689096,0.0564463193577941,0.0,4.8258413094546344e-08,0.3831500403841504,38.01684995961585,2109.629578412579,0.0003925488795052976,2.1222308739677134,0.0,0.0027791561757897,0.0185074051159197,0.0,0.0,0.6310654739088186,0.0713227584160795,27409.34322364541,2258.0,0.0,0.0,0.0,28.717078752529964,2.26487634254146,0.3831500403841504,0.0,0.0,0.0,44.87245654330668,0.0,0.0,-0.00013082339098983612,0.00013004025162234806,28995.0,2109.629578412579,58.19796504411393,2212.7,0.0402361997913574,0.0401856660715031,996.9939446072652,0.7702011092512752,0.9961207224391196,-0.00013004025162234812,0.00012212734875011676,83.14462618,0.0185074051159197,0.6310654739088186,1.064792226747031,1.0576447677660834,0.045007752339943,1e-07,1.6120166953180643e-10,6.664959719054385e-07,1e-07,0.182528719839626,1.6308806346751628e-09,4.232018533570999e-07,1.00076446393831e-06,5.872284779473672e-10,0.0031270757408464,0.0248982089455185,8.003178716675685e-07,7.153869577711553e-10,2.1453505314591455e-10,1.7047822007640486e-07,1.3433214067270386e-14,0.00013161602008300672,-0.0001390495837839586,1.0,1.0,3.0,1.0,10.0,1.0,1.0,0.0,1.0,1.0,1000.876622831425,7.671894484651601,7.732654468488412,7.777354355630001,7.663958495392383,7.671894484651601,2212.7,2.0,2258.0,1.0,0.0,,85.5,1.0,1.0,0.8783007142248349,18.1179729409125,33.976,0.8717673505547128,1.3729368691897406,,0.1139884043818717,9.413,0.0,0.0,0.0,403.5378057142857,9983.67257588772,66.32682083577046,2.25,38.4,27409.346002801587,0.0,0.9885754267143262,1012.44335615137,11031.0,11:19:48,2021/07/11 11:19:48,1.0,11031.0,1.0,85.0,84.35,9.4117,33.9766,26.2521,2.28,99.33,0.042,178.27,6.69,dRB2102_CTD_084_01_F.csv,dRB2102,CTD,84.0,F.csv,840101
414,E694.2B,2.0,1.0,False,WCOA21,2021_WCOA_RonBrown,7/11/2021,,11:19:50 AM,,E694.2B,840102,2,Niskin; Sterivex 0.22µm filter,95% EtOH,West Coast,PR15,84.4,37.861,-123.071,1000.0,Sean McAllister,Samples rinsed with niskin water (not RO),7/11/2021 11:19:50 AM,7/11/2021 ,2021/07/11 11:19:00,2021/07/11 00:00:00,2021/07/11 04:19:00,37.861,-123.071,840102,2,84.0,1430.0,33RO20210613,WCOA2021,PR15,84.0,1.0,11081.0,2.0,11.0,2021-07-11,2021.0,7.0,11.0,11:19:50,192.472,37.861,-123.071,95.0,85.1,84.4,9.414,33.976,2.0,33.9824,2.0,100.9,2.0,99.7,3.274,9.0,2212.7,9.0,2258.0,9.0,7.4459,24.85,9.0,,,9.0,38.4,9.0,2.25,9.0,26.8,9.0,0.12,9.0,0.06,9.0,,9.0,9.863,9.0,,9.0,,9.0,,9.0,,9.0,,9.0,,9.0,,9.0,,,,,,,,,,,,,,,,,,,,,,,,,,,,,,,,,,,,,,,,,,,,,,,,,,,,,,,,,,,,,,,,,,,,,,,,,,,,,,,,,,,,,,,,,,,,,0.0,85.1,,,,,33.9824,,,0.0,,9.414,,,,,,,,,,,,,11081.0,11:19:50,2021/07/11 11:19:50,2.0,11081.0,2.0,84.0,83.36,9.4116,33.9766,26.252,2.28,99.35,0.042,178.29,7.64,dRB2102_CTD_084_01_F.csv,dRB2102,CTD,84.0,F.csv,840101
415,E694.3B,3.0,1.0,False,WCOA21,2021_WCOA_RonBrown,7/11/2021,,11:19:53 AM,,E694.3B,840103,3,Niskin; Sterivex 0.22µm filter,95% EtOH,West Coast,PR15,84.6,37.861,-123.071,1000.0,Sean McAllister,Samples rinsed with niskin water (not RO),7/11/2021 11:19:53 AM,7/11/2021 ,2021/07/11 11:19:00,2021/07/11 00:00:00,2021/07/11 04:19:00,37.861,-123.071,840103,3,85.0,1431.0,33RO20210613,WCOA2021,PR15,84.0,1.0,11020.0,2.0,11.0,2021-07-11,2021.0,7.0,11.0,11:19:53,192.472,37.861,-123.071,95.0,85.3,84.6,9.413,33.976,2.0,33.9824,9.0,99.8,2.0,99.7,3.274,9.0,2212.7,9.0,2258.0,9.0,7.4459,24.85,9.0,,,9.0,38.4,9.0,2.25,9.0,26.8,9.0,0.12,9.0,0.06,9.0,,9.0,9.863,9.0,,9.0,,9.0,,9.0,,9.0,,9.0,,9.0,,9.0,,,,,,,,,,,,,,,,,,,,,,,,,,,,,,,,,,,,,,,,,,,,,,,,,,,,,,,,,,,,,,,,,,,,,,,,,,,,,,,,,,,,,,,,,,,,,0.0,85.3,,,,,33.976,,,0.0,,9.413,,,,,,,,,,,,,11020.0,11:19:53,2021/07/11 11:19:53,3.0,11020.0,3.0,85.0,84.35,9.4117,33.9766,26.2521,2.28,99.33,0.042,178.27,6.69,dRB2102_CTD_084_01_F.csv,dRB2102,CTD,84.0,F.csv,840101
416,E695.1B,1.0,1.0,False,WCOA21,2021_WCOA_RonBrown,7/11/2021,,11:25:44 AM,,E695.1B,840107,7,Niskin; Sterivex 0.22µm filter,95% EtOH,West Coast,PR15,50.4,37.861,-123.071,1000.0,Sean McAllister,,7/11/2021 11:25:44 AM,7/11/2021 ,2021/07/11 11:25:00,2021/07/11 00:00:00,2021/07/11 04:25:00,37.861,-123.071,840107,7,50.0,1435.0,33RO20210613,WCOA2021,PR15,84.0,1.0,11004.0,2.0,11.0,2021-07-11,2021.0,7.0,11.0,11:25:44,192.476,37.861,-123.071,95.0,50.7,50.4,9.74,33.932,2.0,,9.0,121.3,2.0,119.7,3.929,2.0,2197.4,6.0,2251.7,2.0,7.4837,24.85,2.0,,,9.0,29.0,6.0,2.06,6.0,25.6,6.0,0.04,6.0,0.07,6.0,,9.0,10.224,2.0,,9.0,,9.0,,9.0,,9.0,,9.0,,9.0,,9.0,372.4262171977514,30.58899423082004,41.55803756253732,62.20149860820214,66.24055556101341,0.0482163446968796,0.0,3.873120208487547e-08,0.3117401358778979,28.688259864122102,2093.6404638292606,0.0003699334345364595,1.9411263563445893,0.0,0.0026423203798387,0.0173109995289294,0.0,0.0,0.6936870029126129,0.0706572602273288,27373.84738614276,2251.7,0.0,0.0,0.0,30.58899423082004,2.082440838068045,0.3117401358778979,0.0,0.0,0.0,41.558037562537415,0.0,0.0,-0.00013297390885463,0.00013173631285809493,28995.0,2093.6404638292606,62.20149860820214,2197.4,0.0404301156250301,0.0403798661563952,933.223493552743,0.7688487680098439,0.9961371366522066,-0.0001317363128580952,0.00012319340607543845,83.14462618,0.0173109995289294,0.6936870029126129,1.0693454873503958,1.0621233530824277,0.0445317095525827,1e-07,1.6514884197248884e-10,6.611161300982908e-07,1e-07,0.1793380783125984,1.6388534619538621e-09,4.198053200020826e-07,1.0052225979116116e-06,5.928078090968356e-10,0.0030997204336222,0.0248398219285278,8.032943166902321e-07,7.263035353708008e-10,2.1682216936638958e-10,1.726154509505438e-07,1.3841358862598841e-14,0.00013423497855094476,-0.0001415523280309868,1.0,1.0,3.0,1.0,10.0,1.0,1.0,0.0,1.0,1.0,936.8423876747512,7.699984828856676,7.761677855442559,7.806165796634646,7.692006719429685,7.699984828856676,2197.4,2.0,2251.7,1.0,0.0,,50.7,1.0,1.0,0.8703029317078455,17.836993634662594,33.932,0.9381032372999538,1.4773399771907303,,0.1209427832477527,9.74,0.0,0.0,0.0,403.0152114285715,9970.74340254951,66.24092549444795,2.06,29.0,27373.850028463137,0.0,0.9883211963570168,947.9128760244968,11004.0,11:25:44,2021/07/11 11:25:44,7.0,11004.0,7.0,50.0,49.62,9.696,33.939,26.1753,2.71,118.15,0.042,179.18,41.85,dRB2102_CTD_084_01_F.csv,dRB2102,CTD,84.0,F.csv,840107
417,E695.2B,2.0,1.0,False,WCOA21,2021_WCOA_RonBrown,7/11/2021,,11:25:47 AM,,E695.2B,840108,8,Niskin; Sterivex 0.22µm filter,95% EtOH,West Coast,PR15,49.7,37.861,-123.071,1000.0,Sean McAllister,Samples rinsed with niskin water (not RO),7/11/2021 11:25:47 AM,7/11/2021 ,2021/07/11 11:25:00,2021/07/11 00:00:00,2021/07/11 04:25:00,37.861,-123.071,840108,8,50.0,1436.0,33RO20210613,WCOA2021,PR15,84.0,1.0,11027.0,2.0,11.0,2021-07-11,2021.0,7.0,11.0,11:25:47,192.476,37.861,-123.071,95.0,50.1,49.7,9.741,33.932,2.0,,9.0,121.3,2.0,119.7,3.929,9.0,2197.4,9.0,2251.7,9.0,7.4837,24.85,9.0,,,9.0,29.0,9.0,2.06,9.0,25.6,9.0,0.04,9.0,0.07,9.0,,9.0,10.224,9.0,,9.0,,9.0,,9.0,,9.0,,9.0,,9.0,,9.0,,,,,,,,,,,,,,,,,,,,,,,,,,,,,,,,,,,,,,,,,,,,,,,,,,,,,,,,,,,,,,,,,,,,,,,,,,,,,,,,,,,,,,,,,,,,,0.0,50.1,,,,,33.932,,,0.0,,9.741,,,,,,,,,,,,,11027.0,11:25:47,2021/07/11 11:25:47,8.0,11027.0,8.0,50.0,49.62,9.696,33.939,26.1753,2.71,118.15,0.042,179.18,41.85,dRB2102_CTD_084_01_F.csv,dRB2102,CTD,84.0,F.csv,840107
418,E695.3B,3.0,1.0,False,WCOA21,2021_WCOA_RonBrown,7/11/2021,,11:25:50 AM,,E695.3B,840109,9,Niskin; Sterivex 0.22µm filter,95% EtOH,West Coast,PR15,50.0,37.861,-123.071,1000.0,Sean McAllister,Samples rinsed with niskin water (not RO),7/11/2021 11:25:50 AM,7/11/2021 ,2021/07/11 11:25:00,2021/07/11 00:00:00,2021/07/11 04:25:00,37.861,-123.071,840109,9,50.0,1437.0,33RO20210613,WCOA2021,PR15,84.0,1.0,12052.0,2.0,11.0,2021-07-11,2021.0,7.0,11.0,11:25:50,192.476,37.861,-123.071,95.0,50.4,50.0,9.742,33.932,2.0,,9.0,121.3,2.0,119.7,3.929,9.0,2197.4,9.0,2251.7,9.0,7.4837,24.85,9.0,,,9.0,29.0,9.0,2.06,9.0,25.6,9.0,0.04,9.0,0.07,9.0,,9.0,10.224,9.0,,9.0,,9.0,,9.0,,9.0,,9.0,,9.0,,9.0,,,,,,,,,,,,,,,,,,,,,,,,,,,,,,,,,,,,,,,,,,,,,,,,,,,,,,,,,,,,,,,,,,,,,,,,,,,,,,,,,,,,,,,,,,,,,0.0,50.4,,,,,33.932,,,0.0,,9.742,,,,,,,,,,,,,12052.0,11:25:50,2021/07/11 11:25:50,9.0,12052.0,9.0,50.0,49.62,9.696,33.939,26.1753,2.71,118.15,0.042,179.18,41.85,dRB2102_CTD_084_01_F.csv,dRB2102,CTD,84.0,F.csv,840107
419,E696.1B,1.0,1.0,False,WCOA21,2021_WCOA_RonBrown,7/11/2021,,11:38:16 AM,,E696.1B,840122,22,Niskin; Sterivex 0.22µm filter,95% EtOH,West Coast,PR15,3.9,37.861,-123.071,1000.0,Sean McAllister,,7/11/2021 11:38:16 AM,7/11/2021 ,2021/07/11 11:38:00,2021/07/11 00:00:00,2021/07/11 04:38:00,37.861,-123.071,840122,22,4.0,1450.0,33RO20210613,WCOA2021,PR15,84.0,1.0,11024.0,2.0,11.0,2021-07-11,2021.0,7.0,11.0,11:38:16,192.485,37.861,-123.071,95.0,3.9,3.9,11.592,33.872,2.0,,9.0,259.9,2.0,,,9.0,,9.0,,9.0,,,9.0,,,9.0,,9.0,,9.0,,9.0,,9.0,,9.0,,9.0,,9.0,,9.0,,9.0,,9.0,,9.0,,9.0,,9.0,,9.0,,,,,,,,,,,,,,,,,,,,,,,,,,,,,,,,,,,,,,,,,,,,,,,,,,,,,,,,,,,,,,,,,,,,,,,,,,,,,,,,,,,,,,,,,,,,,0.0,3.9,,,,,33.872,,,0.0,,11.592,,,,,,,,,,,,,11024.0,11:38:16,2021/07/11 11:38:16,22.0,11024.0,22.0,4.0,3.97,11.5978,33.8715,25.788,5.94,258.58,0.117,179.19,87.76,dRB2102_CTD_084_01_F.csv,dRB2102,CTD,84.0,F.csv,840121
420,E696.2B,2.0,1.0,False,WCOA21,2021_WCOA_RonBrown,7/11/2021,,11:38:18 AM,,E696.2B,840123,23,Niskin; Sterivex 0.22µm filter,95% EtOH,West Coast,PR15,4.3,37.861,-123.071,1000.0,Sean McAllister,,7/11/2021 11:38:18 AM,7/11/2021 ,2021/07/11 11:38:00,2021/07/11 00:00:00,2021/07/11 04:38:00,37.861,-123.071,840123,23,4.0,1451.0,33RO20210613,WCOA2021,PR15,84.0,1.0,11061.0,2.0,11.0,2021-07-11,2021.0,7.0,11.0,11:38:18,192.485,37.861,-123.071,95.0,4.3,4.3,11.592,33.872,2.0,,9.0,259.9,2.0,,,9.0,,9.0,,9.0,,,9.0,,,9.0,,9.0,,9.0,,9.0,,9.0,,9.0,,9.0,,9.0,,9.0,,9.0,,9.0,,9.0,,9.0,,9.0,,9.0,,,,,,,,,,,,,,,,,,,,,,,,,,,,,,,,,,,,,,,,,,,,,,,,,,,,,,,,,,,,,,,,,,,,,,,,,,,,,,,,,,,,,,,,,,,,,0.0,4.3,,,,,33.872,,,0.0,,11.592,,,,,,,,,,,,,11061.0,11:38:18,2021/07/11 11:38:18,23.0,11061.0,23.0,4.0,3.97,11.5978,33.8715,25.788,5.94,258.58,0.117,179.19,87.76,dRB2102_CTD_084_01_F.csv,dRB2102,CTD,84.0,F.csv,840121
421,E696.3B,3.0,1.0,False,WCOA21,2021_WCOA_RonBrown,7/11/2021,,11:38:22 AM,,E696.3B,840124,24,Niskin; Sterivex 0.22µm filter,95% EtOH,West Coast,PR15,4.3,37.861,-123.071,1000.0,Sean McAllister,,7/11/2021 11:38:22 AM,7/11/2021 ,2021/07/11 11:38:00,2021/07/11 00:00:00,2021/07/11 04:38:00,37.861,-123.071,840124,24,4.0,1452.0,33RO20210613,WCOA2021,PR15,84.0,1.0,11001.0,2.0,11.0,2021-07-11,2021.0,7.0,11.0,11:38:22,192.485,37.861,-123.071,95.0,4.4,4.3,11.594,33.872,2.0,,9.0,259.9,2.0,,,9.0,,9.0,,9.0,,,9.0,,,9.0,,9.0,,9.0,,9.0,,9.0,,9.0,,9.0,,9.0,,9.0,,9.0,,9.0,,9.0,,9.0,,9.0,,9.0,,,,,,,,,,,,,,,,,,,,,,,,,,,,,,,,,,,,,,,,,,,,,,,,,,,,,,,,,,,,,,,,,,,,,,,,,,,,,,,,,,,,,,,,,,,,,0.0,4.4,,,,,33.872,,,0.0,,11.594,,,,,,,,,,,,,11001.0,11:38:22,2021/07/11 11:38:22,24.0,11001.0,24.0,4.0,3.97,11.5978,33.8715,25.788,5.94,258.58,0.117,179.19,87.76,dRB2102_CTD_084_01_F.csv,dRB2102,CTD,84.0,F.csv,840121
422,E697,1.0,1.0,False,WCOA21,2021_WCOA_RonBrown,7/11/2021,,3:48:26 PM,,E697,850102,2,Niskin; Sterivex 0.22µm filter,95% EtOH,West Coast,PR37,2789.7,37.666,-123.487,1000.0,Sean McAllister,Samples rinsed with niskin water (not RO),7/11/2021 3:48:26 PM,7/11/2021 ,2021/07/11 03:48:00,2021/07/11 00:00:00,2021/07/10 20:48:00,37.666,-123.487,850102,2,2790.0,1454.0,33RO20210613,WCOA2021,PR37,85.0,1.0,11081.0,2.0,11.0,2021-07-11,2021.0,7.0,11.0,15:48:26,192.659,37.666,-123.487,2800.0,2829.5,2789.7,1.656,34.658,2.0,34.6867,2.0,109.6,2.0,,,9.0,,9.0,,9.0,,,9.0,,,9.0,,9.0,,9.0,,9.0,,9.0,,9.0,,9.0,,9.0,,9.0,,9.0,,9.0,,9.0,,9.0,,9.0,,9.0,,,,,,,,,,,,,,,,,,,,,,,,,,,,,,,,,,,,,,,,,,,,,,,,,,,,,,,,,,,,,,,,,,,,,,,,,,,,,,,,,,,,,,,,,,,,,0.0,2829.5,,,,,34.6867,,,0.0,,1.656,,,,,,,,,,,,,11081.0,15:48:26,2021/07/11 15:48:26,2.0,11081.0,2.0,2790.0,2750.96,1.6574,34.6577,27.7386,2.52,109.46,0.04,157.0,99.93,dRB2102_CTD_085_01_F.csv,dRB2102,CTD,85.0,F.csv,850101
423,E698,1.0,1.0,False,WCOA21,2021_WCOA_RonBrown,7/11/2021,,3:56:34 PM,,E698,850103,3,Niskin; Sterivex 0.22µm filter,95% EtOH,West Coast,PR37,2466.5,37.666,-123.487,1000.0,Sean McAllister,,7/11/2021 3:56:34 PM,7/11/2021 ,2021/07/11 03:56:00,2021/07/11 00:00:00,2021/07/10 20:56:00,37.666,-123.487,850103,3,2466.0,1455.0,33RO20210613,WCOA2021,PR37,85.0,1.0,11020.0,2.0,11.0,2021-07-11,2021.0,7.0,11.0,15:56:34,192.664,37.666,-123.487,2800.0,2499.8,2466.5,1.783,34.642,2.0,,9.0,96.3,2.0,95.4,3.137,2.0,2366.4,2.0,2429.0,2.0,7.4791,25.04,6.0,,,9.0,170.2,2.0,2.84,2.0,39.4,2.0,0.03,2.0,0.06,2.0,,9.0,2.877,3.0,,9.0,,9.0,,9.0,,9.0,,9.0,,9.0,,9.0,376.1615563008661,35.28642655627684,40.21448288817726,62.482991774056856,67.62667714296366,0.0602160503957583,0.0,3.93681335884388e-08,1.8065619146695908,168.39343808533042,2263.7025253377656,0.000286813734031211,2.694254718108179,0.0,0.001535444315216,0.0173163078468165,0.0,0.0,0.392328146073304,0.0855291921279293,27946.624442571127,2428.9999999999995,0.0,0.0,0.0,35.28642655627684,2.865313062995904,1.8065619146695908,0.0,0.0,0.0,40.21448288817715,0.0,0.0,-0.000137092501561955,0.000135814448295935,28995.0,2263.7025253377656,62.482991774056856,2366.4,0.0443665392617171,0.044308824401912,683.582662276165,0.8012487628686071,0.9957101204211602,-0.00013581444829593536,0.00012730975645257794,83.14462618,0.0173163078468165,0.392328146073304,1.0668031428253104,1.0574611322001817,0.0588289977312656,1e-07,1.0857195434476351e-10,1.0879726557033495e-06,1e-07,0.3151741468780205,1.768418276554072e-09,7.055307865387949e-07,1.0611788615028576e-06,5.203483529100975e-10,0.0040829438102758,0.0288349474522846,8.434864475606449e-07,5.984494075460071e-10,2.0224575268700718e-10,1.3416822652766988e-07,7.396073009060628e-15,0.00013839483703280731,-0.0001455367613507846,1.0,1.0,3.0,1.0,10.0,1.0,1.0,0.0,1.0,1.0,686.5277837961784,7.724648276462338,7.76154470196576,7.814323206694928,7.718090578669849,7.724648276462338,2366.4,2.0,2429.0,1.0,0.0,,2499.8,1.0,1.0,0.874760131192734,18.58773487546077,34.642,0.584608162164226,0.9015023963106586,,0.1307266274868129,1.783,0.0,0.0,0.0,411.4479828571429,10179.373245052462,67.6269639566977,2.84,170.2,27946.625978015443,0.0,0.9932761385429368,691.175149745633,11020.0,15:56:34,2021/07/11 15:56:34,3.0,11020.0,3.0,2466.0,2433.32,1.8032,34.6394,27.7112,2.17,94.4,0.04,157.98,99.93,dRB2102_CTD_085_01_F.csv,dRB2102,CTD,85.0,F.csv,850103
424,E699,1.0,1.0,False,WCOA21,2021_WCOA_RonBrown,7/11/2021,,5:01:20 PM,,E699,850114,14,Niskin; Sterivex 0.22µm filter,95% EtOH,West Coast,PR37,99.9,37.666,-123.488,1000.0,Sean McAllister,,7/11/2021 5:01:20 PM,7/11/2021 ,2021/07/11 05:01:00,2021/07/11 00:00:00,2021/07/10 22:01:00,37.666,-123.488,850114,14,100.0,1466.0,33RO20210613,WCOA2021,PR37,85.0,1.0,11011.0,2.0,11.0,2021-07-11,2021.0,7.0,11.0,17:01:20,192.709,37.666,-123.488,2800.0,100.7,99.9,10.305,33.892,2.0,,9.0,141.1,2.0,141.3,4.639,2.0,2183.4,2.0,2247.2,2.0,7.5167,25.01,2.0,,,9.0,24.7,2.0,1.91,2.0,23.8,2.0,0.09,2.0,0.04,2.0,,9.0,15.069,2.0,,9.0,,9.0,,9.0,,9.0,,9.0,,9.0,,9.0,369.86300794662816,32.67711776765758,38.45820824452704,66.59678574207675,66.16248514335024,0.0417083825499916,0.0,3.1764253388736854e-08,0.2880820102945187,24.41191798970548,2078.345006013396,0.000353677168162202,1.7968558352848294,0.0,0.0025553386237543,0.0164076973658632,0.0,0.0,0.7758121333332704,0.0714357504009254,27341.5784055441,2247.2,0.0,0.0,0.0,32.67711776765758,1.9397273043224263,0.2880820102945187,0.0,0.0,0.0,38.458208244526986,0.0,0.0,-0.00013590936820986798,0.00013418012128244404,28995.0,2078.345006013396,66.59678574207675,2183.4,0.0405660816306751,0.0405163189273644,879.6859067254924,0.766623313573598,0.9961652810901664,-0.0001341801212824443,0.00012489514491249997,83.14462618,0.0164076973658632,0.7758121333332704,1.0743421721993196,1.067067587913761,0.0437181134203708,1e-07,1.7422864514984068e-10,6.652251368307159e-07,1e-07,0.1755588632414115,1.6753699471304775e-09,4.2304049445572585e-07,1.024793755175435e-06,6.076360070491866e-10,0.0030693924599273,0.0248996115112699,8.169542959607113e-07,7.538939386552127e-10,2.2378043381434586e-10,1.772937126962455e-07,1.4711753590861436e-14,0.0001376837684056345,-0.00014495650255694345,1.0,1.0,3.0,1.0,10.0,1.0,1.0,0.0,1.0,1.0,883.0722405450596,7.722092125242288,7.784952362972925,7.829484698960243,7.714066721291063,7.722092125242288,2183.4,2.0,2247.2,1.0,0.0,,100.7,1.0,1.0,0.8616042930770718,17.48186449945403,33.892,0.9970108771470844,1.5677853677463816,,0.1266689017763978,10.305,0.0,0.0,0.0,402.54012571428575,9958.98960860568,66.1628388205184,1.91,24.7,27341.58096088273,0.0,0.98787039832933,893.9150743240173,11011.0,17:01:20,2021/07/11 17:01:20,14.0,11011.0,14.0,100.0,99.23,10.4052,33.8847,26.0138,3.39,147.68,0.042,166.96,99.48,dRB2102_CTD_085_01_F.csv,dRB2102,CTD,85.0,F.csv,850114
425,E700,1.0,1.0,False,WCOA21,2021_WCOA_RonBrown,7/11/2021,,5:16:23 PM,,E700,850124,24,Niskin; Sterivex 0.22µm filter,95% EtOH,West Coast,PR37,4.7,37.666,-123.488,1000.0,Sean McAllister,Samples rinsed with niskin water (not RO),7/11/2021 5:16:23 PM,7/11/2021 ,2021/07/11 05:16:00,2021/07/11 00:00:00,2021/07/10 22:16:00,37.666,-123.488,850124,24,5.0,1476.0,33RO20210613,WCOA2021,PR37,85.0,1.0,11001.0,2.0,11.0,2021-07-11,2021.0,7.0,11.0,17:16:23,192.72,37.666,-123.488,2800.0,4.8,4.7,12.829,33.736,2.0,33.7533,2.0,249.4,2.0,,,9.0,,9.0,,9.0,,,9.0,,,9.0,,9.0,,9.0,,9.0,,9.0,,9.0,2.7,2.0,,9.0,,9.0,,9.0,,9.0,,9.0,,9.0,,9.0,,9.0,,,,,,,,,,,,,,,,,,,,,,,,,,,,,,,,,,,,,,,,,,,,,,,,,,,,,,,,,,,,,,,,,,,,,,,,,,,,,,,,,,,,,,,,,,,,,0.0,4.8,,,,,33.7533,,,0.0,,12.829,,,,,,,,,,,,,11001.0,17:16:23,2021/07/11 17:16:23,24.0,11001.0,24.0,5.0,4.96,12.8812,33.6165,25.3448,5.52,240.45,0.081,168.22,99.9,dRB2102_CTD_085_01_F.csv,dRB2102,CTD,85.0,F.csv,850123
426,E702,1.0,1.0,False,WCOA21,2021_WCOA_RonBrown,7/12/2021,,4:10:18 PM,,E702,860102,2,Niskin; Sterivex 0.22µm filter,95% EtOH,West Coast,GGTX7,18.4,37.824,-122.392,1000.0,Sean McAllister,Sterivex on outlet; Very silty all of these in San Fran Bay (most with 2 filters),7/12/2021 4:10:18 PM,7/12/2021 ,2021/07/12 04:10:00,2021/07/12 00:00:00,2021/07/11 21:10:00,37.824,-122.392,860102,2,18.0,1478.0,33RO20210613,WCOA2021,GGTX7,86.0,1.0,11081.0,2.0,12.0,2021-07-12,2021.0,7.0,12.0,16:10:18,193.674,37.824,-122.392,28.0,18.5,18.4,18.405,32.215,2.0,,9.0,219.9,2.0,,,9.0,,9.0,,9.0,,,9.0,,,9.0,,9.0,,9.0,,9.0,,9.0,,9.0,,9.0,,9.0,,9.0,,9.0,,9.0,,9.0,,9.0,,9.0,,9.0,,,,,,,,,,,,,,,,,,,,,,,,,,,,,,,,,,,,,,,,,,,,,,,,,,,,,,,,,,,,,,,,,,,,,,,,,,,,,,,,,,,,,,,,,,,,,0.0,18.5,,,,,32.215,,,0.0,,18.405,,,,,,,,,,,,,11081.0,16:10:18,2021/07/12 16:10:18,2.0,11081.0,2.0,18.0,17.86,18.3859,32.2365,23.0635,5.01,218.54,0.142,172.61,5.49,dRB2102_CTD_086_01_F.csv,dRB2102,CTD,86.0,F.csv,860101
427,E703,1.0,1.0,False,WCOA21,2021_WCOA_RonBrown,7/12/2021,,4:15:53 PM,,E703,860109,9,Niskin; Sterivex 0.22µm filter,95% EtOH,West Coast,GGTX7,3.7,37.824,-122.392,1000.0,Sean McAllister,Sterivex on outlet,7/12/2021 4:15:53 PM,7/12/2021 ,2021/07/12 04:15:00,2021/07/12 00:00:00,2021/07/11 21:15:00,37.824,-122.392,860109,9,4.0,1485.0,33RO20210613,WCOA2021,GGTX7,86.0,1.0,12052.0,2.0,12.0,2021-07-12,2021.0,7.0,12.0,16:15:53,193.678,37.824,-122.392,28.0,3.7,3.7,18.409,32.224,2.0,,9.0,219.4,2.0,,,9.0,,9.0,,9.0,,,9.0,,,9.0,,9.0,,9.0,,9.0,,9.0,,9.0,6.8,2.0,,9.0,,9.0,,9.0,,9.0,,9.0,,9.0,,9.0,,9.0,,,,,,,,,,,,,,,,,,,,,,,,,,,,,,,,,,,,,,,,,,,,,,,,,,,,,,,,,,,,,,,,,,,,,,,,,,,,,,,,,,,,,,,,,,,,,0.0,3.7,,,,,32.224,,,0.0,,18.409,,,,,,,,,,,,,12052.0,16:15:53,2021/07/12 16:15:53,9.0,12052.0,9.0,4.0,3.97,18.4948,32.207,23.0136,5.04,219.94,0.142,170.8,19.41,dRB2102_CTD_086_01_F.csv,dRB2102,CTD,86.0,F.csv,860107
428,E704,1.0,1.0,False,WCOA21,2021_WCOA_RonBrown,7/12/2021,,5:16:01 PM,,E704,870102,2,Niskin; Sterivex 0.22µm filter,95% EtOH,West Coast,Station 18 Point Blunt,40.0,37.847,-122.421,1000.0,Sean McAllister,Samples rinsed with niskin water (not RO); Sterivex on outlet,7/12/2021 5:16:01 PM,7/12/2021 ,2021/07/12 05:16:00,2021/07/12 00:00:00,2021/07/11 22:16:00,37.847,-122.421,870102,2,40.0,1487.0,33RO20210613,WCOA2021,S Sta. 18 Pt Blunt,87.0,1.0,11081.0,2.0,12.0,2021-07-12,2021.0,7.0,12.0,17:16:01,193.719,37.847,-122.421,50.0,40.3,40.0,16.557,32.655,2.0,,9.0,217.9,2.0,,,9.0,,9.0,,9.0,,,9.0,,,9.0,,9.0,,9.0,,9.0,,9.0,,9.0,,9.0,,9.0,,9.0,,9.0,,9.0,,9.0,,9.0,,9.0,,9.0,,,,,,,,,,,,,,,,,,,,,,,,,,,,,,,,,,,,,,,,,,,,,,,,,,,,,,,,,,,,,,,,,,,,,,,,,,,,,,,,,,,,,,,,,,,,,0.0,40.3,,,,,32.655,,,0.0,,16.557,,,,,,,,,,,,,11081.0,17:16:01,2021/07/12 17:16:01,2.0,11081.0,2.0,40.0,39.7,16.5313,32.6667,23.8342,4.98,217.13,0.131,148.02,5.41,dRB2102_CTD_087_01_F.csv,dRB2102,CTD,87.0,F.csv,870101
429,E705,1.0,1.0,False,WCOA21,2021_WCOA_RonBrown,7/12/2021,,5:22:21 PM,,E705,870105,5,Niskin; Sterivex 0.22µm filter,95% EtOH,West Coast,Station 18 Point Blunt,14.8,37.846,-122.421,900.0,Sean McAllister,Sterivex on outlet; 900 mL only,7/12/2021 5:22:21 PM,7/12/2021 ,2021/07/12 05:22:00,2021/07/12 00:00:00,2021/07/11 22:22:00,37.846,-122.421,870105,5,15.0,1490.0,33RO20210613,WCOA2021,S Sta. 18 Pt Blunt,87.0,1.0,11008.0,2.0,12.0,2021-07-12,2021.0,7.0,12.0,17:22:21,193.724,37.846,-122.421,50.0,15.0,14.8,16.682,32.566,2.0,,9.0,217.0,2.0,216.9,7.105,2.0,2163.8,2.0,2295.3,2.0,7.6902,25.18,3.0,96.3936220852599,25.015,2.0,35.3,2.0,2.44,2.0,14.8,2.0,1.06,2.0,7.67,2.0,,9.0,25.343,2.0,,9.0,,9.0,,9.0,,9.0,,9.0,,9.0,,9.0,340.69960815285856,46.09142613285578,25.10109038253963,105.40318455702156,63.5739754433516,0.0355656460334039,0.0,2.1084260704381242e-08,0.6963094854969002,34.60369051450309,2033.2957250604388,0.00029013640178779447,2.2392376903754734,0.0,0.0024131187514879,0.0120359461254504,0.0,0.0,1.8552784541398235,0.165196642506862,26271.858957473327,2295.3,0.0,0.0,0.0,46.09142613285578,2.569630954304937,0.6963094854969002,0.0,0.0,0.0,25.10109038253959,0.0,0.0,-0.00017086960692285557,0.00016475527402227334,28995.0,2033.2957250604388,105.40318455702156,2163.8,0.0403954988895494,0.040350858897723,695.1481426925758,0.7399097874216166,0.9964648200327376,-0.00016475527402227367,0.0001479944253387,83.14462618,0.0120359461254504,1.8552784541398235,1.1132532434590787,1.1099415157141572,0.0361089800014616,1e-07,2.951780084838863e-10,6.163592845068795e-07,1e-07,0.13103651812933,1.954736667561958e-09,3.9553718505476964e-07,1.1704360985256268e-06,7.490191694656702e-10,0.0026372869405629,0.0243731730514601,9.097231392636086e-07,1.0659596575696907e-09,2.9074994415673984e-10,2.281568837094175e-07,2.6807039159873635e-14,0.00017745525657880727,-0.00018579743631086,1.0,1.0,3.0,1.0,10.0,1.0,1.0,0.0,1.0,1.0,697.6143349142396,7.840160252261042,7.919519764889415,7.962347232682148,7.831526004827574,7.840160252261042,2163.8,2.0,2295.3,1.0,0.0,,15.0,1.0,1.0,0.7965364230924126,14.620820987321483,32.566,1.636448303234905,2.5500512807024647,,0.1689352630750786,16.682,0.0,0.0,0.0,386.7910342857143,9569.351339367777,63.574265579753394,2.44,35.3,26271.86137059208,0.0,0.9816053413778412,710.6871830332803,11008.0,17:22:21,2021/07/12 17:22:21,5.0,11008.0,5.0,15.0,14.89,16.5421,32.652,23.8196,4.98,217.1,0.123,148.54,30.58,dRB2102_CTD_087_01_F.csv,dRB2102,CTD,87.0,F.csv,870105
430,E706,1.0,1.0,False,WCOA21,2021_WCOA_RonBrown,7/12/2021,,5:26:45 PM,,E706,870110,10,Niskin; Sterivex 0.22µm filter,95% EtOH,West Coast,Station 18 Point Blunt,3.7,37.846,-122.421,1000.0,Sean McAllister,Samples rinsed with niskin water (not RO); Sterivex on outlet,7/12/2021 5:26:45 PM,7/12/2021 ,2021/07/12 05:26:00,2021/07/12 00:00:00,2021/07/11 22:26:00,37.846,-122.421,870110,10,4.0,1495.0,33RO20210613,WCOA2021,S Sta. 18 Pt Blunt,87.0,1.0,11067.0,2.0,12.0,2021-07-12,2021.0,7.0,12.0,17:26:45,193.727,37.846,-122.421,50.0,3.8,3.7,17.149,32.341,2.0,,9.0,216.8,2.0,,,9.0,,9.0,,9.0,,,9.0,,,9.0,,9.0,,9.0,,9.0,,9.0,,9.0,7.0,2.0,,9.0,,9.0,,9.0,,9.0,,9.0,,9.0,,9.0,,9.0,,,,,,,,,,,,,,,,,,,,,,,,,,,,,,,,,,,,,,,,,,,,,,,,,,,,,,,,,,,,,,,,,,,,,,,,,,,,,,,,,,,,,,,,,,,,,0.0,3.8,,,,,32.341,,,0.0,,17.149,,,,,,,,,,,,,11067.0,17:26:45,2021/07/12 17:26:45,10.0,11067.0,10.0,4.0,,,,,,,,,,,,,,,870108
431,E707,,,False,WCOA21,2021_WCOA_RonBrown,7/12/2021,,6:50:10 PM,,E707,880102,2,Niskin; Sterivex 0.22µm filter,95% EtOH,West Coast,CMap RTC CO2 Buoy,18.3,37.892,-122.441,750.0,Sean McAllister,750 mL only; Sterivex on outlet; sterivex popped off,7/12/2021 6:50:10 PM,7/12/2021 ,2021/07/12 06:50:00,2021/07/12 00:00:00,2021/07/11 23:50:00,37.892,-122.441,880102,2,18.0,1498.0,33RO20210613,WCOA2021,CMAP CO2 Buoy,88.0,1.0,11081.0,2.0,12.0,2021-07-12,2021.0,7.0,12.0,18:50:10,193.785,37.892,-122.441,28.0,18.5,18.3,18.228,31.318,2.0,,9.0,215.1,2.0,,,9.0,,9.0,,9.0,,,9.0,,,9.0,,9.0,,9.0,,9.0,,9.0,,9.0,,9.0,,9.0,,9.0,,9.0,,9.0,,9.0,,9.0,,9.0,,9.0,,,,,,,,,,,,,,,,,,,,,,,,,,,,,,,,,,,,,,,,,,,,,,,,,,,,,,,,,,,,,,,,,,,,,,,,,,,,,,,,,,,,,,,,,,,,,0.0,18.5,,,,,31.318,,,0.0,,18.228,,,,,,,,,,,,,11081.0,18:50:10,2021/07/12 18:50:10,2.0,11081.0,2.0,18.0,17.86,18.2615,31.2804,22.3632,4.92,215.05,0.121,148.93,5.28,dRB2102_CTD_088_01_F.csv,dRB2102,CTD,88.0,F.csv,880101
432,E708,1.0,1.0,False,WCOA21,2021_WCOA_RonBrown,7/12/2021,,6:52:36 PM,,E708,880104,4,Niskin; Sterivex 0.22µm filter,95% EtOH,West Coast,CMap RTC CO2 Buoy,10.0,37.892,-122.442,1000.0,Sean McAllister,Sterivex on outlet,7/12/2021 6:52:36 PM,7/12/2021 ,2021/07/12 06:52:00,2021/07/12 00:00:00,2021/07/11 23:52:00,37.892,-122.442,880104,4,10.0,1500.0,33RO20210613,WCOA2021,CMAP CO2 Buoy,88.0,1.0,11058.0,2.0,12.0,2021-07-12,2021.0,7.0,12.0,18:52:36,193.787,37.892,-122.442,28.0,10.1,10.0,18.744,30.609,2.0,,9.0,215.0,2.0,,,9.0,,9.0,,9.0,,,9.0,,,9.0,,9.0,,9.0,,9.0,,9.0,,9.0,,9.0,,9.0,,9.0,,9.0,,9.0,,9.0,,9.0,,9.0,,9.0,,,,,,,,,,,,,,,,,,,,,,,,,,,,,,,,,,,,,,,,,,,,,,,,,,,,,,,,,,,,,,,,,,,,,,,,,,,,,,,,,,,,,,,,,,,,,0.0,10.1,,,,,30.609,,,0.0,,18.744,,,,,,,,,,,,,11058.0,18:52:36,2021/07/12 18:52:36,4.0,11058.0,4.0,10.0,9.93,18.8458,30.4626,21.5955,4.9,214.29,0.118,148.83,13.23,dRB2102_CTD_088_01_F.csv,dRB2102,CTD,88.0,F.csv,880103
433,E709,1.0,1.0,False,WCOA21,2021_WCOA_RonBrown,7/12/2021,,6:56:35 PM,,E709,880108,8,Niskin; Sterivex 0.22µm filter,95% EtOH,West Coast,CMap RTC CO2 Buoy,3.4,37.892,-122.442,1000.0,Sean McAllister,Sterivex on outlet,7/12/2021 6:56:35 PM,7/12/2021 ,2021/07/12 06:56:00,2021/07/12 00:00:00,2021/07/11 23:56:00,37.892,-122.442,880108,8,3.0,1504.0,33RO20210613,WCOA2021,CMAP CO2 Buoy,88.0,1.0,11027.0,2.0,12.0,2021-07-12,2021.0,7.0,12.0,18:56:35,193.789,37.892,-122.442,28.0,3.4,3.4,18.878,30.402,2.0,,9.0,214.1,2.0,,,9.0,,9.0,,9.0,,,9.0,,,9.0,,9.0,,9.0,,9.0,,9.0,,9.0,,9.0,,9.0,,9.0,,9.0,,9.0,,9.0,,9.0,,9.0,,9.0,,,,,,,,,,,,,,,,,,,,,,,,,,,,,,,,,,,,,,,,,,,,,,,,,,,,,,,,,,,,,,,,,,,,,,,,,,,,,,,,,,,,,,,,,,,,,0.0,3.4,,,,,30.402,,,0.0,,18.878,,,,,,,,,,,,,11027.0,18:56:35,2021/07/12 18:56:35,8.0,11027.0,8.0,3.0,2.98,18.8805,30.4783,21.5987,4.8,209.98,0.169,146.64,20.41,dRB2102_CTD_088_01_F.csv,dRB2102,CTD,88.0,F.csv,880107
434,E710,1.0,1.0,False,WCOA21,2021_WCOA_RonBrown,7/12/2021,,8:09:14 PM,,E710,890102,2,Niskin; Sterivex 0.22µm filter,95% EtOH,West Coast,GGTX6,23.3,37.831,-122.445,1000.0,Sean McAllister,Sterivex on outlet,7/12/2021 8:09:14 PM,7/12/2021 ,2021/07/12 08:09:00,2021/07/12 00:00:00,2021/07/12 01:09:00,37.831,-122.445,890102,2,23.0,1507.0,33RO20210613,WCOA2021,GGTX6,89.0,1.0,11081.0,2.0,12.0,2021-07-12,2021.0,7.0,12.0,20:09:14,193.84,37.831,-122.445,33.0,23.5,23.3,15.788,32.99,2.0,,9.0,217.0,2.0,,,9.0,,9.0,,9.0,,,9.0,,,9.0,,9.0,,9.0,,9.0,,9.0,,9.0,,9.0,,9.0,,9.0,,9.0,,9.0,,9.0,,9.0,,9.0,,9.0,,,,,,,,,,,,,,,,,,,,,,,,,,,,,,,,,,,,,,,,,,,,,,,,,,,,,,,,,,,,,,,,,,,,,,,,,,,,,,,,,,,,,,,,,,,,,0.0,23.5,,,,,32.99,,,0.0,,15.788,,,,,,,,,,,,,11081.0,20:09:14,2021/07/12 20:09:14,2.0,11081.0,2.0,23.0,22.83,15.7893,32.9892,24.2494,4.98,216.95,0.121,158.23,5.48,dRB2102_CTD_089_01_F.csv,dRB2102,CTD,89.0,F.csv,890101
435,E711,1.0,1.0,False,WCOA21,2021_WCOA_RonBrown,7/12/2021,,8:13:09 PM,,E711,890106,6,Niskin; Sterivex 0.22µm filter,95% EtOH,West Coast,GGTX6,9.9,37.832,-122.444,1000.0,Sean McAllister,Sterivex on outlet,7/12/2021 8:13:09 PM,7/12/2021 ,2021/07/12 08:13:00,2021/07/12 00:00:00,2021/07/12 01:13:00,37.832,-122.444,890106,6,10.0,1511.0,33RO20210613,WCOA2021,GGTX6,89.0,1.0,11082.0,2.0,12.0,2021-07-12,2021.0,7.0,12.0,20:13:09,193.842,37.832,-122.444,33.0,10.0,9.9,15.776,32.993,2.0,,9.0,216.6,2.0,215.9,7.076,2.0,2159.0,2.0,2284.7,2.0,7.6984,24.95,2.0,101.41784807957188,24.865,2.0,29.1,2.0,2.15,2.0,14.4,2.0,0.96,2.0,7.09,2.0,,9.0,21.618,2.0,,9.0,,9.0,,9.0,,9.0,,9.0,,9.0,,9.0,346.441599051076,45.42097523463836,25.80564460651495,101.60334063391451,64.40754945885621,0.0322007950699292,0.0,1.9218277685692523e-08,0.5477674416555778,28.55223255834442,2031.5910147595705,0.000291365095259658,1.980427112057061,0.0,0.0023796451013815,0.012232386357278,0.0,0.0,1.6932934527109955,0.1373720736547321,26616.33128736787,2284.7,0.0,0.0,0.0,45.42097523463836,2.255171240148248,0.5477674416555778,0.0,0.0,0.0,25.805644606515138,0.0,0.0,-0.0001673141866979667,0.0001616393867431665,28995.0,2031.5910147595705,101.60334063391451,2159.0,0.0404987233137458,0.0404533959391047,697.3313376354889,0.7441384002648733,0.9964242106998916,-0.00016163938674316632,0.00014562428468809822,83.14462618,0.012232386357278,1.6932934527109955,1.1099754899354168,1.1059161851118686,0.0370062884223972,1e-07,2.7336886409759886e-10,6.26893712119381e-07,1e-07,0.1368192456645613,1.9157420197022677e-09,4.018377805188503e-07,1.1503557730749313e-06,7.307726902108788e-10,0.0027040233786552,0.0244828930615758,8.986754402013557e-07,1.013561710395713e-09,2.803281736265097e-10,2.204760962697858e-07,2.4742457560008977e-14,0.00017340194391685026,-0.0001816122869823411,1.0,1.0,3.0,1.0,10.0,1.0,1.0,0.0,1.0,1.0,699.833795834488,7.835289395130741,7.912488810281805,7.955060981649846,7.826714697950379,7.835289395130741,2159.0,2.0,2284.7,1.0,0.0,,10.0,1.0,1.0,0.8018415885168497,14.825823897601976,32.993,1.5712813731055433,2.4513036367519065,,0.1660829665955421,15.776,0.0,0.0,0.0,391.8625742857144,9694.823089718142,64.40784082395147,2.15,29.1,26616.33366701297,0.0,0.9826423609115096,712.1958340828241,11082.0,20:13:09,2021/07/12 20:13:09,6.0,11082.0,6.0,10.0,9.93,15.792,32.988,24.2474,4.93,214.85,0.127,158.98,18.82,dRB2102_CTD_089_01_F.csv,dRB2102,CTD,89.0,F.csv,890106
436,E712,1.0,1.0,False,WCOA21,2021_WCOA_RonBrown,7/12/2021,,8:16:16 PM,,E712,890110,10,Niskin; Sterivex 0.22µm filter,95% EtOH,West Coast,GGTX6,3.1,37.832,-122.444,1000.0,Sean McAllister,Sterivex on outlet,7/12/2021 8:16:16 PM,7/12/2021 ,2021/07/12 08:16:00,2021/07/12 00:00:00,2021/07/12 01:16:00,37.832,-122.444,890110,10,3.0,1515.0,33RO20210613,WCOA2021,GGTX6,89.0,1.0,11067.0,2.0,12.0,2021-07-12,2021.0,7.0,12.0,20:16:16,193.845,37.832,-122.444,33.0,3.2,3.1,15.766,32.996,2.0,,9.0,216.4,2.0,,,9.0,,9.0,,9.0,,,9.0,,,9.0,,9.0,,9.0,,9.0,,9.0,,9.0,,9.0,,9.0,,9.0,,9.0,,9.0,,9.0,,9.0,,9.0,,9.0,,,,,,,,,,,,,,,,,,,,,,,,,,,,,,,,,,,,,,,,,,,,,,,,,,,,,,,,,,,,,,,,,,,,,,,,,,,,,,,,,,,,,,,,,,,,,0.0,3.2,,,,,32.996,,,0.0,,15.766,,,,,,,,,,,,,11067.0,20:16:16,2021/07/12 20:16:16,10.0,11067.0,10.0,3.0,2.98,15.8054,32.8399,24.1304,3.32,144.93,0.131,158.93,26.37,dRB2102_CTD_089_01_F.csv,dRB2102,CTD,89.0,F.csv,890109
437,E713,1.0,1.0,False,WCOA21,2021_WCOA_RonBrown,7/12/2021,,9:40:07 PM,,E713,900102,2,Niskin; Sterivex 0.22µm filter,95% EtOH,West Coast,GGTX5,31.6,37.81,-122.516,1000.0,Sean McAllister,Sterivex on outlet,7/12/2021 9:40:07 PM,7/12/2021 ,2021/07/12 09:40:00,2021/07/12 00:00:00,2021/07/12 02:40:00,37.81,-122.516,900102,2,32.0,1517.0,33RO20210613,WCOA2021,GGTX5,90.0,1.0,11081.0,2.0,12.0,2021-07-12,2021.0,7.0,12.0,21:40:07,193.903,37.81,-122.516,42.0,31.8,31.6,15.009,33.224,2.0,,9.0,223.9,2.0,,,9.0,,9.0,,9.0,,,9.0,,,9.0,,9.0,,9.0,,9.0,,9.0,,9.0,,9.0,,9.0,,9.0,,9.0,,9.0,,9.0,,9.0,,9.0,,9.0,,,,,,,,,,,,,,,,,,,,,,,,,,,,,,,,,,,,,,,,,,,,,,,,,,,,,,,,,,,,,,,,,,,,,,,,,,,,,,,,,,,,,,,,,,,,,0.0,31.8,,,,,33.224,,,0.0,,15.009,,,,,,,,,,,,,11081.0,21:40:07,2021/07/12 21:40:07,2.0,11081.0,2.0,32.0,31.76,14.9601,33.2384,24.6237,5.14,223.87,0.152,160.91,7.17,dRB2102_CTD_090_01_F.csv,dRB2102,CTD,90.0,F.csv,900101
438,E714,1.0,1.0,False,WCOA21,2021_WCOA_RonBrown,7/12/2021,,9:44:41 PM,,E714,900106,6,Niskin; Sterivex 0.22µm filter,95% EtOH,West Coast,GGTX5,9.7,37.81,-122.516,1000.0,Sean McAllister,Sterivex on outlet,7/12/2021 9:44:41 PM,7/12/2021 ,2021/07/12 09:44:00,2021/07/12 00:00:00,2021/07/12 02:44:00,37.81,-122.516,900106,6,10.0,1521.0,33RO20210613,WCOA2021,GGTX5,90.0,1.0,11082.0,2.0,12.0,2021-07-12,2021.0,7.0,12.0,21:44:41,193.906,37.81,-122.516,42.0,9.7,9.7,15.748,33.001,2.0,,9.0,220.9,2.0,,,9.0,,9.0,,9.0,,,9.0,,,9.0,,9.0,,9.0,,9.0,,9.0,,9.0,,9.0,,9.0,,9.0,,9.0,,9.0,,9.0,,9.0,,9.0,,9.0,,,,,,,,,,,,,,,,,,,,,,,,,,,,,,,,,,,,,,,,,,,,,,,,,,,,,,,,,,,,,,,,,,,,,,,,,,,,,,,,,,,,,,,,,,,,,0.0,9.7,,,,,33.001,,,0.0,,15.748,,,,,,,,,,,,,11082.0,21:44:41,2021/07/12 21:44:41,6.0,11082.0,6.0,10.0,9.93,15.9923,32.9288,24.157,5.03,219.51,0.131,163.02,28.49,dRB2102_CTD_090_01_F.csv,dRB2102,CTD,90.0,F.csv,900105
439,E715,1.0,1.0,False,WCOA21,2021_WCOA_RonBrown,7/12/2021,,9:48:01 PM,,E715,900110,10,Niskin; Sterivex 0.22µm filter,95% EtOH,West Coast,GGTX5,3.4,37.81,-122.516,1000.0,Sean McAllister,Sterivex on outlet,7/12/2021 9:48:01 PM,7/12/2021 ,2021/07/12 09:48:00,2021/07/12 00:00:00,2021/07/12 02:48:00,37.81,-122.516,900110,10,3.0,1525.0,33RO20210613,WCOA2021,GGTX5,90.0,1.0,11067.0,2.0,12.0,2021-07-12,2021.0,7.0,12.0,21:48:01,193.908,37.81,-122.516,42.0,3.5,3.4,15.916,32.956,2.0,,9.0,219.3,2.0,222.0,7.274,2.0,2158.2,2.0,2289.7,2.0,7.7108,24.97,2.0,105.96110696163676,24.875,2.0,30.3,2.0,2.17,2.0,14.3,2.0,1.01,2.0,6.94,2.0,,9.0,21.985,2.0,,9.0,,9.0,,9.0,,9.0,,9.0,,9.0,,9.0,344.6837852779631,46.73933472203691,24.91978126713963,105.05330782888456,64.33532773265355,0.0313922745892921,0.0,1.817891976651292e-08,0.590865605250487,29.70913439474951,2028.226910903976,0.0002829179130688898,1.9948732028308056,0.0,0.0023177381573367,0.0118479795995915,0.0,0.0,1.7683795531824849,0.1437345044009823,26586.48246176294,2289.7,0.0,0.0,0.0,46.73933472203691,2.28234219345385,0.590865605250487,0.0,0.0,0.0,24.919781267139506,0.0,0.0,-0.0001706874804811489,0.0001645767782160114,28995.0,2028.226910903976,105.05330782888456,2158.2,0.0405808369765725,0.0405356166718508,676.0789375407621,0.7435448138127304,0.9964305263892692,-0.00016457677821601167,0.0001478164216282085,83.14462618,0.0118479795995915,1.7683795531824849,1.1133862963477694,1.1098361643055965,0.0368592776426154,1e-07,2.76386339706731e-10,6.251893278035633e-07,1e-07,0.1359066816218026,1.9208801270675302e-09,4.008074299909176e-07,1.152951146267508e-06,7.337224061872235e-10,0.0026942219467167,0.0244620755047287,9.001836128457e-07,1.020667603048218e-09,2.817327292147934e-10,2.215944288738065e-07,2.505036599481453e-14,0.00017726945941479814,-0.0001856239955891384,1.0,1.0,3.0,1.0,10.0,1.0,1.0,0.0,1.0,1.0,678.5008283423892,7.8487614093029086,7.926355702274867,7.968865967497172,7.84017311628664,7.8487614093029086,2158.2,2.0,2289.7,1.0,0.0,,3.5,1.0,1.0,0.7963217317840008,14.60054286409637,32.956,1.6272367782596715,2.5382041136324576,,0.1711875762323137,15.916,0.0,0.0,0.0,391.42312,9683.950830320102,64.33561065056662,2.17,30.3,26586.484779501097,0.0,0.9824858267488128,690.5960471589156,11067.0,21:48:01,2021/07/12 21:48:01,10.0,11067.0,10.0,3.0,,,,,,,,,,,,,,,900110
440,E716,1.0,1.0,False,WCOA21,2021_WCOA_RonBrown,7/12/2021,,10:43:03 PM,,E716,910102,2,Niskin; Sterivex 0.22µm filter,95% EtOH,West Coast,GGTX4,18.2,37.793,-122.562,1000.0,Sean McAllister,Sterivex on outlet,7/12/2021 10:43:03 PM,7/12/2021 ,2021/07/12 10:43:00,2021/07/12 00:00:00,2021/07/12 03:43:00,37.793,-122.562,910102,2,18.0,1527.0,33RO20210613,WCOA2021,GGTX4,91.0,1.0,11081.0,2.0,12.0,2021-07-12,2021.0,7.0,12.0,22:43:03,193.947,37.793,-122.562,28.0,18.3,18.2,12.564,33.655,2.0,,9.0,180.6,2.0,,,9.0,,9.0,,9.0,,,9.0,,,9.0,,9.0,,9.0,,9.0,,9.0,,9.0,,9.0,,9.0,,9.0,,9.0,,9.0,,9.0,,9.0,,9.0,,9.0,,,,,,,,,,,,,,,,,,,,,,,,,,,,,,,,,,,,,,,,,,,,,,,,,,,,,,,,,,,,,,,,,,,,,,,,,,,,,,,,,,,,,,,,,,,,,0.0,18.3,,,,,33.655,,,0.0,,12.564,,,,,,,,,,,,,11081.0,22:43:03,2021/07/12 22:43:03,2.0,11081.0,2.0,18.0,17.86,12.4784,33.6683,25.4639,4.15,180.7,0.135,170.94,5.74,dRB2102_CTD_091_01_F.csv,dRB2102,CTD,91.0,F.csv,910101
441,E717,1.0,1.0,False,WCOA21,2021_WCOA_RonBrown,7/12/2021,,10:46:31 PM,,E717,910106,6,Niskin; Sterivex 0.22µm filter,95% EtOH,West Coast,GGTX4,4.3,37.792,-122.562,1000.0,Sean McAllister,Sterivex on outlet,7/12/2021 10:46:31 PM,7/12/2021 ,2021/07/12 10:46:00,2021/07/12 00:00:00,2021/07/12 03:46:00,37.792,-122.562,910106,6,4.0,1531.0,33RO20210613,WCOA2021,GGTX4,91.0,1.0,11082.0,2.0,12.0,2021-07-12,2021.0,7.0,12.0,22:46:31,193.949,37.792,-122.562,28.0,4.4,4.3,14.575,33.324,2.0,,9.0,214.9,2.0,,,9.0,,9.0,,9.0,,,9.0,,,9.0,,9.0,,9.0,,9.0,,9.0,,9.0,,9.0,,9.0,,9.0,,9.0,,9.0,,9.0,,9.0,,9.0,,9.0,,,,,,,,,,,,,,,,,,,,,,,,,,,,,,,,,,,,,,,,,,,,,,,,,,,,,,,,,,,,,,,,,,,,,,,,,,,,,,,,,,,,,,,,,,,,,0.0,4.4,,,,,33.324,,,0.0,,14.575,,,,,,,,,,,,,11082.0,22:46:31,2021/07/12 22:46:31,6.0,11082.0,6.0,4.0,3.97,14.6634,33.3,24.7341,5.03,219.11,0.155,172.67,19.99,dRB2102_CTD_091_01_F.csv,dRB2102,CTD,91.0,F.csv,910105
442,E718,1.0,1.0,False,WCOA21,2021_WCOA_RonBrown,7/12/2021,,10:48:14 PM,,E718,910110,10,Niskin; Sterivex 0.22µm filter,95% EtOH,West Coast,GGTX4,4.1,37.792,-122.562,1000.0,Sean McAllister,Sterivex on outlet,7/12/2021 10:48:14 PM,7/12/2021 ,2021/07/12 10:48:00,2021/07/12 00:00:00,2021/07/12 03:48:00,37.792,-122.562,910110,10,4.0,1535.0,33RO20210613,WCOA2021,GGTX4,91.0,1.0,11067.0,2.0,12.0,2021-07-12,2021.0,7.0,12.0,22:48:14,193.95,37.792,-122.562,28.0,4.1,4.1,14.625,33.301,2.0,,9.0,218.0,2.0,,,9.0,,9.0,,9.0,,,9.0,,,9.0,,9.0,,9.0,,9.0,,9.0,,9.0,,9.0,,9.0,,9.0,,9.0,,9.0,,9.0,,9.0,,9.0,,9.0,,,,,,,,,,,,,,,,,,,,,,,,,,,,,,,,,,,,,,,,,,,,,,,,,,,,,,,,,,,,,,,,,,,,,,,,,,,,,,,,,,,,,,,,,,,,,0.0,4.1,,,,,33.301,,,0.0,,14.625,,,,,,,,,,,,,11067.0,22:48:14,2021/07/12 22:48:14,10.0,11067.0,10.0,4.0,3.97,14.6634,33.3,24.7341,5.03,219.11,0.155,172.67,19.99,dRB2102_CTD_091_01_F.csv,dRB2102,CTD,91.0,F.csv,910108
443,E719,1.0,1.0,False,WCOA21,2021_WCOA_RonBrown,7/13/2021,,12:01:15 AM,,E719,920102,2,Niskin; Sterivex 0.22µm filter,95% EtOH,West Coast,GGTX3,12.8,37.772,-122.633,1000.0,Sean McAllister,Sterivex on outlet,7/13/2021 12:01:15 AM,7/13/2021 ,2021/07/13 12:01:00,2021/07/13 00:00:00,2021/07/13 05:01:00,37.772,-122.633,920102,2,13.0,1537.0,33RO20210613,WCOA2021,GGTX3,92.0,1.0,11081.0,2.0,12.0,2021-07-13,2021.0,7.0,13.0,00:01:15,194.001,37.772,-122.633,23.0,12.9,12.8,11.131,33.833,2.0,,9.0,157.2,2.0,,,9.0,,9.0,,9.0,,,9.0,,,9.0,,9.0,,9.0,,9.0,,9.0,,9.0,,9.0,,9.0,,9.0,,9.0,,9.0,,9.0,,9.0,,9.0,,9.0,,,,,,,,,,,,,,,,,,,,,,,,,,,,,,,,,,,,,,,,,,,,,,,,,,,,,,,,,,,,,,,,,,,,,,,,,,,,,,,,,,,,,,,,,,,,,0.0,12.9,,,,,33.833,,,0.0,,11.131,,,,,,,,,,,,,11081.0,00:01:15,2021/07/13 00:01:15,2.0,11081.0,2.0,13.0,12.9,11.3918,33.8081,25.7768,3.71,161.54,0.126,175.34,4.92,dRB2102_CTD_092_01_F.csv,dRB2102,CTD,92.0,F.csv,920101
444,E720,1.0,1.0,False,WCOA21,2021_WCOA_RonBrown,7/13/2021,,12:05:31 AM,,E720,920106,6,Niskin; Sterivex 0.22µm filter,95% EtOH,West Coast,GGTX3,3.7,37.772,-122.633,1000.0,Sean McAllister,Sterivex on outlet,7/13/2021 12:05:31 AM,7/13/2021 ,2021/07/13 12:05:00,2021/07/13 00:00:00,2021/07/13 05:05:00,37.772,-122.633,920106,6,4.0,1541.0,33RO20210613,WCOA2021,GGTX3,92.0,1.0,11082.0,2.0,12.0,2021-07-13,2021.0,7.0,13.0,00:05:31,194.004,37.772,-122.633,23.0,3.7,3.7,12.817,33.676,2.0,,9.0,211.8,2.0,,,9.0,,9.0,,9.0,,,9.0,,,9.0,,9.0,,9.0,,9.0,,9.0,,9.0,,9.0,,9.0,,9.0,,9.0,,9.0,,9.0,,9.0,,9.0,,9.0,,,,,,,,,,,,,,,,,,,,,,,,,,,,,,,,,,,,,,,,,,,,,,,,,,,,,,,,,,,,,,,,,,,,,,,,,,,,,,,,,,,,,,,,,,,,,0.0,3.7,,,,,33.676,,,0.0,,12.817,,,,,,,,,,,,,11082.0,00:05:31,2021/07/13 00:05:31,6.0,11082.0,6.0,4.0,3.97,13.737,33.3718,24.9833,6.01,261.82,0.235,176.95,13.87,dRB2102_CTD_092_01_F.csv,dRB2102,CTD,92.0,F.csv,920105
445,E721,1.0,1.0,False,WCOA21,2021_WCOA_RonBrown,7/13/2021,,1:58:06 AM,,E721,930102,2,Niskin; Sterivex 0.22µm filter,95% EtOH,West Coast,GGTX2,50.3,37.718,-122.815,1000.0,Sean McAllister,Thiamine sampling (slow flow and collect outflow); Sterivex on outlet,7/13/2021 1:58:06 AM,7/13/2021 ,2021/07/13 01:58:00,2021/07/13 00:00:00,2021/07/12 18:58:00,37.718,-122.815,930102,2,50.0,1543.0,33RO20210613,WCOA2021,GGTX2,93.0,1.0,11081.0,2.0,12.0,2021-07-13,2021.0,7.0,13.0,01:58:06,194.082,37.718,-122.815,61.0,50.7,50.3,9.53,33.943,2.0,,9.0,94.8,2.0,,,9.0,,9.0,,9.0,,,9.0,,,9.0,,9.0,,9.0,,9.0,,9.0,,9.0,,9.0,,9.0,,9.0,,9.0,,9.0,,9.0,,9.0,,9.0,,9.0,,,,,,,,,,,,,,,,,,,,,,,,,,,,,,,,,,,,,,,,,,,,,,,,,,,,,,,,,,,,,,,,,,,,,,,,,,,,,,,,,,,,,,,,,,,,,0.0,50.7,,,,,33.943,,,0.0,,9.53,,,,,,,,,,,,,11081.0,01:58:06,2021/07/13 01:58:06,2.0,11081.0,2.0,50.0,49.62,9.526,33.9437,26.207,2.17,94.42,0.052,173.34,8.62,dRB2102_CTD_093_01_F.csv,dRB2102,CTD,93.0,F.csv,930101
446,E722,1.0,1.0,False,WCOA21,2021_WCOA_RonBrown,7/13/2021,,2:02:53 AM,,E722,930106,6,Niskin; Sterivex 0.22µm filter,95% EtOH,West Coast,GGTX2,19.9,37.718,-122.815,1000.0,Sean McAllister,Sterivex on outlet,7/13/2021 2:02:53 AM,7/13/2021 ,2021/07/13 02:02:00,2021/07/13 00:00:00,2021/07/12 19:02:00,37.718,-122.815,930106,6,20.0,1547.0,33RO20210613,WCOA2021,GGTX2,93.0,1.0,11082.0,2.0,12.0,2021-07-13,2021.0,7.0,13.0,02:02:53,194.085,37.718,-122.815,61.0,20.1,19.9,12.235,33.776,2.0,,9.0,282.3,2.0,,,9.0,,9.0,,9.0,,,9.0,,,9.0,,9.0,,9.0,,9.0,,9.0,,9.0,,9.0,,9.0,,9.0,,9.0,,9.0,,9.0,,9.0,,9.0,,9.0,,,,,,,,,,,,,,,,,,,,,,,,,,,,,,,,,,,,,,,,,,,,,,,,,,,,,,,,,,,,,,,,,,,,,,,,,,,,,,,,,,,,,,,,,,,,,0.0,20.1,,,,,33.776,,,0.0,,12.235,,,,,,,,,,,,,11082.0,02:02:53,2021/07/13 02:02:53,6.0,11082.0,6.0,20.0,19.85,11.4291,33.8547,25.8064,5.25,228.36,0.193,171.94,38.79,dRB2102_CTD_093_01_F.csv,dRB2102,CTD,93.0,F.csv,930105
447,E723,1.0,1.0,False,WCOA21,2021_WCOA_RonBrown,7/13/2021,,2:05:02 AM,,E723,930108,8,Niskin; Sterivex 0.22µm filter,95% EtOH,West Coast,GGTX2,9.8,37.718,-122.815,1000.0,Sean McAllister,Thiamine sampling (slow flow and collect outflow); Sterivex on outlet,7/13/2021 2:05:02 AM,7/13/2021 ,2021/07/13 02:05:00,2021/07/13 00:00:00,2021/07/12 19:05:00,37.718,-122.815,930108,8,10.0,1549.0,33RO20210613,WCOA2021,GGTX2,93.0,1.0,11027.0,2.0,12.0,2021-07-13,2021.0,7.0,13.0,02:05:02,194.087,37.718,-122.815,61.0,9.9,9.8,12.304,33.769,2.0,,9.0,286.8,2.0,,,9.0,,9.0,,9.0,,,9.0,,,9.0,,9.0,,9.0,,9.0,,9.0,,9.0,,9.0,,9.0,,9.0,,9.0,,9.0,,9.0,,9.0,,9.0,,9.0,,,,,,,,,,,,,,,,,,,,,,,,,,,,,,,,,,,,,,,,,,,,,,,,,,,,,,,,,,,,,,,,,,,,,,,,,,,,,,,,,,,,,,,,,,,,,0.0,9.9,,,,,33.769,,,0.0,,12.304,,,,,,,,,,,,,11027.0,02:05:02,2021/07/13 02:05:02,8.0,11027.0,8.0,10.0,9.93,12.2565,33.7753,25.5894,6.61,287.63,0.246,171.52,48.76,dRB2102_CTD_093_01_F.csv,dRB2102,CTD,93.0,F.csv,930107
448,E724,1.0,1.0,False,WCOA21,2021_WCOA_RonBrown,7/13/2021,,2:07:04 AM,,E724,930110,10,Niskin; Sterivex 0.22µm filter,95% EtOH,West Coast,GGTX2,3.8,37.718,-122.815,1000.0,Sean McAllister,Thiamine sampling (slow flow and collect outflow); Sterivex on outlet,7/13/2021 2:07:04 AM,7/13/2021 ,2021/07/13 02:07:00,2021/07/13 00:00:00,2021/07/12 19:07:00,37.718,-122.815,930110,10,4.0,1551.0,33RO20210613,WCOA2021,GGTX2,93.0,1.0,11067.0,2.0,12.0,2021-07-13,2021.0,7.0,13.0,02:07:04,194.088,37.718,-122.815,61.0,3.8,3.8,12.343,33.762,2.0,,9.0,286.6,2.0,,,9.0,,9.0,,9.0,,,9.0,,,9.0,,9.0,,9.0,,9.0,,9.0,,9.0,,9.0,,9.0,,9.0,,9.0,,9.0,,9.0,,9.0,,9.0,,9.0,,,,,,,,,,,,,,,,,,,,,,,,,,,,,,,,,,,,,,,,,,,,,,,,,,,,,,,,,,,,,,,,,,,,,,,,,,,,,,,,,,,,,,,,,,,,,0.0,3.8,,,,,33.762,,,0.0,,12.343,,,,,,,,,,,,,11067.0,02:07:04,2021/07/13 02:07:04,10.0,11067.0,10.0,4.0,3.97,12.2815,33.7708,25.581,6.58,286.55,0.233,171.83,54.68,dRB2102_CTD_093_01_F.csv,dRB2102,CTD,93.0,F.csv,930109
449,E725.1B,1.0,1.0,False,WCOA21,2021_WCOA_RonBrown,7/13/2021,,3:44:27 AM,,E725.1B,940101,1,Niskin; Sterivex 0.22µm filter,95% EtOH,West Coast,GGTX1,79.6,37.658,-122.997,1000.0,Sean McAllister,Thiamine sampling (slow flow and collect outflow); Sterivex on outlet,7/13/2021 3:44:27 AM,7/13/2021 ,2021/07/13 03:44:00,2021/07/13 00:00:00,2021/07/12 20:44:00,37.658,-122.997,940101,1,80.0,1553.0,33RO20210613,WCOA2021,GGTX1,94.0,1.0,11031.0,2.0,12.0,2021-07-13,2021.0,7.0,13.0,03:44:27,194.156,37.658,-122.997,90.0,80.2,79.6,9.466,33.963,2.0,,9.0,85.3,2.0,85.7,2.813,6.0,2229.3,2.0,2253.4,6.0,7.3914,25.02,2.0,54.273684859165705,24.875,2.0,45.0,2.0,2.58,2.0,28.0,2.0,0.14,2.0,0.02,2.0,,9.0,10.891,6.0,,9.0,,9.0,,9.0,,9.0,,9.0,,9.0,,9.0,378.8494952498705,24.533907607272365,53.50730435199453,49.61036694124066,66.30097752445832,0.0766095817468255,0.0,7.757795151537213e-08,0.3804732851575434,44.61952671484245,2126.182328706765,0.0004651422850310908,2.4341200725567,0.0,0.0032978946893687,0.0219050739533897,0.0,0.0,0.5355640980353509,0.0692702681185237,27398.855257943265,2253.4,0.0,0.0,0.0,24.533907607272365,2.572660531215796,0.3804732851575434,0.0,0.0,0.0,53.507304351994506,0.0,0.0,-0.00012723695461763508,0.00012745976119897523,28995.0,2126.182328706765,49.61036694124066,2229.3,0.039384509604084,0.0393340220820077,1190.8615694743671,0.7699642374564766,0.9961233891203144,-0.0001274597611989754,0.00012076609089491532,83.14462618,0.0219050739533897,0.5355640980353509,1.055426736548792,1.0487397256114772,0.0449315904749636,1e-07,1.61846904975521e-10,6.655281192560111e-07,1e-07,0.1819869969160067,1.6321186159729624e-09,4.225873033685442e-07,1.0014727531529e-06,5.880627099508501e-10,0.0031223302258108,0.0248883720077095,8.007751958537927e-07,7.172269118713056e-10,2.149071747790158e-10,1.7082436109613316e-07,1.3497805381566974e-14,0.0001270149256330105,-0.0001349389889919948,1.0,1.0,3.0,1.0,10.0,1.0,1.0,0.0,1.0,1.0,1195.4960424391077,7.598548294075206,7.6594552762682815,7.704135476635301,7.590606030592197,7.598548294075206,2229.3,2.0,2253.4,1.0,0.0,,80.2,1.0,1.0,0.8949681022293685,18.45965190626089,33.963,0.743926717483478,1.1716020457890803,,0.0970634627041623,9.466,0.0,0.0,0.0,403.38340285714287,9979.852592855976,66.30144266674336,2.58,44.99999999999999,27398.85855583796,0.0,0.9885345189243542,1209.361959094714,11031.0,03:44:27,2021/07/13 03:44:27,1.0,11031.0,1.0,80.0,79.39,9.4617,33.9631,26.2333,1.96,85.12,0.047,177.53,8.72,dRB2102_CTD_094_01_F.csv,dRB2102,CTD,94.0,F.csv,940101
450,E725.2B,2.0,1.0,False,WCOA21,2021_WCOA_RonBrown,7/13/2021,,3:44:29 AM,,E725.2B,940102,2,Niskin; Sterivex 0.22µm filter,95% EtOH,West Coast,GGTX1,79.6,37.658,-122.997,1000.0,Sean McAllister,Back to sterivex on inlet,7/13/2021 3:44:29 AM,7/13/2021 ,2021/07/13 03:44:00,2021/07/13 00:00:00,2021/07/12 20:44:00,37.658,-122.997,940102,2,80.0,1554.0,33RO20210613,WCOA2021,GGTX1,94.0,1.0,11081.0,2.0,12.0,2021-07-13,2021.0,7.0,13.0,03:44:29,194.156,37.658,-122.997,90.0,80.2,79.6,9.466,33.963,2.0,,9.0,85.3,2.0,85.7,2.813,9.0,2229.3,9.0,2253.4,9.0,7.3914,25.02,9.0,54.273684859165705,24.875,9.0,45.0,9.0,2.58,9.0,28.0,9.0,0.14,9.0,0.02,9.0,,9.0,10.891,9.0,,9.0,,9.0,,9.0,,9.0,,9.0,,9.0,,9.0,,,,,,,,,,,,,,,,,,,,,,,,,,,,,,,,,,,,,,,,,,,,,,,,,,,,,,,,,,,,,,,,,,,,,,,,,,,,,,,,,,,,,,,,,,,,,0.0,80.2,,,,,33.963,,,0.0,,9.466,,,,,,,,,,,,,11081.0,03:44:29,2021/07/13 03:44:29,2.0,11081.0,2.0,80.0,79.39,9.4617,33.9631,26.2333,1.96,85.12,0.047,177.53,8.72,dRB2102_CTD_094_01_F.csv,dRB2102,CTD,94.0,F.csv,940101
451,E725.3B,3.0,1.0,False,WCOA21,2021_WCOA_RonBrown,7/13/2021,,3:44:32 AM,,E725.3B,940103,3,Niskin; Sterivex 0.22µm filter,95% EtOH,West Coast,GGTX1,80.2,37.658,-122.997,1000.0,Sean McAllister,,7/13/2021 3:44:32 AM,7/13/2021 ,2021/07/13 03:44:00,2021/07/13 00:00:00,2021/07/12 20:44:00,37.658,-122.997,940103,3,80.0,1555.0,33RO20210613,WCOA2021,GGTX1,94.0,1.0,11020.0,2.0,12.0,2021-07-13,2021.0,7.0,13.0,03:44:32,194.156,37.658,-122.997,90.0,80.8,80.2,9.472,33.963,2.0,,9.0,85.6,2.0,85.7,2.813,9.0,2229.3,9.0,2253.4,9.0,7.3914,25.02,9.0,54.273684859165705,24.875,9.0,45.0,9.0,2.58,9.0,28.0,9.0,0.14,9.0,0.02,9.0,,9.0,10.891,9.0,,9.0,,9.0,,9.0,,9.0,,9.0,,9.0,,9.0,,,,,,,,,,,,,,,,,,,,,,,,,,,,,,,,,,,,,,,,,,,,,,,,,,,,,,,,,,,,,,,,,,,,,,,,,,,,,,,,,,,,,,,,,,,,,0.0,80.8,,,,,33.963,,,0.0,,9.472,,,,,,,,,,,,,11020.0,03:44:32,2021/07/13 03:44:32,3.0,11020.0,3.0,80.0,79.39,9.4617,33.9631,26.2333,1.96,85.12,0.047,177.53,8.72,dRB2102_CTD_094_01_F.csv,dRB2102,CTD,94.0,F.csv,940101
452,E726,1.0,1.0,False,WCOA21,2021_WCOA_RonBrown,7/13/2021,,3:48:04 AM,,E726,940105,5,Niskin; Sterivex 0.22µm filter,95% EtOH,West Coast,GGTX1,60.1,37.658,-122.997,1000.0,Sean McAllister,,7/13/2021 3:48:04 AM,7/13/2021 ,2021/07/13 03:48:00,2021/07/13 00:00:00,2021/07/12 20:48:00,37.658,-122.997,940105,5,60.0,1557.0,33RO20210613,WCOA2021,GGTX1,94.0,1.0,11008.0,2.0,12.0,2021-07-13,2021.0,7.0,13.0,03:48:04,194.158,37.658,-122.997,90.0,60.5,60.1,9.547,33.968,2.0,,9.0,90.7,2.0,,,9.0,,9.0,,9.0,,,9.0,,,9.0,,9.0,,9.0,,9.0,,9.0,,9.0,,9.0,,9.0,,9.0,,9.0,,9.0,,9.0,,9.0,,9.0,,9.0,,,,,,,,,,,,,,,,,,,,,,,,,,,,,,,,,,,,,,,,,,,,,,,,,,,,,,,,,,,,,,,,,,,,,,,,,,,,,,,,,,,,,,,,,,,,,0.0,60.5,,,,,33.968,,,0.0,,9.547,,,,,,,,,,,,,11008.0,03:48:04,2021/07/13 03:48:04,5.0,11008.0,5.0,60.0,59.54,9.5585,33.969,26.2216,2.11,91.94,0.044,178.45,29.01,dRB2102_CTD_094_01_F.csv,dRB2102,CTD,94.0,F.csv,940104
453,E727.1B,1.0,1.0,False,WCOA21,2021_WCOA_RonBrown,7/13/2021,,3:53:20 AM,,E727.1B,940110,10,Niskin; Sterivex 0.22µm filter,95% EtOH,West Coast,GGTX1,40.1,37.657,-122.997,1000.0,Sean McAllister,,7/13/2021 3:53:20 AM,7/13/2021 ,2021/07/13 03:53:00,2021/07/13 00:00:00,2021/07/12 20:53:00,37.657,-122.997,940110,10,40.0,1562.0,33RO20210613,WCOA2021,GGTX1,94.0,1.0,11067.0,2.0,12.0,2021-07-13,2021.0,7.0,13.0,03:53:20,194.162,37.657,-122.997,90.0,40.4,40.1,9.72,33.948,2.0,,9.0,102.3,2.0,102.4,3.361,2.0,2211.1,2.0,2250.2,2.0,7.4394,25.02,2.0,60.69900467788133,24.875,2.0,34.0,2.0,2.26,2.0,27.0,2.0,0.07,2.0,0.02,2.0,,9.0,11.678,2.0,,9.0,,9.0,,9.0,,9.0,,9.0,,9.0,,9.0,375.8016523941242,27.40359332016155,47.12916720560732,55.639232610566815,66.2717440757662,0.0596129995492423,0.0,5.387533731048575e-08,0.324734619420754,33.67526538057925,2108.3316001838257,0.0004160882535875038,2.131556360540136,0.0,0.0029714136920653,0.0194666460928841,0.0,0.0,0.6152433247609161,0.0688305860352843,27386.754684081607,2250.2,0.0,0.0,0.0,27.40359332016155,2.2692174787353663,0.324734619420754,0.0,0.0,0.0,47.12916720560735,0.0,0.0,-0.00012936490826255545,0.00012886891851751918,28995.0,2108.3316001838257,55.639232610566815,2211.1,0.0398699984887418,0.0398197316881237,1057.723142452954,0.7689706621060919,0.996136135372835,-0.00012886891851751885,0.0001213304729081162,83.14462618,0.0194666460928841,0.6152433247609161,1.0621315109775575,1.05513918849417,0.0445571863884065,1e-07,1.6466793807914746e-10,6.603142875332547e-07,1e-07,0.1794190632193988,1.6361915126176472e-09,4.1924316658092853e-07,1.00377057300316e-06,5.921442554546242e-10,0.003100516721532,0.024827688026457,8.023080553173673e-07,7.245526579892829e-10,2.1637290240034707e-10,1.7238577173956938e-07,1.3804866701626661e-14,0.00012986473068212143,-0.00013740617157512308,1.0,1.0,3.0,1.0,10.0,1.0,1.0,0.0,1.0,1.0,1061.8258939648529,7.649014692919187,7.710708866601353,7.755125137175189,7.641034908018901,7.649014692919187,2211.1,2.0,2250.2,1.0,0.0,,40.4,1.0,1.0,0.8830059925058182,18.22378127277613,33.948,0.8405483733787803,1.3238763193954317,,0.1083048199532691,9.72,0.0,0.0,0.0,403.20524571428575,9975.44492012704,66.27216016401978,2.26,34.0,27386.757655495298,0.0,0.9883369720268712,1074.356139674985,11067.0,03:53:20,2021/07/13 03:53:20,10.0,11067.0,10.0,40.0,39.7,9.8393,33.9311,26.1451,2.55,111.13,0.052,178.18,49.0,dRB2102_CTD_094_01_F.csv,dRB2102,CTD,94.0,F.csv,940110
454,E727.2B,2.0,1.0,False,WCOA21,2021_WCOA_RonBrown,7/13/2021,,3:53:23 AM,,E727.2B,940111,11,Niskin; Sterivex 0.22µm filter,95% EtOH,West Coast,GGTX1,40.1,37.657,-122.997,1000.0,Sean McAllister,,7/13/2021 3:53:23 AM,7/13/2021 ,2021/07/13 03:53:00,2021/07/13 00:00:00,2021/07/12 20:53:00,37.657,-122.997,940111,11,40.0,1563.0,33RO20210613,WCOA2021,GGTX1,94.0,1.0,11023.0,2.0,12.0,2021-07-13,2021.0,7.0,13.0,03:53:23,194.162,37.657,-122.997,90.0,40.4,40.1,9.719,33.948,2.0,,9.0,102.3,2.0,102.4,3.361,9.0,2211.1,9.0,2250.2,9.0,7.4394,25.02,9.0,60.69900467788133,24.875,9.0,34.0,9.0,2.26,9.0,27.0,9.0,0.07,9.0,0.02,9.0,,9.0,11.678,9.0,,9.0,,9.0,,9.0,,9.0,,9.0,,9.0,,9.0,,,,,,,,,,,,,,,,,,,,,,,,,,,,,,,,,,,,,,,,,,,,,,,,,,,,,,,,,,,,,,,,,,,,,,,,,,,,,,,,,,,,,,,,,,,,,0.0,40.4,,,,,33.948,,,0.0,,9.719,,,,,,,,,,,,,11023.0,03:53:23,2021/07/13 03:53:23,11.0,11023.0,11.0,40.0,39.7,9.8393,33.9311,26.1451,2.55,111.13,0.052,178.18,49.0,dRB2102_CTD_094_01_F.csv,dRB2102,CTD,94.0,F.csv,940110
455,E727.3B,3.0,1.0,False,WCOA21,2021_WCOA_RonBrown,7/13/2021,,3:53:27 AM,,E727.3B,940112,12,Niskin; Sterivex 0.22µm filter,95% EtOH,West Coast,GGTX1,40.0,37.657,-122.997,1000.0,Sean McAllister,,7/13/2021 3:53:27 AM,7/13/2021 ,2021/07/13 03:53:00,2021/07/13 00:00:00,2021/07/12 20:53:00,37.657,-122.997,940112,12,40.0,1564.0,33RO20210613,WCOA2021,GGTX1,94.0,1.0,11026.0,2.0,12.0,2021-07-13,2021.0,7.0,13.0,03:53:27,194.162,37.657,-122.997,90.0,40.3,40.0,9.721,33.947,2.0,,9.0,102.3,2.0,102.4,3.361,9.0,2211.1,9.0,2250.2,9.0,7.4394,25.02,9.0,60.69900467788133,24.875,9.0,34.0,9.0,2.26,9.0,27.0,9.0,0.07,9.0,0.02,9.0,,9.0,11.678,9.0,,9.0,,9.0,,9.0,,9.0,,9.0,,9.0,,9.0,,,,,,,,,,,,,,,,,,,,,,,,,,,,,,,,,,,,,,,,,,,,,,,,,,,,,,,,,,,,,,,,,,,,,,,,,,,,,,,,,,,,,,,,,,,,,0.0,40.3,,,,,33.947,,,0.0,,9.721,,,,,,,,,,,,,11026.0,03:53:27,2021/07/13 03:53:27,12.0,11026.0,12.0,40.0,39.7,9.8393,33.9311,26.1451,2.55,111.13,0.052,178.18,49.0,dRB2102_CTD_094_01_F.csv,dRB2102,CTD,94.0,F.csv,940110
456,E728,1.0,1.0,False,WCOA21,2021_WCOA_RonBrown,7/13/2021,,3:57:48 AM,,E728,940117,17,Niskin; Sterivex 0.22µm filter,95% EtOH,West Coast,GGTX1,19.9,37.657,-122.997,1000.0,Sean McAllister,Thiamine sampling (slow flow and collect outflow); Sterivex on outlet,7/13/2021 3:57:48 AM,7/13/2021 ,2021/07/13 03:57:00,2021/07/13 00:00:00,2021/07/12 20:57:00,37.657,-122.997,940117,17,20.0,1569.0,33RO20210613,WCOA2021,GGTX1,94.0,1.0,11052.0,2.0,12.0,2021-07-13,2021.0,7.0,13.0,03:57:48,194.165,37.657,-122.997,90.0,20.1,19.9,11.364,33.793,2.0,,9.0,229.3,2.0,,,9.0,,9.0,,9.0,,,9.0,,,9.0,,9.0,,9.0,,9.0,,9.0,,9.0,,9.0,,9.0,,9.0,,9.0,,9.0,,9.0,,9.0,,9.0,,9.0,,,,,,,,,,,,,,,,,,,,,,,,,,,,,,,,,,,,,,,,,,,,,,,,,,,,,,,,,,,,,,,,,,,,,,,,,,,,,,,,,,,,,,,,,,,,,0.0,20.1,,,,,33.793,,,0.0,,11.364,,,,,,,,,,,,,11052.0,03:57:48,2021/07/13 03:57:48,17.0,11052.0,17.0,20.0,19.85,11.7529,33.7741,25.6838,6.83,297.21,0.202,176.27,68.66,dRB2102_CTD_094_01_F.csv,dRB2102,CTD,94.0,F.csv,940116
457,E729,1.0,1.0,False,WCOA21,2021_WCOA_RonBrown,7/13/2021,,3:59:55 AM,,E729,940119,19,Niskin; Sterivex 0.22µm filter,95% EtOH,West Coast,GGTX1,10.4,37.657,-122.997,1000.0,Sean McAllister,Thiamine sampling (slow flow and collect outflow); Sterivex on outlet,7/13/2021 3:59:55 AM,7/13/2021 ,2021/07/13 03:59:00,2021/07/13 00:00:00,2021/07/12 20:59:00,37.657,-122.997,940119,19,10.0,1571.0,33RO20210613,WCOA2021,GGTX1,94.0,1.0,11028.0,2.0,12.0,2021-07-13,2021.0,7.0,13.0,03:59:55,194.167,37.657,-122.997,90.0,10.5,10.4,11.833,33.773,2.0,,9.0,303.7,2.0,,,9.0,,9.0,,9.0,,,9.0,,,9.0,,9.0,,9.0,,9.0,,9.0,,9.0,,9.0,,9.0,,9.0,,9.0,,9.0,,9.0,,9.0,,9.0,,9.0,,,,,,,,,,,,,,,,,,,,,,,,,,,,,,,,,,,,,,,,,,,,,,,,,,,,,,,,,,,,,,,,,,,,,,,,,,,,,,,,,,,,,,,,,,,,,0.0,10.5,,,,,33.773,,,0.0,,11.833,,,,,,,,,,,,,11028.0,03:59:55,2021/07/13 03:59:55,19.0,11028.0,19.0,10.0,9.93,11.8362,33.7723,25.6666,6.97,303.68,0.197,176.39,78.8,dRB2102_CTD_094_01_F.csv,dRB2102,CTD,94.0,F.csv,940118
458,E730.1B,1.0,1.0,False,WCOA21,2021_WCOA_RonBrown,7/13/2021,,4:01:57 AM,,E730.1B,940121,21,Niskin; Sterivex 0.22µm filter,95% EtOH,West Coast,GGTX1,4.7,37.657,-122.997,1000.0,Sean McAllister,Thiamine sampling (slow flow and collect outflow); Sterivex on outlet,7/13/2021 4:01:57 AM,7/13/2021 ,2021/07/13 04:01:00,2021/07/13 00:00:00,2021/07/12 21:01:00,37.657,-122.997,940121,21,5.0,1573.0,33RO20210613,WCOA2021,GGTX1,94.0,1.0,11062.0,2.0,12.0,2021-07-13,2021.0,7.0,13.0,04:01:57,194.168,37.657,-122.997,90.0,4.7,4.7,11.843,33.772,2.0,,9.0,302.7,2.0,,,9.0,,9.0,,9.0,,,9.0,,,9.0,,9.0,,9.0,,9.0,,9.0,,9.0,,9.0,,9.0,,9.0,,9.0,,9.0,,9.0,,9.0,,9.0,,9.0,,,,,,,,,,,,,,,,,,,,,,,,,,,,,,,,,,,,,,,,,,,,,,,,,,,,,,,,,,,,,,,,,,,,,,,,,,,,,,,,,,,,,,,,,,,,,0.0,4.7,,,,,33.772,,,0.0,,11.843,,,,,,,,,,,,,11062.0,04:01:57,2021/07/13 04:01:57,21.0,11062.0,21.0,5.0,4.96,11.8448,33.7707,25.6637,6.99,304.46,0.212,176.52,86.47,dRB2102_CTD_094_01_F.csv,dRB2102,CTD,94.0,F.csv,940120
459,E730.2B,2.0,1.0,False,WCOA21,2021_WCOA_RonBrown,7/13/2021,,4:02:00 AM,,E730.2B,940122,22,Niskin; Sterivex 0.22µm filter,95% EtOH,West Coast,GGTX1,4.7,37.657,-122.997,1000.0,Sean McAllister,,7/13/2021 4:02:00 AM,7/13/2021 ,2021/07/13 04:02:00,2021/07/13 00:00:00,2021/07/12 21:02:00,37.657,-122.997,940122,22,5.0,1574.0,33RO20210613,WCOA2021,GGTX1,94.0,1.0,11024.0,2.0,12.0,2021-07-13,2021.0,7.0,13.0,04:02:00,194.168,37.657,-122.997,90.0,4.7,4.7,11.844,33.772,2.0,,9.0,302.7,2.0,,,9.0,,9.0,,9.0,,,9.0,,,9.0,,9.0,,9.0,,9.0,,9.0,,9.0,,9.0,,9.0,,9.0,,9.0,,9.0,,9.0,,9.0,,9.0,,9.0,,,,,,,,,,,,,,,,,,,,,,,,,,,,,,,,,,,,,,,,,,,,,,,,,,,,,,,,,,,,,,,,,,,,,,,,,,,,,,,,,,,,,,,,,,,,,0.0,4.7,,,,,33.772,,,0.0,,11.844,,,,,,,,,,,,,11024.0,04:02:00,2021/07/13 04:02:00,22.0,11024.0,22.0,5.0,4.96,11.8448,33.7707,25.6637,6.99,304.46,0.212,176.52,86.47,dRB2102_CTD_094_01_F.csv,dRB2102,CTD,94.0,F.csv,940120
460,E730.3B,3.0,1.0,False,WCOA21,2021_WCOA_RonBrown,7/13/2021,,4:02:03 AM,,E730.3B,940123,23,Niskin; Sterivex 0.22µm filter,95% EtOH,West Coast,GGTX1,4.8,37.657,-122.997,1000.0,Sean McAllister,,7/13/2021 4:02:03 AM,7/13/2021 ,2021/07/13 04:02:00,2021/07/13 00:00:00,2021/07/12 21:02:00,37.657,-122.997,940123,23,5.0,1575.0,33RO20210613,WCOA2021,GGTX1,94.0,1.0,11061.0,2.0,12.0,2021-07-13,2021.0,7.0,13.0,04:02:03,194.168,37.657,-122.997,90.0,4.8,4.8,11.844,33.772,2.0,,9.0,302.7,2.0,,,9.0,,9.0,,9.0,,,9.0,,,9.0,,9.0,,9.0,,9.0,,9.0,,9.0,,9.0,,9.0,,9.0,,9.0,,9.0,,9.0,,9.0,,9.0,,9.0,,,,,,,,,,,,,,,,,,,,,,,,,,,,,,,,,,,,,,,,,,,,,,,,,,,,,,,,,,,,,,,,,,,,,,,,,,,,,,,,,,,,,,,,,,,,,0.0,4.8,,,,,33.772,,,0.0,,11.844,,,,,,,,,,,,,11061.0,04:02:03,2021/07/13 04:02:03,23.0,11061.0,23.0,5.0,4.96,11.8448,33.7707,25.6637,6.99,304.46,0.212,176.52,86.47,dRB2102_CTD_094_01_F.csv,dRB2102,CTD,94.0,F.csv,940120
461,E731,1.0,1.0,False,WCOA21,2021_WCOA_RonBrown,7/13/2021,,7:33:40 PM,,E731,950101,1,Niskin; Sterivex 0.22µm filter,95% EtOH,West Coast,ML126,3877.8,35.91,-123.93,250.0,Sean McAllister,250 mL only (bottle empty); Sterivex on inlet,7/13/2021 7:33:40 PM,7/13/2021 ,2021/07/13 07:33:00,2021/07/13 00:00:00,2021/07/13 00:33:00,35.91,-123.93,950101,1,3878.0,1576.0,33RO20210613,WCOA2021,ML126,95.0,1.0,11031.0,2.0,13.0,2021-07-13,2021.0,7.0,13.0,19:33:40,194.815,35.91,-123.93,3888.0,3942.6,3877.8,1.483,34.682,2.0,,9.0,138.1,2.0,137.4,4.518,6.0,2346.4,6.0,2433.3,2.0,7.5549,25.17,2.0,83.94751465509084,24.89,2.0,172.2,2.0,2.61,2.0,36.6,2.0,0.05,2.0,0.03,2.0,,9.0,0.835,2.0,,9.0,,9.0,,9.0,,9.0,,9.0,,9.0,,9.0,368.8095063603422,43.11356221108637,32.76796539429209,71.20767436101141,67.70479097843207,0.046250604793404,0.0,2.6425908253916286e-08,2.2585198600751792,169.9414801399248,2242.4243602446963,0.00025965219518234194,2.4690198560128342,0.0,0.0013102216955964,0.0166464921652846,0.0,0.0,0.4479464730529593,0.0947295127678529,27978.89373537416,2433.3,0.0,0.0,0.0,43.11356221108637,2.658478855122632,2.2585198600751792,0.0,0.0,0.0,32.76796539429224,0.0,0.0,-0.0001447821642654759,0.00014244851297771368,28995.0,2242.4243602446963,71.20767436101141,2346.4,0.0452110224954419,0.0451530029207079,550.821315088357,0.8025448148757492,0.995692834922751,-0.00014244851297771376,0.00013225289776951148,83.14462618,0.0166464921652846,0.4479464730529593,1.0770918095569522,1.066168093908176,0.0594892835420425,1e-07,1.236935845194211e-10,1.4195269821230747e-06,1e-07,0.3554745253605506,2.099126756338702e-09,9.368191136053364e-07,1.2288395768442932e-06,5.702113570640094e-10,0.0043406036747859,0.0314278272302159,9.585925075096342e-07,6.889498100319973e-10,2.3864447327203086e-10,1.4107737313168264e-07,8.043646669087221e-15,0.00014719355075230536,-0.00015434743612940575,1.0,1.0,3.0,1.0,10.0,1.0,1.0,0.0,1.0,1.0,553.2040562801593,7.745773136266341,7.778677269290506,7.835068936821306,7.739538229997683,7.745773136266341,2346.4,2.0,2433.3,1.0,0.0,,3942.6,1.0,1.0,0.856851925020834,17.741766264277047,34.682,0.5112170918225126,0.7746281486206564,,0.1347085222507804,1.483,0.0,0.0,0.0,411.9230685714286,10191.12703899629,67.70505063062726,2.6099999999999994,172.2,27978.89504559585,0.0,0.993419339829212,556.868619424367,11031.0,19:33:40,2021/07/13 19:33:40,1.0,11031.0,1.0,3878.0,3814.81,1.4888,34.6812,27.7768,3.14,136.3,0.04,161.71,99.91,dRB2102_CTD_095_01_F.csv,dRB2102,CTD,95.0,F.csv,950101
462,E732,1.0,1.0,False,WCOA21,2021_WCOA_RonBrown,7/13/2021,,9:10:56 PM,,E732,950115,15,Niskin; Sterivex 0.22µm filter,95% EtOH,West Coast,ML126,99.8,35.909,-123.931,1000.0,Sean McAllister,Sterivex on inlet,7/13/2021 9:10:56 PM,7/13/2021 ,2021/07/13 09:10:00,2021/07/13 00:00:00,2021/07/13 02:10:00,35.909,-123.931,950115,15,100.0,1590.0,33RO20210613,WCOA2021,ML126,95.0,1.0,11053.0,2.0,13.0,2021-07-13,2021.0,7.0,13.0,21:10:56,194.883,35.909,-123.931,3888.0,100.5,99.8,9.399,33.584,2.0,,9.0,178.2,2.0,167.6,5.502,2.0,2157.7,2.0,2228.0,2.0,7.5459,25.05,2.0,74.1613998899634,24.89,2.0,22.9,2.0,1.75,2.0,22.3,2.0,0.03,2.0,0.02,2.0,,9.0,6.348,2.0,,9.0,,9.0,,9.0,,9.0,,9.0,,9.0,,9.0,364.6938845750825,34.18808113920324,35.64365783211647,68.94087166648173,65.56125323942277,0.0357716070777362,0.0,2.4944102891716077e-08,0.2796987956424505,22.62030120435755,2053.115470501401,0.00031819183798830234,1.645927799362488,0.0,0.0022546207927087,0.0150811043668054,0.0,0.0,0.7701312361364585,0.0683005686156727,27093.106885892765,2228.0,0.0,0.0,0.0,34.18808113920324,1.7825289116497307,0.2796987956424505,0.0,0.0,0.0,35.6436578321166,0.0,0.0,-0.00013649605722128126,0.00013442168744292327,28995.0,2053.115470501401,68.94087166648173,2157.7,0.0411405477540162,0.0410900018227926,789.7856996480614,0.7690897591347776,0.9961200176266276,-0.0001344216874429232,0.00012472663520378356,83.14462618,0.0150811043668054,0.7701312361364585,1.0777304079701946,1.0703044385085707,0.0451307966806688,1e-07,1.6163818250503258e-10,6.595292911038405e-07,1e-07,0.1812251416684008,1.62513058168071e-09,4.185299797743717e-07,9.985576135371404e-07,5.821104723888492e-10,0.0031073584689455,0.0248606557717224,7.976536309638261e-07,7.1937535718959e-10,2.1435530222952027e-10,1.703458287773194e-07,1.3350783590913643e-14,0.00013863545302439452,-0.00014575096978647768,1.0,1.0,3.0,1.0,10.0,1.0,1.0,0.0,1.0,1.0,792.8619901945332,7.761057982235494,7.821566854563841,7.8671818485206995,7.753158877037464,7.761057982235494,2157.7,2.0,2228.0,1.0,0.0,,100.5,1.0,1.0,0.8557516659169102,17.299432446603404,33.584,1.0315568911836983,1.6255513775678312,,0.1361382708165884,9.399,0.0,0.0,0.0,398.88196571428574,9868.485395238204,65.56157143126076,1.75,22.9,27093.10914051356,0.0,0.9885837554769163,802.0180240692277,11053.0,21:10:56,2021/07/13 21:10:56,15.0,11053.0,15.0,100.0,99.25,9.542,33.6499,25.9757,4.11,179.04,0.041,175.84,99.39,dRB2102_CTD_095_01_F.csv,dRB2102,CTD,95.0,F.csv,950115
463,E733,1.0,1.0,False,WCOA21,2021_WCOA_RonBrown,7/13/2021,,9:31:44 PM,,E733,950124,24,Niskin; Sterivex 0.22µm filter,95% EtOH,West Coast,ML126,4.3,35.91,-123.931,1000.0,Sean McAllister,Sterivex on inlet,7/13/2021 9:31:44 PM,7/13/2021 ,2021/07/13 09:31:00,2021/07/13 00:00:00,2021/07/13 02:31:00,35.91,-123.931,950124,24,4.0,1599.0,33RO20210613,WCOA2021,ML126,95.0,1.0,11001.0,2.0,13.0,2021-07-13,2021.0,7.0,13.0,21:31:44,194.897,35.91,-123.931,3888.0,4.3,4.3,14.963,33.276,2.0,,9.0,259.5,2.0,259.6,8.513,6.0,2038.5,2.0,2227.5,2.0,7.8628,25.05,2.0,136.97245936812098,24.89,2.0,2.2,2.0,0.65,2.0,4.9,2.0,0.17,2.0,0.25,2.0,0.5,2.0,3.776,2.0,,9.0,,9.0,,9.0,,9.0,,9.0,,9.0,,9.0,331.2495536179997,63.97425209628607,16.20102396311822,138.11364260428397,64.96011154718602,0.0064165718787539,0.0,2.541237485368576e-09,0.0596402974913229,2.140359702508677,1884.1853334325976,0.00019249481711255172,0.5853128593213425,0.0,0.0015459521219526,0.0081792413950597,0.0,0.0,2.3615526640933604,0.058270566258666,26844.635774192266,2227.5,0.0,0.0,0.0,63.97425209628607,0.7018539892974371,0.0596402974913229,0.0,0.0,0.0,16.20102396311814,0.0,0.0,-0.0002031325603212487,0.00019166973967931663,28995.0,1884.1853334325976,138.11364260428397,2038.5,0.041728216759064,0.0416822614108251,427.8662029847904,0.7477691631949651,0.9963872383600576,-0.0001916697396793178,0.00016611610684214392,83.14462618,0.0081792413950597,2.3615526640933604,1.1538299525732076,1.158036793562045,0.0378646966039857,1e-07,2.551744146633549e-10,6.339811607690076e-07,1e-07,0.1420281734742475,1.878227398777435e-09,4.0587687325318833e-07,1.1310437660614211e-06,7.128714411099652e-10,0.0027602012426328,0.0245559119001096,8.871218127944494e-07,9.681874050337712e-10,2.7098876845103856e-10,2.1362119011892415e-07,2.2966556869172263e-14,0.00021605366300663227,-0.00022651444619457416,1.0,1.0,3.0,1.0,10.0,1.0,1.0,0.0,1.0,1.0,429.4175863683385,8.012101744120633,8.087286974228096,8.129821963190622,8.00358951476785,8.012101744120633,2038.5,2.0,2227.5,1.0,0.0,,4.3,1.0,1.0,0.7333576715873174,12.271537292510333,33.276,2.1301462597188365,3.32729625001786,,0.2303618688367173,14.963,0.0,0.0,0.0,395.2238057142857,9777.981181870726,64.96030404200313,0.65,2.2,26844.63732014439,0.0,0.9835279350565044,436.6094455097182,11001.0,21:31:44,2021/07/13 21:31:44,24.0,11001.0,24.0,4.0,3.97,14.9873,33.2876,24.6549,5.94,258.81,0.059,176.07,99.62,dRB2102_CTD_095_01_F.csv,dRB2102,CTD,95.0,F.csv,950124
464,E735,1.0,1.0,False,WCOA21,2021_WCOA_RonBrown,7/14/2021,,2:54:18 AM,,E735,960101,1,Niskin; Sterivex 0.22µm filter,95% EtOH,West Coast,ML82,3238.1,36.287,-123.132,1000.0,Sean McAllister,,7/14/2021 2:54:18 AM,7/14/2021 ,2021/07/14 02:54:00,2021/07/14 00:00:00,2021/07/13 19:54:00,36.287,-123.132,960101,1,3238.0,1600.0,33RO20210613,WCOA2021,ML82,96.0,1.0,11031.0,2.0,13.0,2021-07-14,2021.0,7.0,14.0,02:54:18,195.121,36.287,-123.132,3248.0,3287.4,3238.1,1.568,34.669,2.0,,9.0,119.9,2.0,,,5.0,2361.0,2.0,2436.1,2.0,7.5261,25.05,2.0,76.26905746974484,24.865,2.0,175.7,2.0,2.73,2.0,37.8,2.0,0.05,2.0,0.13,2.0,,9.0,2.005,2.0,,9.0,,9.0,,9.0,,9.0,,9.0,,9.0,,9.0,372.5588303535917,39.209835360694015,36.23458065599673,66.87678034311313,67.67940004702716,0.052744441203398,0.0,3.21543805210153e-08,2.0808859738650463,173.61911402613492,2257.88863900089,0.0002724145729694739,2.5867830119736044,0.0,0.0014099140636888,0.0170198205395797,0.0,0.0,0.4180531183435728,0.0904725146686169,27968.40618871815,2436.0999999999995,0.0,0.0,0.0,39.209835360694015,2.7677280091564582,2.0808859738650463,0.0,0.0,0.0,36.234580655996815,0.0,0.0,-0.00014082552225288443,0.00013902123740857142,28995.0,2257.88863900089,66.87678034311313,2361.0,0.0448641041659914,0.0448061711055018,611.0208511878861,0.8021709200824729,0.9956977416951888,-0.00013902123740857123,0.00012970082734444082,83.14462618,0.0170198205395797,0.4180531183435728,1.0718608373975804,1.0616770828762805,0.059301708911493,1e-07,1.1611811318455176e-10,1.2600495806237725e-06,1e-07,0.337621466704587,1.939631551979191e-09,8.24949263152685e-07,1.1484136917730437e-06,5.45873386449796e-10,0.0042284494198329,0.0302312170588958,9.03862539503059e-07,6.445783944557198e-10,2.2088683380865078e-10,1.3759408430589133e-07,7.704608050854043e-15,0.00014267725668325217,-0.00014978490619743727,1.0,1.0,3.0,1.0,10.0,1.0,1.0,0.0,1.0,1.0,613.6609792321261,7.734480917103113,7.769045023515893,7.823841542002202,7.72810845609681,7.734480917103113,2361.0,2.0,2436.1,1.0,0.0,,3287.4,1.0,1.0,0.8659138670052455,18.20343052808749,34.669,0.5406884830137563,0.8258620580687646,,0.1326623059126948,1.568,0.0,0.0,0.0,411.7686657142857,10187.307055964546,67.67967246160013,2.7299999999999995,175.7,27968.407598632213,0.0,0.9933790371663248,617.7510862144143,11031.0,02:54:18,2021/07/14 02:54:18,1.0,11031.0,1.0,3238.0,3189.79,1.5936,34.6668,27.7535,2.73,118.58,0.04,164.36,59.97,dRB2102_CTD_096_01_F.csv,dRB2102,CTD,96.0,F.csv,960101
465,E736,1.0,1.0,False,WCOA21,2021_WCOA_RonBrown,7/14/2021,,4:24:07 AM,,E736,960114,14,Niskin; Sterivex 0.22µm filter,95% EtOH,West Coast,ML82,99.4,36.287,-123.132,1000.0,Sean McAllister,,7/14/2021 4:24:07 AM,7/14/2021 ,2021/07/14 04:24:00,2021/07/14 00:00:00,2021/07/13 21:24:00,36.287,-123.132,960114,14,99.0,1613.0,33RO20210613,WCOA2021,ML82,96.0,1.0,11011.0,2.0,13.0,2021-07-14,2021.0,7.0,14.0,04:24:07,195.183,36.287,-123.132,3248.0,100.1,99.4,9.417,33.914,2.0,,9.0,110.5,2.0,111.5,3.662,2.0,2199.2,2.0,2247.9,2.0,7.4755,24.93,2.0,65.39483981017067,24.83,2.0,30.0,2.0,2.04,2.0,25.9,2.0,0.06,2.0,0.12,2.0,,9.0,6.95,2.0,,9.0,,9.0,,9.0,,9.0,,9.0,,9.0,,9.0,373.3288788431993,29.472544013943576,43.27601302481462,59.50901230061788,66.20540550639885,0.0496707952818749,0.0,4.123865306890016e-08,0.3085059619313644,29.69149403806864,2096.414974674567,0.0003809847807951273,1.9236176983162108,0.0,0.0026969945157872,0.01798413830565,0.0,0.0,0.6499722785213329,0.066711465163261,27359.326251057435,2247.9,0.0,0.0,0.0,29.472544013943576,2.05704058740408,0.3085059619313644,0.0,0.0,0.0,43.27601302481481,0.0,0.0,-0.0001310738821440359,0.00013011347294429268,28995.0,2096.414974674567,59.50901230061788,2199.2,0.0403700213399307,0.0403194911084108,961.30788732803,0.7700013139141404,0.9961209237829324,-0.00013011347294429192,0.00012199525913816037,83.14462618,0.01798413830565,0.6499722785213329,1.066545322035329,1.0593246276272463,0.0450178486989232,1e-07,1.6157244101838812e-10,6.668016086101352e-07,1e-07,0.1824378597613869,1.632677351568163e-09,4.234236267393049e-07,1.001853776885342e-06,5.870563882390707e-10,0.0031251830236467,0.0249098418917833,8.009252399161201e-07,7.172260323336225e-10,2.1488487068879662e-10,1.7060508184559144e-07,1.3442163195154256e-14,0.00013204857495121756,-0.0001393891701608862,1.0,1.0,3.0,1.0,10.0,1.0,1.0,0.0,1.0,1.0,965.0513952435672,7.684425670603219,7.745110366189453,7.790006449706146,7.676497915950282,7.684425670603219,2199.2,2.0,2247.9,1.0,0.0,,100.1,1.0,1.0,0.8752133253777947,18.026930026103656,33.914,0.8893714841569705,1.4005697812724398,,0.116570220882695,9.417,0.0,0.0,0.0,402.8014228571429,9965.454195274788,66.20578649117965,2.04,30.0,27359.328948051952,0.0,0.988571964492088,976.2075295544062,11011.0,04:24:07,2021/07/14 04:24:07,14.0,11011.0,14.0,99.0,98.25,9.7174,33.9379,26.1718,2.54,110.51,0.04,179.85,99.63,dRB2102_CTD_096_01_F.csv,dRB2102,CTD,96.0,F.csv,960114
466,E737,1.0,1.0,False,WCOA21,2021_WCOA_RonBrown,7/14/2021,,4:42:16 AM,,E737,960124,24,Niskin; Sterivex 0.22µm filter,95% EtOH,West Coast,ML82,4.6,36.287,-123.133,1000.0,Sean McAllister,,7/14/2021 4:42:16 AM,7/14/2021 ,2021/07/14 04:42:00,2021/07/14 00:00:00,2021/07/13 21:42:00,36.287,-123.133,960124,24,5.0,1623.0,33RO20210613,WCOA2021,ML82,96.0,1.0,11001.0,2.0,13.0,2021-07-14,2021.0,7.0,14.0,04:42:16,195.196,36.287,-123.133,3248.0,4.7,4.6,13.957,33.647,2.0,,9.0,268.3,2.0,,,9.0,,9.0,,9.0,,,9.0,,,9.0,,9.0,,9.0,,9.0,,9.0,,9.0,,9.0,7.123,2.0,,9.0,,9.0,,9.0,,9.0,,9.0,,9.0,,9.0,,,,,,,,,,,,,,,,,,,,,,,,,,,,,,,,,,,,,,,,,,,,,,,,,,,,,,,,,,,,,,,,,,,,,,,,,,,,,,,,,,,,,,,,,,,,,0.0,4.7,,,,,33.647,,,0.0,,13.957,,,,,,,,,,,,,11001.0,04:42:16,2021/07/14 04:42:16,24.0,11001.0,24.0,5.0,4.96,13.9634,33.6389,25.1431,6.14,267.63,0.11,180.18,4.47,dRB2102_CTD_096_01_F.csv,dRB2102,CTD,96.0,F.csv,960123
467,E738.1B,1.0,1.0,False,WCOA21,2021_WCOA_RonBrown,7/14/2021,,10:44:39 AM,,E738.1B,970101,1,Niskin; Sterivex 0.22µm filter,95% EtOH,West Coast,ML60,2945.0,36.46,-122.782,1000.0,Sean McAllister,,7/14/2021 10:44:39 AM,7/14/2021 ,2021/07/14 10:44:00,2021/07/14 00:00:00,2021/07/14 03:44:00,36.46,-122.782,970101,1,2945.0,1624.0,33RO20210613,WCOA2021,ML60,97.0,1.0,11031.0,2.0,13.0,2021-07-14,2021.0,7.0,14.0,10:44:39,195.448,36.46,-122.782,2955.0,2987.9,2945.0,1.63,34.662,2.0,,9.0,113.7,2.0,111.9,3.68,2.0,2363.4,2.0,2433.8,2.0,7.513,24.95,2.0,76.77256995583502,24.91,2.0,174.0,6.0,2.78,6.0,38.1,6.0,0.1,6.0,0.06,6.0,,9.0,2.982,2.0,,9.0,,9.0,,9.0,,9.0,,9.0,,9.0,,9.0,373.9871428829481,37.69838283133759,37.68191075782584,65.2042909489968,67.66572989863869,0.055604578544974,0.0,3.477075406681116e-08,1.977118187437357,172.02288181256264,2260.5137982931774,0.0002773950237710749,2.635551604416115,0.0,0.0014534057342566,0.017115455976961,0.0,0.0,0.4077259126070691,0.0888437822681554,27962.75905839991,2433.8,0.0,0.0,0.0,37.69838283133759,2.813239134181672,1.977118187437357,0.0,0.0,0.0,37.68191075782584,0.0,0.0,-0.00013933728353719604,0.00013773334452015025,28995.0,2260.5137982931774,65.2042909489968,2363.4,0.0446929800992554,0.0446351100542628,636.9001219149975,0.801907884390478,0.9957013161528276,-0.00013773334452015065,0.00012873203072200957,83.14462618,0.017115455976961,0.4077259126070691,1.0699228758192942,1.060056242986002,0.059164552590327,1e-07,1.1300709736490375e-10,1.1922473469999294e-06,1e-07,0.3292923375613296,1.871765042464552e-09,7.777250678096785e-07,1.1139341780552928e-06,5.356169325088182e-10,0.0041750201769475,0.02969489047401,8.801288446902829e-07,6.259516644584603e-10,2.1341831953854567e-10,1.3616166850622838e-07,7.571006118081512e-15,0.00014097901924278047,-0.00014808808962103864,1.0,1.0,3.0,1.0,10.0,1.0,1.0,0.0,1.0,1.0,639.6497740666252,7.731214716339859,7.766611526228694,7.820650385514209,7.724774869012162,7.731214716339859,2363.4,2.0,2433.8,1.0,0.0,,2987.9,1.0,1.0,0.8692936147089092,18.359067178110823,34.662,0.5570337525346639,0.8539290311411041,,0.1320744128193857,1.63,0.0,0.0,0.0,411.6855257142857,10185.250142024375,67.66600729366246,2.78,174.0,27962.76051180564,0.0,0.9933495110878574,643.9322382774607,11031.0,10:44:39,2021/07/14 10:44:39,1.0,11031.0,1.0,2945.0,2903.06,1.6347,34.6616,27.7444,2.6,112.96,0.04,144.84,52.95,dRB2102_CTD_097_01_F.csv,dRB2102,CTD,97.0,F.csv,970101
468,E738.2T,2.0,2.0,False,WCOA21,2021_WCOA_RonBrown,7/14/2021,,10:44:43 AM,,E738.2T,970102,2,Niskin; Sterivex 0.22µm filter,95% EtOH,West Coast,ML60,2944.8,36.46,-122.782,1000.0,Sean McAllister,Airlocked with ~500 mL left. Split into 2 filters,7/14/2021 10:44:43 AM,7/14/2021 ,2021/07/14 10:44:00,2021/07/14 00:00:00,2021/07/14 03:44:00,36.46,-122.782,970102,2,2945.0,1625.0,33RO20210613,WCOA2021,ML60,97.0,1.0,11081.0,2.0,13.0,2021-07-14,2021.0,7.0,14.0,10:44:43,195.448,36.46,-122.782,2955.0,2987.7,2944.8,1.629,34.662,2.0,,9.0,113.1,2.0,111.9,3.68,9.0,2363.4,9.0,2433.8,9.0,7.513,24.95,9.0,76.77256995583502,24.91,9.0,174.0,9.0,2.78,9.0,38.1,9.0,0.1,9.0,0.06,9.0,,9.0,2.982,9.0,,9.0,,9.0,,9.0,,9.0,,9.0,,9.0,,9.0,,,,,,,,,,,,,,,,,,,,,,,,,,,,,,,,,,,,,,,,,,,,,,,,,,,,,,,,,,,,,,,,,,,,,,,,,,,,,,,,,,,,,,,,,,,,,0.0,2987.7,,,,,34.662,,,0.0,,1.629,,,,,,,,,,,,,11081.0,10:44:43,2021/07/14 10:44:43,2.0,11081.0,2.0,2945.0,2903.06,1.6347,34.6616,27.7444,2.6,112.96,0.04,144.84,52.95,dRB2102_CTD_097_01_F.csv,dRB2102,CTD,97.0,F.csv,970101
469,E738.3T,2.0,3.0,False,WCOA21,2021_WCOA_RonBrown,7/14/2021,,10:44:43 AM,,E738.3T,970102,2,Niskin; Sterivex 0.22µm filter,95% EtOH,West Coast,ML60,2944.8,36.46,-122.782,1000.0,Sean McAllister,,7/14/2021 10:44:43 AM,7/14/2021 ,2021/07/14 10:44:00,2021/07/14 00:00:00,2021/07/14 03:44:00,36.46,-122.782,970102,2,2945.0,1625.0,33RO20210613,WCOA2021,ML60,97.0,1.0,11081.0,2.0,13.0,2021-07-14,2021.0,7.0,14.0,10:44:43,195.448,36.46,-122.782,2955.0,2987.7,2944.8,1.629,34.662,2.0,,9.0,113.1,2.0,111.9,3.68,9.0,2363.4,9.0,2433.8,9.0,7.513,24.95,9.0,76.77256995583502,24.91,9.0,174.0,9.0,2.78,9.0,38.1,9.0,0.1,9.0,0.06,9.0,,9.0,2.982,9.0,,9.0,,9.0,,9.0,,9.0,,9.0,,9.0,,9.0,,,,,,,,,,,,,,,,,,,,,,,,,,,,,,,,,,,,,,,,,,,,,,,,,,,,,,,,,,,,,,,,,,,,,,,,,,,,,,,,,,,,,,,,,,,,,0.0,2987.7,,,,,34.662,,,0.0,,1.629,,,,,,,,,,,,,11081.0,10:44:43,2021/07/14 10:44:43,2.0,11081.0,2.0,2945.0,2903.06,1.6347,34.6616,27.7444,2.6,112.96,0.04,144.84,52.95,dRB2102_CTD_097_01_F.csv,dRB2102,CTD,97.0,F.csv,970101
470,E739,1.0,1.0,False,WCOA21,2021_WCOA_RonBrown,7/14/2021,,10:58:01 AM,,E739,970103,3,Niskin; Sterivex 0.22µm filter,95% EtOH,West Coast,ML60,2467.9,36.46,-122.783,1000.0,Sean McAllister,,7/14/2021 10:58:01 AM,7/14/2021 ,2021/07/14 10:58:00,2021/07/14 00:00:00,2021/07/14 03:58:00,36.46,-122.783,970103,3,2468.0,1626.0,33RO20210613,WCOA2021,ML60,97.0,1.0,11020.0,2.0,13.0,2021-07-14,2021.0,7.0,14.0,10:58:01,195.457,36.46,-122.783,2955.0,2501.0,2467.9,1.798,34.643,2.0,34.6576,2.0,97.6,2.0,97.4,3.203,2.0,2365.5,2.0,2425.3,6.0,7.4811,24.95,2.0,72.20333704974622,24.91,2.0,169.7,2.0,2.86,2.0,39.4,2.0,0.06,2.0,0.05,2.0,,9.0,2.295,2.0,,9.0,,9.0,,9.0,,9.0,,9.0,,9.0,,9.0,376.99533095974,34.63793532597428,41.05407873448702,61.20363233431157,67.65712458964201,0.0619322774986343,0.0,4.136552183091182e-08,1.7649185584810572,167.93508144151892,2263.242288931201,0.0002931698882205134,2.71369930585092,0.0,0.0015698048741625,0.0176923240671857,0.0,0.0,0.384711799494529,0.0843683752849228,27959.20934456693,2425.3,0.0,0.0,0.0,34.63793532597428,2.882436015055244,1.7649185584810572,0.0,0.0,0.0,41.054078734486815,0.0,0.0,-0.00013610626772770918,0.00013495669379606686,28995.0,2263.242288931201,61.20363233431157,2365.5,0.0442760396213223,0.0442183399512032,698.3163374275493,0.8012512944161682,0.995710982317144,-0.0001349566937960672,0.0001266520939176485,83.14462618,0.0176923240671857,0.384711799494529,1.0655701743377266,1.0562861241343215,0.0587900877211625,1e-07,1.0871721096533472e-10,1.0886481555288972e-06,1e-07,0.315111387745092,1.769784198296056e-09,7.060061378091834e-07,1.0618887657016943e-06,5.2089529647907e-10,0.0040829969986329,0.0288391749328111,8.440126584668578e-07,5.988557859901797e-10,2.0243589789687188e-10,1.3427909548280585e-07,7.41036832102972e-15,0.0001372755942737957,-0.0001444267831459862,1.0,1.0,3.0,1.0,10.0,1.0,1.0,0.0,1.0,1.0,701.3243298798211,7.715295712296792,7.752215114333999,7.804966768797611,7.708735512924916,7.715295712296792,2365.5,2.0,2425.3,1.0,0.0,,2501.0,1.0,1.0,0.8769294112825938,18.677148768958304,34.6576,0.5725405132253236,0.8828466783907458,,0.127922271847195,1.798,0.0,0.0,0.0,411.6332662857144,10183.957224690555,67.65741775953022,2.86,169.7,27959.2109143718,0.0,0.993268970994835,706.0769543393578,11020.0,10:58:01,2021/07/14 10:58:01,3.0,11020.0,3.0,2468.0,2435.55,1.8059,34.6422,27.7133,2.23,96.85,0.04,145.6,99.93,dRB2102_CTD_097_01_F.csv,dRB2102,CTD,97.0,F.csv,970103
471,E740,1.0,1.0,False,WCOA21,2021_WCOA_RonBrown,7/14/2021,,11:58:27 AM,,E740,970111,11,Niskin; Sterivex 0.22µm filter,95% EtOH,West Coast,ML60,199.5,36.459,-122.783,1000.0,Sean McAllister,,7/14/2021 11:58:27 AM,7/14/2021 ,2021/07/14 11:58:00,2021/07/14 00:00:00,2021/07/14 04:58:00,36.459,-122.783,970111,11,200.0,1634.0,33RO20210613,WCOA2021,ML60,97.0,1.0,11023.0,2.0,13.0,2021-07-14,2021.0,7.0,14.0,11:58:27,195.499,36.459,-122.783,2955.0,201.0,199.5,8.303,34.084,2.0,,9.0,79.0,2.0,77.4,2.542,2.0,2234.9,2.0,2267.8,2.0,7.4149,24.95,2.0,58.19466360296396,24.9,2.0,41.5,2.0,2.39,2.0,30.3,2.0,0.07,2.0,0.04,2.0,,9.0,2.945,2.0,,9.0,,9.0,,9.0,,9.0,,9.0,,9.0,,9.0,378.3721305485626,26.44840659429464,49.63956647924526,52.82374441110391,66.53723989157889,0.0655606131367,0.0,5.992227543861326e-08,0.3709287015450301,41.12907129845497,2132.436689109651,0.000414963801399207,2.25753174328857,0.0,0.0028503253498546,0.0200772022974006,0.0,0.0,0.5284824130785883,0.0669075836524539,27496.46963494335,2267.8,0.0,0.0,0.0,26.44840659429464,2.391346850671203,0.3709287015450301,0.0,0.0,0.0,49.63956647924522,0.0,0.0,-0.0001282311155703381,0.00012804867797822151,28995.0,2132.436689109651,52.82374441110391,2234.9,0.0402306877354926,0.0401791751572876,1063.0805523217375,0.7746859237333572,0.996064310043449,-0.0001280486779782212,0.00012094671256464836,83.14462618,0.0200772022974006,0.5284824130785883,1.0587197887646338,1.0517192670022164,0.0466940782340844,1e-07,1.4844039337680395e-10,6.840075864737657e-07,1e-07,0.1936804103269257,1.6026459991968035e-09,4.342407297798949e-07,9.849300717824429e-07,5.679502149864934e-10,0.0032192726717595,0.0250848750090224,7.894926488547652e-07,6.795144734209461e-10,2.0677535137418967e-10,1.6328561042144014e-07,1.2116795293097712e-14,0.00012841407376077582,-0.00013603672578027152,1.0,1.0,3.0,1.0,10.0,1.0,1.0,0.0,1.0,1.0,1067.2810395900697,7.639642768589284,7.697296805045559,7.742727073192248,7.631852737974684,7.639642768589284,2234.9,2.0,2267.8,1.0,0.0,,201.0,1.0,1.0,0.8890739752146299,18.47838566761708,34.084,0.7734582967998054,1.2183365275300329,,0.1062118445350194,8.303,0.0,0.0,0.0,404.8205371428572,10015.40781953606,66.5376548553803,2.39,41.5,27496.4724852687,0.0,0.9894021612949638,1078.7130666797568,11023.0,11:58:27,2021/07/14 11:58:27,11.0,11023.0,11.0,200.0,198.43,8.1987,34.0736,26.5197,1.79,77.97,0.04,152.02,99.8,dRB2102_CTD_097_01_F.csv,dRB2102,CTD,97.0,F.csv,970111
472,E741,1.0,1.0,False,WCOA21,2021_WCOA_RonBrown,7/14/2021,,12:05:00 PM,,E741,970113,13,Niskin; Sterivex 0.22µm filter,95% EtOH,West Coast,ML60,100.0,36.459,-122.783,1000.0,Sean McAllister,,7/14/2021 12:05:00 PM,7/14/2021 ,2021/07/14 12:05:00,2021/07/14 00:00:00,2021/07/14 05:05:00,36.459,-122.783,970113,13,100.0,1636.0,33RO20210613,WCOA2021,ML60,97.0,1.0,11054.0,2.0,13.0,2021-07-14,2021.0,7.0,14.0,12:05:00,195.503,36.459,-122.783,2955.0,100.8,100.0,9.554,33.957,2.0,,9.0,116.5,2.0,110.0,3.611,2.0,2203.3,2.0,2251.5,2.0,7.4671,24.95,2.0,63.49329916549226,24.9,2.0,30.2,2.0,2.12,2.0,26.4,2.0,0.07,2.0,0.05,2.0,,9.0,8.721,2.0,,9.0,,9.0,,9.0,,9.0,,9.0,,9.0,,9.0,373.9549896329155,29.357150367084536,43.62842042538539,59.393064819639775,66.28934384236173,0.0519568821318143,0.0,4.356952803581956e-08,0.3094418661004473,29.89055813389955,2100.278514754975,0.000385823292194666,1.9989310202014847,0.0,0.0027393191398291,0.0181548398132394,0.0,0.0,0.6528882699788418,0.0691120540971725,27394.015456381752,2251.5,0.0,0.0,0.0,29.357150367084536,2.1371550848263023,0.3094418661004473,0.0,0.0,0.0,43.62842042538546,0.0,0.0,-0.00013123029776143517,0.00013029801352934333,28995.0,2100.278514754975,59.393064819639775,2203.3,0.0402932667206815,0.0402428557961874,973.815107091464,0.7696175337043485,0.9961278114504576,-0.00013029801352934338,0.0001221972317645215,83.14462618,0.0181548398132394,0.6528882699788418,1.0662926782206674,1.0591017924953658,0.0448015440586999,1e-07,1.6343482093654344e-10,6.676722427065094e-07,1e-07,0.1815538595780515,1.640285572396671e-09,4.2410973925109133e-07,1.005847868899397e-06,5.908588525771783e-10,0.0031192321540183,0.0249163903567581,8.038585324250939e-07,7.22405249714555e-10,2.1630668764487407e-10,1.7164940908145257e-07,1.3641551470373422e-14,0.00013217601915179326,-0.00013954909690655425,1.0,1.0,3.0,1.0,10.0,1.0,1.0,0.0,1.0,1.0,977.6005607889772,7.679975100013263,7.741007578672495,7.785753733909957,7.672028687306013,7.679975100013263,2203.3,2.0,2251.5,1.0,0.0,,100.8,1.0,1.0,0.8756576321403788,18.030686687287968,33.957,0.8876051450915436,1.3973489948794726,,0.1156869758345843,9.554,0.0,0.0,0.0,403.31214000000006,9978.089523764402,66.28972966565392,2.12,30.2,27394.018195700894,0.0,0.9884664089863572,989.0073672725788,11054.0,12:05:00,2021/07/14 12:05:00,13.0,11054.0,13.0,100.0,99.24,9.203,33.9158,26.2385,2.66,115.92,0.04,152.44,99.63,dRB2102_CTD_097_01_F.csv,dRB2102,CTD,97.0,F.csv,970113
473,E742.1B,1.0,1.0,False,WCOA21,2021_WCOA_RonBrown,7/14/2021,,12:22:23 PM,,E742.1B,970123,23,Niskin; Sterivex 0.22µm filter,95% EtOH,West Coast,ML60,3.7,36.459,-122.783,1000.0,Sean McAllister,,7/14/2021 12:22:23 PM,7/14/2021 ,2021/07/14 12:22:00,2021/07/14 00:00:00,2021/07/14 05:22:00,36.459,-122.783,970123,23,4.0,1646.0,33RO20210613,WCOA2021,ML60,97.0,1.0,11061.0,2.0,13.0,2021-07-14,2021.0,7.0,14.0,12:22:23,195.516,36.459,-122.783,2955.0,3.7,3.7,14.588,33.63,2.0,,9.0,261.9,2.0,258.8,8.488,2.0,2056.6,2.0,2245.0,2.0,7.8492,24.95,2.0,123.17332821557116,24.9,3.0,3.9,2.0,0.69,2.0,6.9,2.0,0.28,2.0,0.37,2.0,0.8,2.0,4.966,2.0,,9.0,,9.0,,9.0,,9.0,,9.0,,9.0,,9.0,335.40757450095094,64.02073978476334,16.54434831301673,137.8095776825446,65.65117777351158,0.0068890012882896,0.0,2.735878812505199e-09,0.1036863674771417,3.796313632522858,1902.2460740044387,0.00019333276816734104,0.622859146467227,0.0,0.0015398299569336,0.0082407783118322,0.0,0.0,2.276955576519979,0.0602518495086045,27130.21702840107,2245.0,0.0,0.0,0.0,64.02073978476334,0.7433628427485572,0.1036863674771417,0.0,0.0,0.0,16.54434831301673,0.0,0.0,-0.00020341396040016112,0.00019208771292063712,28995.0,1902.2460740044387,137.8095776825446,2056.6,0.0417889958345985,0.0417427472418164,432.82945919328415,0.7500045687330049,0.9963700127991756,-0.00019208771292063707,0.00016669005672780758,83.14462618,0.0082407783118322,2.276955576519979,1.1523645542595382,1.156079722560562,0.0382237113523933,1e-07,2.4693562420750263e-10,6.42332719362251e-07,1e-07,0.1451940216361059,1.866868342011041e-09,4.111858043589936e-07,1.1245606955848695e-06,7.085631693294372e-10,0.002798370949067,0.0246277807547181,8.842996419531579e-07,9.461203967550395e-10,2.6713170995123776e-10,2.1062949456385865e-07,2.2270010738321172e-14,0.00021615957988637216,-0.00022661595133369693,1.0,1.0,3.0,1.0,10.0,1.0,1.0,0.0,1.0,1.0,434.4063486789456,8.009634131152355,8.084031768816084,8.126069265986919,8.001133174937939,8.009634131152355,2056.6,2.0,2245.0,1.0,0.0,,3.7,1.0,1.0,0.7355618867374112,12.337868499008758,33.63,2.120138857666716,3.311968806884352,,0.2308333026351595,14.588,0.0,0.0,0.0,399.4283142857144,9882.002258273607,65.65137110627975,0.69,3.9,27130.21856823103,0.0,0.9839248039309116,441.503605705877,11061.0,12:22:23,2021/07/14 12:22:23,23.0,11061.0,23.0,4.0,3.97,14.7458,33.6587,24.9931,6.01,261.96,0.077,149.88,99.67,dRB2102_CTD_097_01_F.csv,dRB2102,CTD,97.0,F.csv,970123
474,E742.2T,2.0,2.0,False,WCOA21,2021_WCOA_RonBrown,7/14/2021,,12:22:26 PM,,E742.2T,970124,24,Niskin; Sterivex 0.22µm filter,95% EtOH,West Coast,ML60,3.7,36.459,-122.783,1000.0,Sean McAllister,,7/14/2021 12:22:26 PM,7/14/2021 ,2021/07/14 12:22:00,2021/07/14 00:00:00,2021/07/14 05:22:00,36.459,-122.783,970124,24,4.0,1647.0,33RO20210613,WCOA2021,ML60,97.0,1.0,11001.0,2.0,13.0,2021-07-14,2021.0,7.0,14.0,12:22:26,195.516,36.459,-122.783,2955.0,3.7,3.7,14.588,33.63,2.0,,9.0,261.9,2.0,258.8,8.488,9.0,2056.6,9.0,2245.0,9.0,7.8492,24.95,9.0,123.17332821557116,24.9,9.0,3.9,9.0,0.69,9.0,6.9,9.0,0.28,9.0,0.37,9.0,0.8,9.0,4.966,9.0,,9.0,,9.0,,9.0,,9.0,,9.0,,9.0,,9.0,,,,,,,,,,,,,,,,,,,,,,,,,,,,,,,,,,,,,,,,,,,,,,,,,,,,,,,,,,,,,,,,,,,,,,,,,,,,,,,,,,,,,,,,,,,,,0.0,3.7,,,,,33.63,,,0.0,,14.588,,,,,,,,,,,,,11001.0,12:22:26,2021/07/14 12:22:26,24.0,11001.0,24.0,4.0,3.97,14.7458,33.6587,24.9931,6.01,261.96,0.077,149.88,99.67,dRB2102_CTD_097_01_F.csv,dRB2102,CTD,97.0,F.csv,970123
475,E742.3T,2.0,3.0,False,WCOA21,2021_WCOA_RonBrown,7/14/2021,,12:22:26 PM,,E742.3T,970124,24,Niskin; Sterivex 0.22µm filter,95% EtOH,West Coast,ML60,3.7,36.459,-122.783,1000.0,Sean McAllister,,7/14/2021 12:22:26 PM,7/14/2021 ,2021/07/14 12:22:00,2021/07/14 00:00:00,2021/07/14 05:22:00,36.459,-122.783,970124,24,4.0,1647.0,33RO20210613,WCOA2021,ML60,97.0,1.0,11001.0,2.0,13.0,2021-07-14,2021.0,7.0,14.0,12:22:26,195.516,36.459,-122.783,2955.0,3.7,3.7,14.588,33.63,2.0,,9.0,261.9,2.0,258.8,8.488,9.0,2056.6,9.0,2245.0,9.0,7.8492,24.95,9.0,123.17332821557116,24.9,9.0,3.9,9.0,0.69,9.0,6.9,9.0,0.28,9.0,0.37,9.0,0.8,9.0,4.966,9.0,,9.0,,9.0,,9.0,,9.0,,9.0,,9.0,,9.0,,,,,,,,,,,,,,,,,,,,,,,,,,,,,,,,,,,,,,,,,,,,,,,,,,,,,,,,,,,,,,,,,,,,,,,,,,,,,,,,,,,,,,,,,,,,,0.0,3.7,,,,,33.63,,,0.0,,14.588,,,,,,,,,,,,,11001.0,12:22:26,2021/07/14 12:22:26,24.0,11001.0,24.0,4.0,3.97,14.7458,33.6587,24.9931,6.01,261.96,0.077,149.88,99.67,dRB2102_CTD_097_01_F.csv,dRB2102,CTD,97.0,F.csv,970123
476,E743,1.0,1.0,False,WCOA21,2021_WCOA_RonBrown,7/14/2021,,3:36:51 PM,,E743,980102,2,Niskin; Sterivex 0.22µm filter,95% EtOH,West Coast,ML38,2743.0,36.62,-122.416,1000.0,Sean McAllister,,7/14/2021 3:36:51 PM,7/14/2021 ,2021/07/14 03:36:00,2021/07/14 00:00:00,2021/07/13 20:36:00,36.62,-122.416,980102,2,2743.0,1649.0,33RO20210613,WCOA2021,ML38,98.0,1.0,11081.0,2.0,13.0,2021-07-14,2021.0,7.0,14.0,15:36:51,195.651,36.62,-122.416,2754.0,2781.6,2743.0,1.664,34.658,2.0,,9.0,110.8,2.0,,,9.0,,9.0,,9.0,,,9.0,,,9.0,,9.0,,9.0,,9.0,,9.0,,9.0,,9.0,,9.0,,9.0,,9.0,,9.0,,9.0,,9.0,,9.0,,9.0,,,,,,,,,,,,,,,,,,,,,,,,,,,,,,,,,,,,,,,,,,,,,,,,,,,,,,,,,,,,,,,,,,,,,,,,,,,,,,,,,,,,,,,,,,,,,0.0,2781.6,,,,,34.658,,,0.0,,1.664,,,,,,,,,,,,,11081.0,15:36:51,2021/07/14 15:36:51,2.0,11081.0,2.0,2743.0,2705.17,1.668,34.6575,27.7373,2.53,109.81,0.039,150.44,99.9,dRB2102_CTD_098_01_F.csv,dRB2102,CTD,98.0,F.csv,980101
477,E744,1.0,1.0,False,WCOA21,2021_WCOA_RonBrown,7/14/2021,,3:45:53 PM,,E744,980103,3,Niskin; Sterivex 0.22µm filter,95% EtOH,West Coast,ML38,2466.5,36.62,-122.416,1000.0,Sean McAllister,,7/14/2021 3:45:53 PM,7/14/2021 ,2021/07/14 03:45:00,2021/07/14 00:00:00,2021/07/13 20:45:00,36.62,-122.416,980103,3,2466.0,1650.0,33RO20210613,WCOA2021,ML38,98.0,1.0,11020.0,2.0,13.0,2021-07-14,2021.0,7.0,14.0,15:45:53,195.657,36.62,-122.416,2754.0,2499.6,2466.5,1.798,34.643,2.0,,9.0,97.8,2.0,97.4,3.202,2.0,2365.6,2.0,2425.6,6.0,7.4802,25.06,6.0,71.35002365154337,24.79,6.0,170.5,2.0,2.89,2.0,39.5,2.0,0.07,2.0,0.03,2.0,,9.0,2.74,2.0,,9.0,,9.0,,9.0,,9.0,,9.0,,9.0,,9.0,376.7952741141704,34.66458588582963,40.99895507532877,61.28004610697704,67.6286234687065,0.0624939658461572,0.0,4.167831005393008e-08,1.775709228024824,168.72429077197515,2263.320998817694,0.00029265483941802217,2.7421027975550096,0.0,0.0015673567365825,0.0176630229547838,0.0,0.0,0.3852277433105781,0.0854031949205227,27947.43113734821,2425.6,0.0,0.0,0.0,34.66458588582963,2.9129091457177454,1.775709228024824,0.0,0.0,0.0,40.99895507532871,0.0,0.0,-0.0001361589776970807,0.0001350015635108371,28995.0,2263.320998817694,61.28004610697704,2365.6,0.0442827153829715,0.0442250157128525,697.3179486564327,0.8011954925460133,0.995710982317144,-0.00013500156351083697,0.0001266856662549399,83.14462618,0.0176630229547838,0.3852277433105781,1.0656419743585075,1.056354860915924,0.0587952097810246,1e-07,1.0871101046713806e-10,1.0878527955194848e-06,1e-07,0.3149481583768564,1.7691653724763807e-09,7.054607430469269e-07,1.0616007722559274e-06,5.206678858826362e-10,0.0040816886237167,0.0288347271177528,8.437883158285258e-07,5.989330065046566e-10,2.0238676171776775e-10,1.3426671488812126e-07,7.408075805372554e-15,0.0001373364093081469,-0.0001444859034823943,1.0,1.0,3.0,1.0,10.0,1.0,1.0,0.0,1.0,1.0,700.3216405564661,7.716012138829044,7.752934966657058,7.805714150119622,7.709452647446227,7.716012138829044,2365.6,2.0,2425.6,1.0,0.0,,2499.6,1.0,1.0,0.8768029489491111,18.67298858609237,34.643,0.5734327945766999,0.8842596484228719,,0.1281389377464795,1.798,0.0,0.0,0.0,411.45986,10179.667089901057,67.62891612354592,2.89,170.5,27947.43270470495,0.0,0.993268917534098,705.0675080974984,11020.0,15:45:53,2021/07/14 15:45:53,3.0,11020.0,3.0,2466.0,2433.55,1.8094,34.6408,27.7119,2.24,97.27,0.04,151.02,99.93,dRB2102_CTD_098_01_F.csv,dRB2102,CTD,98.0,F.csv,980103
478,E745,1.0,1.0,False,WCOA21,2021_WCOA_RonBrown,7/14/2021,,4:57:34 PM,,E745,980111,11,Niskin; Sterivex 0.22µm filter,95% EtOH,West Coast,ML38,198.0,36.619,-122.416,1000.0,Sean McAllister,,7/14/2021 4:57:34 PM,7/14/2021 ,2021/07/14 04:57:00,2021/07/14 00:00:00,2021/07/13 21:57:00,36.619,-122.416,980111,11,198.0,1658.0,33RO20210613,WCOA2021,ML38,98.0,1.0,11023.0,2.0,13.0,2021-07-14,2021.0,7.0,14.0,16:57:34,195.707,36.619,-122.416,2754.0,199.5,198.0,9.151,34.127,2.0,,9.0,65.9,2.0,65.2,2.142,2.0,2236.9,2.0,2265.4,2.0,7.406,25.06,2.0,56.35876147405962,24.79,2.0,37.8,6.0,2.43,6.0,28.8,6.0,0.08,6.0,0.03,6.0,,9.0,8.836,2.0,,9.0,,9.0,,9.0,,9.0,,9.0,,9.0,,9.0,379.7609659523595,25.570288333354824,51.72341116342727,51.378644064328135,66.62115047638731,0.0695286529776997,0.0,6.766471212148638e-08,0.3300709349968467,37.46992906500315,2133.7979447722446,0.0004475534672512405,2.2935658503275724,0.0,0.0031355377177786,0.0212780934654235,0.0,0.0,0.5418923746748715,0.0669054290300159,27531.158597379923,2265.4,0.0,0.0,0.0,25.570288333354824,2.4273766407228923,0.3300709349968467,0.0,0.0,0.0,51.72341116342714,0.0,0.0,-0.00012808956473907637,0.00012810930986631962,28995.0,2133.7979447722446,51.378644064328135,2236.9,0.0397083166033902,0.0396575537888195,1140.175156330136,0.7716362703437772,0.996107504184328,-0.0001281093098663195,0.00012118747080489388,83.14462618,0.0212780934654235,0.5418923746748715,1.057116787861424,1.0502873593244544,0.0453644432403776,1e-07,1.5949733622532328e-10,6.836541362831021e-07,1e-07,0.1868293793835965,1.6438329731558823e-09,4.346214582612471e-07,1.0071601163454486e-06,5.87843515502653e-10,0.003167378135437,0.0250861470044242,8.053409520431078e-07,7.121681255203093e-10,2.1505859205655826e-10,1.6952037835370986e-07,1.3229560769816028e-14,0.00012806982569741698,-0.00013586975376913535,1.0,1.0,3.0,1.0,10.0,1.0,1.0,0.0,1.0,1.0,1144.6306262533171,7.6123676142489245,7.672067287774529,7.717065488819151,7.604478122047019,7.6123676142489245,2236.9,2.0,2265.4,1.0,0.0,,199.5,1.0,1.0,0.8919385473444748,18.45817876339134,34.127,0.7536373031622812,1.1854620837759862,,0.1002814443051311,9.151,0.0,0.0,0.0,405.3312542857144,10028.043148025674,66.62159802985457,2.43,37.8,27531.16173291764,0.0,0.9887762946505496,1157.623450770378,11023.0,16:57:34,2021/07/14 16:57:34,11.0,11023.0,11.0,198.0,196.45,9.2008,34.1117,26.3939,1.61,69.96,0.04,160.16,99.83,dRB2102_CTD_098_01_F.csv,dRB2102,CTD,98.0,F.csv,980111
479,E746,1.0,1.0,False,WCOA21,2021_WCOA_RonBrown,7/14/2021,,5:09:32 PM,,E746,980114,14,Niskin; Sterivex 0.22µm filter,95% EtOH,West Coast,ML38,98.5,36.619,-122.416,1000.0,Sean McAllister,Thiamine sampling (slow flow and collect outflow); Sterivex on outlet,7/14/2021 5:09:32 PM,7/14/2021 ,2021/07/14 05:09:00,2021/07/14 00:00:00,2021/07/13 22:09:00,36.619,-122.416,980114,14,98.0,1661.0,33RO20210613,WCOA2021,ML38,98.0,1.0,11011.0,2.0,13.0,2021-07-14,2021.0,7.0,14.0,17:09:32,195.715,36.619,-122.416,2754.0,99.2,98.5,9.572,33.992,2.0,,9.0,95.0,2.0,95.6,3.138,2.0,2207.7,2.0,2256.0,2.0,7.464,24.89,2.0,64.5078697099595,24.79,2.0,30.8,2.0,2.12,2.0,25.8,2.0,0.08,2.0,0.04,2.0,,9.0,13.666,2.0,,9.0,,9.0,,9.0,,9.0,,9.0,,9.0,,9.0,374.34028346274073,29.38755653725923,43.72206019859016,59.54922531819046,66.35766912915672,0.0519636165593587,0.0,4.3603720731883227e-08,0.3156028206282551,30.48439717937174,2104.4287144832188,0.00038637618555764034,1.9989496966846625,0.0,0.0027441067724151,0.0181661093096469,0.0,0.0,0.6538491753946923,0.0690866431522573,27422.25088572697,2255.9999999999995,0.0,0.0,0.0,29.38755653725923,2.1371229393854563,0.3156028206282551,0.0,0.0,0.0,43.72206019858998,0.0,0.0,-0.0001315146674074559,0.00013057854016360597,28995.0,2104.4287144832188,59.54922531819046,2207.7,0.0402870176568117,0.0402366223833851,976.6874806369036,0.7696541639286432,0.996128715193575,-0.00013057854016360678,0.00012245764600638957,83.14462618,0.0181661093096469,0.6538491753946923,1.0663159420587969,1.0591416165196257,0.0447656605264143,1e-07,1.6362315038372544e-10,6.682467687601603e-07,1e-07,0.1815365247862569,1.6415550036544843e-09,4.245066916864707e-07,1.0064498225184925e-06,5.916984389659884e-10,0.0031199145185251,0.0249192143856719,8.043795526820454e-07,7.226878485562152e-10,2.1648199973509595e-10,1.717838817633221e-07,1.3672127722127451e-14,0.00013246431390317548,-0.0001398530252851643,1.0,1.0,3.0,1.0,10.0,1.0,1.0,0.0,1.0,1.0,980.4832103922496,7.679641473542064,7.740738076890251,7.785394208995937,7.671689832302716,7.679641473542064,2207.7,2.0,2256.0,1.0,0.0,,99.2,1.0,1.0,0.8756167108769717,18.028274035945515,33.992,0.8900902589588391,1.4011556262897311,,0.1158436668310522,9.572,0.0,0.0,0.0,403.72784,9988.37409346525,66.35805550534228,2.12,30.8,27422.253629833747,0.0,0.9884526611262104,991.9374482487806,11011.0,17:09:32,2021/07/14 17:09:32,14.0,11011.0,14.0,98.0,97.26,9.6275,33.9669,26.2093,2.37,103.32,0.04,160.79,99.67,dRB2102_CTD_098_01_F.csv,dRB2102,CTD,98.0,F.csv,980114
480,E747,1.0,1.0,False,WCOA21,2021_WCOA_RonBrown,7/14/2021,,5:32:41 PM,,E747,980122,22,Niskin; Sterivex 0.22µm filter,95% EtOH,West Coast,ML38,9.5,36.619,-122.416,1000.0,Sean McAllister,Thiamine sampling (slow flow and collect outflow); Sterivex on outlet; DCM is very shallow,7/14/2021 5:32:41 PM,7/14/2021 ,2021/07/14 05:32:00,2021/07/14 00:00:00,2021/07/13 22:32:00,36.619,-122.416,980122,22,10.0,1669.0,33RO20210613,WCOA2021,ML38,98.0,1.0,11024.0,2.0,13.0,2021-07-14,2021.0,7.0,14.0,17:32:41,195.731,36.619,-122.416,2754.0,9.6,9.5,13.15,33.781,2.0,,9.0,257.8,2.0,256.1,8.404,2.0,2091.2,2.0,2254.7,6.0,7.7879,24.89,2.0,119.77603221722866,24.79,2.0,11.2,2.0,0.89,2.0,10.2,2.0,0.52,2.0,0.58,2.0,,9.0,11.026,2.0,,9.0,,9.0,,9.0,,9.0,,9.0,,9.0,,9.0,343.701067973554,57.52069488358893,19.22941351168686,122.21135042076848,65.9459397550358,0.010150758722538,0.0,4.411680115393654e-09,0.2561304693255705,10.94386953067443,1949.7592360675444,0.00020854532804968475,0.8135844935821533,0.0,0.0016100332485104,0.0091262683388063,0.0,0.0,1.8060686091816016,0.0662647432836284,27252.03268831384,2254.7,0.0,0.0,0.0,57.52069488358893,0.9461139757377302,0.2561304693255705,0.0,0.0,0.0,19.22941351168686,0.0,0.0,-0.00018778385035940373,0.0001789703858490273,28995.0,1949.7592360675444,122.21135042076848,2091.2,0.0418737455298812,0.0418263511827113,481.5996829118191,0.7557221475721075,0.9963029342348968,-0.0001789703858490276,0.00015770705794919754,83.14462618,0.0091262683388063,1.8060686091816016,1.1348280043793562,1.1339573494360755,0.0399282104909691,1e-07,2.1914210685692372e-10,6.486116727104379e-07,1e-07,0.1544746751792685,1.7967925933273939e-09,4.141296771889218e-07,1.0886033187551786e-06,6.729538205864351e-10,0.002885897026261,0.0247029714531033,8.605158299995875e-07,8.744491572962965e-10,2.5127254862055415e-10,1.9885395645260974e-07,1.9390497447352324e-14,0.0001975103210062868,-0.0002068610481556794,1.0,1.0,3.0,1.0,10.0,1.0,1.0,0.0,1.0,1.0,483.3867956854508,7.96914529363776,8.039706765855973,8.082428128493694,7.960790278549776,7.96914529363776,2091.2,2.0,2254.7,1.0,0.0,,9.6,1.0,1.0,0.762381605214097,13.260027973343094,33.781,1.8703262359050967,2.929312954867543,,0.2136425495815032,13.15,0.0,0.0,0.0,401.2217628571428,9926.372830411556,65.94614830036384,0.8899999999999999,11.2,27252.03429834708,0.0,0.985360141294484,490.568651427708,11024.0,17:32:41,2021/07/14 17:32:41,22.0,11024.0,22.0,10.0,9.93,12.9516,33.8112,25.4818,5.73,249.59,0.139,160.38,5.14,dRB2102_CTD_098_01_F.csv,dRB2102,CTD,98.0,F.csv,980122
481,E748,1.0,1.0,False,WCOA21,2021_WCOA_RonBrown,7/14/2021,,5:34:42 PM,,E748,980124,24,Niskin; Sterivex 0.22µm filter,95% EtOH,West Coast,ML38,3.6,36.619,-122.416,1000.0,Sean McAllister,Thiamine sampling (slow flow and collect outflow); Sterivex on outlet,7/14/2021 5:34:42 PM,7/14/2021 ,2021/07/14 05:34:00,2021/07/14 00:00:00,2021/07/13 22:34:00,36.619,-122.416,980124,24,4.0,1671.0,33RO20210613,WCOA2021,ML38,98.0,1.0,11001.0,2.0,13.0,2021-07-14,2021.0,7.0,14.0,17:34:42,195.732,36.619,-122.416,2754.0,3.6,3.6,13.32,33.784,2.0,,9.0,256.9,2.0,278.5,9.139,2.0,2073.0,6.0,2258.2,2.0,7.8313,24.89,2.0,134.08,24.79,2.0,11.6,2.0,0.75,2.0,8.4,2.0,0.51,2.0,0.23,2.0,10.4,2.0,9.795,2.0,,9.0,,9.0,,9.0,,9.0,,9.0,,9.0,,9.0,337.781081584852,63.47631270086238,16.880564083541202,135.4584819178861,65.95181783666172,0.0075639624222392,0.0,2.941404919354049e-09,0.2977908488949136,11.302209151105084,1920.6609539985725,0.0001869642468420607,0.679972686807108,0.0,0.0014489831640005,0.0081525803159749,0.0,0.0,2.052867764101487,0.0624633478292477,27254.453029432447,2258.2,0.0,0.0,0.0,63.47631270086238,0.8048993795241985,0.2977908488949136,0.0,0.0,0.0,16.880564083541312,0.0,0.0,-0.0002014098400705188,0.000190512322226156,28995.0,1920.6609539985725,135.4584819178861,2072.9999999999995,0.0420960812406932,0.0420488241155373,425.03346312405233,0.755097616897328,0.9963109498912622,-0.00019051232222615632,0.00016579222622766407,83.14462618,0.0081525803159749,2.052867764101487,1.1491028654416304,1.1516802341303838,0.0397158472169867,1e-07,2.2211749438076702e-10,6.477798098403394e-07,1e-07,0.1533448578359919,1.8043398046521903e-09,4.137122765439096e-07,1.0924604254940883e-06,6.771696070371293e-10,0.0028758305450353,0.0246908766154917,8.631456113814174e-07,8.82014551176117e-10,2.5298220234060367e-10,2.001845460653637e-07,1.9710740311158925e-14,0.0002136296976360076,-0.0002238958323969857,1.0,1.0,3.0,1.0,10.0,1.0,1.0,0.0,1.0,1.0,426.6072386040128,8.017658038951081,8.088704914004628,8.1312794981009,8.00928259772931,8.017658038951081,2073.0,2.0,2258.2,1.0,0.0,,3.6,1.0,1.0,0.7404882192434072,12.503601930969785,33.784,2.0759072534558785,3.25040102054382,,0.235589332402533,13.32,0.0,0.0,0.0,401.2573942857143,9927.254364957344,65.95200480090857,0.75,11.6,27254.45447841561,0.0,0.9851967193732944,433.0173154407043,11001.0,17:34:42,2021/07/14 17:34:42,24.0,11001.0,24.0,4.0,3.97,13.1262,33.7857,25.4272,5.92,258.01,0.159,160.49,38.25,dRB2102_CTD_098_01_F.csv,dRB2102,CTD,98.0,F.csv,980124
482,E749,1.0,1.0,False,WCOA21,2021_WCOA_RonBrown,7/14/2021,,5:28:30 PM,,E749,980120,20,Niskin; Sterivex 0.22µm filter,95% EtOH,West Coast,ML38,19.9,36.619,-122.416,1000.0,Sean McAllister,Thiamine sampling (slow flow and collect outflow); Sterivex on outlet; Added due to shallow DCM,7/14/2021 5:28:30 PM,7/14/2021 ,2021/07/14 05:28:00,2021/07/14 00:00:00,2021/07/13 22:28:00,36.619,-122.416,980120,20,20.0,1667.0,33RO20210613,WCOA2021,ML38,98.0,1.0,11022.0,2.0,13.0,2021-07-14,2021.0,7.0,14.0,17:28:30,195.728,36.619,-122.416,2754.0,20.1,19.9,13.085,33.791,2.0,,9.0,254.7,2.0,246.6,8.091,2.0,2097.7,2.0,2254.5,2.0,7.7687,24.89,2.0,119.79164882702428,24.79,2.0,12.2,2.0,0.97,2.0,11.0,2.0,0.55,2.0,0.75,2.0,,9.0,13.117,2.0,,9.0,,9.0,,9.0,,9.0,,9.0,,9.0,,9.0,345.6372887581926,55.70324552752169,20.06695102456172,118.14775647192003,65.96545375037323,0.0115146413724539,0.0,5.19055786226658e-09,0.2686150594582519,11.931384940541744,1959.485292503518,0.0002162184730079775,0.888909555419977,0.0,0.0016663490400283,0.0094771483239459,0.0,0.0,1.7306325352358622,0.0695757980170111,27260.09989889314,2254.5,0.0,0.0,0.0,55.70324552752169,1.0280611462634417,0.2686150594582519,0.0,0.0,0.0,20.066951024561625,0.0,0.0,-0.00018368314123683649,0.00017547841042084755,28995.0,1959.485292503518,118.14775647192003,2097.7,0.0418003516386645,0.0417529046978631,501.5815981549813,0.7559899134004234,0.9962998632937689,-0.0001754784104208481,0.00015523442526929151,83.14462618,0.0094771483239459,1.7306325352358622,1.130409122309294,1.1286189345152864,0.0400073509442456,1e-07,2.1819358966640268e-10,6.50049692712976e-07,1e-07,0.1550383526268854,1.7958970156398821e-09,4.150533955923542e-07,1.0881333873106272e-06,6.719005393282462e-10,0.0028913551222129,0.0247205368591929,8.602579149251938e-07,8.722121661968991e-10,2.5087709844873373e-10,1.984300663544884e-07,1.928529927069167e-14,0.000192692751911053,-0.00020179421716894007,1.0,1.0,3.0,1.0,10.0,1.0,1.0,0.0,1.0,1.0,503.4444113007823,7.952978481359404,8.023322322312069,8.066116500287846,7.9446325013660894,7.952978481359404,2097.7,2.0,2254.5,1.0,0.0,,20.1,1.0,1.0,0.7692709307885213,13.513110873190875,33.791,1.804671033712889,2.82644561728935,,0.2067589559142464,13.085,0.0,0.0,0.0,401.3405342857143,9929.311278897514,65.96566996884624,0.97,12.199999999999998,27260.10156524218,0.0,0.9854222940742676,510.8920452969166,11022.0,17:28:30,2021/07/14 17:28:30,20.0,11022.0,20.0,20.0,19.85,11.964,33.7832,25.6514,4.47,194.42,0.071,160.76,99.32,dRB2102_CTD_098_01_F.csv,dRB2102,CTD,98.0,F.csv,980120
483,E750,1.0,1.0,False,WCOA21,2021_WCOA_RonBrown,7/14/2021,,8:57:06 PM,,E750,990102,2,Niskin; Sterivex 0.22µm filter,95% EtOH,West Coast,ML8,99.4,36.758,-121.927,1000.0,Sean McAllister,Dana collected due to time crunch,7/14/2021 8:57:06 PM,7/14/2021 ,2021/07/14 08:57:00,2021/07/14 00:00:00,2021/07/14 01:57:00,36.758,-121.927,990102,2,99.0,1673.0,33RO20210613,WCOA2021,ML8,99.0,1.0,11081.0,2.0,13.0,2021-07-14,2021.0,7.0,14.0,20:57:06,195.873,36.758,-121.927,110.0,100.2,99.4,9.719,33.976,2.0,,9.0,102.0,2.0,,,9.0,,9.0,,9.0,,,9.0,,,9.0,,9.0,,9.0,,9.0,,9.0,,9.0,,9.0,,9.0,,9.0,,9.0,,9.0,,9.0,,9.0,,9.0,,9.0,,,,,,,,,,,,,,,,,,,,,,,,,,,,,,,,,,,,,,,,,,,,,,,,,,,,,,,,,,,,,,,,,,,,,,,,,,,,,,,,,,,,,,,,,,,,,0.0,100.2,,,,,33.976,,,0.0,,9.719,,,,,,,,,,,,,11081.0,20:57:06,2021/07/14 20:57:06,2.0,11081.0,2.0,99.0,98.25,9.7182,33.9752,26.2008,2.34,101.91,0.042,150.27,6.43,dRB2102_CTD_099_01_F.csv,dRB2102,CTD,99.0,F.csv,990101
484,E751,1.0,1.0,False,WCOA21,2021_WCOA_RonBrown,7/14/2021,,8:59:37 PM,,E751,990103,3,Niskin; Sterivex 0.22µm filter,95% EtOH,West Coast,ML8,79.2,36.758,-121.927,1000.0,Sean McAllister,Dana collected due to time crunch,7/14/2021 8:59:37 PM,7/14/2021 ,2021/07/14 08:59:00,2021/07/14 00:00:00,2021/07/14 01:59:00,36.758,-121.927,990103,3,79.0,1674.0,33RO20210613,WCOA2021,ML8,99.0,1.0,11020.0,2.0,13.0,2021-07-14,2021.0,7.0,14.0,20:59:37,195.875,36.758,-121.927,110.0,79.8,79.2,9.869,33.956,2.0,,9.0,108.2,2.0,106.7,3.505,2.0,2202.5,6.0,2252.3,2.0,7.4704,25.05,6.0,64.91540334823212,24.84,6.0,30.2,2.0,2.08,2.0,25.1,2.0,0.18,2.0,0.03,2.0,,9.0,20.064,6.0,,9.0,,9.0,,9.0,,9.0,,9.0,,9.0,,9.0,373.650230411399,29.65003244574396,43.171743479446526,60.25413785869383,66.28739124519797,0.0504884914944189,0.0,4.222280172542614e-08,0.3143615934543013,29.8856384065457,2099.07411866186,0.0003862536077274877,1.9604028066128825,0.0,0.0027641961566372,0.0180458390033036,0.0,0.0,0.675787786591738,0.069108659669897,27393.208704815228,2252.3,0.0,0.0,0.0,29.65003244574396,2.0986200837298745,0.3143615934543013,0.0,0.0,0.0,43.17174347944668,0.0,0.0,-0.0001318911021959486,0.00013087603925954636,28995.0,2099.07411866186,60.25413785869383,2202.5,0.0402262316445612,0.0401760938003731,973.751815295352,0.7684375078769435,0.9961435866397036,-0.0001308760392595465,0.00012263755544185395,83.14462618,0.0180458390033036,0.675787786591738,1.067177495409214,1.0600066227799323,0.0443354690603085,1e-07,1.674745009591371e-10,6.648306841476116e-07,1e-07,0.1788344263789055,1.6513256937651032e-09,4.224206622615971e-07,1.0118147491301983e-06,5.97354201564524e-10,0.0030969590093869,0.0248838839280831,8.080267536728651e-07,7.336011007595918e-10,2.1889697691621006e-10,1.738374585258694e-07,1.4063167788129975e-14,0.0001329220336833816,-0.0001403011168957159,1.0,1.0,3.0,1.0,10.0,1.0,1.0,0.0,1.0,1.0,977.5215424315626,7.681727180197175,7.7436229215271934,7.788131565805703,7.673740120676292,7.681727180197175,2202.5,2.0,2252.3,1.0,0.0,,79.8,1.0,1.0,0.8741024886709134,17.959425170083968,33.956,0.9042956209731562,1.4232340651721218,,0.1163190095111445,9.869,0.0,0.0,0.0,403.30026285714297,9977.795678915809,66.2877774988057,2.08,30.2,27393.211469011385,0.0,0.988219805103186,989.1742073814174,11020.0,20:59:37,2021/07/14 20:59:37,3.0,11020.0,3.0,79.0,78.4,9.8757,33.9552,26.1586,2.5,108.65,0.042,150.4,26.43,dRB2102_CTD_099_01_F.csv,dRB2102,CTD,99.0,F.csv,990103
485,E752,1.0,1.0,False,WCOA21,2021_WCOA_RonBrown,7/14/2021,,9:04:07 PM,,E752,990105,5,Niskin; Sterivex 0.22µm filter,95% EtOH,West Coast,ML8,50.0,36.758,-121.927,1000.0,Sean McAllister,Dana collected due to time crunch,7/14/2021 9:04:07 PM,7/14/2021 ,2021/07/14 09:04:00,2021/07/14 00:00:00,2021/07/14 02:04:00,36.758,-121.927,990105,5,50.0,1676.0,33RO20210613,WCOA2021,ML8,99.0,1.0,11008.0,2.0,13.0,2021-07-14,2021.0,7.0,14.0,21:04:07,195.878,36.758,-121.927,110.0,50.4,50.0,10.536,33.902,2.0,,9.0,139.2,2.0,136.9,4.495,2.0,2186.0,2.0,2246.3,6.0,7.5095,25.05,2.0,68.56395392923599,24.84,2.0,26.1,6.0,1.95,6.0,23.4,6.0,0.46,6.0,0.03,6.0,,9.0,21.718,2.0,,9.0,,9.0,,9.0,,9.0,,9.0,,9.0,,9.0,370.8343545908794,31.82454255197776,39.6506681251465,65.10391221126424,66.18199426206432,0.04385518145119,0.0,3.451345930953233e-08,0.2968684369561815,25.80313156304382,2081.245419663589,0.0003662269364632033,1.834823123932428,0.0,0.0026640957630647,0.0168747291372006,0.0,0.0,0.7677835671605092,0.071321660102922,27349.64556368206,2246.3,0.0,0.0,0.0,31.82454255197776,1.977466409624813,0.2968684369561815,0.0,0.0,0.0,39.65066812514637,0.0,0.0,-0.00013496343803128148,0.000133410044424567,28995.0,2081.245419663589,65.10391221126424,2186.0,0.0403460861021071,0.0402965208258454,913.9165242928156,0.7657902696636926,0.9961767095264,-0.00013341004442456677,0.00012437158214768758,83.14462618,0.0168747291372006,0.7677835671605092,1.0726730505538355,1.065460155674937,0.0433854373689414,1e-07,1.7667965784024987e-10,6.594381891010683e-07,1e-07,0.1732362129335232,1.6767976456734203e-09,4.192860555075479e-07,1.0255839886741437e-06,6.111984419975963e-10,0.0030494841196486,0.0248273786478483,8.174698412209871e-07,7.594963398264763e-10,2.24796764337286e-10,1.78629646647266e-07,1.5001588879295046e-14,0.00013655343247204456,-0.0001438651648205033,1.0,1.0,3.0,1.0,10.0,1.0,1.0,0.0,1.0,1.0,917.4241031265504,7.709101553307498,7.772763189469571,7.816926793425966,7.701036637210666,7.709101553307498,2186.0,2.0,2246.3,1.0,0.0,,50.4,1.0,1.0,0.864501022904764,17.57636239928338,33.902,0.9835045958862764,1.5468210334320287,,0.1233350415726343,10.536,0.0,0.0,0.0,402.65889714285714,9961.928057091638,66.18236048900077,1.95,26.1,27349.648227777827,0.0,0.987681895678,928.8659710592136,11008.0,21:04:07,2021/07/14 21:04:07,5.0,11008.0,5.0,50.0,49.63,10.4963,33.9043,26.0122,3.18,138.38,0.045,150.62,55.34,dRB2102_CTD_099_01_F.csv,dRB2102,CTD,99.0,F.csv,990105
486,E753,1.0,1.0,False,WCOA21,2021_WCOA_RonBrown,7/14/2021,,9:16:23 PM,,E753,990114,14,Niskin; Sterivex 0.22µm filter,95% EtOH,West Coast,ML8,3.7,36.758,-121.927,1000.0,Sean McAllister,Dana collected due to time crunch,7/14/2021 9:16:23 PM,7/14/2021 ,2021/07/14 09:16:00,2021/07/14 00:00:00,2021/07/14 02:16:00,36.758,-121.927,990114,14,4.0,1685.0,33RO20210613,WCOA2021,ML8,99.0,1.0,11011.0,2.0,13.0,2021-07-14,2021.0,7.0,14.0,21:16:23,195.886,36.758,-121.927,110.0,3.7,3.7,13.609,33.832,2.0,,9.0,244.9,2.0,,,9.0,,9.0,,9.0,,,9.0,,,9.0,,9.0,,9.0,,9.0,,9.0,,9.0,,9.0,,9.0,,9.0,,9.0,,9.0,,9.0,,9.0,,9.0,,9.0,,,,,,,,,,,,,,,,,,,,,,,,,,,,,,,,,,,,,,,,,,,,,,,,,,,,,,,,,,,,,,,,,,,,,,,,,,,,,,,,,,,,,,,,,,,,,0.0,3.7,,,,,33.832,,,0.0,,13.609,,,,,,,,,,,,,11011.0,21:16:23,2021/07/14 21:16:23,14.0,11011.0,14.0,4.0,3.97,12.8509,33.8373,25.5218,5.64,245.63,0.108,149.89,99.43,dRB2102_CTD_099_01_F.csv,dRB2102,CTD,99.0,F.csv,990113
487,E754,1.0,1.0,False,WCOA21,2021_WCOA_RonBrown,7/14/2021,,10:45:08 PM,,E754,1000102,2,Niskin; Sterivex 0.22µm filter,95% EtOH,West Coast,ML3,276.4,36.795,-121.847,1000.0,Sean McAllister,,7/14/2021 10:45:08 PM,7/14/2021 ,2021/07/14 10:45:00,2021/07/14 00:00:00,2021/07/14 03:45:00,36.795,-121.847,1000102,2,276.0,1687.0,33RO20210613,WCOA2021,ML3,100.0,1.0,11081.0,2.0,13.0,2021-07-14,2021.0,7.0,14.0,22:45:08,195.948,36.795,-121.847,287.0,278.6,276.4,7.689,34.159,2.0,,9.0,49.1,2.0,,,9.0,,9.0,,9.0,,,9.0,,,9.0,,9.0,,9.0,,9.0,,9.0,,9.0,,9.0,12.997,2.0,,9.0,,9.0,,9.0,,9.0,,9.0,,9.0,,9.0,,,,,,,,,,,,,,,,,,,,,,,,,,,,,,,,,,,,,,,,,,,,,,,,,,,,,,,,,,,,,,,,,,,,,,,,,,,,,,,,,,,,,,,,,,,,,0.0,278.6,,,,,34.159,,,0.0,,7.689,,,,,,,,,,,,,11081.0,22:45:08,2021/07/14 22:45:08,2.0,11081.0,2.0,276.0,273.78,7.6683,34.1598,26.6665,1.11,48.3,0.043,150.74,12.47,dRB2102_CTD_100_01_F.csv,dRB2102,CTD,100.0,F.csv,1000101
488,E755,1.0,1.0,False,WCOA21,2021_WCOA_RonBrown,7/14/2021,,10:47:27 PM,,E755,1000103,3,Niskin; Sterivex 0.22µm filter,95% EtOH,West Coast,ML3,245.1,36.795,-121.847,1000.0,Sean McAllister,,7/14/2021 10:47:27 PM,7/14/2021 ,2021/07/14 10:47:00,2021/07/14 00:00:00,2021/07/14 03:47:00,36.795,-121.847,1000103,3,245.0,1688.0,33RO20210613,WCOA2021,ML3,100.0,1.0,11020.0,2.0,13.0,2021-07-14,2021.0,7.0,14.0,22:47:27,195.95,36.795,-121.847,287.0,247.0,245.1,8.116,34.125,2.0,,9.0,58.9,2.0,61.3,2.014,2.0,2257.9,6.0,2279.0,2.0,7.3813,24.96,6.0,54.70168414187623,24.91,6.0,50.5,2.0,2.65,2.0,31.3,2.0,0.17,2.0,0.03,2.0,,9.0,16.439,2.0,,9.0,,9.0,,9.0,,9.0,,9.0,,9.0,,9.0,381.0475907790422,24.25990922095785,55.07779140154576,48.42226102895588,66.61723959199166,0.0798220200863191,0.0,7.991152824218558e-08,0.4100292825456012,50.0899707174544,2154.399947569498,0.0004541041664183109,2.503062305222876,0.0,0.0031000107505651,0.0220864706695005,0.0,0.0,0.4739390398034012,0.0671155947792767,27529.54517952787,2279.0,0.0,0.0,0.0,24.25990922095785,2.6372934148699008,0.4100292825456012,0.0,0.0,0.0,55.07779140154559,0.0,0.0,-0.0001273414095461605,0.0001277178789302532,28995.0,2154.399947569498,48.42226102895588,2257.9,0.0398560604885483,0.0398043808631639,1172.3334066640705,0.7755152610601563,0.9960546996018018,-0.0001277178789302532,0.00012121847956587315,83.14462618,0.0220864706695005,0.4739390398034012,1.0536172321881674,1.046925649562324,0.0469813374663378,1e-07,1.467949128373208e-10,6.907939052435105e-07,1e-07,0.1961381882438559,1.603531359601604e-09,4.386982228086022e-07,9.851839302581162e-07,5.660909878885735e-10,0.0032400929503391,0.0251582706263312,7.897987679259682e-07,6.75335048914511e-10,2.06172910499484e-10,1.6230488743999736e-07,1.1936856985695732e-14,0.00012696715304966224,-0.0001349537240894132,1.0,1.0,3.0,1.0,10.0,1.0,1.0,0.0,1.0,1.0,1176.9769342313637,7.598832493675277,7.655873677121746,7.7014816536205855,7.591072002164794,7.598832493675277,2257.9,2.0,2279.0,1.0,0.0,,247.0,1.0,1.0,0.8982225602426521,18.626697910140017,34.125,0.7028899096732029,1.1068019891916672,,0.0975438756063696,8.116,0.0,0.0,0.0,405.30750000000006,10027.45545832848,66.61769369615809,2.6499999999999995,50.5,27529.548279538623,0.0,0.9895362470254688,1189.4227601761315,11020.0,22:47:27,2021/07/14 22:47:27,3.0,11020.0,3.0,245.0,243.05,8.1986,34.1151,26.553,1.39,60.54,0.042,152.6,41.61,dRB2102_CTD_100_01_F.csv,dRB2102,CTD,100.0,F.csv,1000103
489,E756,1.0,1.0,False,WCOA21,2021_WCOA_RonBrown,7/14/2021,,10:56:24 PM,,E756,1000108,8,Niskin; Sterivex 0.22µm filter,95% EtOH,West Coast,ML3,99.0,36.795,-121.847,1000.0,Sean McAllister,,7/14/2021 10:56:24 PM,7/14/2021 ,2021/07/14 10:56:00,2021/07/14 00:00:00,2021/07/14 03:56:00,36.795,-121.847,1000108,8,99.0,1693.0,33RO20210613,WCOA2021,ML3,100.0,1.0,11027.0,2.0,13.0,2021-07-14,2021.0,7.0,14.0,22:56:24,195.956,36.795,-121.847,287.0,99.7,99.0,9.852,33.964,2.0,,9.0,107.2,2.0,,,9.0,,9.0,,9.0,,,9.0,,,9.0,,9.0,,9.0,,9.0,,9.0,,9.0,,9.0,,9.0,,9.0,,9.0,,9.0,,9.0,,9.0,,9.0,,9.0,,,,,,,,,,,,,,,,,,,,,,,,,,,,,,,,,,,,,,,,,,,,,,,,,,,,,,,,,,,,,,,,,,,,,,,,,,,,,,,,,,,,,,,,,,,,,0.0,99.7,,,,,33.964,,,0.0,,9.852,,,,,,,,,,,,,11027.0,22:56:24,2021/07/14 22:56:24,8.0,11027.0,8.0,99.0,98.25,9.9237,33.9581,26.1531,2.55,110.91,0.042,157.48,99.64,dRB2102_CTD_100_01_F.csv,dRB2102,CTD,100.0,F.csv,1000107
490,E757,1.0,1.0,False,WCOA21,2021_WCOA_RonBrown,7/14/2021,,11:11:40 PM,,E757,1000123,23,Niskin; Sterivex 0.22µm filter,95% EtOH,West Coast,ML3,3.5,36.794,-121.847,1000.0,Sean McAllister,,7/14/2021 11:11:40 PM,7/14/2021 ,2021/07/14 11:11:00,2021/07/14 00:00:00,2021/07/14 04:11:00,36.794,-121.847,1000123,23,4.0,1708.0,33RO20210613,WCOA2021,ML3,100.0,1.0,11061.0,2.0,13.0,2021-07-14,2021.0,7.0,14.0,23:11:40,195.966,36.794,-121.847,287.0,3.6,3.5,13.565,33.821,2.0,,9.0,288.2,2.0,,,9.0,,9.0,,9.0,,,9.0,,,9.0,,9.0,,9.0,,9.0,,9.0,,9.0,,9.0,13.631,2.0,,9.0,,9.0,,9.0,,9.0,,9.0,,9.0,,9.0,,,,,,,,,,,,,,,,,,,,,,,,,,,,,,,,,,,,,,,,,,,,,,,,,,,,,,,,,,,,,,,,,,,,,,,,,,,,,,,,,,,,,,,,,,,,,0.0,3.6,,,,,33.821,,,0.0,,13.565,,,,,,,,,,,,,11061.0,23:11:40,2021/07/14 23:11:40,23.0,11061.0,23.0,4.0,3.97,13.5139,33.8199,25.3754,6.72,292.75,0.157,156.47,99.83,dRB2102_CTD_100_01_F.csv,dRB2102,CTD,100.0,F.csv,1000122
491,E758,1.0,1.0,False,WCOA21,2021_WCOA_RonBrown,7/15/2021,,12:46:38 AM,,E758,1010102,2,Niskin; Sterivex 0.22µm filter,95% EtOH,West Coast,ML1,31.7,36.809,-121.818,1000.0,Sean McAllister,,7/15/2021 12:46:38 AM,7/15/2021 ,2021/07/15 12:46:00,2021/07/15 00:00:00,2021/07/15 05:46:00,36.809,-121.818,1010102,2,32.0,1711.0,33RO20210613,WCOA2021,ML1,101.0,1.0,11081.0,2.0,13.0,2021-07-15,2021.0,7.0,15.0,00:46:38,196.032,36.809,-121.818,42.0,32.0,31.7,10.547,33.916,2.0,,9.0,131.1,2.0,,,9.0,,9.0,,9.0,,,9.0,,,9.0,,9.0,,9.0,,9.0,,9.0,,9.0,,9.0,24.491,2.0,,9.0,,9.0,,9.0,,9.0,,9.0,,9.0,,9.0,,,,,,,,,,,,,,,,,,,,,,,,,,,,,,,,,,,,,,,,,,,,,,,,,,,,,,,,,,,,,,,,,,,,,,,,,,,,,,,,,,,,,,,,,,,,,0.0,32.0,,,,,33.916,,,0.0,,10.547,,,,,,,,,,,,,11081.0,00:46:38,2021/07/15 00:46:38,2.0,11081.0,2.0,32.0,31.76,10.4567,33.9213,26.032,3.03,131.68,0.054,150.71,4.97,dRB2102_CTD_101_01_F.csv,dRB2102,CTD,101.0,F.csv,1010101
492,E759,1.0,1.0,False,WCOA21,2021_WCOA_RonBrown,7/15/2021,,12:50:39 AM,,E759,1010106,6,Niskin; Sterivex 0.22µm filter,95% EtOH,West Coast,ML1,14.9,36.809,-121.818,1000.0,Sean McAllister,,7/15/2021 12:50:39 AM,7/15/2021 ,2021/07/15 12:50:00,2021/07/15 00:00:00,2021/07/15 05:50:00,36.809,-121.818,1010106,6,15.0,1715.0,33RO20210613,WCOA2021,ML1,101.0,1.0,11082.0,2.0,13.0,2021-07-15,2021.0,7.0,15.0,00:50:39,196.035,36.809,-121.818,42.0,15.0,14.9,10.872,33.889,2.0,,9.0,145.0,2.0,,,9.0,,9.0,,9.0,,,9.0,,,9.0,,9.0,,9.0,,9.0,,9.0,,9.0,,9.0,,9.0,,9.0,,9.0,,9.0,,9.0,,9.0,,9.0,,9.0,,,,,,,,,,,,,,,,,,,,,,,,,,,,,,,,,,,,,,,,,,,,,,,,,,,,,,,,,,,,,,,,,,,,,,,,,,,,,,,,,,,,,,,,,,,,,0.0,15.0,,,,,33.889,,,0.0,,10.872,,,,,,,,,,,,,11082.0,00:50:39,2021/07/15 00:50:39,6.0,11082.0,6.0,15.0,14.89,11.0104,33.8782,25.9004,3.56,155.1,0.059,152.44,21.94,dRB2102_CTD_101_01_F.csv,dRB2102,CTD,101.0,F.csv,1010105
493,E760,1.0,1.0,False,WCOA21,2021_WCOA_RonBrown,7/15/2021,,12:54:47 AM,,E760,1010112,12,Niskin; Sterivex 0.22µm filter,95% EtOH,West Coast,ML1,3.5,36.809,-121.818,1000.0,Sean McAllister,,7/15/2021 12:54:47 AM,7/15/2021 ,2021/07/15 12:54:00,2021/07/15 00:00:00,2021/07/15 05:54:00,36.809,-121.818,1010112,12,4.0,1721.0,33RO20210613,WCOA2021,ML1,101.0,1.0,11026.0,2.0,13.0,2021-07-15,2021.0,7.0,15.0,00:54:47,196.038,36.809,-121.818,42.0,3.5,3.5,14.89,33.837,2.0,,9.0,282.0,2.0,,,9.0,,9.0,,9.0,,,9.0,,,9.0,,9.0,,9.0,,9.0,,9.0,,9.0,,9.0,,9.0,,9.0,,9.0,,9.0,,9.0,,9.0,,9.0,,9.0,,,,,,,,,,,,,,,,,,,,,,,,,,,,,,,,,,,,,,,,,,,,,,,,,,,,,,,,,,,,,,,,,,,,,,,,,,,,,,,,,,,,,,,,,,,,,0.0,3.5,,,,,33.837,,,0.0,,14.89,,,,,,,,,,,,,11026.0,00:54:47,2021/07/15 00:54:47,12.0,11026.0,12.0,4.0,3.97,14.8592,33.8387,25.1073,6.47,281.97,0.161,150.16,33.12,dRB2102_CTD_101_01_F.csv,dRB2102,CTD,101.0,F.csv,1010111
494,E761,1.0,1.0,False,WCOA21,2021_WCOA_RonBrown,7/15/2021,,2:25:35 AM,,E761,1020102,2,Niskin; Sterivex 0.22µm filter,95% EtOH,West Coast,ML5,133.7,36.783,-121.871,1000.0,Sean McAllister,,7/15/2021 2:25:35 AM,7/15/2021 ,2021/07/15 02:25:00,2021/07/15 00:00:00,2021/07/14 19:25:00,36.783,-121.871,1020102,2,134.0,1724.0,33RO20210613,WCOA2021,ML5,102.0,1.0,11081.0,2.0,13.0,2021-07-15,2021.0,7.0,15.0,02:25:35,196.101,36.783,-121.871,144.0,134.8,133.7,9.881,33.96,2.0,,9.0,107.2,2.0,,,9.0,,9.0,,9.0,,,9.0,,,9.0,,9.0,,9.0,,9.0,,9.0,,9.0,,9.0,24.491,2.0,,9.0,,9.0,,9.0,,9.0,,9.0,,9.0,,9.0,,,,,,,,,,,,,,,,,,,,,,,,,,,,,,,,,,,,,,,,,,,,,,,,,,,,,,,,,,,,,,,,,,,,,,,,,,,,,,,,,,,,,,,,,,,,,0.0,134.8,,,,,33.96,,,0.0,,9.881,,,,,,,,,,,,,11081.0,02:25:35,2021/07/15 02:25:35,2.0,11081.0,2.0,134.0,132.97,9.8901,33.959,26.1601,2.47,107.56,0.043,157.06,13.97,dRB2102_CTD_102_01_F.csv,dRB2102,CTD,102.0,F.csv,1020101
495,E762,1.0,1.0,False,WCOA21,2021_WCOA_RonBrown,7/15/2021,,2:27:41 AM,,E762,1020104,4,Niskin; Sterivex 0.22µm filter,95% EtOH,West Coast,ML5,119.2,36.783,-121.871,1000.0,Sean McAllister,,7/15/2021 2:27:41 AM,7/15/2021 ,2021/07/15 02:27:00,2021/07/15 00:00:00,2021/07/14 19:27:00,36.783,-121.871,1020104,4,119.0,1726.0,33RO20210613,WCOA2021,ML5,102.0,1.0,11058.0,2.0,13.0,2021-07-15,2021.0,7.0,15.0,02:27:41,196.103,36.783,-121.871,144.0,120.2,119.2,10.007,33.948,2.0,,9.0,111.7,2.0,,,9.0,,9.0,,9.0,,,9.0,,,9.0,,9.0,,9.0,,9.0,,9.0,,9.0,,9.0,,9.0,,9.0,,9.0,,9.0,,9.0,,9.0,,9.0,,9.0,,,,,,,,,,,,,,,,,,,,,,,,,,,,,,,,,,,,,,,,,,,,,,,,,,,,,,,,,,,,,,,,,,,,,,,,,,,,,,,,,,,,,,,,,,,,,0.0,120.2,,,,,33.948,,,0.0,,10.007,,,,,,,,,,,,,11058.0,02:27:41,2021/07/15 02:27:41,4.0,11058.0,4.0,119.0,118.09,10.0244,33.947,26.1279,2.6,113.15,0.043,157.88,29.56,dRB2102_CTD_102_01_F.csv,dRB2102,CTD,102.0,F.csv,1020103
496,E763,1.0,1.0,False,WCOA21,2021_WCOA_RonBrown,7/15/2021,,2:30:31 AM,,E763,1020106,6,Niskin; Sterivex 0.22µm filter,95% EtOH,West Coast,ML5,100.2,36.783,-121.871,1000.0,Sean McAllister,Thiamine sampling (slow flow and collect outflow); Sterivex on outlet,7/15/2021 2:30:31 AM,7/15/2021 ,2021/07/15 02:30:00,2021/07/15 00:00:00,2021/07/14 19:30:00,36.783,-121.871,1020106,6,100.0,1728.0,33RO20210613,WCOA2021,ML5,102.0,1.0,11082.0,2.0,13.0,2021-07-15,2021.0,7.0,15.0,02:30:31,196.105,36.783,-121.871,144.0,101.0,100.2,10.054,33.944,2.0,,9.0,113.6,2.0,,,9.0,,9.0,,9.0,,,9.0,,,9.0,,9.0,,9.0,,9.0,,9.0,,9.0,,9.0,,9.0,,9.0,,9.0,,9.0,,9.0,,9.0,,9.0,,9.0,,,,,,,,,,,,,,,,,,,,,,,,,,,,,,,,,,,,,,,,,,,,,,,,,,,,,,,,,,,,,,,,,,,,,,,,,,,,,,,,,,,,,,,,,,,,,0.0,101.0,,,,,33.944,,,0.0,,10.054,,,,,,,,,,,,,11082.0,02:30:31,2021/07/15 02:30:31,6.0,11082.0,6.0,100.0,99.24,10.0293,33.9448,26.125,2.6,113.22,0.042,158.25,48.83,dRB2102_CTD_102_01_F.csv,dRB2102,CTD,102.0,F.csv,1020105
497,E764,1.0,1.0,False,WCOA21,2021_WCOA_RonBrown,7/15/2021,,2:41:04 AM,,E764,1020114,14,Niskin; Sterivex 0.22µm filter,95% EtOH,West Coast,ML5,39.8,36.782,-121.871,1000.0,Sean McAllister,Thiamine sampling (slow flow and collect outflow); Sterivex on outlet,7/15/2021 2:41:04 AM,7/15/2021 ,2021/07/15 02:41:00,2021/07/15 00:00:00,2021/07/14 19:41:00,36.782,-121.871,1020114,14,40.0,1736.0,33RO20210613,WCOA2021,ML5,102.0,1.0,11011.0,2.0,13.0,2021-07-15,2021.0,7.0,15.0,02:41:04,196.112,36.782,-121.871,144.0,40.1,39.8,10.893,33.853,2.0,,9.0,159.9,2.0,,,9.0,,9.0,,9.0,,,9.0,,,9.0,,9.0,,9.0,,9.0,,9.0,,9.0,,9.0,,9.0,,9.0,,9.0,,9.0,,9.0,,9.0,,9.0,,9.0,,,,,,,,,,,,,,,,,,,,,,,,,,,,,,,,,,,,,,,,,,,,,,,,,,,,,,,,,,,,,,,,,,,,,,,,,,,,,,,,,,,,,,,,,,,,,0.0,40.1,,,,,33.853,,,0.0,,10.893,,,,,,,,,,,,,11011.0,02:41:04,2021/07/15 02:41:04,14.0,11011.0,14.0,40.0,39.7,10.8255,33.8623,25.9215,3.56,155.1,0.053,159.04,99.44,dRB2102_CTD_102_01_F.csv,dRB2102,CTD,102.0,F.csv,1020113
498,E765,1.0,1.0,False,WCOA21,2021_WCOA_RonBrown,7/15/2021,,2:47:00 AM,,E765,1020119,19,Niskin; Sterivex 0.22µm filter,95% EtOH,West Coast,ML5,10.3,36.782,-121.871,1000.0,Sean McAllister,Thiamine sampling (slow flow and collect outflow); Sterivex on outlet,7/15/2021 2:47:00 AM,7/15/2021 ,2021/07/15 02:47:00,2021/07/15 00:00:00,2021/07/14 19:47:00,36.782,-121.871,1020119,19,10.0,1741.0,33RO20210613,WCOA2021,ML5,102.0,1.0,11028.0,2.0,13.0,2021-07-15,2021.0,7.0,15.0,02:47:00,196.116,36.782,-121.871,144.0,10.4,10.3,12.709,33.83,2.0,,9.0,221.6,2.0,,,9.0,,9.0,,9.0,,,9.0,,,9.0,,9.0,,9.0,,9.0,,9.0,,9.0,,9.0,,9.0,,9.0,,9.0,,9.0,,9.0,,9.0,,9.0,,9.0,,,,,,,,,,,,,,,,,,,,,,,,,,,,,,,,,,,,,,,,,,,,,,,,,,,,,,,,,,,,,,,,,,,,,,,,,,,,,,,,,,,,,,,,,,,,,0.0,10.4,,,,,33.83,,,0.0,,12.709,,,,,,,,,,,,,11028.0,02:47:00,2021/07/15 02:47:00,19.0,11028.0,19.0,10.0,9.93,11.8102,33.8277,25.7145,4.59,199.75,0.15,158.39,99.46,dRB2102_CTD_102_01_F.csv,dRB2102,CTD,102.0,F.csv,1020120
499,E766,1.0,1.0,False,WCOA21,2021_WCOA_RonBrown,7/15/2021,,2:49:03 AM,,E766,1020121,21,Niskin; Sterivex 0.22µm filter,95% EtOH,West Coast,ML5,5.5,36.782,-121.871,1000.0,Sean McAllister,Thiamine sampling (slow flow and collect outflow); Sterivex on outlet,7/15/2021 2:49:03 AM,7/15/2021 ,2021/07/15 02:49:00,2021/07/15 00:00:00,2021/07/14 19:49:00,36.782,-121.871,1020121,21,6.0,1743.0,33RO20210613,WCOA2021,ML5,102.0,1.0,11062.0,2.0,13.0,2021-07-15,2021.0,7.0,15.0,02:49:03,196.117,36.782,-121.871,144.0,5.5,5.5,13.359,33.835,2.0,,9.0,277.7,2.0,271.8,8.919,2.0,2070.5,2.0,2258.4,2.0,7.848,25.01,2.0,137.1843870810499,24.855,2.0,16.2,2.0,0.89,2.0,8.6,2.0,0.48,2.0,0.13,2.0,,9.0,14.92,2.0,,9.0,,9.0,,9.0,,9.0,,9.0,,9.0,,9.0,337.6612692478483,64.20185932358035,16.65834785839575,136.90643256351962,66.05137998017452,0.0088672694536535,0.0,3.413469703405405e-09,0.4207433457598376,15.77925665424016,1916.9352195780848,0.0001853299942503471,0.8062131610227471,0.0,0.0014372687373256,0.0080712830711343,0.0,0.0,2.0829542175096774,0.0749195661101295,27295.59610231189,2258.4,0.0,0.0,0.0,64.20185932358035,0.9560522898295364,0.4207433457598376,0.0,0.0,0.0,16.65834785839564,0.0,0.0,-0.00020310743844229192,0.0001919590637694744,28995.0,1916.9352195780848,136.90643256351962,2070.5,0.0421146987409143,0.0420674730287443,420.07021037531325,0.7550839440469007,0.9963127855114372,-0.0001919590637694747,0.00016680658459817187,83.14462618,0.0080712830711343,2.0829542175096774,1.1507882871164452,1.153712757895044,0.0396561037820621,1e-07,2.2282419653161557e-10,6.49045418047455e-07,1e-07,0.1532841263541634,1.8079263629979926e-09,4.146024980558377e-07,1.0941828174579431e-06,6.79095414392417e-10,0.0028765952711297,0.0247006415749355,8.645186335352722e-07,8.836082266279891e-10,2.5353918886852006e-10,2.005449699482869e-07,1.9805878249479884e-14,0.0002156305798223923,-0.00022604382494639,1.0,1.0,3.0,1.0,10.0,1.0,1.0,0.0,1.0,1.0,421.62483156299015,8.021885619404829,8.093057421111828,8.13550701762109,8.013502253236792,8.021885619404829,2070.5,2.0,2258.4,1.0,0.0,,5.5,1.0,1.0,0.7379391347573085,12.412579545272289,33.835,2.097167061280735,3.2830402093259696,,0.2375006802120083,13.359,0.0,0.0,0.0,401.8631285714287,9942.240452235726,66.05156531016875,0.8899999999999999,16.199999999999996,27295.597539580634,0.0,0.9851594092744173,427.97625195857626,11062.0,02:49:03,2021/07/15 02:49:03,21.0,11062.0,21.0,6.0,5.96,13.2054,33.8342,25.4489,6.14,267.53,0.2,157.72,99.69,dRB2102_CTD_102_01_F.csv,dRB2102,CTD,102.0,F.csv,1020121
500,E767,1.0,1.0,False,WCOA21,2021_WCOA_RonBrown,7/15/2021,,2:50:32 AM,,E767,1020123,23,Niskin; Sterivex 0.22µm filter,95% EtOH,West Coast,ML5,3.1,36.782,-121.871,1000.0,Sean McAllister,Thiamine sampling (slow flow and collect outflow); Sterivex on outlet,7/15/2021 2:50:32 AM,7/15/2021 ,2021/07/15 02:50:00,2021/07/15 00:00:00,2021/07/14 19:50:00,36.782,-121.871,1020123,23,3.0,1745.0,33RO20210613,WCOA2021,ML5,102.0,1.0,11061.0,2.0,13.0,2021-07-15,2021.0,7.0,15.0,02:50:32,196.118,36.782,-121.871,144.0,3.1,3.1,13.409,33.836,2.0,,9.0,273.5,2.0,,,9.0,,9.0,,9.0,,,9.0,,,9.0,,9.0,,9.0,,9.0,,9.0,,9.0,,9.0,,9.0,,9.0,,9.0,,9.0,,9.0,,9.0,,9.0,,9.0,,,,,,,,,,,,,,,,,,,,,,,,,,,,,,,,,,,,,,,,,,,,,,,,,,,,,,,,,,,,,,,,,,,,,,,,,,,,,,,,,,,,,,,,,,,,,0.0,3.1,,,,,33.836,,,0.0,,13.409,,,,,,,,,,,,,11061.0,02:50:32,2021/07/15 02:50:32,23.0,11061.0,23.0,3.0,2.98,13.176,33.8346,25.4551,6.18,269.18,0.187,158.74,99.64,dRB2102_CTD_102_01_F.csv,dRB2102,CTD,102.0,F.csv,1020122
501,E768.1B,1.0,1.0,False,WCOA21,2021_WCOA_RonBrown,7/15/2021,,4:08:40 AM,,E768.1B,1030101,1,Niskin; Sterivex 0.22µm filter,95% EtOH,West Coast,ML11,110.9,36.736,-121.968,1000.0,Sean McAllister,,7/15/2021 4:08:40 AM,7/15/2021 ,2021/07/15 04:08:00,2021/07/15 00:00:00,2021/07/14 21:08:00,36.736,-121.968,1030101,1,111.0,1747.0,33RO20210613,WCOA2021,ML11,103.0,1.0,11031.0,2.0,13.0,2021-07-15,2021.0,7.0,15.0,04:08:40,196.173,36.736,-121.968,121.0,111.8,110.9,10.051,33.923,2.0,,9.0,113.6,2.0,115.1,3.78,6.0,2196.2,2.0,2249.9,2.0,7.4934,25.0,2.0,69.7437834927194,24.87,2.0,26.9,2.0,1.96,2.0,23.9,2.0,0.02,2.0,0.01,2.0,,9.0,19.98,2.0,,9.0,,9.0,,9.0,,9.0,,9.0,,9.0,,9.0,372.4074528622263,30.50086428063098,41.74094613489088,61.9837610764042,66.22297801591644,0.0461655909186308,0.0,3.767579749075679e-08,0.2898352019272236,26.610164798072773,2092.475292788705,0.0003779768973593063,1.846306686794633,0.0,0.0027138348853995,0.0176256806078094,0.0,0.0,0.7058410499792308,0.0675276846109387,27366.586774422656,2249.9,0.0,0.0,0.0,30.50086428063098,1.9813620183407128,0.2898352019272236,0.0,0.0,0.0,41.7409461348911,0.0,0.0,-0.00013285675214615852,0.00013164336886855004,28995.0,2092.475292788705,61.9837610764042,2196.2,0.0403112193379371,0.0402612384888406,946.9846944035664,0.7676611581627748,0.9961526623384552,-0.00013164336886855015,0.000123128004714028,83.14462618,0.0176256806078094,0.7058410499792308,1.069158630275049,1.0619419724179675,0.0440777410464698,1e-07,1.707033162644536e-10,6.675333665762138e-07,1e-07,0.1777391544367552,1.6658442387028799e-09,4.2440417779691313e-07,1.0196207355344218e-06,6.025015873624793e-10,0.0030880857204797,0.0249227840338905,8.134409895097419e-07,7.439069659235595e-10,2.2153593195723264e-10,1.7546966913320725e-07,1.4356465161751474e-14,0.00013409271150505232,-0.00014142406337983094,1.0,1.0,3.0,1.0,10.0,1.0,1.0,0.0,1.0,1.0,950.6421356948766,7.691659390855347,7.753854103924707,7.79849319424283,7.683662761132957,7.691659390855347,2196.2,2.0,2249.9,1.0,0.0,,111.8,1.0,1.0,0.8706298049387535,17.836722077165163,33.923,0.925587072159066,1.4558298119143922,,0.118717418030461,10.051,0.0,0.0,0.0,402.9083171428573,9968.098798912148,66.2233559928138,1.96,26.899999999999995,27366.58948825754,0.0,0.9880750048205972,962.1153566853792,11031.0,04:08:40,2021/07/15 04:08:40,1.0,11031.0,1.0,111.0,110.15,10.0963,33.9175,26.0925,2.65,115.14,0.045,161.51,11.78,dRB2102_CTD_103_01_F.csv,dRB2102,CTD,103.0,F.csv,1030101
502,E768.2T,2.0,2.0,False,WCOA21,2021_WCOA_RonBrown,7/15/2021,,4:08:43 AM,,E768.2T,1030102,2,Niskin; Sterivex 0.22µm filter,95% EtOH,West Coast,ML11,111.3,36.736,-121.968,1000.0,Sean McAllister,,7/15/2021 4:08:43 AM,7/15/2021 ,2021/07/15 04:08:00,2021/07/15 00:00:00,2021/07/14 21:08:00,36.736,-121.968,1030102,2,111.0,1748.0,33RO20210613,WCOA2021,ML11,103.0,1.0,11081.0,2.0,13.0,2021-07-15,2021.0,7.0,15.0,04:08:43,196.173,36.736,-121.968,121.0,112.1,111.3,10.051,33.923,2.0,,9.0,113.6,2.0,115.1,3.78,9.0,2196.2,9.0,2249.9,9.0,7.4934,25.0,9.0,69.7437834927194,24.87,9.0,26.9,9.0,1.96,9.0,23.9,9.0,0.02,9.0,0.01,9.0,,9.0,20.685,2.0,,9.0,,9.0,,9.0,,9.0,,9.0,,9.0,,9.0,,,,,,,,,,,,,,,,,,,,,,,,,,,,,,,,,,,,,,,,,,,,,,,,,,,,,,,,,,,,,,,,,,,,,,,,,,,,,,,,,,,,,,,,,,,,,0.0,112.1,,,,,33.923,,,0.0,,10.051,,,,,,,,,,,,,11081.0,04:08:43,2021/07/15 04:08:43,2.0,11081.0,2.0,111.0,110.15,10.0963,33.9175,26.0925,2.65,115.14,0.045,161.51,11.78,dRB2102_CTD_103_01_F.csv,dRB2102,CTD,103.0,F.csv,1030101
503,E768.3T,2.0,3.0,False,WCOA21,2021_WCOA_RonBrown,7/15/2021,,4:08:43 AM,,E768.3T,1030102,2,Niskin; Sterivex 0.22µm filter,95% EtOH,West Coast,ML11,111.3,36.736,-121.968,1000.0,Sean McAllister,,7/15/2021 4:08:43 AM,7/15/2021 ,2021/07/15 04:08:00,2021/07/15 00:00:00,2021/07/14 21:08:00,36.736,-121.968,1030102,2,111.0,1748.0,33RO20210613,WCOA2021,ML11,103.0,1.0,11081.0,2.0,13.0,2021-07-15,2021.0,7.0,15.0,04:08:43,196.173,36.736,-121.968,121.0,112.1,111.3,10.051,33.923,2.0,,9.0,113.6,2.0,115.1,3.78,9.0,2196.2,9.0,2249.9,9.0,7.4934,25.0,9.0,69.7437834927194,24.87,9.0,26.9,9.0,1.96,9.0,23.9,9.0,0.02,9.0,0.01,9.0,,9.0,20.685,2.0,,9.0,,9.0,,9.0,,9.0,,9.0,,9.0,,9.0,,,,,,,,,,,,,,,,,,,,,,,,,,,,,,,,,,,,,,,,,,,,,,,,,,,,,,,,,,,,,,,,,,,,,,,,,,,,,,,,,,,,,,,,,,,,,0.0,112.1,,,,,33.923,,,0.0,,10.051,,,,,,,,,,,,,11081.0,04:08:43,2021/07/15 04:08:43,2.0,11081.0,2.0,111.0,110.15,10.0963,33.9175,26.0925,2.65,115.14,0.045,161.51,11.78,dRB2102_CTD_103_01_F.csv,dRB2102,CTD,103.0,F.csv,1030101
504,E769.1B,1.0,1.0,False,WCOA21,2021_WCOA_RonBrown,7/15/2021,,4:10:59 AM,,E769.1B,1030103,3,Niskin; Sterivex 0.22µm filter,95% EtOH,West Coast,ML11,99.7,36.736,-121.968,1000.0,Sean McAllister,Thiamine sampling (slow flow and collect outflow); Sterivex on outlet,7/15/2021 4:10:59 AM,7/15/2021 ,2021/07/15 04:10:00,2021/07/15 00:00:00,2021/07/14 21:10:00,36.736,-121.968,1030103,3,100.0,1749.0,33RO20210613,WCOA2021,ML11,103.0,1.0,11020.0,2.0,13.0,2021-07-15,2021.0,7.0,15.0,04:10:59,196.174,36.736,-121.968,121.0,100.5,99.7,10.119,33.915,2.0,33.9336,2.0,116.3,2.0,116.2,3.816,2.0,2192.5,6.0,2251.5,2.0,7.4963,25.0,6.0,67.4641487146599,24.87,6.0,26.7,2.0,1.95,2.0,23.9,2.0,0.03,2.0,0.01,2.0,,9.0,20.582,2.0,,9.0,,9.0,,9.0,,9.0,,9.0,,9.0,,9.0,371.39672432927966,31.6374905278632,40.05113474764035,64.4202672257132,66.24368475286843,0.0441433406759108,0.0,3.468454945685992e-08,0.2993893785577568,26.400610621442244,2088.0285980266463,0.0003642085366828224,1.835899430782305,0.0,0.0026198831376261,0.016950689262211,0.0,0.0,0.7381086126304309,0.0699571938572342,27375.13817128321,2251.5,0.0,0.0,0.0,31.6374905278632,1.9758137838122245,0.2993893785577568,0.0,0.0,0.0,40.05113474764028,0.0,0.0,-0.00013452238142916203,0.00013304363210368887,28995.0,2088.0285980266463,64.4202672257132,2192.5,0.0404677375662667,0.0404178152276028,910.7448759804424,0.7674381293868588,0.9961560459838504,-0.0001330436321036894,0.00012413148597848245,83.14462618,0.016950689262211,0.7381086126304309,1.0717960157727535,1.0645426228091737,0.0439762394540231,1e-07,1.7146615671319735e-10,6.663825701438221e-07,1e-07,0.1771176179529768,1.667122422728344e-09,4.2367308384513977e-07,1.0202935729942375e-06,6.037951401150912e-10,0.003083058200823,0.0249076453136921,8.139303151759009e-07,7.457392936983845e-10,2.2193507824073432e-10,1.758935719461155e-07,1.4445208227493707e-14,0.00013603437214126322,-0.00014333447643456412,1.0,1.0,3.0,1.0,10.0,1.0,1.0,0.0,1.0,1.0,914.259246482762,7.708396466353083,7.770812637479265,7.815345110474311,7.700388483354509,7.708396466353083,2192.5,2.0,2251.5,1.0,0.0,,100.5,1.0,1.0,0.8660267164344895,17.662722577735508,33.9336,0.9639331376786946,1.5161412566107628,,0.123182518759375,10.119,0.0,0.0,0.0,403.0342148571429,9971.213554307262,66.24404896140511,1.95,26.7,27375.140791166352,0.0,0.9880206518213248,925.3442676500836,11020.0,04:10:59,2021/07/15 04:10:59,3.0,11020.0,3.0,100.0,99.24,10.1316,33.9129,26.0827,2.69,117.21,0.045,162.08,22.84,dRB2102_CTD_103_01_F.csv,dRB2102,CTD,103.0,F.csv,1030103
505,E769.2T,2.0,2.0,False,WCOA21,2021_WCOA_RonBrown,7/15/2021,,4:11:01 AM,,E769.2T,1030104,4,Niskin; Sterivex 0.22µm filter,95% EtOH,West Coast,ML11,99.7,36.736,-121.968,1000.0,Sean McAllister,,7/15/2021 4:11:01 AM,7/15/2021 ,2021/07/15 04:11:00,2021/07/15 00:00:00,2021/07/14 21:11:00,36.736,-121.968,1030104,4,100.0,1750.0,33RO20210613,WCOA2021,ML11,103.0,1.0,11058.0,2.0,13.0,2021-07-15,2021.0,7.0,15.0,04:11:01,196.174,36.736,-121.968,121.0,100.4,99.7,10.119,33.915,2.0,33.9336,9.0,116.3,2.0,116.2,3.816,9.0,2192.5,9.0,2251.5,9.0,7.4963,25.0,9.0,67.4641487146599,24.87,9.0,26.7,9.0,1.95,9.0,23.9,9.0,0.03,9.0,0.01,9.0,,9.0,20.582,9.0,,9.0,,9.0,,9.0,,9.0,,9.0,,9.0,,9.0,,,,,,,,,,,,,,,,,,,,,,,,,,,,,,,,,,,,,,,,,,,,,,,,,,,,,,,,,,,,,,,,,,,,,,,,,,,,,,,,,,,,,,,,,,,,,0.0,100.4,,,,,33.915,,,0.0,,10.119,,,,,,,,,,,,,11058.0,04:11:01,2021/07/15 04:11:01,4.0,11058.0,4.0,100.0,99.24,10.1316,33.9129,26.0827,2.69,117.21,0.045,162.08,22.84,dRB2102_CTD_103_01_F.csv,dRB2102,CTD,103.0,F.csv,1030103
506,E769.3T,2.0,3.0,False,WCOA21,2021_WCOA_RonBrown,7/15/2021,,4:11:01 AM,,E769.3T,1030104,4,Niskin; Sterivex 0.22µm filter,95% EtOH,West Coast,ML11,99.7,36.736,-121.968,1000.0,Sean McAllister,,7/15/2021 4:11:01 AM,7/15/2021 ,2021/07/15 04:11:00,2021/07/15 00:00:00,2021/07/14 21:11:00,36.736,-121.968,1030104,4,100.0,1750.0,33RO20210613,WCOA2021,ML11,103.0,1.0,11058.0,2.0,13.0,2021-07-15,2021.0,7.0,15.0,04:11:01,196.174,36.736,-121.968,121.0,100.4,99.7,10.119,33.915,2.0,33.9336,9.0,116.3,2.0,116.2,3.816,9.0,2192.5,9.0,2251.5,9.0,7.4963,25.0,9.0,67.4641487146599,24.87,9.0,26.7,9.0,1.95,9.0,23.9,9.0,0.03,9.0,0.01,9.0,,9.0,20.582,9.0,,9.0,,9.0,,9.0,,9.0,,9.0,,9.0,,9.0,,,,,,,,,,,,,,,,,,,,,,,,,,,,,,,,,,,,,,,,,,,,,,,,,,,,,,,,,,,,,,,,,,,,,,,,,,,,,,,,,,,,,,,,,,,,,0.0,100.4,,,,,33.915,,,0.0,,10.119,,,,,,,,,,,,,11058.0,04:11:01,2021/07/15 04:11:01,4.0,11058.0,4.0,100.0,99.24,10.1316,33.9129,26.0827,2.69,117.21,0.045,162.08,22.84,dRB2102_CTD_103_01_F.csv,dRB2102,CTD,103.0,F.csv,1030103
507,E770,1.0,1.0,False,WCOA21,2021_WCOA_RonBrown,7/15/2021,,4:25:27 AM,,E770,1030116,16,Niskin; Sterivex 0.22µm filter,95% EtOH,West Coast,ML11,20.2,36.736,-121.968,1000.0,Sean McAllister,Thiamine sampling (slow flow and collect outflow); Sterivex on outlet,7/15/2021 4:25:27 AM,7/15/2021 ,2021/07/15 04:25:00,2021/07/15 00:00:00,2021/07/14 21:25:00,36.736,-121.968,1030116,16,20.0,1762.0,33RO20210613,WCOA2021,ML11,103.0,1.0,11032.0,2.0,13.0,2021-07-15,2021.0,7.0,15.0,04:25:27,196.184,36.736,-121.968,121.0,20.4,20.2,11.595,33.854,2.0,,9.0,180.2,2.0,,,9.0,,9.0,,9.0,,,9.0,,,9.0,,9.0,,9.0,,9.0,,9.0,,9.0,,9.0,,9.0,,9.0,,9.0,,9.0,,9.0,,9.0,,9.0,,9.0,,,,,,,,,,,,,,,,,,,,,,,,,,,,,,,,,,,,,,,,,,,,,,,,,,,,,,,,,,,,,,,,,,,,,,,,,,,,,,,,,,,,,,,,,,,,,0.0,20.4,,,,,33.854,,,0.0,,11.595,,,,,,,,,,,,,11032.0,04:25:27,2021/07/15 04:25:27,16.0,11032.0,16.0,20.0,19.85,12.3465,33.8427,25.6247,4.93,214.89,0.229,161.93,99.38,dRB2102_CTD_103_01_F.csv,dRB2102,CTD,103.0,F.csv,1030115
508,E771,1.0,1.0,False,WCOA21,2021_WCOA_RonBrown,7/15/2021,,4:28:12 AM,,E771,1030119,19,Niskin; Sterivex 0.22µm filter,95% EtOH,West Coast,ML11,10.3,36.736,-121.968,1000.0,Sean McAllister,Thiamine sampling (slow flow and collect outflow); Sterivex on outlet,7/15/2021 4:28:12 AM,7/15/2021 ,2021/07/15 04:28:00,2021/07/15 00:00:00,2021/07/14 21:28:00,36.736,-121.968,1030119,19,10.0,1765.0,33RO20210613,WCOA2021,ML11,103.0,1.0,11028.0,2.0,13.0,2021-07-15,2021.0,7.0,15.0,04:28:12,196.186,36.736,-121.968,121.0,10.4,10.3,13.836,33.822,3.0,,9.0,263.9,3.0,219.5,7.201,2.0,2121.1,2.0,2255.8,2.0,7.7147,25.0,2.0,105.67577252916824,24.87,2.0,15.8,2.0,0.94,2.0,10.3,2.0,0.47,2.0,0.21,2.0,,9.0,18.276,2.0,,9.0,,9.0,,9.0,,9.0,,9.0,,9.0,,9.0,352.16647457127755,49.54225114300819,23.44609995625007,105.728674383385,66.02593160050411,0.0129335307123585,0.0,6.826459055673274e-09,0.3078956771591682,15.492104322840833,1991.9252256603647,0.00025554063753595145,0.8667207242089356,0.0,0.0020019367743482,0.0110307118054343,0.0,0.0,1.5931547480282244,0.0603457382522467,27285.108090680227,2255.8,0.0,0.0,0.0,49.54225114300819,0.98741219388697,0.3078956771591682,0.0,0.0,0.0,23.44609995625019,0.0,0.0,-0.00017139432699840118,0.00016499381960067818,28995.0,1991.9252256603647,105.728674383385,2121.1,0.0412038590904623,0.0411570155557616,600.0197522419028,0.7532744232961746,0.9963351384047416,-0.00016499381960067828,0.00014776721792933418,83.14462618,0.0110307118054343,1.5931547480282244,1.1165793192342717,1.1126272060813942,0.0390755468776596,1e-07,2.3196670877161523e-10,6.485167672630851e-07,1e-07,0.1503414931904678,1.833413464643825e-09,4.146800530258174e-07,1.1072230266124684e-06,6.917552204390451e-10,0.0028500868988714,0.02469188801911,8.733629659180159e-07,9.074027963398696e-10,2.5901556826973365e-10,2.0451262418071534e-07,2.0763026198273047e-14,0.00017831145763047432,-0.0001867669879062208,1.0,1.0,3.0,1.0,10.0,1.0,1.0,0.0,1.0,1.0,602.2268302236236,7.884967310268037,7.95739646188456,7.999580937612813,7.8765341592470275,7.884967310268037,2121.1,2.0,2255.8,1.0,0.0,,10.4,1.0,1.0,0.7911848854334518,14.354333997235846,33.822,1.620275796581472,2.5339439744120424,,0.1805799354379867,13.836,0.0,0.0,0.0,401.7087257142858,9938.420469203982,66.02618714114165,0.94,15.8,27285.110092617004,0.0,0.9846910626175076,611.5896173798745,11028.0,04:28:12,2021/07/15 04:28:12,19.0,11028.0,19.0,10.0,9.93,14.1567,33.837,25.2559,6.45,280.79,0.155,161.14,99.82,dRB2102_CTD_103_01_F.csv,dRB2102,CTD,103.0,F.csv,1030119
509,E772.1B,1.0,1.0,False,WCOA21,2021_WCOA_RonBrown,7/15/2021,,4:31:02 AM,,E772.1B,1030122,22,Niskin; Sterivex 0.22µm filter,95% EtOH,West Coast,ML11,3.1,36.736,-121.968,1000.0,Sean McAllister,,7/15/2021 4:31:02 AM,7/15/2021 ,2021/07/15 04:31:00,2021/07/15 00:00:00,2021/07/14 21:31:00,36.736,-121.968,1030122,22,3.0,1768.0,33RO20210613,WCOA2021,ML11,103.0,1.0,11024.0,2.0,13.0,2021-07-15,2021.0,7.0,15.0,04:31:02,196.188,36.736,-121.968,121.0,3.1,3.1,14.161,33.838,2.0,,9.0,280.5,2.0,,,9.0,,9.0,,9.0,,,9.0,,,9.0,,9.0,,9.0,,9.0,,9.0,,9.0,,9.0,12.429,2.0,,9.0,,9.0,,9.0,,9.0,,9.0,,9.0,,9.0,,,,,,,,,,,,,,,,,,,,,,,,,,,,,,,,,,,,,,,,,,,,,,,,,,,,,,,,,,,,,,,,,,,,,,,,,,,,,,,,,,,,,,,,,,,,,0.0,3.1,,,,,33.838,,,0.0,,14.161,,,,,,,,,,,,,11024.0,04:31:02,2021/07/15 04:31:02,22.0,11024.0,22.0,3.0,2.98,14.2172,33.837,25.243,6.52,283.99,0.163,161.49,99.82,dRB2102_CTD_103_01_F.csv,dRB2102,CTD,103.0,F.csv,1030121
510,E772.2B,2.0,1.0,False,WCOA21,2021_WCOA_RonBrown,7/15/2021,,4:31:04 AM,,E772.2B,1030123,23,Niskin; Sterivex 0.22µm filter,95% EtOH,West Coast,ML11,3.0,36.736,-121.968,1000.0,Sean McAllister,,7/15/2021 4:31:04 AM,7/15/2021 ,2021/07/15 04:31:00,2021/07/15 00:00:00,2021/07/14 21:31:00,36.736,-121.968,1030123,23,3.0,1769.0,33RO20210613,WCOA2021,ML11,103.0,1.0,11061.0,2.0,13.0,2021-07-15,2021.0,7.0,15.0,04:31:04,196.188,36.736,-121.968,121.0,3.0,3.0,14.16,33.838,2.0,,9.0,280.5,2.0,,,9.0,,9.0,,9.0,,,9.0,,,9.0,,9.0,,9.0,,9.0,,9.0,,9.0,,9.0,12.429,9.0,,9.0,,9.0,,9.0,,9.0,,9.0,,9.0,,9.0,,,,,,,,,,,,,,,,,,,,,,,,,,,,,,,,,,,,,,,,,,,,,,,,,,,,,,,,,,,,,,,,,,,,,,,,,,,,,,,,,,,,,,,,,,,,,0.0,3.0,,,,,33.838,,,0.0,,14.16,,,,,,,,,,,,,11061.0,04:31:04,2021/07/15 04:31:04,23.0,11061.0,23.0,3.0,2.98,14.2172,33.837,25.243,6.52,283.99,0.163,161.49,99.82,dRB2102_CTD_103_01_F.csv,dRB2102,CTD,103.0,F.csv,1030121
511,E772.3B,3.0,1.0,False,WCOA21,2021_WCOA_RonBrown,7/15/2021,,4:31:07 AM,,E772.3B,1030124,24,Niskin; Sterivex 0.22µm filter,95% EtOH,West Coast,ML11,3.1,36.736,-121.968,1000.0,Sean McAllister,Thiamine sampling (slow flow and collect outflow); Sterivex on outlet,7/15/2021 4:31:07 AM,7/15/2021 ,2021/07/15 04:31:00,2021/07/15 00:00:00,2021/07/14 21:31:00,36.736,-121.968,1030124,24,3.0,1770.0,33RO20210613,WCOA2021,ML11,103.0,1.0,11001.0,2.0,13.0,2021-07-15,2021.0,7.0,15.0,04:31:07,196.188,36.736,-121.968,121.0,3.1,3.1,14.16,33.838,2.0,,9.0,280.5,2.0,,,9.0,,9.0,,9.0,,,9.0,,,9.0,,9.0,,9.0,,9.0,,9.0,,9.0,,9.0,12.429,9.0,,9.0,,9.0,,9.0,,9.0,,9.0,,9.0,,9.0,,,,,,,,,,,,,,,,,,,,,,,,,,,,,,,,,,,,,,,,,,,,,,,,,,,,,,,,,,,,,,,,,,,,,,,,,,,,,,,,,,,,,,,,,,,,,0.0,3.1,,,,,33.838,,,0.0,,14.16,,,,,,,,,,,,,11001.0,04:31:07,2021/07/15 04:31:07,24.0,11001.0,24.0,3.0,2.98,14.2172,33.837,25.243,6.52,283.99,0.163,161.49,99.82,dRB2102_CTD_103_01_F.csv,dRB2102,CTD,103.0,F.csv,1030121
512,E773,1.0,1.0,False,WCOA21,2021_WCOA_RonBrown,7/15/2021,,4:48:22 PM,,E773,1040102,2,Niskin; Sterivex 0.22µm filter,95% EtOH,West Coast,CC73.3-50,77.9,35.631,-121.292,1000.0,Sean McAllister,,7/15/2021 4:48:22 PM,7/15/2021 ,2021/07/15 04:48:00,2021/07/15 00:00:00,2021/07/14 21:48:00,35.631,-121.292,1040102,2,78.0,1772.0,33RO20210613,WCOA2021,CC73.3-50,104.0,1.0,11081.0,2.0,14.0,2021-07-15,2021.0,7.0,15.0,16:48:22,196.7,35.631,-121.292,88.0,78.5,77.9,10.794,33.81,2.0,33.8257,3.0,136.6,2.0,,,9.0,,9.0,,9.0,,,9.0,,,9.0,,9.0,,9.0,,9.0,,9.0,,9.0,,9.0,,9.0,,9.0,,9.0,,9.0,,9.0,,9.0,,9.0,,9.0,,,,,,,,,,,,,,,,,,,,,,,,,,,,,,,,,,,,,,,,,,,,,,,,,,,,,,,,,,,,,,,,,,,,,,,,,,,,,,,,,,,,,,,,,,,,,0.0,78.5,,,,,33.8257,,,0.0,,10.794,,,,,,,,,,,,,11081.0,16:48:22,2021/07/15 16:48:22,2.0,11081.0,2.0,78.0,77.42,10.7656,33.8125,25.8941,3.13,136.43,0.045,155.09,7.08,dRB2102_CTD_104_01_F.csv,dRB2102,CTD,104.0,F.csv,1040101
513,E774,1.0,1.0,False,WCOA21,2021_WCOA_RonBrown,7/15/2021,,4:56:26 PM,,E774,1040106,6,Niskin; Sterivex 0.22µm filter,95% EtOH,West Coast,CC73.3-50,39.4,35.631,-121.292,1000.0,Sean McAllister,,7/15/2021 4:56:26 PM,7/15/2021 ,2021/07/15 04:56:00,2021/07/15 00:00:00,2021/07/14 21:56:00,35.631,-121.292,1040106,6,39.0,1776.0,33RO20210613,WCOA2021,CC73.3-50,104.0,1.0,11082.0,2.0,14.0,2021-07-15,2021.0,7.0,15.0,16:56:26,196.706,35.631,-121.292,88.0,39.7,39.4,11.899,33.723,2.0,,9.0,173.9,2.0,,,9.0,,9.0,,9.0,,,9.0,,,9.0,,9.0,,9.0,,9.0,,9.0,,9.0,,9.0,,9.0,,9.0,,9.0,,9.0,,9.0,,9.0,,9.0,,9.0,,,,,,,,,,,,,,,,,,,,,,,,,,,,,,,,,,,,,,,,,,,,,,,,,,,,,,,,,,,,,,,,,,,,,,,,,,,,,,,,,,,,,,,,,,,,,0.0,39.7,,,,,33.723,,,0.0,,11.899,,,,,,,,,,,,,11082.0,16:56:26,2021/07/15 16:56:26,6.0,11082.0,6.0,39.0,38.71,11.6173,33.74,25.683,3.77,164.24,0.057,156.27,46.08,dRB2102_CTD_104_01_F.csv,dRB2102,CTD,104.0,F.csv,1040105
514,E775,1.0,1.0,False,WCOA21,2021_WCOA_RonBrown,7/15/2021,,5:04:21 PM,,E775,1040112,12,Niskin; Sterivex 0.22µm filter,95% EtOH,West Coast,CC73.3-50,3.4,35.632,-121.292,1000.0,Sean McAllister,,7/15/2021 5:04:21 PM,7/15/2021 ,2021/07/15 05:04:00,2021/07/15 00:00:00,2021/07/14 22:04:00,35.632,-121.292,1040112,12,3.0,1782.0,33RO20210613,WCOA2021,CC73.3-50,104.0,1.0,11026.0,2.0,14.0,2021-07-15,2021.0,7.0,15.0,17:04:21,196.711,35.632,-121.292,88.0,3.4,3.4,13.964,33.671,2.0,33.705,2.0,244.8,2.0,,,9.0,,9.0,,9.0,,,9.0,,,9.0,,9.0,,9.0,,9.0,,9.0,,9.0,4.7,2.0,,9.0,,9.0,,9.0,,9.0,,9.0,,9.0,,9.0,,9.0,,,,,,,,,,,,,,,,,,,,,,,,,,,,,,,,,,,,,,,,,,,,,,,,,,,,,,,,,,,,,,,,,,,,,,,,,,,,,,,,,,,,,,,,,,,,,0.0,3.4,,,,,33.705,,,0.0,,13.964,,,,,,,,,,,,,11026.0,17:04:21,2021/07/15 17:04:21,12.0,11026.0,12.0,3.0,2.98,13.6761,33.6787,25.233,5.53,240.8,0.1,155.8,81.23,dRB2102_CTD_104_01_F.csv,dRB2102,CTD,104.0,F.csv,1040111
515,E777,1.0,1.0,False,WCOA21,2021_WCOA_RonBrown,7/15/2021,,7:22:35 PM,,E777,1050102,2,Niskin; Sterivex 0.22µm filter,95% EtOH,West Coast,CC73.3-55,981.0,35.477,-121.612,1000.0,Sean McAllister,,7/15/2021 7:22:35 PM,7/15/2021 ,2021/07/15 07:22:00,2021/07/15 00:00:00,2021/07/15 00:22:00,35.477,-121.612,1050102,2,981.0,1784.0,33RO20210613,WCOA2021,CC73.3-55,105.0,1.0,11081.0,2.0,14.0,2021-07-15,2021.0,7.0,15.0,19:22:35,196.807,35.477,-121.612,991.0,990.5,981.0,4.233,34.44,2.0,,9.0,16.8,2.0,,,9.0,,9.0,,9.0,,,9.0,,,9.0,,9.0,,9.0,,9.0,,9.0,,9.0,,9.0,,9.0,,9.0,,9.0,,9.0,,9.0,,9.0,,9.0,,9.0,,,,,,,,,,,,,,,,,,,,,,,,,,,,,,,,,,,,,,,,,,,,,,,,,,,,,,,,,,,,,,,,,,,,,,,,,,,,,,,,,,,,,,,,,,,,,0.0,990.5,,,,,34.44,,,0.0,,4.233,,,,,,,,,,,,,11081.0,19:22:35,2021/07/15 19:22:35,2.0,11081.0,2.0,981.0,971.58,4.2377,34.4398,27.3236,0.39,16.96,0.041,142.18,19.14,dRB2102_CTD_105_01_F.csv,dRB2102,CTD,105.0,F.csv,1050101
516,E778,1.0,1.0,False,WCOA21,2021_WCOA_RonBrown,7/15/2021,,7:28:47 PM,,E778,1050103,3,Niskin; Sterivex 0.22µm filter,95% EtOH,West Coast,CC73.3-55,743.8,35.476,-121.613,1000.0,Sean McAllister,,7/15/2021 7:28:47 PM,7/15/2021 ,2021/07/15 07:28:00,2021/07/15 00:00:00,2021/07/15 00:28:00,35.476,-121.613,1050103,3,744.0,1785.0,33RO20210613,WCOA2021,CC73.3-55,105.0,1.0,11020.0,2.0,14.0,2021-07-15,2021.0,7.0,15.0,19:28:47,196.812,35.476,-121.613,991.0,750.6,743.8,5.199,34.377,2.0,,9.0,12.2,2.0,11.9,0.392,2.0,2338.4,2.0,2337.3,6.0,7.3104,24.95,6.0,47.422687065267645,24.88,6.0,93.8,2.0,3.2,2.0,41.0,2.0,0.01,2.0,0.01,2.0,,9.0,0.869,2.0,,9.0,,9.0,,9.0,,9.0,,9.0,,9.0,,9.0,387.2429741803059,21.057565819694155,66.81310909968856,40.5973197772537,67.10914919619476,0.1126219919380573,0.0,1.252256492347601e-07,0.6181112719224495,93.18188872807754,2230.989571123058,0.0004905457195587163,3.024250118772813,0.0,0.0030604883031585,0.0257840511549803,0.0,0.0,0.3189417943222023,0.0631277640634796,27732.84034480691,2337.3,0.0,0.0,0.0,21.057565819694155,3.150505521674124,0.6181112719224495,0.0,0.0,0.0,66.81310909968869,0.0,0.0,-0.0001282253729610328,0.00012967920581215817,28995.0,2230.989571123058,40.5973197772537,2338.4,0.0403895461947434,0.040335179289139,1286.095552694822,0.7873301483974939,0.9959006902495446,-0.00012967920581215842,0.00012418460951721575,83.14462618,0.0257840511549803,0.3189417943222023,1.0442453885091192,1.0379898093094178,0.0519503461151793,1e-07,1.2058096927384222e-10,7.68229431543774e-07,1e-07,0.2336440800591936,1.5685134031838395e-09,4.891176453571029e-07,9.631622945796667e-07,5.248841236544585e-10,0.0035273893275401,0.0259414069577618,7.745654414603456e-07,6.02096794656986e-10,1.9133691562401639e-10,1.4559637382244562e-07,9.199729278896942e-15,0.0001268037765314918,-0.00013568253216154685,1.0,1.0,3.0,1.0,10.0,1.0,1.0,0.0,1.0,1.0,1291.3893576803955,7.539936385660706,7.588648845864336,7.636455706599868,7.532612588337814,7.539936385660706,2338.4,2.0,2337.3,1.0,0.0,,750.6,1.0,1.0,0.9152586374888592,18.83003062207823,34.377,0.5338170940902873,0.838436328425491,,0.0865259519426654,5.199,0.0,0.0,0.0,408.30054000000007,10101.504360174598,67.10963974191434,3.2,93.79999999999998,27732.84340529521,0.0,0.9914407196575984,1302.5381468358355,11020.0,19:28:47,2021/07/15 19:28:47,3.0,11020.0,3.0,744.0,737.27,5.2497,34.3702,27.1541,0.27,11.92,0.041,143.33,100.0,dRB2102_CTD_105_01_F.csv,dRB2102,CTD,105.0,F.csv,1050103
517,E779,1.0,1.0,False,WCOA21,2021_WCOA_RonBrown,7/15/2021,,7:46:25 PM,,E779,1050107,7,Niskin; Sterivex 0.22µm filter,95% EtOH,West Coast,CC73.3-55,197.6,35.476,-121.613,1000.0,Sean McAllister,,7/15/2021 7:46:25 PM,7/15/2021 ,2021/07/15 07:46:00,2021/07/15 00:00:00,2021/07/15 00:46:00,35.476,-121.613,1050107,7,198.0,1789.0,33RO20210613,WCOA2021,CC73.3-55,105.0,1.0,11004.0,2.0,14.0,2021-07-15,2021.0,7.0,15.0,19:46:25,196.824,35.476,-121.613,991.0,199.1,197.6,9.192,34.094,2.0,,9.0,77.9,2.0,77.4,2.543,2.0,2227.4,2.0,2263.5,2.0,7.4317,24.95,2.0,59.50046899482059,24.88,2.0,35.3,2.0,2.27,2.0,27.7,2.0,0.02,2.0,0.01,2.0,,9.0,10.291,2.0,,9.0,,9.0,,9.0,,9.0,,9.0,,9.0,,9.0,377.8997305360484,27.03957803538021,48.4630663971352,54.36626502202692,66.55675493603157,0.0611267778351727,0.0,5.603445017362693e-08,0.3276797680683918,34.972320231931604,2124.5706685808377,0.0004215878311011551,2.14233315665428,0.0,0.0029569501442695,0.020034097385882,0.0,0.0,0.5775430874493107,0.0665400094760978,27504.53679521366,2263.5,0.0,0.0,0.0,27.03957803538021,2.2754131195720246,0.3276797680683918,0.0,0.0,0.0,48.46306639713508,0.0,0.0,-0.00012910096074127386,0.00012875971347382214,28995.0,2124.5706685808377,54.36626502202692,2227.4,0.0399943302166226,0.0399436033319906,1069.5702828381793,0.7713827523092798,0.9961095766267286,-0.00012875971347382296,0.00012141902924032096,83.14462618,0.020034097385882,0.5775430874493107,1.060457444598507,1.0534468927341436,0.0453107824466993,1e-07,1.6007764914476618e-10,6.82795813667517e-07,1e-07,0.1863503075209969,1.6450613275658662e-09,4.340766104296215e-07,1.0079037405025933e-06,5.88324699632575e-10,0.0031628154602897,0.0250804401515626,8.057758948771842e-07,7.140927343269018e-10,2.15418970675515e-10,1.6981011648742718e-07,1.3278320757855642e-14,0.00012944402160611435,-0.00013704511065898393,1.0,1.0,3.0,1.0,10.0,1.0,1.0,0.0,1.0,1.0,1073.747615659134,7.638441234722282,7.698230219448459,7.743279719228269,7.630549643282991,7.638441234722282,2227.4,2.0,2263.5,1.0,0.0,,199.1,1.0,1.0,0.8859785559402684,18.34473569699998,34.094,0.7976909895861455,1.254755624244875,,0.1060477359003962,9.192,0.0,0.0,0.0,404.9393085714286,10018.346268022013,66.55717652386268,2.27,35.3,27504.5397521638,0.0,0.9887450109909288,1085.9701983052382,11004.0,19:46:25,2021/07/15 19:46:25,7.0,11004.0,7.0,198.0,196.47,9.2166,34.0892,26.3737,1.82,79.33,0.04,145.37,99.78,dRB2102_CTD_105_01_F.csv,dRB2102,CTD,105.0,F.csv,1050107
518,E780,1.0,1.0,False,WCOA21,2021_WCOA_RonBrown,7/15/2021,,7:54:41 PM,,E780,1050111,11,Niskin; Sterivex 0.22µm filter,95% EtOH,West Coast,CC73.3-55,99.7,35.476,-121.613,1000.0,Sean McAllister,,7/15/2021 7:54:41 PM,7/15/2021 ,2021/07/15 07:54:00,2021/07/15 00:00:00,2021/07/15 00:54:00,35.476,-121.613,1050111,11,100.0,1793.0,33RO20210613,WCOA2021,CC73.3-55,105.0,1.0,11023.0,2.0,14.0,2021-07-15,2021.0,7.0,15.0,19:54:41,196.83,35.476,-121.613,991.0,100.5,99.7,9.997,33.915,2.0,,9.0,111.6,2.0,,,9.0,,9.0,,9.0,,,9.0,,,9.0,,9.0,,9.0,,9.0,,9.0,,9.0,,9.0,,9.0,,9.0,,9.0,,9.0,,9.0,,9.0,,9.0,,9.0,,,,,,,,,,,,,,,,,,,,,,,,,,,,,,,,,,,,,,,,,,,,,,,,,,,,,,,,,,,,,,,,,,,,,,,,,,,,,,,,,,,,,,,,,,,,,0.0,100.5,,,,,33.915,,,0.0,,9.997,,,,,,,,,,,,,11023.0,19:54:41,2021/07/15 19:54:41,11.0,11023.0,11.0,100.0,99.25,10.0151,33.9093,26.0996,2.58,112.42,0.041,146.13,99.63,dRB2102_CTD_105_01_F.csv,dRB2102,CTD,105.0,F.csv,1050110
519,E781,1.0,1.0,False,WCOA21,2021_WCOA_RonBrown,7/15/2021,,8:11:53 PM,,E781,1050121,21,Niskin; Sterivex 0.22µm filter,95% EtOH,West Coast,CC73.3-55,3.7,35.475,-121.614,1000.0,Sean McAllister,,7/15/2021 8:11:53 PM,7/15/2021 ,2021/07/15 08:11:00,2021/07/15 00:00:00,2021/07/15 01:11:00,35.475,-121.614,1050121,21,4.0,1803.0,33RO20210613,WCOA2021,CC73.3-55,105.0,1.0,11062.0,2.0,14.0,2021-07-15,2021.0,7.0,15.0,20:11:53,196.842,35.475,-121.614,991.0,3.8,3.7,14.332,33.684,2.0,,9.0,241.5,2.0,,,9.0,,9.0,,9.0,,,9.0,,,9.0,,9.0,,9.0,,9.0,,9.0,,9.0,,9.0,,9.0,,9.0,,9.0,,9.0,,9.0,,9.0,,9.0,,9.0,,,,,,,,,,,,,,,,,,,,,,,,,,,,,,,,,,,,,,,,,,,,,,,,,,,,,,,,,,,,,,,,,,,,,,,,,,,,,,,,,,,,,,,,,,,,,0.0,3.8,,,,,33.684,,,0.0,,14.332,,,,,,,,,,,,,11062.0,20:11:53,2021/07/15 20:11:53,21.0,11062.0,21.0,4.0,3.97,14.6176,33.6851,25.0409,5.86,255.18,0.112,144.93,99.62,dRB2102_CTD_105_01_F.csv,dRB2102,CTD,105.0,F.csv,1050120
520,E782,1.0,1.0,False,WCOA21,2021_WCOA_RonBrown,7/15/2021,,11:08:53 PM,,E782,1060102,2,Niskin; Sterivex 0.22µm filter,95% EtOH,West Coast,CC73.3-60,2459.6,35.31,-121.963,1000.0,Sean McAllister,,7/15/2021 11:08:53 PM,7/15/2021 ,2021/07/15 11:08:00,2021/07/15 00:00:00,2021/07/15 04:08:00,35.31,-121.963,1060102,2,2460.0,1805.0,33RO20210613,WCOA2021,CC73.3-60,106.0,1.0,11081.0,2.0,14.0,2021-07-15,2021.0,7.0,15.0,23:08:53,196.965,35.31,-121.963,2470.0,2492.2,2459.6,1.792,34.644,2.0,,9.0,98.6,2.0,,,9.0,,9.0,,9.0,,,9.0,,,9.0,,9.0,,9.0,,9.0,,9.0,,9.0,,9.0,0.0,2.0,,9.0,,9.0,,9.0,,9.0,,9.0,,9.0,,9.0,,,,,,,,,,,,,,,,,,,,,,,,,,,,,,,,,,,,,,,,,,,,,,,,,,,,,,,,,,,,,,,,,,,,,,,,,,,,,,,,,,,,,,,,,,,,,0.0,2492.2,,,,,34.644,,,0.0,,1.792,,,,,,,,,,,,,11081.0,23:08:53,2021/07/15 23:08:53,2.0,11081.0,2.0,2460.0,2427.94,1.8078,34.6425,27.7133,2.25,97.65,0.04,155.5,91.29,dRB2102_CTD_106_01_F.csv,dRB2102,CTD,106.0,F.csv,1060101
521,E783,1.0,1.0,False,WCOA21,2021_WCOA_RonBrown,7/15/2021,,11:20:23 PM,,E783,1060103,3,Niskin; Sterivex 0.22µm filter,95% EtOH,West Coast,CC73.3-60,1976.1,35.31,-121.963,1000.0,Sean McAllister,,7/15/2021 11:20:23 PM,7/15/2021 ,2021/07/15 11:20:00,2021/07/15 00:00:00,2021/07/15 04:20:00,35.31,-121.963,1060103,3,1976.0,1806.0,33RO20210613,WCOA2021,CC73.3-60,106.0,1.0,11020.0,2.0,14.0,2021-07-15,2021.0,7.0,15.0,23:20:23,196.972,35.31,-121.963,2470.0,2000.0,1976.1,2.114,34.606,2.0,,9.0,73.3,2.0,72.4,2.38,2.0,2374.3,6.0,2412.6,2.0,7.4266,25.1,6.0,64.9785549329027,24.92,2.0,162.6,2.0,3.17,2.0,41.0,2.0,0.01,2.0,0.02,2.0,,9.0,1.438,2.0,,9.0,,9.0,,9.0,,9.0,,9.0,,9.0,,9.0,381.6972036105058,29.32320210377991,48.89369568492467,52.96184069030654,67.55634662769363,0.0810197168698159,0.0,6.320613651830443e-08,1.4252593222467316,161.17474067775328,2272.444463624769,0.0003393224674463764,3.0093763963529963,0.0,0.0018661296714653,0.0199573889687046,0.0,0.0,0.3369724294103068,0.0796038235710518,27917.5819510634,2412.6,0.0,0.0,0.0,29.32320210377991,3.168583980288964,1.4252593222467316,0.0,0.0,0.0,48.89369568492454,0.0,0.0,-0.0001310123037891748,0.00013078821020197142,28995.0,2272.444463624769,52.96184069030654,2374.3,0.0433990602132536,0.0433416795226759,841.4003004276769,0.7998526163258017,0.9957290871419732,-0.00013078821020197186,0.00012375890678876367,83.14462618,0.0199573889687046,0.3369724294103068,1.0567983638155891,1.0484934738512235,0.0581099099442591,1e-07,1.0577572147755872e-10,9.883573340873322e-07,1e-07,0.2985655555358921,1.676552632049405e-09,6.371530022085743e-07,1.0142971133479236e-06,5.08621329423139e-10,0.0039733540107142,0.0279741083513952,8.106074026648992e-07,5.772742617263704e-10,1.9298417005741037e-10,1.332498023099765e-07,7.353924136493163e-15,0.00013123716662197336,-0.0001386641044549675,1.0,1.0,3.0,1.0,10.0,1.0,1.0,0.0,1.0,1.0,845.009261347116,7.6610752236387345,7.699896278211891,7.751364561558793,7.654374531284203,7.6610752236387345,2374.3,2.0,2412.6,1.0,0.0,,2000.0,1.0,1.0,0.8925086075824005,19.184881812608,34.606,0.5449022061669913,0.8452570888918364,,0.1138648180475012,2.114,0.0,0.0,0.0,411.02040571428574,10168.794830503017,67.55668595016108,3.17,162.6,27917.58381719307,0.0,0.993114972293662,850.8675077121368,11020.0,23:20:23,2021/07/15 23:20:23,3.0,11020.0,3.0,1976.0,1952.46,2.1196,34.6044,27.6561,1.65,71.56,0.04,157.32,99.95,dRB2102_CTD_106_01_F.csv,dRB2102,CTD,106.0,F.csv,1060103
522,E784,1.0,1.0,False,WCOA21,2021_WCOA_RonBrown,7/16/2021,,12:18:53 AM,,E784,1060114,14,Niskin; Sterivex 0.22µm filter,95% EtOH,West Coast,CC73.3-60,99.7,35.31,-121.964,1000.0,Sean McAllister,,7/16/2021 12:18:53 AM,7/16/2021 ,2021/07/16 12:18:00,2021/07/16 00:00:00,2021/07/16 05:18:00,35.31,-121.964,1060114,14,100.0,1817.0,33RO20210613,WCOA2021,CC73.3-60,106.0,1.0,11011.0,2.0,14.0,2021-07-16,2021.0,7.0,16.0,00:18:53,197.013,35.31,-121.964,2470.0,100.4,99.7,9.681,33.964,2.0,,9.0,105.9,2.0,,,9.0,,9.0,,9.0,,,9.0,,,9.0,,9.0,,9.0,,9.0,,9.0,,9.0,,9.0,,9.0,,9.0,,9.0,,9.0,,9.0,,9.0,,9.0,,9.0,,,,,,,,,,,,,,,,,,,,,,,,,,,,,,,,,,,,,,,,,,,,,,,,,,,,,,,,,,,,,,,,,,,,,,,,,,,,,,,,,,,,,,,,,,,,,0.0,100.4,,,,,33.964,,,0.0,,9.681,,,,,,,,,,,,,11011.0,00:18:53,2021/07/16 00:18:53,14.0,11011.0,14.0,100.0,99.25,9.6313,33.9683,26.2098,2.4,104.24,0.042,166.93,99.64,dRB2102_CTD_106_01_F.csv,dRB2102,CTD,106.0,F.csv,1060113
523,E785,1.0,1.0,False,WCOA21,2021_WCOA_RonBrown,7/16/2021,,12:36:46 AM,,E785,1060124,24,Niskin; Sterivex 0.22µm filter,95% EtOH,West Coast,CC73.3-60,4.5,35.309,-121.965,1000.0,Sean McAllister,,7/16/2021 12:36:46 AM,7/16/2021 ,2021/07/16 12:36:00,2021/07/16 00:00:00,2021/07/16 05:36:00,35.309,-121.965,1060124,24,4.0,1827.0,33RO20210613,WCOA2021,CC73.3-60,106.0,1.0,11001.0,2.0,14.0,2021-07-16,2021.0,7.0,16.0,00:36:46,197.026,35.309,-121.965,2470.0,4.5,4.5,15.395,33.63,2.0,,9.0,258.2,2.0,,,9.0,,9.0,,9.0,,,9.0,,,9.0,,9.0,,9.0,,9.0,,9.0,,9.0,,9.0,16.272,2.0,,9.0,,9.0,,9.0,,9.0,,9.0,,9.0,,9.0,,,,,,,,,,,,,,,,,,,,,,,,,,,,,,,,,,,,,,,,,,,,,,,,,,,,,,,,,,,,,,,,,,,,,,,,,,,,,,,,,,,,,,,,,,,,,0.0,4.5,,,,,33.63,,,0.0,,15.395,,,,,,,,,,,,,11001.0,00:36:46,2021/07/16 00:36:46,24.0,11001.0,24.0,4.0,3.97,15.4139,33.6278,24.8235,5.85,254.76,0.067,164.85,88.21,dRB2102_CTD_106_01_F.csv,dRB2102,CTD,106.0,F.csv,1060123
524,E786,1.0,1.0,False,WCOA21,2021_WCOA_RonBrown,7/16/2021,,5:56:17 AM,,E786,1070101,1,Niskin; Sterivex 0.22µm filter,95% EtOH,West Coast,CC73.3-70,4042.9,34.976,-122.666,1000.0,Sean McAllister,Not enough water for replicates on bottom or 100m,7/16/2021 5:56:17 AM,7/16/2021 ,2021/07/16 05:56:00,2021/07/16 00:00:00,2021/07/15 22:56:00,34.976,-122.666,1070101,1,4043.0,1828.0,33RO20210613,WCOA2021,CC73.3-70,107.0,1.0,11031.0,2.0,14.0,2021-07-16,2021.0,7.0,16.0,05:56:17,197.247,34.976,-122.666,4053.0,4111.7,4042.9,1.509,34.681,2.0,,9.0,137.2,2.0,135.6,4.458,3.0,2353.4,2.0,2434.4,2.0,7.5538,25.08,2.0,84.83189823748619,24.89,2.0,168.5,6.0,2.84,6.0,36.8,6.0,0.02,6.0,0.02,6.0,,9.0,0.0,2.0,,9.0,,9.0,,9.0,,9.0,,9.0,,9.0,,9.0,370.25854243529767,41.65264899327377,34.281117519480226,68.20379469024931,67.7028240801684,0.0526168319387584,0.0,3.160783557208076e-08,2.128847772808536,166.3711522271915,2250.9150877902703,0.0002743836105994683,2.688302508328074,0.0,0.0013774686817405,0.0176891871081218,0.0,0.0,0.428703369578508,0.0990806281253316,27978.08694143766,2434.4,0.0,0.0,0.0,41.65264899327377,2.8864637329709018,2.128847772808536,0.0,0.0,0.0,34.28111751948041,0.0,0.0,-0.00014213758713018065,0.0001401178821576795,28995.0,2250.9150877902703,68.20379469024931,2353.4,0.0450454970632557,0.0449875039666927,576.8244848045265,0.8024418948635639,0.9956943365926672,-0.00014011788215767835,0.00013046930921987727,83.14462618,0.0176891871081218,0.428703369578508,1.073952816915292,1.063087322469233,0.0594307600016274,1e-07,1.2623516211430528e-10,1.4624547436433758e-06,1e-07,0.3592891957507413,2.144924783347277e-09,9.671679996587463e-07,1.2519260295225144e-06,5.77728715134918e-10,0.0043647210570844,0.031739820482484,9.7415478809688e-07,7.027245753690912e-10,2.4397263175830667e-10,1.4231486219895752e-07,8.17393961278139e-15,0.00014421636903272055,-0.00015130749784361957,1.0,1.0,3.0,1.0,10.0,1.0,1.0,0.0,1.0,1.0,579.3188367209746,7.719725472130366,7.752292124273356,7.809106569076403,7.713520163855828,7.719725472130366,2353.4,2.0,2434.4,1.0,0.0,,4111.7,1.0,1.0,0.8622792067761298,18.0379586131928,34.681,0.4752649597652902,0.7186481512430808,,0.1272480795206687,1.509,0.0,0.0,0.0,411.9111914285714,10190.833194147692,67.703098463779,2.84,168.5,27978.08831890634,0.0,0.9934070457772072,583.1636076908792,11031.0,05:56:17,2021/07/16 05:56:17,1.0,11031.0,1.0,4043.0,3975.95,1.5079,34.6804,27.7761,3.13,136.16,0.04,150.67,99.93,dRB2102_CTD_107_01_F.csv,dRB2102,CTD,107.0,F.csv,1070101
525,E787,1.0,1.0,False,WCOA21,2021_WCOA_RonBrown,7/16/2021,,7:36:05 AM,,E787,1070111,11,Niskin; Sterivex 0.22µm filter,95% EtOH,West Coast,CC73.3-70,100.3,34.975,-122.667,1000.0,Sean McAllister,Not enough water for replicates on bottom or 100m,7/16/2021 7:36:05 AM,7/16/2021 ,2021/07/16 07:36:00,2021/07/16 00:00:00,2021/07/16 00:36:00,34.975,-122.667,1070111,11,100.0,1838.0,33RO20210613,WCOA2021,CC73.3-70,107.0,1.0,11023.0,2.0,14.0,2021-07-16,2021.0,7.0,16.0,07:36:05,197.317,34.975,-122.667,4053.0,101.1,100.3,9.293,33.865,2.0,,9.0,130.2,2.0,131.0,4.302,2.0,2188.3,2.0,2243.8,3.0,7.5004,25.08,2.0,68.67561139742917,24.845,2.0,26.8,2.0,2.08,2.0,24.9,2.0,0.03,2.0,0.02,2.0,,9.0,4.334,2.0,,9.0,,9.0,,9.0,,9.0,,9.0,,9.0,,9.0,371.3025945212683,30.9168483358746,40.78580319940721,62.31594512665881,66.10977142277518,0.0479544527225123,0.0,3.7599534758745727e-08,0.2900330710786494,26.50996692892135,2085.198251673934,0.0003588928407550953,1.9604832652738773,0.0,0.002533798169123,0.0169931480073351,0.0,0.0,0.6792547883291983,0.0715622444040744,27319.796806467777,2243.8,0.0,0.0,0.0,30.9168483358746,2.103607716482492,0.2900330710786494,0.0,0.0,0.0,40.78580319940737,0.0,0.0,-0.00013253560791993063,0.00013124432747498103,28995.0,2085.198251673934,62.31594512665881,2188.3,0.0406601563156385,0.0406095178158508,901.9897716638012,0.7703176898015793,0.9961146756753064,-0.0001312443274749812,0.00012267954973975464,83.14462618,0.0169931480073351,0.6792547883291983,1.0698142253814522,1.062481389136608,0.0452175894679759,1e-07,1.5994193562661406e-10,6.659774762733397e-07,1e-07,0.1832227034970596,1.6259289581430684e-09,4.227806576546663e-07,9.983266559353625e-07,5.83560877288648e-10,0.0031302188367834,0.0249046706165816,7.983044219706137e-07,7.12779413277356e-10,2.1363513020171406e-10,1.6967275044800526e-07,1.3263771851430201e-14,0.0001338525500207723,-0.00014109474801289232,1.0,1.0,3.0,1.0,10.0,1.0,1.0,0.0,1.0,1.0,905.5079637816858,7.7093656655877,7.769726159943646,7.814786161747612,7.701456032989315,7.7093656655877,2188.3,2.0,2243.8,1.0,0.0,,101.1,1.0,1.0,0.8694834603520825,17.83752878651849,33.865,0.931126755984883,1.4667403435185278,,0.1227081792481209,9.293,0.0,0.0,0.0,402.21944285714295,9951.055797693598,66.11013031561593,2.08,26.8,27319.799340265945,0.0,0.9886667070170612,915.8879907200716,11023.0,07:36:05,2021/07/16 07:36:05,11.0,11023.0,11.0,100.0,99.25,9.4407,33.8384,26.1395,3.09,134.27,0.04,163.35,99.54,dRB2102_CTD_107_01_F.csv,dRB2102,CTD,107.0,F.csv,1070111
526,E788.1B,1.0,1.0,False,WCOA21,2021_WCOA_RonBrown,7/16/2021,,7:55:13 AM,,E788.1B,1070122,22,Niskin; Sterivex 0.22µm filter,95% EtOH,West Coast,CC73.3-70,3.2,34.974,-122.668,1000.0,Sean McAllister,,7/16/2021 7:55:13 AM,7/16/2021 ,2021/07/16 07:55:00,2021/07/16 00:00:00,2021/07/16 00:55:00,34.974,-122.668,1070122,22,3.0,1849.0,33RO20210613,WCOA2021,CC73.3-70,107.0,1.0,11024.0,2.0,14.0,2021-07-16,2021.0,7.0,16.0,07:55:13,197.33,34.974,-122.668,4053.0,3.2,3.2,15.055,33.658,2.0,,9.0,261.8,2.0,259.5,8.51,2.0,2057.6,6.0,2248.3,2.0,7.8615,25.08,2.0,144.20139828936476,24.845,2.0,2.0,2.0,0.78,2.0,5.5,2.0,0.22,2.0,0.49,2.0,0.6,2.0,5.925,2.0,,9.0,,9.0,,9.0,,9.0,,9.0,,9.0,,9.0,335.3064853256287,64.45438896008558,16.46120407799729,139.452787574176,65.70583597448454,0.007749852122743,0.0,3.099152094663909e-09,0.0538902516922793,1.9461097483077203,1901.6860083478264,0.00019580354589848287,0.7029840637783535,0.0,0.0015748134040114,0.0082689147040586,0.0,0.0,2.3686606010181546,0.0692660809997509,27152.80534072391,2248.3,0.0,0.0,0.0,64.45438896008558,0.8415162226787034,0.0538902516922793,0.0,0.0,0.0,16.46120407799729,0.0,0.0,-0.0002051278152166289,0.00019355802149480104,28995.0,1901.6860083478264,139.452787574176,2057.6,0.0416829034479033,0.0416370196950651,436.8846569090488,0.7483417797736105,0.9963914477040876,-0.00019355802149480104,0.0001677505849633329,83.14462618,0.0082689147040586,2.3686606010181546,1.1538440926278084,1.1581140691891385,0.0376786042212145,1e-07,2.5658551852878606e-10,6.420848784524516e-07,1e-07,0.1425719585358066,1.89221358353908e-09,4.114583179807258e-07,1.1371999337406742e-06,7.218517313078246e-10,0.0027748013997334,0.0246155837311844,8.929182057604154e-07,9.699173991724998e-10,2.7258534145758675e-10,2.145879390892015e-07,2.3316451153065282e-14,0.0002181686944960637,-0.00022874983180807884,1.0,1.0,3.0,1.0,10.0,1.0,1.0,0.0,1.0,1.0,438.4668876029901,8.006840386347498,8.082551487904382,8.124186524970236,7.998286517445197,8.006840386347498,2057.6,2.0,2248.3,1.0,0.0,,3.2,1.0,1.0,0.7333364297468681,12.265829060743677,33.658,2.1480339711250807,3.352028798519009,,0.2299801215042674,15.055,0.0,0.0,0.0,399.7608742857143,9890.229914034288,65.70603177803044,0.7799999999999999,2.0,27152.80691553732,0.0,0.983433488401695,445.8531184611168,11024.0,07:55:13,2021/07/16 07:55:13,22.0,11024.0,22.0,3.0,2.98,15.0558,33.6485,24.9181,5.97,260.04,0.079,162.26,99.67,dRB2102_CTD_107_01_F.csv,dRB2102,CTD,107.0,F.csv,1070122
527,E788.2B,2.0,1.0,False,WCOA21,2021_WCOA_RonBrown,7/16/2021,,7:55:17 AM,,E788.2B,1070123,23,Niskin; Sterivex 0.22µm filter,95% EtOH,West Coast,CC73.3-70,3.4,34.974,-122.668,1000.0,Sean McAllister,,7/16/2021 7:55:17 AM,7/16/2021 ,2021/07/16 07:55:00,2021/07/16 00:00:00,2021/07/16 00:55:00,34.974,-122.668,1070123,23,3.0,1850.0,33RO20210613,WCOA2021,CC73.3-70,107.0,1.0,11061.0,2.0,14.0,2021-07-16,2021.0,7.0,16.0,07:55:17,197.33,34.974,-122.668,4053.0,3.4,3.4,15.054,33.659,2.0,,9.0,261.8,2.0,259.5,8.51,9.0,2057.6,9.0,2248.3,9.0,7.8615,25.08,9.0,144.20139828936476,24.845,9.0,2.0,9.0,0.78,9.0,5.5,9.0,0.22,9.0,0.49,9.0,0.6,9.0,5.58,2.0,,9.0,,9.0,,9.0,,9.0,,9.0,,9.0,,9.0,,,,,,,,,,,,,,,,,,,,,,,,,,,,,,,,,,,,,,,,,,,,,,,,,,,,,,,,,,,,,,,,,,,,,,,,,,,,,,,,,,,,,,,,,,,,,0.0,3.4,,,,,33.659,,,0.0,,15.054,,,,,,,,,,,,,11061.0,07:55:17,2021/07/16 07:55:17,23.0,11061.0,23.0,3.0,2.98,15.0558,33.6485,24.9181,5.97,260.04,0.079,162.26,99.67,dRB2102_CTD_107_01_F.csv,dRB2102,CTD,107.0,F.csv,1070122
528,E788.3B,3.0,1.0,False,WCOA21,2021_WCOA_RonBrown,7/16/2021,,7:55:21 AM,,E788.3B,1070124,24,Niskin; Sterivex 0.22µm filter,95% EtOH,West Coast,CC73.3-70,2.8,34.974,-122.668,1000.0,Sean McAllister,,7/16/2021 7:55:21 AM,7/16/2021 ,2021/07/16 07:55:00,2021/07/16 00:00:00,2021/07/16 00:55:00,34.974,-122.668,1070124,24,3.0,1851.0,33RO20210613,WCOA2021,CC73.3-70,107.0,1.0,11001.0,2.0,14.0,2021-07-16,2021.0,7.0,16.0,07:55:21,197.33,34.974,-122.668,4053.0,2.8,2.8,15.052,33.658,2.0,,9.0,261.8,2.0,259.5,8.51,9.0,2057.6,9.0,2248.3,9.0,7.8615,25.08,9.0,144.20139828936476,24.845,9.0,2.0,9.0,0.78,9.0,5.5,9.0,0.22,9.0,0.49,9.0,0.6,9.0,5.58,9.0,,9.0,,9.0,,9.0,,9.0,,9.0,,9.0,,9.0,,,,,,,,,,,,,,,,,,,,,,,,,,,,,,,,,,,,,,,,,,,,,,,,,,,,,,,,,,,,,,,,,,,,,,,,,,,,,,,,,,,,,,,,,,,,,0.0,2.8,,,,,33.658,,,0.0,,15.052,,,,,,,,,,,,,11001.0,07:55:21,2021/07/16 07:55:21,24.0,11001.0,24.0,3.0,2.98,15.0558,33.6485,24.9181,5.97,260.04,0.079,162.26,99.67,dRB2102_CTD_107_01_F.csv,dRB2102,CTD,107.0,F.csv,1070122
529,E789,1.0,1.0,False,WCOA21,2021_WCOA_RonBrown,7/16/2021,,7:47:05 AM,,E789,1070116,16,Niskin; Sterivex 0.22µm filter,95% EtOH,West Coast,CC73.3-70,30.4,34.975,-122.668,1000.0,Sean McAllister,,7/16/2021 7:47:05 AM,7/16/2021 ,2021/07/16 07:47:00,2021/07/16 00:00:00,2021/07/16 00:47:00,34.975,-122.668,1070116,16,30.0,1843.0,33RO20210613,WCOA2021,CC73.3-70,107.0,1.0,11032.0,2.0,14.0,2021-07-16,2021.0,7.0,16.0,07:47:05,197.324,34.975,-122.668,4053.0,30.7,30.4,14.933,33.691,2.0,,9.0,256.4,2.0,252.5,8.283,2.0,2074.6,2.0,2245.3,2.0,7.8223,25.08,2.0,133.07551393605,24.845,2.0,3.2,2.0,0.91,2.0,7.1,2.0,0.28,2.0,1.01,2.0,,9.0,7.26,2.0,,9.0,,9.0,,9.0,,9.0,,9.0,,9.0,,9.0,341.12114114546443,59.03167885453563,18.547908405075795,127.0642337273683,65.7702362011749,0.0101229918981765,0.0,4.489012883584548e-09,0.077677240486416,3.122322759513584,1928.987857867556,0.000217082847443399,0.8268423866960153,0.0,0.0017399925844994,0.0091962835573269,0.0,0.0,2.112560325633761,0.0730346169167951,27179.42715629857,2245.3,0.0,0.0,0.0,59.03167885453563,0.9729116160405928,0.077677240486416,0.0,0.0,0.0,18.547908405075823,0.0,0.0,-0.0001925374389005857,0.00018296696612544745,28995.0,1928.987857867556,127.0642337273683,2074.6,0.0414763198117071,0.0414303410876069,490.5388129958219,0.7488735463727385,0.9963858643319944,-0.00018296696612544737,0.00016042684097211004,83.14462618,0.0091962835573269,2.112560325633761,1.140500959918895,1.1411745007771026,0.0378112963004901,1e-07,2.5471785223713976e-10,6.45840526722758e-07,1e-07,0.1436498760291796,1.89254393754851e-09,4.1391587125701123e-07,1.1373759047122932e-06,7.203827417981773e-10,0.0027862253921101,0.0246619554852222,8.932711642698232e-07,9.659963730714074e-10,2.720730129384429e-10,2.1385195179214533e-07,2.3103543322720037e-14,0.00020316437997412967,-0.00021287628908600315,1.0,1.0,3.0,1.0,10.0,1.0,1.0,0.0,1.0,1.0,492.31811746415445,7.961130527908679,8.036387646201822,8.078185797255923,7.952594286852626,7.961130527908679,2074.6,2.0,2245.3,1.0,0.0,,30.7,1.0,1.0,0.7536153587649996,12.931751242054723,33.691,1.9477356405995057,3.039087648949788,,0.2097573270596554,14.933,0.0,0.0,0.0,400.1528200000001,9899.926794037943,65.77045328402234,0.91,3.2,27179.42889629116,0.0,0.98356345674193,500.54535280821256,11032.0,07:47:05,2021/07/16 07:47:05,16.0,11032.0,16.0,30.0,29.78,14.9961,33.6908,24.9645,6.0,261.32,0.09,161.43,99.67,dRB2102_CTD_107_01_F.csv,dRB2102,CTD,107.0,F.csv,1070116
530,E790,1.0,1.0,False,WCOA21,2021_WCOA_RonBrown,7/16/2021,,4:55:42 PM,,E790,1080101,1,Niskin; Sterivex 0.22µm filter,95% EtOH,West Coast,CC73.3-80,4131.7,34.643,-123.366,1000.0,Sean McAllister,,7/16/2021 4:55:42 PM,7/16/2021 ,2021/07/16 04:55:00,2021/07/16 00:00:00,2021/07/15 21:55:00,34.643,-123.366,1080101,1,4132.0,1852.0,33RO20210613,WCOA2021,CC73.3-80,108.0,1.0,11031.0,2.0,14.0,2021-07-16,2021.0,7.0,16.0,16:55:42,197.705,34.643,-123.366,4142.0,4202.8,4131.7,1.506,34.682,2.0,,9.0,139.0,2.0,137.0,4.504,2.0,2350.0,2.0,2433.3,2.0,7.557,25.16,2.0,83.713111668911,24.825,2.0,167.1,2.0,2.74,2.0,36.9,2.0,0.02,2.0,0.01,2.0,,9.0,0.768,2.0,,9.0,,9.0,,9.0,,9.0,,9.0,,9.0,,9.0,369.5155092194274,42.407559352001215,33.60203351753504,69.13767533158641,67.70477942721841,0.0498879105400169,0.0,2.9547816777413945e-08,2.1530600565815914,164.9469399434184,2247.260291150879,0.00027120340884675,2.592769685244665,0.0,0.0013570748698579,0.0175424113515151,0.0,0.0,0.4354550619646172,0.0973423746675012,27978.89368852098,2433.3,0.0,0.0,0.0,42.407559352001215,2.7874544050318506,2.1530600565815914,0.0,0.0,0.0,33.60203351753486,0.0,0.0,-0.0001429704002779481,0.00014084067106944878,28995.0,2247.260291150879,69.13767533158641,2350.0,0.0451041112396152,0.0450461150885531,565.3368038138777,0.8024571804906176,0.9956941633579268,-0.00014084067106944834,0.0001310080273177685,83.14462618,0.0175424113515151,0.4354550619646172,1.0750537501631916,1.0640666235427974,0.0594371944137531,1e-07,1.2743390223233736e-10,1.486373803264012e-06,1e-07,0.3616729431411022,2.169005268925422e-09,9.840847228036146e-07,1.2639730578865727e-06,5.814486875433335e-10,0.0043793885048362,0.0319094939653417,9.82242282382878e-07,7.095581553816002e-10,2.466958709802784e-10,1.428637642884213e-07,8.229876972290379e-15,0.00014516552802589525,-0.00015226903303224143,1.0,1.0,3.0,1.0,10.0,1.0,1.0,0.0,1.0,1.0,567.781578539447,7.723550000359461,7.755910709449001,7.812940370267769,7.717362237796034,7.723550000359461,2350.0,2.0,2433.3,1.0,0.0,,4202.8,1.0,1.0,0.8603720973917843,17.937832116958162,34.682,0.4740334032649299,0.7159859473051553,,0.1281044119944649,1.506,0.0,0.0,0.0,411.9230685714286,10191.12703899629,67.70505063062726,2.74,167.1,27978.89504559585,0.0,0.993408468531622,571.5489615049254,11031.0,16:55:42,2021/07/16 16:55:42,1.0,11031.0,1.0,4132.0,4062.78,1.5022,34.6814,27.7779,3.21,139.35,0.04,150.63,99.92,dRB2102_CTD_108_01_F.csv,dRB2102,CTD,108.0,F.csv,1080101
531,E791,1.0,1.0,False,WCOA21,2021_WCOA_RonBrown,7/16/2021,,6:45:44 PM,,E791,1080115,15,Niskin; Sterivex 0.22µm filter,95% EtOH,West Coast,CC73.3-80,99.3,34.642,-123.368,1000.0,Sean McAllister,,7/16/2021 6:45:44 PM,7/16/2021 ,2021/07/16 06:45:00,2021/07/16 00:00:00,2021/07/15 23:45:00,34.642,-123.368,1080115,15,99.0,1866.0,33RO20210613,WCOA2021,CC73.3-80,108.0,1.0,11053.0,2.0,14.0,2021-07-16,2021.0,7.0,16.0,18:45:44,197.782,34.642,-123.368,4142.0,100.1,99.3,10.58,33.451,2.0,,9.0,197.1,2.0,205.5,6.745,2.0,2122.8,2.0,2226.8,2.0,7.6499,25.07,2.0,90.50463340971731,24.82,2.0,12.3,2.0,1.47,2.0,16.3,2.0,0.03,2.0,0.01,2.0,,9.0,5.079,2.0,,9.0,,9.0,,9.0,,9.0,,9.0,,9.0,,9.0,355.04117468082137,42.26113103346437,27.56898023836844,86.54219317997122,65.3016702677244,0.023663026592894,0.0,1.3446839241769572e-08,0.1939770107836882,12.106022989216312,2008.6888265816608,0.0002629727205549316,1.371558534670636,0.0,0.0019148588508677,0.012193394881731,0.0,0.0,1.064934868798433,0.0747784252896307,26985.81257594984,2226.8,0.0,0.0,0.0,42.26113103346437,1.5211153718030583,0.1939770107836882,0.0,0.0,0.0,27.56898023836829,0.0,0.0,-0.0001516055403572442,0.0001475076507316945,28995.0,2008.6888265816608,86.54219317997122,2122.8,0.0416569126193063,0.0416073848441932,634.7149348202432,0.7643442705257482,0.9961788812408224,-0.000147507650731695,0.00013443172348028194,83.14462618,0.012193394881731,1.064934868798433,1.0972681664185502,1.0907149727856802,0.0434352159149623,1e-07,1.7875054171687535e-10,6.549661010458934e-07,1e-07,0.1718396469764956,1.6793285058414423e-09,4.1635578818599067e-07,1.027933991868864e-06,6.078389124089965e-10,0.0030278769992974,0.0248269485837218,8.177439148217633e-07,7.691928424506686e-10,2.2605912075514999e-10,1.792091793416996e-07,1.5024371482397693e-14,0.00015593762184328675,-0.0001634014058709777,1.0,1.0,3.0,1.0,10.0,1.0,1.0,0.0,1.0,1.0,637.1495589523578,7.850526734099165,7.913875361392656,7.959217116618227,7.842506131100804,7.850526734099165,2122.8,2.0,2226.8,1.0,0.0,,100.1,1.0,1.0,0.8227084875048722,15.790915604168138,33.451,1.298781999682596,2.0431040148304613,,0.1647358136158789,10.58,0.0,0.0,0.0,397.30230571428575,9829.404030374975,65.30193324044495,1.47,12.3,26985.814490808687,0.0,0.9876426551140576,645.1215484195311,11053.0,18:45:44,2021/07/16 18:45:44,15.0,11053.0,15.0,99.0,98.26,10.8326,33.3902,25.5538,4.91,213.79,0.042,161.17,99.32,dRB2102_CTD_108_01_F.csv,dRB2102,CTD,108.0,F.csv,1080115
532,E792,1.0,1.0,False,WCOA21,2021_WCOA_RonBrown,7/16/2021,,7:03:47 PM,,E792,1080124,24,Niskin; Sterivex 0.22µm filter,95% EtOH,West Coast,CC73.3-80,3.7,34.642,-123.369,1000.0,Sean McAllister,,7/16/2021 7:03:47 PM,7/16/2021 ,2021/07/16 07:03:00,2021/07/16 00:00:00,2021/07/16 00:03:00,34.642,-123.369,1080124,24,4.0,1875.0,33RO20210613,WCOA2021,CC73.3-80,108.0,1.0,11001.0,2.0,14.0,2021-07-16,2021.0,7.0,16.0,19:03:47,197.794,34.642,-123.369,4142.0,3.7,3.7,14.148,32.825,2.0,,9.0,261.9,2.0,269.3,8.827,2.0,2016.7,2.0,2204.3,2.0,7.8632,25.07,2.0,135.8890540141004,24.775,2.0,1.7,2.0,0.59,2.0,1.9,2.0,0.11,2.0,0.24,2.0,0.4,2.0,3.328,2.0,,9.0,,9.0,,9.0,,9.0,,9.0,,9.0,,9.0,326.0765357140063,63.79067857170803,15.737088727952328,136.61504041960265,64.07969494491795,0.0057117233507619,0.0,2.173698227517173e-09,0.0462706030704542,1.6537293969295457,1864.3478708524449,0.00018184852937486547,0.5313325268763541,0.0,0.0014365434996138,0.0078897820845867,0.0,0.0,2.257363287784278,0.0529557475991858,26480.80214663175,2204.3,0.0,0.0,0.0,63.79067857170803,0.6372440199010275,0.0462706030704542,0.0,0.0,0.0,15.737088727952328,0.0,0.0,-0.0002008268031761008,0.0001894702430125303,28995.0,1864.3478708524449,136.61504041960265,2016.7,0.0419791318431305,0.0419325362661245,404.3581746710893,0.7496585037506561,0.996349661549892,-0.00018947024301252968,0.00016420142906921784,83.14462618,0.0078897820845867,2.257363287784278,1.1538891231735904,1.157952929246044,0.0389186857437801,1e-07,2.3910642683249567e-10,6.255290707536379e-07,1e-07,0.1454378223967043,1.8245184102724398e-09,3.993863810251843e-07,1.104874967133281e-06,6.834112759845715e-10,0.0027801975132831,0.0245063419507169,8.675805665326479e-07,9.295168709039782e-10,2.609463879758521e-10,2.065270883594251e-07,2.105290515961466e-14,0.0002136315559398796,-0.0002239307497419189,1.0,1.0,3.0,1.0,10.0,1.0,1.0,0.0,1.0,1.0,405.8396266648816,8.030289423666316,8.10293499181827,8.147039375168497,8.021902846944474,8.030289423666316,2016.7,2.0,2204.3,1.0,0.0,,3.7,1.0,1.0,0.7332687862585228,12.281866311589017,32.825,2.1065599997284448,3.299347653604208,,0.236299032199456,14.148,0.0,0.0,0.0,389.8672142857144,9645.457155154065,64.07987679344731,0.59,1.6999999999999995,26480.80358317525,0.0,0.9843693377503018,412.2838970100348,11001.0,19:03:47,2021/07/16 19:03:47,24.0,11001.0,24.0,4.0,3.97,14.5988,32.8681,24.4148,5.98,260.63,0.071,162.22,99.64,dRB2102_CTD_108_01_F.csv,dRB2102,CTD,108.0,F.csv,1080124
533,E794,1.0,1.0,False,WCOA21,2021_WCOA_RonBrown,7/17/2021,,3:36:04 AM,,E794,1090101,1,Niskin; Sterivex 0.22µm filter,95% EtOH,West Coast,CCE1,3972.1,33.483,-122.533,1000.0,Sean McAllister,Not enough water for relicates on bottom,7/17/2021 3:36:04 AM,7/17/2021 ,2021/07/17 03:36:00,2021/07/17 00:00:00,2021/07/16 20:36:00,33.483,-122.533,1090101,1,3972.0,1876.0,33RO20210613,WCOA2021,CCE1,109.0,1.0,11031.0,2.0,15.0,2021-07-17,2021.0,7.0,17.0,03:36:04,198.15,33.483,-122.533,3982.0,4038.5,3972.1,1.512,34.679,2.0,,9.0,136.1,2.0,136.2,4.48,2.0,2348.9,6.0,2430.0,2.0,7.5524,25.15,2.0,84.21681915634603,24.91,2.0,168.2,2.0,2.71,2.0,37.1,2.0,0.02,2.0,0.04,2.0,,9.0,0.573,6.0,,9.0,,9.0,,9.0,,9.0,,9.0,,9.0,,9.0,370.23713610776457,41.65030103509258,34.16863795894434,68.32750413010939,67.6989215735199,0.0500917434234539,0.0,2.9950463775638504e-08,2.125210102616192,166.07478989738377,2246.4038579109465,0.0002725565626383089,2.565245036015229,0.0,0.0013719247876818,0.0175243285485684,0.0,0.0,0.4302201137387596,0.0946631906108533,27976.47349360253,2430.0,0.0,0.0,0.0,41.65030103509258,2.754571387286472,2.125210102616192,0.0,0.0,0.0,34.16863795894414,0.0,0.0,-0.00014212975388016346,0.0001400924600010012,28995.0,2246.4038579109465,68.32750413010939,2348.9,0.0450497583914217,0.0449917683491819,574.9906781028923,0.8024227554356654,0.995694509818314,-0.0001400924600010015,0.00013041753615133673,83.14462618,0.0175243285485684,0.4302201137387596,1.0741842250296594,1.0633345254051547,0.0594246815821073,1e-07,1.2528590429711806e-10,1.443408441947477e-06,1e-07,0.3573584481701914,2.125758239614376e-09,9.53714423908894e-07,1.2423268553095794e-06,5.7475588279741e-10,0.0043527777594278,0.031603726881985,9.676948121551763e-07,6.973133609675501e-10,2.418097813616726e-10,1.418780886696471e-07,8.129548288501991e-15,0.0001442271768579555,-0.00015131785803227334,1.0,1.0,3.0,1.0,10.0,1.0,1.0,0.0,1.0,1.0,577.4769996550566,7.723624295692894,7.756358613203703,7.813001587109064,7.717404823198214,7.723624295692894,2348.9,2.0,2430.0,1.0,0.0,,4038.5,1.0,1.0,0.8618780218493507,18.010614747960986,34.679,0.4823818550297121,0.7300655461814467,,0.1281877278028124,1.512,0.0,0.0,0.0,411.8874371428572,10190.245504450502,67.69919413008252,2.71,168.19999999999996,27976.47486552732,0.0,0.9934056191631808,581.3103816963591,11031.0,03:36:04,2021/07/17 03:36:04,1.0,11031.0,1.0,3972.0,3907.26,1.5171,34.6779,27.773,3.1,134.8,0.04,142.72,99.92,dRB2102_CTD_109_01_F.csv,dRB2102,CTD,109.0,F.csv,1090101
534,E795.1B,1.0,1.0,False,WCOA21,2021_WCOA_RonBrown,7/17/2021,,5:13:23 AM,,E795.1B,1090111,11,Niskin; Sterivex 0.22µm filter,95% EtOH,West Coast,CCE1,100.0,33.483,-122.533,1000.0,Sean McAllister,,7/17/2021 5:13:23 AM,7/17/2021 ,2021/07/17 05:13:00,2021/07/17 00:00:00,2021/07/16 22:13:00,33.483,-122.533,1090111,11,100.0,1886.0,33RO20210613,WCOA2021,CCE1,109.0,1.0,11023.0,2.0,15.0,2021-07-17,2021.0,7.0,17.0,05:13:23,198.218,33.483,-122.533,3982.0,100.8,100.0,9.933,33.547,2.0,33.5522,2.0,181.3,2.0,182.6,5.995,2.0,2134.2,2.0,2225.8,2.0,7.6034,25.15,2.0,83.47671568184602,24.91,2.0,16.1,2.0,1.52,2.0,18.5,2.0,0.03,2.0,0.04,2.0,,9.0,4.778,2.0,,9.0,,9.0,,9.0,,9.0,,9.0,,9.0,,9.0,359.1983027236011,39.30596984782749,30.16129015962489,79.7416938274677,65.49921370853822,0.0265974205702059,0.0,1.6139601203062953e-08,0.2311236066115481,15.868876393388454,2024.297016012907,0.0002788169485321461,1.423424670449384,0.0,0.0020000608698742,0.0130801494391165,0.0,0.0,0.9344814649839156,0.0699778928408083,27067.453231726253,2225.8,0.0,0.0,0.0,39.30596984782749,1.5633804399913995,0.2311236066115481,0.0,0.0,0.0,30.16129015962496,0.0,0.0,-0.00014545322121382504,0.0001421508610449835,28995.0,2024.297016012907,79.7416938274677,2134.2,0.0415639972828503,0.04151391471112,680.1573733939114,0.7670220286934175,0.9961467813300354,-0.00014215086104498343,0.00013043307523520509,83.14462618,0.0130801494391165,0.9344814649839156,1.0898375338360171,1.0827418894300198,0.044344575740057,1e-07,1.6915916306184295e-10,6.581707938604895e-07,1e-07,0.1770177790786665,1.65018123142176e-09,4.180150566613052e-07,1.012119337964152e-06,5.940440140877828e-10,0.0030727669460651,0.0248515867746498,8.070535841281172e-07,7.413678948167605e-10,2.1963701416717995e-10,1.74335995495122e-07,1.4092177159916372e-14,0.00014891266745296542,-0.00015618185360257675,1.0,1.0,3.0,1.0,10.0,1.0,1.0,0.0,1.0,1.0,682.7883060423874,7.821592597486145,7.883387294221769,7.928828414163136,7.813636251127258,7.821592597486145,2134.2,2.0,2225.8,1.0,0.0,,100.8,1.0,1.0,0.8351359151307509,16.362414181766983,33.5522,1.1944993923285092,1.8807566875557065,,0.1547610006625141,9.933,0.0,0.0,0.0,398.5042725714286,9859.14112905286,65.49949252548674,1.5199999999999998,16.1,27067.455231787124,0.0,0.988166539550344,690.9648108031304,11023.0,05:13:23,2021/07/17 05:13:23,11.0,11023.0,11.0,100.0,99.27,9.8828,33.5492,25.8407,4.15,180.77,0.041,152.56,99.34,dRB2102_CTD_109_01_F.csv,dRB2102,CTD,109.0,F.csv,1090111
535,E795.2T,2.0,2.0,False,WCOA21,2021_WCOA_RonBrown,7/17/2021,,5:13:26 AM,,E795.2T,1090112,12,Niskin; Sterivex 0.22µm filter,95% EtOH,West Coast,CCE1,99.9,33.483,-122.533,1000.0,Sean McAllister,,7/17/2021 5:13:26 AM,7/17/2021 ,2021/07/17 05:13:00,2021/07/17 00:00:00,2021/07/16 22:13:00,33.483,-122.533,1090112,12,100.0,1887.0,33RO20210613,WCOA2021,CCE1,109.0,1.0,11026.0,2.0,15.0,2021-07-17,2021.0,7.0,17.0,05:13:26,198.218,33.483,-122.533,3982.0,100.6,99.9,9.95,33.545,2.0,33.5522,9.0,181.3,2.0,182.6,5.995,9.0,2134.2,9.0,2225.8,9.0,7.6034,25.15,9.0,83.47671568184602,24.91,9.0,16.1,9.0,1.52,9.0,18.5,9.0,0.03,9.0,0.04,9.0,,9.0,4.778,9.0,,9.0,,9.0,,9.0,,9.0,,9.0,,9.0,,9.0,,,,,,,,,,,,,,,,,,,,,,,,,,,,,,,,,,,,,,,,,,,,,,,,,,,,,,,,,,,,,,,,,,,,,,,,,,,,,,,,,,,,,,,,,,,,,0.0,100.6,,,,,33.545,,,0.0,,9.95,,,,,,,,,,,,,11026.0,05:13:26,2021/07/17 05:13:26,12.0,11026.0,12.0,100.0,99.27,9.8828,33.5492,25.8407,4.15,180.77,0.041,152.56,99.34,dRB2102_CTD_109_01_F.csv,dRB2102,CTD,109.0,F.csv,1090111
536,E795.3T,2.0,3.0,False,WCOA21,2021_WCOA_RonBrown,7/17/2021,,5:13:26 AM,,E795.3T,1090112,12,Niskin; Sterivex 0.22µm filter,95% EtOH,West Coast,CCE1,99.9,33.483,-122.533,1000.0,Sean McAllister,,7/17/2021 5:13:26 AM,7/17/2021 ,2021/07/17 05:13:00,2021/07/17 00:00:00,2021/07/16 22:13:00,33.483,-122.533,1090112,12,100.0,1887.0,33RO20210613,WCOA2021,CCE1,109.0,1.0,11026.0,2.0,15.0,2021-07-17,2021.0,7.0,17.0,05:13:26,198.218,33.483,-122.533,3982.0,100.6,99.9,9.95,33.545,2.0,33.5522,9.0,181.3,2.0,182.6,5.995,9.0,2134.2,9.0,2225.8,9.0,7.6034,25.15,9.0,83.47671568184602,24.91,9.0,16.1,9.0,1.52,9.0,18.5,9.0,0.03,9.0,0.04,9.0,,9.0,4.778,9.0,,9.0,,9.0,,9.0,,9.0,,9.0,,9.0,,9.0,,,,,,,,,,,,,,,,,,,,,,,,,,,,,,,,,,,,,,,,,,,,,,,,,,,,,,,,,,,,,,,,,,,,,,,,,,,,,,,,,,,,,,,,,,,,,0.0,100.6,,,,,33.545,,,0.0,,9.95,,,,,,,,,,,,,11026.0,05:13:26,2021/07/17 05:13:26,12.0,11026.0,12.0,100.0,99.27,9.8828,33.5492,25.8407,4.15,180.77,0.041,152.56,99.34,dRB2102_CTD_109_01_F.csv,dRB2102,CTD,109.0,F.csv,1090111
537,E796.1B,1.0,1.0,False,WCOA21,2021_WCOA_RonBrown,7/17/2021,,5:32:33 AM,,E796.1B,1090122,22,Niskin; Sterivex 0.22µm filter,95% EtOH,West Coast,CCE1,4.3,33.483,-122.533,1000.0,Sean McAllister,,7/17/2021 5:32:33 AM,7/17/2021 ,2021/07/17 05:32:00,2021/07/17 00:00:00,2021/07/16 22:32:00,33.483,-122.533,1090122,22,4.0,1897.0,33RO20210613,WCOA2021,CCE1,109.0,1.0,11024.0,2.0,15.0,2021-07-17,2021.0,7.0,17.0,05:32:33,198.231,33.483,-122.533,3982.0,4.3,4.3,16.76,33.048,2.0,,9.0,252.0,2.0,253.3,8.3,2.0,2012.1,6.0,2218.1,2.0,7.8973,25.15,2.0,147.08944173054593,24.91,2.0,1.4,2.0,0.42,2.0,0.0,2.0,0.03,2.0,0.06,2.0,0.4,2.0,3.373,6.0,,9.0,,9.0,,9.0,,9.0,,9.0,,9.0,,9.0,324.50758823795286,68.00822890490439,14.759181090805097,149.36411474139734,64.51502018720649,0.0038331093761428,0.0,1.473558390047486e-09,0.0422150923639322,1.3577849076360675,1847.9767041677967,0.0001898133981246869,0.3737336229006494,0.0,0.001581699709102,0.0078145622874178,0.0,0.0,2.895608273608327,0.0424332662496492,26660.70205323633,2218.1,0.0,0.0,0.0,68.00822890490439,0.4586001539263896,0.0422150923639322,0.0,0.0,0.0,14.759181090805152,0.0,0.0,-0.0002143323464827606,0.00020089305595649928,28995.0,1847.9767041677967,149.36411474139734,2012.1,0.041465010787536,0.0414204293670743,410.773929480421,0.740675237124656,0.9964682873720924,-0.00020089305595649988,0.0001721831930677895,83.14462618,0.0078145622874178,2.895608273608327,1.1667402164937588,1.1753865654413858,0.0359301796720002,1e-07,2.9603333381340856e-10,6.256245102049726e-07,1e-07,0.1317201461329119,1.9692086294848753e-09,4.019392490412436e-07,1.1764930142400124e-06,7.594599898576152e-10,0.0026560645808351,0.0244421263266561,9.161489350160436e-07,1.0668403017558115e-09,2.921405811696295e-10,2.290233439522462e-07,2.720789424983116e-14,0.0002296986671696021,-0.00024109294596118527,1.0,1.0,3.0,1.0,10.0,1.0,1.0,0.0,1.0,1.0,412.2298066943232,8.027044877930138,8.107095342850535,8.148731304848,8.018359130045173,8.027044877930138,2012.1,2.0,2218.1,1.0,0.0,,4.3,1.0,1.0,0.714177647883194,11.685809538959036,33.048,2.3184395557928066,3.608686175815276,,0.2364785942193085,16.76,0.0,0.0,0.0,392.5158171428572,9710.984556390906,64.51521000060461,0.4199999999999999,1.4,26660.70363493604,0.0,0.9815187856674216,419.99176451219085,11024.0,05:32:33,2021/07/17 05:32:33,22.0,11024.0,22.0,4.0,3.97,16.8136,33.0474,24.0598,5.72,249.49,0.084,152.74,99.65,dRB2102_CTD_109_01_F.csv,dRB2102,CTD,109.0,F.csv,1090122
538,E796.2B,2.0,1.0,False,WCOA21,2021_WCOA_RonBrown,7/17/2021,,5:32:36 AM,,E796.2B,1090123,23,Niskin; Sterivex 0.22µm filter,95% EtOH,West Coast,CCE1,4.4,33.483,-122.533,1000.0,Sean McAllister,Water splash from 22 pH (also surface at least),7/17/2021 5:32:36 AM,7/17/2021 ,2021/07/17 05:32:00,2021/07/17 00:00:00,2021/07/16 22:32:00,33.483,-122.533,1090123,23,4.0,1898.0,33RO20210613,WCOA2021,CCE1,109.0,1.0,11061.0,2.0,15.0,2021-07-17,2021.0,7.0,17.0,05:32:36,198.231,33.483,-122.533,3982.0,4.4,4.4,16.76,33.048,2.0,,9.0,252.0,2.0,253.3,8.3,9.0,2012.1,9.0,2218.1,9.0,7.8973,25.15,9.0,147.08944173054593,24.91,9.0,1.4,9.0,0.42,9.0,0.0,9.0,0.03,9.0,0.06,9.0,0.4,9.0,3.373,9.0,,9.0,,9.0,,9.0,,9.0,,9.0,,9.0,,9.0,,,,,,,,,,,,,,,,,,,,,,,,,,,,,,,,,,,,,,,,,,,,,,,,,,,,,,,,,,,,,,,,,,,,,,,,,,,,,,,,,,,,,,,,,,,,,0.0,4.4,,,,,33.048,,,0.0,,16.76,,,,,,,,,,,,,11061.0,05:32:36,2021/07/17 05:32:36,23.0,11061.0,23.0,4.0,3.97,16.8136,33.0474,24.0598,5.72,249.49,0.084,152.74,99.65,dRB2102_CTD_109_01_F.csv,dRB2102,CTD,109.0,F.csv,1090122
539,E796.3B,3.0,1.0,False,WCOA21,2021_WCOA_RonBrown,7/17/2021,,5:32:39 AM,,E796.3B,1090124,24,Niskin; Sterivex 0.22µm filter,95% EtOH,West Coast,CCE1,3.6,33.483,-122.533,1000.0,Sean McAllister,,7/17/2021 5:32:39 AM,7/17/2021 ,2021/07/17 05:32:00,2021/07/17 00:00:00,2021/07/16 22:32:00,33.483,-122.533,1090124,24,4.0,1899.0,33RO20210613,WCOA2021,CCE1,109.0,1.0,11001.0,2.0,15.0,2021-07-17,2021.0,7.0,17.0,05:32:39,198.231,33.483,-122.533,3982.0,3.6,3.6,16.758,33.048,2.0,,9.0,252.0,2.0,253.3,8.3,9.0,2012.1,9.0,2218.1,9.0,7.8973,25.15,9.0,147.08944173054593,24.91,9.0,1.4,9.0,0.42,9.0,0.0,9.0,0.03,9.0,0.06,9.0,0.4,9.0,3.373,9.0,,9.0,,9.0,,9.0,,9.0,,9.0,,9.0,,9.0,,,,,,,,,,,,,,,,,,,,,,,,,,,,,,,,,,,,,,,,,,,,,,,,,,,,,,,,,,,,,,,,,,,,,,,,,,,,,,,,,,,,,,,,,,,,,0.0,3.6,,,,,33.048,,,0.0,,16.758,,,,,,,,,,,,,11001.0,05:32:39,2021/07/17 05:32:39,24.0,11001.0,24.0,4.0,3.97,16.8136,33.0474,24.0598,5.72,249.49,0.084,152.74,99.65,dRB2102_CTD_109_01_F.csv,dRB2102,CTD,109.0,F.csv,1090122
540,E400,1.0,1.0,False,WCOA21,2021_WCOA_RonBrown,7/17/2021,,2:34:08 PM,,E400,1100101,1,Niskin; Sterivex 0.22µm filter,95% EtOH,West Coast,80-70,3617.0,33.817,-121.844,1000.0,Sean McAllister,"Originally named E796, but that was already taken. Reassigned to E400. Corrected here, on omics log, and CTD log.",7/17/2021 2:34:08 PM,7/17/2021 ,2021/07/17 02:34:00,2021/07/17 00:00:00,2021/07/16 19:34:00,33.817,-121.844,1100101,1,3617.0,1900.0,33RO20210613,WCOA2021,CC80-70,110.0,1.0,11031.0,2.0,15.0,2021-07-17,2021.0,7.0,17.0,14:34:08,198.607,33.817,-121.844,3627.0,3674.6,3617.0,1.546,34.673,2.0,,9.0,127.8,2.0,127.0,4.176,2.0,2353.3,2.0,2454.1,3.0,7.5364,25.14,2.0,73.47344129806905,24.87,2.0,171.1,6.0,2.77,6.0,37.5,6.0,0.03,6.0,0.04,6.0,,9.0,1.123,2.0,,9.0,,9.0,,9.0,,9.0,,9.0,,9.0,,9.0,365.379721561212,46.4364527245023,30.03074279480903,78.6401376707217,67.68724752861034,0.0446974107385526,0.0,2.312533983589553e-08,2.439969752995868,168.66003024700413,2244.6291195344693,0.0002336003827619029,2.6155441404277893,0.0,0.0011920288344605,0.0148120245980878,0.0,0.0,0.4953593316854046,0.1097584257083191,27971.633313361428,2454.1,0.0,0.0,0.0,46.4364527245023,2.8350609687190875,2.439969752995868,0.0,0.0,0.0,30.03074279480907,0.0,0.0,-0.00015193678326300822,0.000148861914948006,28995.0,2244.6291195344693,78.6401376707217,2353.3,0.0454997320064995,0.0454417765676295,505.9944058676144,0.8022701154356385,0.995696472406927,-0.00014886191494800717,0.0001373375743634678,83.14462618,0.0148120245980878,0.4953593316854046,1.083912510017388,1.073145790649639,0.0593499502100548,1e-07,1.2084773961515478e-10,1.3517514967388793e-06,1e-07,0.3475725659553295,2.033970220909942e-09,8.891890480218803e-07,1.1962129849654631e-06,5.6069885143478e-10,0.0042918815607957,0.0309331563169758,9.36504097660354e-07,6.715924568555205e-10,2.3152732966730648e-10,1.3984584791381696e-07,7.927757237768479e-15,0.0001551413587827708,-0.00016249748694945225,1.0,1.0,3.0,1.0,10.0,1.0,1.0,0.0,1.0,1.0,508.1813784520688,7.795770005938137,7.829385575396229,7.885156083980126,7.789476699013082,7.795770005938137,2353.3,2.0,2454.1,1.0,0.0,,3674.6,1.0,1.0,0.8451673742264645,17.13515045614483,34.673,0.5927299975663575,0.9010723458130584,,0.1515410067455763,1.546,0.0,0.0,0.0,411.8161742857144,10188.482435358928,67.6874811289931,2.77,171.1,27971.63450539026,0.0,0.9933894916554278,511.56307039770775,11031.0,14:34:08,2021/07/17 14:34:08,1.0,11031.0,1.0,3617.0,3560.82,1.5442,34.6728,27.7644,2.92,127.06,0.04,139.48,99.92,dRB2102_CTD_110_01_F.csv,dRB2102,CTD,110.0,F.csv,1100101
541,E797,1.0,1.0,False,WCOA21,2021_WCOA_RonBrown,7/17/2021,,3:16:00 PM,,E797,1100105,5,Niskin; Sterivex 0.22µm filter,95% EtOH,West Coast,80-70,1975.6,33.817,-121.845,1000.0,Sean McAllister,,7/17/2021 3:16:00 PM,7/17/2021 ,2021/07/17 03:16:00,2021/07/17 00:00:00,2021/07/16 20:16:00,33.817,-121.845,1100105,5,1976.0,1904.0,33RO20210613,WCOA2021,CC80-70,110.0,1.0,11008.0,2.0,15.0,2021-07-17,2021.0,7.0,17.0,15:16:00,198.636,33.817,-121.845,3627.0,1999.3,1975.6,2.131,34.615,2.0,,9.0,76.4,2.0,77.9,2.563,2.0,2372.7,6.0,2404.9,2.0,7.4383,25.14,2.0,57.19877484624563,24.87,3.0,160.8,2.0,3.05,2.0,40.7,2.0,0.01,2.0,0.04,2.0,,9.0,0.479,2.0,,9.0,,9.0,,9.0,,9.0,,9.0,,9.0,,9.0,383.02285605604425,28.104443943955804,51.16066497607428,50.56850723652023,67.57389985491295,0.0816158481909109,0.0,6.669746057998173e-08,1.3470902005885463,159.45290979941146,2270.970827787405,0.0003555968822783658,2.895222439960336,0.0,0.0019564106985656,0.0209044904364663,0.0,0.0,0.3222944294615788,0.0731616451512926,27924.842400987964,2404.9,0.0,0.0,0.0,28.104443943955804,3.0415456635654605,1.3470902005885463,0.0,0.0,0.0,51.16066497607439,0.0,0.0,-0.00012974833380696097,0.00012978072334620937,28995.0,2270.970827787405,50.56850723652023,2372.7,0.0431870199980165,0.0431296564128071,881.0236986408114,0.7998220280325682,0.9957300583032492,-0.00012978072334620926,0.00012307931157153046,83.14462618,0.0209044904364663,0.3222944294615788,1.054447914024805,1.0463309778189602,0.0580695673169761,1e-07,1.0591847891232152e-10,9.884195731743737e-07,1e-07,0.2983803969888613,1.6774270990657843e-09,6.372064808911591e-07,1.014772577919808e-06,5.09051740016308e-10,0.003972469989672,0.0279742561636737,8.109625253893562e-07,5.776900329395315e-10,1.9313348448144096e-10,1.333591873194666e-07,7.367941132468255e-15,0.0001297159604306754,-0.0001372539125778143,1.0,1.0,3.0,1.0,10.0,1.0,1.0,0.0,1.0,1.0,884.8017505287521,7.640906651902984,7.679760414256979,7.731209890243638,7.634203251182991,7.640906651902984,2372.7,2.0,2404.9,1.0,0.0,,1999.3,1.0,1.0,0.8967271625262578,19.27781338475434,34.615,0.5203807397088182,0.807202255557428,,0.108635550562183,2.131,0.0,0.0,0.0,411.1273000000001,10171.439434140377,67.57425545179522,3.0499999999999994,160.8,27924.844357398662,0.0,0.9931066439388104,890.9433402031178,11008.0,15:16:00,2021/07/17 15:16:00,5.0,11008.0,5.0,1976.0,1952.71,2.126,34.6147,27.6638,1.76,76.39,0.04,141.84,99.95,dRB2102_CTD_110_01_F.csv,dRB2102,CTD,110.0,F.csv,1100105
542,E798,1.0,1.0,False,WCOA21,2021_WCOA_RonBrown,7/17/2021,,4:25:40 PM,,E798,1100124,24,Niskin; Sterivex 0.22µm filter,95% EtOH,West Coast,80-70,3.3,33.816,-121.846,1000.0,Sean McAllister,,7/17/2021 4:25:40 PM,7/17/2021 ,2021/07/17 04:25:00,2021/07/17 00:00:00,2021/07/16 21:25:00,33.816,-121.846,1100124,24,3.0,1923.0,33RO20210613,WCOA2021,CC80-70,110.0,1.0,11001.0,2.0,15.0,2021-07-17,2021.0,7.0,17.0,16:25:40,198.684,33.816,-121.846,3627.0,3.3,3.3,15.115,33.501,2.0,33.5036,3.0,260.1,2.0,,,9.0,,9.0,,9.0,,,9.0,,,9.0,,9.0,,9.0,,9.0,,9.0,,9.0,,9.0,,9.0,,9.0,,9.0,,9.0,,9.0,,9.0,,9.0,,9.0,,,,,,,,,,,,,,,,,,,,,,,,,,,,,,,,,,,,,,,,,,,,,,,,,,,,,,,,,,,,,,,,,,,,,,,,,,,,,,,,,,,,,,,,,,,,,0.0,3.3,,,,,33.5036,,,0.0,,15.115,,,,,,,,,,,,,11001.0,16:25:40,2021/07/17 16:25:40,24.0,11001.0,24.0,3.0,2.98,15.0551,33.4801,24.7884,5.86,255.48,0.061,147.28,99.66,dRB2102_CTD_110_01_F.csv,dRB2102,CTD,110.0,F.csv,1100123
543,E799,1.0,1.0,False,WCOA21,2021_WCOA_RonBrown,7/17/2021,,9:05:54 PM,,E799,1110102,2,Niskin; Sterivex 0.22µm filter,95% EtOH,West Coast,80-60,2177.8,34.152,-121.15,1000.0,Sean McAllister,Bleach bottle; rinsed with sample water 3X,7/17/2021 9:05:54 PM,7/17/2021 ,2021/07/17 09:05:00,2021/07/17 00:00:00,2021/07/17 02:05:00,34.152,-121.15,1110102,2,2178.0,1925.0,33RO20210613,WCOA2021,CC80-60,111.0,1.0,11081.0,2.0,15.0,2021-07-17,2021.0,7.0,17.0,21:05:54,198.879,34.152,-121.15,2188.0,2205.0,2177.8,1.922,34.631,2.0,,9.0,88.5,2.0,,,9.0,,9.0,,9.0,,,9.0,,,9.0,,9.0,,9.0,,9.0,,9.0,,9.0,,9.0,,9.0,,9.0,,9.0,,9.0,,9.0,,9.0,,9.0,,9.0,,,,,,,,,,,,,,,,,,,,,,,,,,,,,,,,,,,,,,,,,,,,,,,,,,,,,,,,,,,,,,,,,,,,,,,,,,,,,,,,,,,,,,,,,,,,,0.0,2205.0,,,,,34.631,,,0.0,,1.922,,,,,,,,,,,,,11081.0,21:05:54,2021/07/17 21:05:54,2.0,11081.0,2.0,2178.0,2151.25,1.945,34.6288,27.6903,2.0,87.06,0.04,140.05,36.87,dRB2102_CTD_111_01_F.csv,dRB2102,CTD,111.0,F.csv,1110101
544,E800,1.0,1.0,False,WCOA21,2021_WCOA_RonBrown,7/17/2021,,10:04:29 PM,,E800,1110113,13,Niskin; Sterivex 0.22µm filter,95% EtOH,West Coast,80-60,98.4,34.151,-121.152,1000.0,Sean McAllister,Bleach bottle; rinsed with sample water 3X,7/17/2021 10:04:29 PM,7/17/2021 ,2021/07/17 10:04:00,2021/07/17 00:00:00,2021/07/17 03:04:00,34.151,-121.152,1110113,13,98.0,1936.0,33RO20210613,WCOA2021,CC80-60,111.0,1.0,11054.0,2.0,15.0,2021-07-17,2021.0,7.0,17.0,22:04:29,198.92,34.151,-121.152,2188.0,99.2,98.4,9.656,33.915,2.0,,9.0,123.9,2.0,,,9.0,,9.0,,9.0,,,9.0,,,9.0,,9.0,,9.0,,9.0,,9.0,,9.0,,9.0,,9.0,,9.0,,9.0,,9.0,,9.0,,9.0,,9.0,,9.0,,,,,,,,,,,,,,,,,,,,,,,,,,,,,,,,,,,,,,,,,,,,,,,,,,,,,,,,,,,,,,,,,,,,,,,,,,,,,,,,,,,,,,,,,,,,,0.0,99.2,,,,,33.915,,,0.0,,9.656,,,,,,,,,,,,,11054.0,22:04:29,2021/07/17 22:04:29,13.0,11054.0,13.0,98.0,97.28,9.7225,33.9004,26.1416,2.88,125.25,0.04,148.64,99.56,dRB2102_CTD_111_01_F.csv,dRB2102,CTD,111.0,F.csv,1110112
545,E801,1.0,1.0,False,WCOA21,2021_WCOA_RonBrown,7/17/2021,,10:20:22 PM,,E801,1110122,22,Niskin; Sterivex 0.22µm filter,95% EtOH,West Coast,80-60,3.9,34.151,-121.152,1000.0,Sean McAllister,Bleach bottle; rinsed with sample water 3X,7/17/2021 10:20:22 PM,7/17/2021 ,2021/07/17 10:20:00,2021/07/17 00:00:00,2021/07/17 03:20:00,34.151,-121.152,1110122,22,4.0,1945.0,33RO20210613,WCOA2021,CC80-60,111.0,1.0,11024.0,2.0,15.0,2021-07-17,2021.0,7.0,17.0,22:20:22,198.931,34.151,-121.152,2188.0,3.9,3.9,15.813,33.533,2.0,,9.0,257.6,2.0,,,9.0,,9.0,,9.0,,,9.0,,,9.0,,9.0,,9.0,,9.0,,9.0,,9.0,,9.0,4.212,2.0,,9.0,,9.0,,9.0,,9.0,,9.0,,9.0,,9.0,,,,,,,,,,,,,,,,,,,,,,,,,,,,,,,,,,,,,,,,,,,,,,,,,,,,,,,,,,,,,,,,,,,,,,,,,,,,,,,,,,,,,,,,,,,,,0.0,3.9,,,,,33.533,,,0.0,,15.813,,,,,,,,,,,,,11024.0,22:20:22,2021/07/17 22:20:22,22.0,11024.0,22.0,4.0,3.97,16.2643,33.5417,24.5661,5.92,257.95,0.065,147.49,99.7,dRB2102_CTD_111_01_F.csv,dRB2102,CTD,111.0,F.csv,1110121
546,E802,1.0,1.0,False,WCOA21,2021_WCOA_RonBrown,7/18/2021,,12:09:54 AM,,E802,1120102,2,Niskin; Sterivex 0.22µm filter,95% EtOH,West Coast,80-57,1006.8,34.21,-121.023,1000.0,Sean McAllister,Bleach bottle; rinsed with sample water 3X,7/18/2021 12:09:54 AM,7/18/2021 ,2021/07/18 12:09:00,2021/07/18 00:00:00,2021/07/18 05:09:00,34.21,-121.023,1120102,2,1007.0,1947.0,33RO20210613,WCOA2021,CC80-57,112.0,1.0,11081.0,2.0,15.0,2021-07-18,2021.0,7.0,18.0,00:09:54,199.007,34.21,-121.023,1017.0,1016.6,1006.8,4.262,34.453,2.0,,9.0,19.2,2.0,,,9.0,,9.0,,9.0,,,9.0,,,9.0,,9.0,,9.0,,9.0,,9.0,,9.0,,9.0,1.103,2.0,,9.0,,9.0,,9.0,,9.0,,9.0,,9.0,,9.0,,,,,,,,,,,,,,,,,,,,,,,,,,,,,,,,,,,,,,,,,,,,,,,,,,,,,,,,,,,,,,,,,,,,,,,,,,,,,,,,,,,,,,,,,,,,,0.0,1016.6,,,,,34.453,,,0.0,,4.262,,,,,,,,,,,,,11081.0,00:09:54,2021/07/18 00:09:54,2.0,11081.0,2.0,1007.0,997.38,4.3006,34.4499,27.3253,0.44,19.34,0.041,140.68,19.93,dRB2102_CTD_112_01_F.csv,dRB2102,CTD,112.0,F.csv,1120101
547,E803,1.0,1.0,False,WCOA21,2021_WCOA_RonBrown,7/18/2021,,12:23:17 AM,,E803,1120104,4,Niskin; Sterivex 0.22µm filter,95% EtOH,West Coast,80-57,498.2,34.209,-121.024,1000.0,Sean McAllister,,7/18/2021 12:23:17 AM,7/18/2021 ,2021/07/18 12:23:00,2021/07/18 00:00:00,2021/07/18 05:23:00,34.209,-121.024,1120104,4,498.0,1949.0,33RO20210613,WCOA2021,CC80-57,112.0,1.0,11058.0,2.0,15.0,2021-07-18,2021.0,7.0,18.0,00:23:17,199.016,34.209,-121.024,1017.0,502.4,498.2,6.892,34.297,2.0,,9.0,18.3,2.0,19.3,0.633,2.0,2303.8,2.0,2298.9,2.0,7.3174,25.26,2.0,49.32447531866857,25.095,2.0,67.2,2.0,3.05,2.0,36.8,2.0,0.02,2.0,0.02,2.0,,9.0,2.539,2.0,,9.0,,9.0,,9.0,,9.0,,9.0,,9.0,,9.0,387.11765157234265,20.232716999085884,68.44871603925947,39.557575433748056,66.95292849334946,0.1117722378282722,0.0,1.3374801600385473e-07,0.4387577880736319,66.76124221192636,2195.7937085269923,0.0005379007057425887,2.877441289231651,0.0,0.0035316527337519,0.0270548915224211,0.0,0.0,0.3517764294457921,0.0607863391920599,27668.30173848165,2298.9,0.0,0.0,0.0,20.232716999085884,2.9990138338677554,0.4387577880736319,0.0,0.0,0.0,68.44871603925961,0.0,0.0,-0.0001278622552506427,0.000129486094543952,28995.0,2195.7937085269923,39.557575433748056,2303.8,0.0394168898104005,0.0393641013606954,1398.132932375397,0.7806703739625523,0.9959910221451866,-0.00012948609454395285,0.00012406866189837895,83.14462618,0.0270548915224211,0.3517764294457921,1.0436647946603184,1.037651023410795,0.0489572303564631,1e-07,1.3581939104703868e-10,7.291364374885279e-07,1e-07,0.2119582412478561,1.5986067814843831e-09,4.637894470641241e-07,9.811979876234034e-07,5.510215029785406e-10,0.0033675438573654,0.0255609514927917,7.87413657852711e-07,6.461449233485417e-10,2.0101610239428136e-10,1.555478889825022e-07,1.0759625486099271e-14,0.0001262786395158886,-0.00013539823047501384,1.0,1.0,3.0,1.0,10.0,1.0,1.0,0.0,1.0,1.0,1403.760577443829,7.514469581513425,7.567754203047546,7.614430619526616,7.506898317952764,7.514469581513425,2303.8,2.0,2298.9,1.0,0.0,,502.4,1.0,1.0,0.9163241016009744,18.5687502770601,34.297,0.5467579139426598,0.859573498414876,,0.081160691651906,6.892,0.0,0.0,0.0,407.3503685714285,10077.99677228694,66.95346639405521,3.0499999999999994,67.19999999999999,27668.305270134388,0.0,0.9903770141605974,1417.40019949231,11058.0,00:23:17,2021/07/18 00:23:17,4.0,11058.0,4.0,498.0,493.84,6.8779,34.2979,26.8888,0.42,18.07,0.04,142.95,99.99,dRB2102_CTD_112_01_F.csv,dRB2102,CTD,112.0,F.csv,1120104
548,E804,1.0,1.0,False,WCOA21,2021_WCOA_RonBrown,7/18/2021,,12:39:51 AM,,E804,1120111,11,Niskin; Sterivex 0.22µm filter,95% EtOH,West Coast,80-57,99.9,34.209,-121.024,1000.0,Sean McAllister,Bleach bottle; rinsed with sample water 3X,7/18/2021 12:39:51 AM,7/18/2021 ,2021/07/18 12:39:00,2021/07/18 00:00:00,2021/07/18 05:39:00,34.209,-121.024,1120111,11,100.0,1956.0,33RO20210613,WCOA2021,CC80-57,112.0,1.0,11023.0,2.0,15.0,2021-07-18,2021.0,7.0,18.0,00:39:51,199.028,34.209,-121.024,1017.0,100.7,99.9,9.723,33.95,2.0,,9.0,114.1,2.0,,,9.0,,9.0,,9.0,,,9.0,,,9.0,,9.0,,9.0,,9.0,,9.0,,9.0,,9.0,34.782,2.0,,9.0,,9.0,,9.0,,9.0,,9.0,,9.0,,9.0,,,,,,,,,,,,,,,,,,,,,,,,,,,,,,,,,,,,,,,,,,,,,,,,,,,,,,,,,,,,,,,,,,,,,,,,,,,,,,,,,,,,,,,,,,,,,0.0,100.7,,,,,33.95,,,0.0,,9.723,,,,,,,,,,,,,11023.0,00:39:51,2021/07/18 00:39:51,11.0,11023.0,11.0,100.0,99.26,9.7712,33.9372,26.1623,2.66,115.59,0.04,144.53,99.62,dRB2102_CTD_112_01_F.csv,dRB2102,CTD,112.0,F.csv,1120110
549,E805,1.0,1.0,False,WCOA21,2021_WCOA_RonBrown,7/18/2021,,12:53:12 AM,,E805,1120120,20,Niskin; Sterivex 0.22µm filter,95% EtOH,West Coast,80-57,4.3,34.209,-121.024,1000.0,Sean McAllister,Bleach bottle; rinsed with sample water 3X,7/18/2021 12:53:12 AM,7/18/2021 ,2021/07/18 12:53:00,2021/07/18 00:00:00,2021/07/18 05:53:00,34.209,-121.024,1120120,20,4.0,1965.0,33RO20210613,WCOA2021,CC80-57,112.0,1.0,11022.0,2.0,15.0,2021-07-18,2021.0,7.0,18.0,00:53:12,199.037,34.209,-121.024,1017.0,4.4,4.3,15.466,33.602,2.0,,9.0,265.4,2.0,,,9.0,,9.0,,9.0,,,9.0,,,9.0,,9.0,,9.0,,9.0,,9.0,,9.0,,9.0,45.842,2.0,,9.0,,9.0,,9.0,,9.0,,9.0,,9.0,,9.0,,,,,,,,,,,,,,,,,,,,,,,,,,,,,,,,,,,,,,,,,,,,,,,,,,,,,,,,,,,,,,,,,,,,,,,,,,,,,,,,,,,,,,,,,,,,,0.0,4.4,,,,,33.602,,,0.0,,15.466,,,,,,,,,,,,,11022.0,00:53:12,2021/07/18 00:53:12,20.0,11022.0,20.0,4.0,3.97,15.5487,33.5961,24.7693,6.66,290.42,0.223,143.27,99.86,dRB2102_CTD_112_01_F.csv,dRB2102,CTD,112.0,F.csv,1120119
550,E806.1B,1.0,1.0,False,WCOA21,2021_WCOA_RonBrown,7/18/2021,,2:58:14 AM,,E806.1B,1130101,1,Niskin; Sterivex 0.22µm filter,95% EtOH,West Coast,CCE2,818.0,34.316,-120.804,1000.0,Sean McAllister,Some kind of whole macrobe on filter (squid?),7/18/2021 2:58:14 AM,7/18/2021 ,2021/07/18 02:58:00,2021/07/18 00:00:00,2021/07/17 19:58:00,34.316,-120.804,1130101,1,818.0,1966.0,33RO20210613,WCOA2021,CCE2,113.0,1.0,11031.0,2.0,15.0,2021-07-18,2021.0,7.0,18.0,02:58:14,199.124,34.316,-120.804,829.0,825.5,818.0,5.186,34.382,2.0,,9.0,11.9,2.0,11.9,0.39,6.0,2342.8,2.0,2335.5,2.0,7.3083,25.16,2.0,48.125257429059936,24.905,2.0,98.2,6.0,3.29,6.0,40.9,6.0,0.05,6.0,0.65,6.0,,9.0,1.804,2.0,,9.0,,9.0,,9.0,,9.0,,9.0,,9.0,,9.0,388.215321012799,20.144604701486703,70.19638012973033,38.63184364757412,67.11888327176776,0.1214909801813251,0.0,1.4219324441034616e-07,0.6175211245861192,97.58247887541388,2233.971776222696,0.0005173043877614628,3.106720881207908,0.0,0.0032180226191847,0.0272806886003343,0.0,0.0,0.3031299398408566,0.0617879964175216,27736.873820720142,2335.5,0.0,0.0,0.0,20.144604701486703,3.2302967318497067,0.6175211245861192,0.0,0.0,0.0,70.19638012973044,0.0,0.0,-0.00012868379586854892,0.00013044123012112514,28995.0,2233.971776222696,38.63184364757412,2342.8,0.0401778045442673,0.0401234253143585,1350.6311017444584,0.7873965198250656,0.9958999862975126,-0.00013044123012112514,0.00012515895930198786,83.14462618,0.0272806886003343,0.3031299398408566,1.0422044961750765,1.036121935113146,0.0519730221220774,1e-07,1.2144979944558798e-10,7.790096206624076e-07,1e-07,0.2351385018050359,1.582586919393685e-09,4.964274344486644e-07,9.70609321787199e-07,5.27411075756972e-10,0.0035395975697457,0.0260583291495392,7.799013886800524e-07,6.065734112254001e-10,1.9300184724046608e-10,1.4603127768898985e-07,9.245072610371226e-15,0.0001269730878846042,-0.00013618901905491573,1.0,1.0,3.0,1.0,10.0,1.0,1.0,0.0,1.0,1.0,1356.1915055002062,7.515718506880247,7.564144671715297,7.612220441466752,7.508413932408503,7.515718506880247,2342.8,2.0,2335.5,1.0,0.0,,825.5,1.0,1.0,0.919009184224462,18.718596040313912,34.382,0.5010162718618472,0.7862105693700373,,0.0818883939826694,5.186,0.0,0.0,0.0,408.3599257142857,10102.973584417576,67.11940057615551,3.29,98.2,27736.87703874276,0.0,0.991448488453238,1367.889024286078,11031.0,02:58:14,2021/07/18 02:58:14,1.0,11031.0,1.0,818.0,810.54,5.2124,34.3792,27.1664,0.27,11.9,0.04,159.45,18.35,dRB2102_CTD_113_01_F.csv,dRB2102,CTD,113.0,F.csv,1130101
551,E806.2B,2.0,1.0,False,WCOA21,2021_WCOA_RonBrown,7/18/2021,,2:58:16 AM,,E806.2B,1130102,2,Niskin; Sterivex 0.22µm filter,95% EtOH,West Coast,CCE2,818.1,34.316,-120.804,1000.0,Sean McAllister,Bleach bottle; rinsed with sample water 3X; Some kind of whole macrobe on filter (squid?),7/18/2021 2:58:16 AM,7/18/2021 ,2021/07/18 02:58:00,2021/07/18 00:00:00,2021/07/17 19:58:00,34.316,-120.804,1130102,2,818.0,1967.0,33RO20210613,WCOA2021,CCE2,113.0,1.0,11081.0,2.0,15.0,2021-07-18,2021.0,7.0,18.0,02:58:16,199.124,34.316,-120.804,829.0,825.7,818.1,5.186,34.381,2.0,,9.0,11.9,2.0,11.9,0.39,9.0,2342.8,9.0,2335.5,9.0,7.3083,25.16,9.0,48.125257429059936,24.905,9.0,98.2,9.0,3.29,9.0,40.9,9.0,0.05,9.0,0.65,9.0,,9.0,1.675,2.0,,9.0,,9.0,,9.0,,9.0,,9.0,,9.0,,9.0,,,,,,,,,,,,,,,,,,,,,,,,,,,,,,,,,,,,,,,,,,,,,,,,,,,,,,,,,,,,,,,,,,,,,,,,,,,,,,,,,,,,,,,,,,,,,0.0,825.7,,,,,34.381,,,0.0,,5.186,,,,,,,,,,,,,11081.0,02:58:16,2021/07/18 02:58:16,2.0,11081.0,2.0,818.0,810.54,5.2124,34.3792,27.1664,0.27,11.9,0.04,159.45,18.35,dRB2102_CTD_113_01_F.csv,dRB2102,CTD,113.0,F.csv,1130101
552,E806.3B,3.0,1.0,False,WCOA21,2021_WCOA_RonBrown,7/18/2021,,2:58:19 AM,,E806.3B,1130103,3,Niskin; Sterivex 0.22µm filter,95% EtOH,West Coast,CCE2,818.6,34.316,-120.804,1000.0,Sean McAllister,Bleach bottle; rinsed with sample water 3X; Some kind of whole macrobe on filter (squid?); less organisms in 3B,7/18/2021 2:58:19 AM,7/18/2021 ,2021/07/18 02:58:00,2021/07/18 00:00:00,2021/07/17 19:58:00,34.316,-120.804,1130103,3,819.0,1968.0,33RO20210613,WCOA2021,CCE2,113.0,1.0,11020.0,2.0,15.0,2021-07-18,2021.0,7.0,18.0,02:58:19,199.124,34.316,-120.804,829.0,826.1,818.6,5.177,34.383,2.0,,9.0,11.8,2.0,11.9,0.39,9.0,2342.8,9.0,2335.5,9.0,7.3083,25.16,9.0,48.125257429059936,24.905,9.0,98.2,9.0,3.29,9.0,40.9,9.0,0.05,9.0,0.65,9.0,,9.0,1.675,9.0,,9.0,,9.0,,9.0,,9.0,,9.0,,9.0,,9.0,,,,,,,,,,,,,,,,,,,,,,,,,,,,,,,,,,,,,,,,,,,,,,,,,,,,,,,,,,,,,,,,,,,,,,,,,,,,,,,,,,,,,,,,,,,,,0.0,826.1,,,,,34.383,,,0.0,,5.177,,,,,,,,,,,,,11020.0,02:58:19,2021/07/18 02:58:19,3.0,11020.0,3.0,819.0,811.53,5.2076,34.3797,27.1673,0.27,11.81,0.041,159.46,17.41,dRB2102_CTD_113_01_F.csv,dRB2102,CTD,113.0,F.csv,1130101
553,E807,1.0,1.0,False,WCOA21,2021_WCOA_RonBrown,7/18/2021,,3:04:42 AM,,E807,1130104,4,Niskin; Sterivex 0.22µm filter,95% EtOH,West Coast,CCE2,595.2,34.316,-120.804,1000.0,Sean McAllister,,7/18/2021 3:04:42 AM,7/18/2021 ,2021/07/18 03:04:00,2021/07/18 00:00:00,2021/07/17 20:04:00,34.316,-120.804,1130104,4,595.0,1969.0,33RO20210613,WCOA2021,CCE2,113.0,1.0,11058.0,2.0,15.0,2021-07-18,2021.0,7.0,18.0,03:04:42,199.128,34.316,-120.804,829.0,600.3,595.2,6.448,34.287,2.0,34.2925,3.0,16.7,2.0,18.0,0.59,2.0,2311.2,6.0,2307.4,2.0,7.3092,25.16,6.0,47.388292894911096,24.905,6.0,73.5,2.0,3.09,2.0,38.0,2.0,0.01,2.0,0.04,2.0,,9.0,2.239,2.0,,9.0,,9.0,,9.0,,9.0,,9.0,,9.0,,9.0,386.8339017602812,20.463019668290283,67.88489358382256,39.78798337267927,66.94415616102172,0.1119466448562008,0.0,1.314341209740923e-07,0.4819761397409654,73.01802386025904,2203.527123043498,0.0005254822164053399,2.916514068923408,0.0,0.0034016081443621,0.0267802451545375,0.0,0.0,0.3430294915661279,0.0615391547862707,27664.671598423447,2307.4,0.0,0.0,0.0,20.463019668290283,3.039592247061828,0.4819761397409654,0.0,0.0,0.0,67.88489358382265,0.0,0.0,-0.00012779145981217755,0.00012936411992908262,28995.0,2203.527123043498,39.78798337267927,2311.2,0.0396800131315932,0.0396268157884118,1365.2228836638544,0.7823298007392034,0.995967588033294,-0.00012936411992908273,0.00012393385194033488,83.14462618,0.0267802451545375,0.3430294915661279,1.0438158574411305,1.0377248790844198,0.0497244035359557,1e-07,1.321590728923991e-10,7.428478527702578e-07,1e-07,0.217798951579263,1.5965815390771087e-09,4.727791836641272e-07,9.796956256160983e-07,5.449785851495298e-10,0.0034116871279101,0.0257068502009636,7.863192425762033e-07,6.368444395408986e-10,1.9922387070706423e-10,1.5313976855163866e-07,1.0353265935119431e-14,0.00012625657761897638,-0.00013529205743036886,1.0,1.0,3.0,1.0,10.0,1.0,1.0,0.0,1.0,1.0,1370.75031363191,7.520254090126735,7.572185451641578,7.619367927696148,7.512757801531702,7.520254090126735,2311.2,2.0,2307.4,1.0,0.0,,600.3,1.0,1.0,0.9160467679643364,18.648657842997363,34.2925,0.539720960069719,0.8480292071567237,,0.0822818129680243,6.448,0.0,0.0,0.0,407.2969214285714,10076.67447046826,66.94468164323813,3.09,73.5,27664.67500003159,0.0,0.9906665703454868,1383.6646503110248,11058.0,03:04:42,2021/07/18 03:04:42,4.0,11058.0,4.0,595.0,589.89,6.4439,34.288,26.9399,0.38,16.72,0.041,162.82,100.0,dRB2102_CTD_113_01_F.csv,dRB2102,CTD,113.0,F.csv,1130104
554,E808,1.0,1.0,False,WCOA21,2021_WCOA_RonBrown,7/18/2021,,3:20:11 AM,,E808,1130108,8,Niskin; Sterivex 0.22µm filter,95% EtOH,West Coast,CCE2,199.3,34.316,-120.805,1000.0,Sean McAllister,,7/18/2021 3:20:11 AM,7/18/2021 ,2021/07/18 03:20:00,2021/07/18 00:00:00,2021/07/17 20:20:00,34.316,-120.805,1130108,8,199.0,1973.0,33RO20210613,WCOA2021,CCE2,113.0,1.0,11027.0,2.0,15.0,2021-07-18,2021.0,7.0,18.0,03:20:11,199.139,34.316,-120.805,829.0,200.8,199.3,9.219,34.086,2.0,,9.0,81.4,2.0,80.0,2.629,2.0,2226.2,2.0,2255.8,2.0,7.4343,25.16,2.0,60.24191968184829,24.905,2.0,35.1,2.0,2.27,2.0,27.5,2.0,0.03,2.0,0.04,2.0,,9.0,15.47,2.0,,9.0,,9.0,,9.0,,9.0,,9.0,,9.0,,9.0,379.058846949448,25.785444479123413,50.95688727492536,51.6669163981329,66.54111522988639,0.0643112174112679,0.0,6.206359684605601e-08,0.3100589773982812,34.78994102260172,2123.576196326941,0.0004439591903776051,2.142370756739401,0.0,0.0031157655030984,0.0210891970360483,0.0,0.0,0.5501097197532799,0.0633179637857332,27498.082822882214,2255.8,0.0,0.0,0.0,25.785444479123413,2.269006622247271,0.3100589773982812,0.0,0.0,0.0,50.95688727492541,0.0,0.0,-0.00012777639635257334,0.00012773565606155046,28995.0,2123.576196326941,51.6669163981329,2226.2,0.0397304015954607,0.039679698355937,1125.57406518486,0.7712573761253422,0.9961109406071272,-0.00012773565606155022,0.00012076768887711058,83.14462618,0.0210891970360483,0.5501097197532799,1.05769728020158,1.0508134555141324,0.0452719095535986,1e-07,1.6048267737281747e-10,6.827772839591832e-07,1e-07,0.1861219935160902,1.6465404561815314e-09,4.340863052560307e-07,1.00871708967442e-06,5.889102525888901e-10,0.0031608731624361,0.0250815407114159,8.063290784338825e-07,7.153798935228306e-10,2.157222985069121e-10,1.700221283222236e-07,1.3315385353260794e-14,0.00012781716263948363,-0.0001355569217595764,1.0,1.0,3.0,1.0,10.0,1.0,1.0,0.0,1.0,1.0,1129.9685801049682,7.616095578824776,7.675939955559331,7.721002685281292,7.608202015833404,7.616095578824776,2226.2,2.0,2255.8,1.0,0.0,,200.8,1.0,1.0,0.890900201254968,18.43373853303851,34.086,0.7579273868322851,1.1921491103351023,,0.1006949763282622,9.219,0.0,0.0,0.0,404.84429142857147,10015.99550923325,66.54155918907675,2.27,35.1,27498.08593864772,0.0,0.9887244517572716,1142.8548956149125,11027.0,03:20:11,2021/07/18 03:20:11,8.0,11027.0,8.0,199.0,197.48,9.2694,34.0746,26.3538,1.89,82.13,0.04,164.44,99.76,dRB2102_CTD_113_01_F.csv,dRB2102,CTD,113.0,F.csv,1130108
555,E809.1B,1.0,1.0,False,WCOA21,2021_WCOA_RonBrown,7/18/2021,,3:28:27 AM,,E809.1B,1130111,11,Niskin; Sterivex 0.22µm filter,95% EtOH,West Coast,CCE2,99.7,34.316,-120.805,1000.0,Sean McAllister,,7/18/2021 3:28:27 AM,7/18/2021 ,2021/07/18 03:28:00,2021/07/18 00:00:00,2021/07/17 20:28:00,34.316,-120.805,1130111,11,100.0,1976.0,33RO20210613,WCOA2021,CCE2,113.0,1.0,11023.0,2.0,15.0,2021-07-18,2021.0,7.0,18.0,03:28:27,199.145,34.316,-120.805,829.0,100.5,99.7,9.883,33.908,2.0,,9.0,120.1,2.0,119.8,3.935,2.0,2182.4,2.0,2239.8,2.0,7.5152,25.13,2.0,65.46803349391425,24.905,2.0,26.1,2.0,1.9,2.0,22.8,2.0,0.03,2.0,0.07,2.0,,9.0,23.734,2.0,,9.0,,9.0,,9.0,,9.0,,9.0,,9.0,,9.0,371.3910698276471,31.339090172353018,40.21451774869505,63.36402412239028,66.19370977759986,0.0433647858768307,0.0,3.4151282552615746e-08,0.2888843755122637,25.811115624487737,2078.821458128915,0.0003637124903507848,1.7894672768410311,0.0,0.0026025003839318,0.0170118499935603,0.0,0.0,0.7186940923561397,0.0671679031308554,27354.4859854145,2239.8,0.0,0.0,0.0,31.339090172353018,1.92380304895146,0.2888843755122637,0.0,0.0,0.0,40.21451774869483,0.0,0.0,-0.0001333679692070966,0.00013196813544943988,28995.0,2078.821458128915,63.36402412239028,2182.4,0.0405055185356464,0.0404553927883746,907.220649441838,0.7682443856784148,0.9961442857784802,-0.00013196813544943928,0.00012321073161194535,83.14462618,0.0170118499935603,0.7186940923561397,1.0710766320670524,1.063752169011816,0.0443271631586396,1e-07,1.6809925591142194e-10,6.661211505281192e-07,1e-07,0.1788089696769869,1.6551176181948122e-09,4.233170535093629e-07,1.0139306710455762e-06,5.978599948030659e-10,0.0030960648620226,0.0249060079562112,8.093949477759237e-07,7.362273788468733e-10,2.1952865245518479e-10,1.740985157420295e-07,1.409671791965676e-14,0.00013479781843594695,-0.00014206568593822446,1.0,1.0,3.0,1.0,10.0,1.0,1.0,0.0,1.0,1.0,910.7321724310762,7.707426065541425,7.769248455446386,7.813947180600811,7.699446575721491,7.707426065541425,2182.4,2.0,2239.8,1.0,0.0,,100.5,1.0,1.0,0.8672800247170311,17.7127428061503,33.908,0.9477848952356124,1.4914106569381462,,0.1221984357324936,9.883,0.0,0.0,0.0,402.73016000000007,9963.691126183214,66.19407349009022,1.9,26.1,27354.48858791489,0.0,0.988208430295324,921.5992745163142,11023.0,03:28:27,2021/07/18 03:28:27,11.0,11023.0,11.0,100.0,99.26,9.9384,33.8956,26.1019,2.77,120.67,0.042,164.8,99.58,dRB2102_CTD_113_01_F.csv,dRB2102,CTD,113.0,F.csv,1130111
556,E809.2T,2.0,2.0,False,WCOA21,2021_WCOA_RonBrown,7/18/2021,,3:28:31 AM,,E809.2T,1130112,12,Niskin; Sterivex 0.22µm filter,95% EtOH,West Coast,CCE2,99.5,34.316,-120.805,1000.0,Sean McAllister,Bleach bottle; rinsed with sample water 3X,7/18/2021 3:28:31 AM,7/18/2021 ,2021/07/18 03:28:00,2021/07/18 00:00:00,2021/07/17 20:28:00,34.316,-120.805,1130112,12,100.0,1977.0,33RO20210613,WCOA2021,CCE2,113.0,1.0,11026.0,2.0,15.0,2021-07-18,2021.0,7.0,18.0,03:28:31,199.145,34.316,-120.805,829.0,100.2,99.5,9.884,33.907,2.0,,9.0,120.1,2.0,119.8,3.935,9.0,2182.4,9.0,2239.8,9.0,7.5152,25.13,9.0,65.46803349391425,24.905,9.0,26.1,9.0,1.9,9.0,22.8,9.0,0.03,9.0,0.07,9.0,,9.0,24.824,2.0,,9.0,,9.0,,9.0,,9.0,,9.0,,9.0,,9.0,,,,,,,,,,,,,,,,,,,,,,,,,,,,,,,,,,,,,,,,,,,,,,,,,,,,,,,,,,,,,,,,,,,,,,,,,,,,,,,,,,,,,,,,,,,,,0.0,100.2,,,,,33.907,,,0.0,,9.884,,,,,,,,,,,,,11026.0,03:28:31,2021/07/18 03:28:31,12.0,11026.0,12.0,100.0,99.26,9.9384,33.8956,26.1019,2.77,120.67,0.042,164.8,99.58,dRB2102_CTD_113_01_F.csv,dRB2102,CTD,113.0,F.csv,1130111
557,E809.3T,2.0,3.0,False,WCOA21,2021_WCOA_RonBrown,7/18/2021,,3:28:31 AM,,E809.3T,1130112,12,Niskin; Sterivex 0.22µm filter,95% EtOH,West Coast,CCE2,99.5,34.316,-120.805,1000.0,Sean McAllister,Bleach bottle; rinsed with sample water 3X,7/18/2021 3:28:31 AM,7/18/2021 ,2021/07/18 03:28:00,2021/07/18 00:00:00,2021/07/17 20:28:00,34.316,-120.805,1130112,12,100.0,1977.0,33RO20210613,WCOA2021,CCE2,113.0,1.0,11026.0,2.0,15.0,2021-07-18,2021.0,7.0,18.0,03:28:31,199.145,34.316,-120.805,829.0,100.2,99.5,9.884,33.907,2.0,,9.0,120.1,2.0,119.8,3.935,9.0,2182.4,9.0,2239.8,9.0,7.5152,25.13,9.0,65.46803349391425,24.905,9.0,26.1,9.0,1.9,9.0,22.8,9.0,0.03,9.0,0.07,9.0,,9.0,24.824,2.0,,9.0,,9.0,,9.0,,9.0,,9.0,,9.0,,9.0,,,,,,,,,,,,,,,,,,,,,,,,,,,,,,,,,,,,,,,,,,,,,,,,,,,,,,,,,,,,,,,,,,,,,,,,,,,,,,,,,,,,,,,,,,,,,0.0,100.2,,,,,33.907,,,0.0,,9.884,,,,,,,,,,,,,11026.0,03:28:31,2021/07/18 03:28:31,12.0,11026.0,12.0,100.0,99.26,9.9384,33.8956,26.1019,2.77,120.67,0.042,164.8,99.58,dRB2102_CTD_113_01_F.csv,dRB2102,CTD,113.0,F.csv,1130111
558,E810.1B,1.0,1.0,False,WCOA21,2021_WCOA_RonBrown,7/18/2021,,3:47:48 AM,,E810.1B,1130122,22,Niskin; Sterivex 0.22µm filter,95% EtOH,West Coast,CCE2,3.4,34.316,-120.805,1000.0,Sean McAllister,,7/18/2021 3:47:48 AM,7/18/2021 ,2021/07/18 03:47:00,2021/07/18 00:00:00,2021/07/17 20:47:00,34.316,-120.805,1130122,22,3.0,1987.0,33RO20210613,WCOA2021,CCE2,113.0,1.0,11024.0,2.0,15.0,2021-07-18,2021.0,7.0,18.0,03:47:48,199.158,34.316,-120.805,829.0,3.4,3.4,15.009,33.601,2.0,,9.0,282.4,2.0,277.8,9.109,2.0,2012.2,2.0,2239.2,2.0,7.9354,25.13,2.0,197.52239457404823,24.905,4.0,1.7,2.0,0.33,2.0,0.1,2.0,0.03,2.0,0.09,2.0,,9.0,11.051,2.0,,9.0,,9.0,,9.0,,9.0,,9.0,,9.0,,9.0,324.0969494816676,74.98692766118957,13.205114324469346,161.96824334859613,65.59459610476434,0.0026789892724274,0.0,8.885515224427675e-10,0.0548212158291604,1.6451787841708394,1837.0266423269345,0.00016216291648148097,0.2926159815547473,0.0,0.0013030957911722,0.0068587279868888,0.0,0.0,2.8414200483141894,0.0347050282842737,27106.82219113944,2239.2,0.0,0.0,0.0,74.98692766118957,0.3620260372347432,0.0548212158291604,0.0,0.0,0.0,13.205114324469235,0.0,0.0,-0.00022800934464467512,0.00021231292525625183,28995.0,1837.0266423269345,161.96824334859613,2012.2,0.0420583773807713,0.0420124578473022,349.86733755950564,0.7483755674115854,0.996389343850224,-0.0002123129252562517,0.00018001111477533946,83.14462618,0.0068587279868888,2.8414200483141894,1.179443422264376,1.1924549903140718,0.037743204085816,1e-07,2.5569455908985603e-10,6.409319385745661e-07,1e-07,0.1426743308185616,1.8884167064981594e-09,4.106336407114179e-07,1.1354303701536048e-06,7.196173640274896e-10,0.0027743426293384,0.0246079579635159,8.914855012691388e-07,9.680138649225101e-10,2.7197111379985926e-10,2.141705845174245e-07,2.3191169891786122e-14,0.00024621193797337684,-0.000258742579143223,1.0,1.0,3.0,1.0,10.0,1.0,1.0,0.0,1.0,1.0,351.1351659056856,8.088212782980493,8.163756420663265,8.20554899804007,8.079668598472084,8.088212782980493,2012.2,2.0,2239.2,1.0,0.0,,3.4,1.0,1.0,0.6957150824244402,11.178198649073977,33.601,2.495101644663956,3.8944454996051454,,0.2678378040124338,15.009,0.0,0.0,0.0,399.0838771428572,9873.48075766433,65.59475826768082,0.33,1.6999999999999995,27106.82349423523,0.0,0.9834819745362158,357.0326401470365,11024.0,03:47:48,2021/07/18 03:47:48,22.0,11024.0,22.0,3.0,2.98,15.0143,33.6011,24.8906,6.48,282.41,0.274,162.8,99.81,dRB2102_CTD_113_01_F.csv,dRB2102,CTD,113.0,F.csv,1130122
559,E810.2B,2.0,1.0,False,WCOA21,2021_WCOA_RonBrown,7/18/2021,,3:47:52 AM,,E810.2B,1130123,23,Niskin; Sterivex 0.22µm filter,95% EtOH,West Coast,CCE2,3.5,34.316,-120.805,1000.0,Sean McAllister,,7/18/2021 3:47:52 AM,7/18/2021 ,2021/07/18 03:47:00,2021/07/18 00:00:00,2021/07/17 20:47:00,34.316,-120.805,1130123,23,4.0,1988.0,33RO20210613,WCOA2021,CCE2,113.0,1.0,11061.0,2.0,15.0,2021-07-18,2021.0,7.0,18.0,03:47:52,199.158,34.316,-120.805,829.0,3.5,3.5,15.009,33.601,2.0,,9.0,282.4,2.0,277.8,9.109,9.0,2012.2,9.0,2239.2,9.0,7.9354,25.13,9.0,197.52239457404823,24.905,9.0,1.7,9.0,0.33,9.0,0.1,9.0,0.03,9.0,0.09,9.0,,9.0,11.627,2.0,,9.0,,9.0,,9.0,,9.0,,9.0,,9.0,,9.0,,,,,,,,,,,,,,,,,,,,,,,,,,,,,,,,,,,,,,,,,,,,,,,,,,,,,,,,,,,,,,,,,,,,,,,,,,,,,,,,,,,,,,,,,,,,,0.0,3.5,,,,,33.601,,,0.0,,15.009,,,,,,,,,,,,,11061.0,03:47:52,2021/07/18 03:47:52,23.0,11061.0,23.0,4.0,3.97,15.03,33.6014,24.8874,6.48,282.44,0.28,162.7,99.81,dRB2102_CTD_113_01_F.csv,dRB2102,CTD,113.0,F.csv,1130122
560,E810.3B,3.0,1.0,False,WCOA21,2021_WCOA_RonBrown,7/18/2021,,3:47:55 AM,,E810.3B,1130124,24,Niskin; Sterivex 0.22µm filter,95% EtOH,West Coast,CCE2,3.9,34.316,-120.805,1000.0,Sean McAllister,,7/18/2021 3:47:55 AM,7/18/2021 ,2021/07/18 03:47:00,2021/07/18 00:00:00,2021/07/17 20:47:00,34.316,-120.805,1130124,24,4.0,1989.0,33RO20210613,WCOA2021,CCE2,113.0,1.0,11001.0,2.0,15.0,2021-07-18,2021.0,7.0,18.0,03:47:55,199.158,34.316,-120.805,829.0,4.0,3.9,15.011,33.601,2.0,,9.0,282.4,2.0,277.8,9.109,9.0,2012.2,9.0,2239.2,9.0,7.9354,25.13,9.0,197.52239457404823,24.905,9.0,1.7,9.0,0.33,9.0,0.1,9.0,0.03,9.0,0.09,9.0,,9.0,11.627,9.0,,9.0,,9.0,,9.0,,9.0,,9.0,,9.0,,9.0,,,,,,,,,,,,,,,,,,,,,,,,,,,,,,,,,,,,,,,,,,,,,,,,,,,,,,,,,,,,,,,,,,,,,,,,,,,,,,,,,,,,,,,,,,,,,0.0,4.0,,,,,33.601,,,0.0,,15.011,,,,,,,,,,,,,11001.0,03:47:55,2021/07/18 03:47:55,24.0,11001.0,24.0,4.0,3.97,15.03,33.6014,24.8874,6.48,282.44,0.28,162.7,99.81,dRB2102_CTD_113_01_F.csv,dRB2102,CTD,113.0,F.csv,1130122
561,E811.1B,1.0,1.0,False,WCOA21,2021_WCOA_RonBrown,7/18/2021,,11:11:34 AM,,E811.1B,1140101,1,Niskin; Sterivex 0.22µm filter,95% EtOH,West Coast,80-51,66.2,34.448,-120.523,1000.0,Sean McAllister,,7/18/2021 11:11:34 AM,7/18/2021 ,2021/07/18 11:11:00,2021/07/18 00:00:00,2021/07/18 04:11:00,34.448,-120.523,1140101,1,66.0,1990.0,33RO20210613,WCOA2021,CC80-51,114.0,1.0,11031.0,2.0,15.0,2021-07-18,2021.0,7.0,18.0,11:11:34,199.466,34.448,-120.523,76.0,66.7,66.2,10.568,33.762,2.0,,9.0,143.0,2.0,144.1,4.729,6.0,2157.4,6.0,2233.4,2.0,7.5695,24.91,2.0,78.6067881874851,24.875,2.0,20.2,2.0,1.64,2.0,19.0,2.0,0.1,2.0,0.03,2.0,,9.0,102.809,2.0,,9.0,,9.0,,9.0,,9.0,,9.0,,9.0,,9.0,365.5477904784422,35.44830666441498,34.56596415694861,72.33163798505682,65.90873314920061,0.0325808775768265,0.0,2.271574253229574e-08,0.2596412456922736,19.940358754307727,2050.5023978579943,0.00032398104668757464,1.5395258994075118,0.0,0.0023584750778855,0.0149522175928537,0.0,0.0,0.8687006582095649,0.0678932002999192,27236.70413277131,2233.4,0.0,0.0,0.0,35.44830666441498,1.6753122772916078,0.2596412456922736,0.0,0.0,0.0,34.56596415694858,0.0,0.0,-0.00013979351445623213,0.00013738850405852827,28995.0,2050.5023978579943,72.33163798505682,2157.4,0.0408691843692334,0.0408196463698308,796.9130493525314,0.7652709585454718,0.9961782891176064,-0.00013738850405852827,0.00012707184316053822,83.14462618,0.0149522175928537,0.8687006582095649,1.081187623012254,1.07394443237986,0.0433748251268213,1e-07,1.7761198005342002e-10,6.581278784424698e-07,1e-07,0.1726747636741965,1.678671751242367e-09,4.184465470015386e-07,1.0268950429829676e-06,6.106360917258028e-10,0.0030417881829566,0.0248284890765683,8.179724427266888e-07,7.634027716861522e-10,2.2540065187548518e-10,1.789591624832559e-07,1.5037810294544785e-14,0.00014228422533265662,-0.00014952835584229466,1.0,1.0,3.0,1.0,10.0,1.0,1.0,0.0,1.0,1.0,799.9703045711025,7.761685548776756,7.825294391492247,7.869817294637688,7.753632527132483,7.761685548776756,2157.4,2.0,2233.4,1.0,0.0,,66.7,1.0,1.0,0.8498176980863685,16.97779733370527,33.762,1.0903458100988574,1.714883250706711,,0.1371370089502983,10.568,0.0,0.0,0.0,400.9960971428572,9920.78977828824,65.9090571302473,1.6399999999999997,20.2,27236.706491246387,0.0,0.9876546308590954,809.9696792544386,11031.0,11:11:34,2021/07/18 11:11:34,1.0,11031.0,1.0,66.0,65.52,10.5664,33.7623,25.8897,3.28,142.88,0.046,161.2,11.33,dRB2102_CTD_114_01_F.csv,dRB2102,CTD,114.0,F.csv,1140101
562,E811.2B,2.0,1.0,False,WCOA21,2021_WCOA_RonBrown,7/18/2021,,11:11:37 AM,,E811.2B,1140102,2,Niskin; Sterivex 0.22µm filter,95% EtOH,West Coast,80-51,66.4,34.448,-120.523,1000.0,Sean McAllister,,7/18/2021 11:11:37 AM,7/18/2021 ,2021/07/18 11:11:00,2021/07/18 00:00:00,2021/07/18 04:11:00,34.448,-120.523,1140102,2,66.0,1991.0,33RO20210613,WCOA2021,CC80-51,114.0,1.0,11081.0,2.0,15.0,2021-07-18,2021.0,7.0,18.0,11:11:37,199.466,34.448,-120.523,76.0,66.9,66.4,10.568,33.762,2.0,,9.0,143.0,2.0,144.1,4.729,9.0,2157.4,9.0,2233.4,9.0,7.5695,24.91,9.0,78.6067881874851,24.875,9.0,20.2,9.0,1.64,9.0,19.0,9.0,0.1,9.0,0.03,9.0,,9.0,103.578,2.0,,9.0,,9.0,,9.0,,9.0,,9.0,,9.0,,9.0,,,,,,,,,,,,,,,,,,,,,,,,,,,,,,,,,,,,,,,,,,,,,,,,,,,,,,,,,,,,,,,,,,,,,,,,,,,,,,,,,,,,,,,,,,,,,0.0,66.9,,,,,33.762,,,0.0,,10.568,,,,,,,,,,,,,11081.0,11:11:37,2021/07/18 11:11:37,2.0,11081.0,2.0,66.0,65.52,10.5664,33.7623,25.8897,3.28,142.88,0.046,161.2,11.33,dRB2102_CTD_114_01_F.csv,dRB2102,CTD,114.0,F.csv,1140101
563,E811.3B,3.0,1.0,False,WCOA21,2021_WCOA_RonBrown,7/18/2021,,11:11:39 AM,,E811.3B,1140103,3,Niskin; Sterivex 0.22µm filter,95% EtOH,West Coast,80-51,66.3,34.448,-120.523,1000.0,Sean McAllister,"""Low water"" -- Ask Katy to clarify",7/18/2021 11:11:39 AM,7/18/2021 ,2021/07/18 11:11:00,2021/07/18 00:00:00,2021/07/18 04:11:00,34.448,-120.523,1140103,3,66.0,1992.0,33RO20210613,WCOA2021,CC80-51,114.0,1.0,11020.0,2.0,15.0,2021-07-18,2021.0,7.0,18.0,11:11:39,199.466,34.448,-120.523,76.0,66.8,66.3,10.567,33.763,2.0,,9.0,142.7,2.0,144.1,4.729,9.0,2157.4,9.0,2233.4,9.0,7.5695,24.91,9.0,78.6067881874851,24.875,9.0,20.2,9.0,1.64,9.0,19.0,9.0,0.1,9.0,0.03,9.0,,9.0,103.578,9.0,,9.0,,9.0,,9.0,,9.0,,9.0,,9.0,,9.0,,,,,,,,,,,,,,,,,,,,,,,,,,,,,,,,,,,,,,,,,,,,,,,,,,,,,,,,,,,,,,,,,,,,,,,,,,,,,,,,,,,,,,,,,,,,,0.0,66.8,,,,,33.763,,,0.0,,10.567,,,,,,,,,,,,,11020.0,11:11:39,2021/07/18 11:11:39,3.0,11020.0,3.0,66.0,65.52,10.5664,33.7623,25.8897,3.28,142.88,0.046,161.2,11.33,dRB2102_CTD_114_01_F.csv,dRB2102,CTD,114.0,F.csv,1140101
564,E812,1.0,1.0,False,WCOA21,2021_WCOA_RonBrown,7/18/2021,,11:14:34 AM,,E812,1140104,4,Niskin; Sterivex 0.22µm filter,95% EtOH,West Coast,80-51,60.1,34.448,-120.523,1000.0,Sean McAllister,,7/18/2021 11:14:34 AM,7/18/2021 ,2021/07/18 11:14:00,2021/07/18 00:00:00,2021/07/18 04:14:00,34.448,-120.523,1140104,4,60.0,1993.0,33RO20210613,WCOA2021,CC80-51,114.0,1.0,11058.0,2.0,15.0,2021-07-18,2021.0,7.0,18.0,11:14:34,199.468,34.448,-120.523,76.0,60.5,60.1,10.563,33.763,2.0,33.7668,3.0,142.5,2.0,142.5,4.677,2.0,2156.5,2.0,2232.5,2.0,7.5667,24.91,6.0,77.88180901348348,24.875,6.0,20.5,2.0,1.66,2.0,19.1,2.0,0.11,2.0,0.04,2.0,,9.0,110.594,2.0,,9.0,,9.0,,9.0,,9.0,,9.0,,9.0,,9.0,365.6089185673777,35.444188861193766,34.55765421536541,72.30362717998234,65.91810366817083,0.0329814983963483,0.0,2.2989938735152087e-08,0.2633931893735806,20.23660681062642,2049.638718604652,0.0003238629480289484,1.5583266675602316,0.0,0.0023577746281243,0.0149435316611694,0.0,0.0,0.8683598873749004,0.0686918110534807,27240.57642158141,2232.5,0.0,0.0,0.0,35.444188861193766,1.6957102666772543,0.2633931893735806,0.0,0.0,0.0,34.557654215365204,0.0,0.0,-0.00013975920933146933,0.00013735503614305822,28995.0,2049.638718604652,72.30362717998234,2156.5,0.0408684785605849,0.040818936300332,796.6129821670769,0.7653032313004737,0.9961780423636284,-0.00013735503614305757,0.00012703980410261778,83.14462618,0.0149435316611694,0.8683598873749004,1.0811968509657657,1.073947223918519,0.0433807319099366,1e-07,1.774123788491761e-10,6.575439374862355e-07,1e-07,0.1726502657924678,1.677286148541605e-09,4.18044680006672e-07,1.0261526274398128e-06,6.103257140237446e-10,0.0030415621027494,0.0248205538492044,8.174609585122319e-07,7.626501563253696e-10,2.2518826106880374e-10,1.7886923758869285e-07,1.5023760558019792e-14,0.0001422490440502089,-0.00014949343206696012,1.0,1.0,3.0,1.0,10.0,1.0,1.0,0.0,1.0,1.0,799.6692842947591,7.761921100256383,7.825546751938193,7.870033112941336,7.753866659973914,7.761921100256383,2156.5,2.0,2232.5,1.0,0.0,,60.5,1.0,1.0,0.8498019099977263,16.974994689523164,33.7668,1.0910465834955434,1.716110982398137,,0.1371589236787046,10.563,0.0,0.0,0.0,401.0531074285715,9922.200233561502,65.91842753111885,1.6599999999999997,20.5,27240.57877935604,0.0,0.9876587798851336,809.6614950233742,11058.0,11:14:34,2021/07/18 11:14:34,4.0,11058.0,4.0,60.0,59.56,10.5651,33.7631,25.8904,3.28,142.73,0.045,161.61,17.36,dRB2102_CTD_114_01_F.csv,dRB2102,CTD,114.0,F.csv,1140104
565,E813.1B,1.0,1.0,False,WCOA21,2021_WCOA_RonBrown,7/18/2021,,11:19:05 AM,,E813.1B,1140106,6,Niskin; Sterivex 0.22µm filter,95% EtOH,West Coast,80-51,40.5,34.448,-120.524,1000.0,Sean McAllister,,7/18/2021 11:19:05 AM,7/18/2021 ,2021/07/18 11:19:00,2021/07/18 00:00:00,2021/07/18 04:19:00,34.448,-120.524,1140106,6,40.0,1995.0,33RO20210613,WCOA2021,CC80-51,114.0,1.0,11082.0,2.0,15.0,2021-07-18,2021.0,7.0,18.0,11:19:05,199.472,34.448,-120.524,76.0,40.8,40.5,10.779,33.727,2.0,,9.0,147.7,2.0,150.0,4.924,2.0,2151.4,2.0,2230.8,2.0,7.5823,24.91,2.0,82.95946022896788,24.875,2.0,19.1,2.0,1.59,2.0,18.2,2.0,0.12,2.0,0.04,2.0,,9.0,121.554,2.0,,9.0,,9.0,,9.0,,9.0,,9.0,,9.0,,9.0,364.3832346428498,36.19716250000729,33.63892872779036,74.07537318862953,65.8404131086072,0.0308319555178424,0.0,2.107731449770485e-08,0.2523245081353119,18.84767549186469,2043.68569808358,0.0003181819517338756,1.4913399044518632,0.0,0.0023294960535097,0.0146132605274276,0.0,0.0,0.904333348270387,0.06782811895298,27208.46872761747,2230.8,0.0,0.0,0.0,36.19716250000729,1.6269961212805089,0.2523245081353119,0.0,0.0,0.0,33.638928727790315,0.0,0.0,-0.0001411489891498886,0.0001385449794962999,28995.0,2043.68569808358,74.07537318862953,2151.4,0.0408927219433852,0.0408433633610194,780.7502446692155,0.7643876219023494,0.9961886828736748,-0.00013854497949630012,0.00012790424169370726,83.14462618,0.0146132605274276,0.904333348270387,1.0831930017463698,1.076021844102452,0.043085389927789,1e-07,1.8032709939388448e-10,6.541779181169463e-07,1e-07,0.1706825995562388,1.6830623971452871e-09,4.159340207928238e-07,1.029333306014828e-06,6.141066762505537e-10,0.0030238770764542,0.024783912744634,8.19520165154047e-07,7.705790737983834e-10,2.2682228229741686e-10,1.80339875766305e-07,1.5321899968132686e-14,0.0001438527607263739,-0.00015111684330530378,1.0,1.0,3.0,1.0,10.0,1.0,1.0,0.0,1.0,1.0,783.7373161247018,7.77101592357447,7.835252872971577,7.879621904586759,7.762935550286542,7.77101592357447,2151.4,2.0,2230.8,1.0,0.0,,40.8,1.0,1.0,0.8463930220888751,16.820396036215634,33.727,1.1222090374544398,1.765001983763271,,0.1398514516488484,10.779,0.0,0.0,0.0,400.5803971428571,9910.505208587389,65.84073129055894,1.59,19.1,27208.47105711352,0.0,0.9874795571862924,793.6744719636218,11082.0,11:19:05,2021/07/18 11:19:05,6.0,11082.0,6.0,40.0,39.71,11.0764,33.6803,25.7351,3.66,159.2,0.049,161.61,37.63,dRB2102_CTD_114_01_F.csv,dRB2102,CTD,114.0,F.csv,1140106
566,E813.2B,2.0,1.0,False,WCOA21,2021_WCOA_RonBrown,7/18/2021,,11:19:14 AM,,E813.2B,1140107,7,Niskin; Sterivex 0.22µm filter,95% EtOH,West Coast,80-51,40.6,34.448,-120.524,1000.0,Sean McAllister,,7/18/2021 11:19:14 AM,7/18/2021 ,2021/07/18 11:19:00,2021/07/18 00:00:00,2021/07/18 04:19:00,34.448,-120.524,1140107,7,41.0,1996.0,33RO20210613,WCOA2021,CC80-51,114.0,1.0,11004.0,2.0,15.0,2021-07-18,2021.0,7.0,18.0,11:19:14,199.472,34.448,-120.524,76.0,40.9,40.6,10.772,33.729,2.0,,9.0,147.7,2.0,150.0,4.924,9.0,2151.4,9.0,2230.8,9.0,7.5823,24.91,9.0,82.95946022896788,24.875,9.0,19.1,9.0,1.59,9.0,18.2,9.0,0.12,9.0,0.04,9.0,,9.0,121.554,9.0,,9.0,,9.0,,9.0,,9.0,,9.0,,9.0,,9.0,,,,,,,,,,,,,,,,,,,,,,,,,,,,,,,,,,,,,,,,,,,,,,,,,,,,,,,,,,,,,,,,,,,,,,,,,,,,,,,,,,,,,,,,,,,,,0.0,40.9,,,,,33.729,,,0.0,,10.772,,,,,,,,,,,,,11004.0,11:19:14,2021/07/18 11:19:14,7.0,11004.0,7.0,41.0,40.7,11.061,33.6823,25.7394,3.65,158.77,0.048,161.62,36.58,dRB2102_CTD_114_01_F.csv,dRB2102,CTD,114.0,F.csv,1140106
567,E813.3B,3.0,1.0,False,WCOA21,2021_WCOA_RonBrown,7/18/2021,,11:19:16 AM,,E813.3B,1140108,8,Niskin; Sterivex 0.22µm filter,95% EtOH,West Coast,80-51,40.7,34.448,-120.524,1000.0,Sean McAllister,,7/18/2021 11:19:16 AM,7/18/2021 ,2021/07/18 11:19:00,2021/07/18 00:00:00,2021/07/18 04:19:00,34.448,-120.524,1140108,8,41.0,1997.0,33RO20210613,WCOA2021,CC80-51,114.0,1.0,11027.0,2.0,15.0,2021-07-18,2021.0,7.0,18.0,11:19:16,199.472,34.448,-120.524,76.0,41.0,40.7,10.772,33.729,2.0,,9.0,147.7,2.0,150.0,4.924,9.0,2151.4,9.0,2230.8,9.0,7.5823,24.91,9.0,82.95946022896788,24.875,9.0,19.1,9.0,1.59,9.0,18.2,9.0,0.12,9.0,0.04,9.0,,9.0,121.554,9.0,,9.0,,9.0,,9.0,,9.0,,9.0,,9.0,,9.0,,,,,,,,,,,,,,,,,,,,,,,,,,,,,,,,,,,,,,,,,,,,,,,,,,,,,,,,,,,,,,,,,,,,,,,,,,,,,,,,,,,,,,,,,,,,,0.0,41.0,,,,,33.729,,,0.0,,10.772,,,,,,,,,,,,,11027.0,11:19:16,2021/07/18 11:19:16,8.0,11027.0,8.0,41.0,40.7,11.061,33.6823,25.7394,3.65,158.77,0.048,161.62,36.58,dRB2102_CTD_114_01_F.csv,dRB2102,CTD,114.0,F.csv,1140106
568,E814.1B,1.0,1.0,False,WCOA21,2021_WCOA_RonBrown,7/18/2021,,11:30:37 AM,,E814.1B,1140115,15,Niskin; Sterivex 0.22µm filter,95% EtOH,West Coast,80-51,3.2,34.448,-120.524,1000.0,Sean McAllister,,7/18/2021 11:30:37 AM,7/18/2021 ,2021/07/18 11:30:00,2021/07/18 00:00:00,2021/07/18 04:30:00,34.448,-120.524,1140115,15,3.0,2004.0,33RO20210613,WCOA2021,CC80-51,114.0,1.0,11053.0,2.0,15.0,2021-07-18,2021.0,7.0,18.0,11:30:37,199.48,34.448,-120.524,76.0,3.2,3.2,15.359,33.585,2.0,,9.0,259.2,2.0,264.9,8.685,2.0,,9.0,2236.4,2.0,7.9164,24.91,2.0,156.7539705182559,24.875,3.0,2.4,2.0,0.4,2.0,0.6,2.0,0.08,2.0,0.08,2.0,5.0,2.0,298.271,6.0,,9.0,,9.0,,9.0,,9.0,,9.0,,9.0,,9.0,344.681847711018,54.211995146124806,20.6080699944913,117.01557898714202,65.56328170062079,0.004934469059825,0.0,2.4324487718414144e-09,0.0534352174545509,2.346564782545449,1945.712362536207,0.0002418974881880757,0.3653365083220711,0.0,0.0019581006960355,0.0101646170878158,0.0,0.0,1.9786191949411944,0.029729020185655,27093.91390910237,2236.4,0.0,0.0,0.0,54.211995146124806,0.4247945462609325,0.0534352174545509,0.0,0.0,0.0,20.60806999449141,0.0,0.0,-0.00018208296430739,0.00017402964755076423,28995.0,1945.712362536207,117.01557898714202,2083.33601151784,0.041099851642275,0.0410542034959936,551.7659188258906,0.7470423225457756,0.9964053104064132,-0.00017402964755076436,0.00015403448247857217,83.14462618,0.0101646170878158,1.9786191949411944,1.1298096682668033,1.1283251437086674,0.0373492984821232,1e-07,2.6318729928150685e-10,6.399339591500349e-07,1e-07,0.1406461173594708,1.90667634426377e-09,4.1029206532154914e-07,1.1445672564789967e-06,7.290629818918e-10,0.0027549920360862,0.0245921629331643,8.975375839894836e-07,9.864782678397461e-10,2.760546281528084e-10,2.1714407798696323e-07,2.39862423819848e-14,0.0001909177890112299,-0.0001999903253396777,1.0,1.0,3.0,1.0,10.0,1.0,1.0,0.0,1.0,1.0,553.7565015594272,7.9164,7.992908977063414,8.034474149145622,7.907819355950877,7.9164,2236.4,1.0,7.9164,3.0,0.0,,3.2,1.0,1.0,0.7702096699775296,13.525127477918163,33.585,1.8045626430090684,2.814582621211594,,0.1914201337567853,15.359,0.0,0.0,0.0,398.8938428571428,9868.779240086798,65.56352359810899,0.4,2.4,27093.915867203064,0.0,0.983105781407734,563.2725511658464,11053.0,11:30:37,2021/07/18 11:30:37,15.0,11053.0,15.0,3.0,2.98,15.4558,33.5855,24.7817,6.15,267.97,0.146,159.58,74.19,dRB2102_CTD_114_01_F.csv,dRB2102,CTD,114.0,F.csv,1140115
569,E814.2B,2.0,1.0,False,WCOA21,2021_WCOA_RonBrown,7/18/2021,,11:30:40 AM,,E814.2B,1140116,16,Niskin; Sterivex 0.22µm filter,95% EtOH,West Coast,80-51,3.2,34.448,-120.524,1000.0,Sean McAllister,,7/18/2021 11:30:40 AM,7/18/2021 ,2021/07/18 11:30:00,2021/07/18 00:00:00,2021/07/18 04:30:00,34.448,-120.524,1140116,16,3.0,2005.0,33RO20210613,WCOA2021,CC80-51,114.0,1.0,11032.0,2.0,15.0,2021-07-18,2021.0,7.0,18.0,11:30:40,199.48,34.448,-120.524,76.0,3.2,3.2,15.336,33.586,2.0,,9.0,259.2,2.0,264.9,8.685,9.0,,9.0,2236.4,9.0,7.9164,24.91,9.0,156.7539705182559,24.875,9.0,2.4,9.0,0.4,9.0,0.6,9.0,0.08,9.0,0.08,9.0,5.0,9.0,298.271,9.0,,9.0,,9.0,,9.0,,9.0,,9.0,,9.0,,9.0,,,,,,,,,,,,,,,,,,,,,,,,,,,,,,,,,,,,,,,,,,,,,,,,,,,,,,,,,,,,,,,,,,,,,,,,,,,,,,,,,,,,,,,,,,,,,0.0,3.2,,,,,33.586,,,0.0,,15.336,,,,,,,,,,,,,11032.0,11:30:40,2021/07/18 11:30:40,16.0,11032.0,16.0,3.0,2.98,15.4558,33.5855,24.7817,6.15,267.97,0.146,159.58,74.19,dRB2102_CTD_114_01_F.csv,dRB2102,CTD,114.0,F.csv,1140115
570,E814.3B,3.0,1.0,False,WCOA21,2021_WCOA_RonBrown,7/18/2021,,11:30:43 AM,,E814.3B,1140117,17,Niskin; Sterivex 0.22µm filter,95% EtOH,West Coast,80-51,3.3,34.448,-120.524,1000.0,Sean McAllister,,7/18/2021 11:30:43 AM,7/18/2021 ,2021/07/18 11:30:00,2021/07/18 00:00:00,2021/07/18 04:30:00,34.448,-120.524,1140117,17,3.0,2006.0,33RO20210613,WCOA2021,CC80-51,114.0,1.0,11052.0,2.0,15.0,2021-07-18,2021.0,7.0,18.0,11:30:43,199.48,34.448,-120.524,76.0,3.4,3.3,15.338,33.586,2.0,,9.0,259.2,2.0,264.9,8.685,9.0,,9.0,2236.4,9.0,7.9164,24.91,9.0,156.7539705182559,24.875,9.0,2.4,9.0,0.4,9.0,0.6,9.0,0.08,9.0,0.08,9.0,5.0,9.0,298.271,9.0,,9.0,,9.0,,9.0,,9.0,,9.0,,9.0,,9.0,,,,,,,,,,,,,,,,,,,,,,,,,,,,,,,,,,,,,,,,,,,,,,,,,,,,,,,,,,,,,,,,,,,,,,,,,,,,,,,,,,,,,,,,,,,,,0.0,3.4,,,,,33.586,,,0.0,,15.338,,,,,,,,,,,,,11052.0,11:30:43,2021/07/18 11:30:43,17.0,11052.0,17.0,3.0,2.98,15.4558,33.5855,24.7817,6.15,267.97,0.146,159.58,74.19,dRB2102_CTD_114_01_F.csv,dRB2102,CTD,114.0,F.csv,1140115
571,E815,1.0,1.0,False,WCOA21,2021_WCOA_RonBrown,7/18/2021,,12:57:31 PM,,E815,1150102,2,Niskin; Sterivex 0.22µm filter,95% EtOH,West Coast,80-54,450.8,34.375,-120.663,1000.0,Sean McAllister,,7/18/2021 12:57:31 PM,7/18/2021 ,2021/07/18 12:57:00,2021/07/18 00:00:00,2021/07/18 05:57:00,34.375,-120.663,1150102,2,451.0,2010.0,33RO20210613,WCOA2021,CC80-54,115.0,1.0,11081.0,2.0,15.0,2021-07-18,2021.0,7.0,18.0,12:57:31,199.54,34.375,-120.663,461.0,454.5,450.8,7.042,34.251,2.0,,9.0,17.7,2.0,,,9.0,,9.0,,9.0,,,9.0,,,9.0,,9.0,,9.0,,9.0,,9.0,,9.0,,9.0,10.035,2.0,,9.0,,9.0,,9.0,,9.0,,9.0,,9.0,,9.0,,,,,,,,,,,,,,,,,,,,,,,,,,,,,,,,,,,,,,,,,,,,,,,,,,,,,,,,,,,,,,,,,,,,,,,,,,,,,,,,,,,,,,,,,,,,,0.0,454.5,,,,,34.251,,,0.0,,7.042,,,,,,,,,,,,,11081.0,12:57:31,2021/07/18 12:57:31,2.0,11081.0,2.0,451.0,447.28,7.0656,34.2478,26.8231,0.4,17.52,0.042,145.08,14.38,dRB2102_CTD_115_01_F.csv,dRB2102,CTD,115.0,F.csv,1150101
572,E816,1.0,1.0,False,WCOA21,2021_WCOA_RonBrown,7/18/2021,,1:01:06 PM,,E816,1150103,3,Niskin; Sterivex 0.22µm filter,95% EtOH,West Coast,80-54,397.3,34.375,-120.663,1000.0,Sean McAllister,,7/18/2021 1:01:06 PM,7/18/2021 ,2021/07/18 01:01:00,2021/07/18 00:00:00,2021/07/17 18:01:00,34.375,-120.663,1150103,3,397.0,2011.0,33RO20210613,WCOA2021,CC80-54,115.0,1.0,11020.0,2.0,15.0,2021-07-18,2021.0,7.0,18.0,13:01:06,199.542,34.375,-120.663,461.0,400.5,397.3,7.44,34.232,2.0,34.2373,3.0,23.1,2.0,23.1,0.76,6.0,2294.2,2.0,2296.6,2.0,7.3197,24.83,6.0,48.9085508352115,24.945,2.0,66.0,2.0,3.02,2.0,33.1,2.0,0.0,2.0,0.04,2.0,,9.0,6.816,2.0,,9.0,,9.0,,9.0,,9.0,,9.0,,9.0,,9.0,385.3956599311063,21.24564321175084,64.63889815519425,41.99632811410016,66.83640482283823,0.1050072440674972,0.0,1.202518192185689e-07,0.4588404620875968,65.54115953791239,2187.5647737307054,0.0005172103770974093,2.850339729094972,0.0,0.0034543058175979,0.0256343389546611,0.0,0.0,0.3880468003896204,0.0646529065857111,27620.140232464808,2296.6,0.0,0.0,0.0,21.24564321175084,2.979645422014575,0.4588404620875968,0.0,0.0,0.0,64.63889815519443,0.0,0.0,-0.00012758981004363666,0.00012886160760963234,28995.0,2187.5647737307054,41.99632811410016,2294.2,0.0394379862945222,0.0393856976013194,1345.170310791725,0.7784122516215329,0.9960196980260256,-0.0001288616076096331,0.0001231594548914576,83.14462618,0.0256343389546611,0.3880468003896204,1.0462989441062416,1.040106861293588,0.048052575675083,1e-07,1.4081535093449019e-10,7.136016121898624e-07,1e-07,0.2049685447904614,1.603564963948019e-09,4.536555576395834e-07,9.844427640402186e-07,5.584366246261344e-10,0.0033125921899608,0.0254010166865404,7.895885834122675e-07,6.598039671901717e-10,2.0364374846479806e-10,1.586614577154003e-07,1.1287755699186216e-14,0.00012634287110708576,-0.00013511740058719964,1.0,1.0,3.0,1.0,10.0,1.0,1.0,0.0,1.0,1.0,1350.5458912686845,7.536276505429147,7.591177877445137,7.637412662205033,7.528622324986594,7.536276505429147,2294.2,2.0,2296.6,1.0,0.0,,400.5,1.0,1.0,0.9114995874419224,18.62788368154045,34.2373,0.592070042731658,0.931328030501718,,0.0853372804970629,7.44,0.0,0.0,0.0,406.6413031428571,10060.454234825778,66.83692203321533,3.02,65.99999999999999,27620.143686770625,0.0,0.9900083635607232,1364.17624434124,11020.0,13:01:06,2021/07/18 13:01:06,3.0,11020.0,3.0,397.0,393.78,7.4385,34.232,26.7578,0.53,23.11,0.041,145.69,68.72,dRB2102_CTD_115_01_F.csv,dRB2102,CTD,115.0,F.csv,1150103
573,E817,1.0,1.0,False,WCOA21,2021_WCOA_RonBrown,7/18/2021,,1:08:38 PM,,E817,1150105,5,Niskin; Sterivex 0.22µm filter,95% EtOH,West Coast,80-54,198.1,34.375,-120.663,1000.0,Sean McAllister,,7/18/2021 1:08:38 PM,7/18/2021 ,2021/07/18 01:08:00,2021/07/18 00:00:00,2021/07/17 18:08:00,34.375,-120.663,1150105,5,198.0,2013.0,33RO20210613,WCOA2021,CC80-54,115.0,1.0,11008.0,2.0,15.0,2021-07-18,2021.0,7.0,18.0,13:08:38,199.548,34.375,-120.663,461.0,199.7,198.1,9.349,34.06,2.0,,9.0,84.9,2.0,85.5,2.808,2.0,2220.6,2.0,2252.7,2.0,7.447,24.83,2.0,62.84342481464435,24.945,3.0,33.6,6.0,2.23,6.0,27.1,6.0,0.01,6.0,0.04,6.0,,9.0,23.622,2.0,,9.0,,9.0,,9.0,,9.0,,9.0,,9.0,,9.0,378.28788484994993,26.247600864335844,49.846767055099335,52.621841039272056,66.49036541390531,0.0619793243720327,0.0,5.88527912120406e-08,0.3033968111760468,33.29660318882395,2118.1313919056283,0.0004374371172527168,2.104320038943157,0.0,0.0030797738640088,0.0207305287658283,0.0,0.0,0.5664549443077619,0.0637005778320189,27477.10796494659,2252.7,0.0,0.0,0.0,26.247600864335844,2.231721135754404,0.3033968111760468,0.0,0.0,0.0,49.846767055099214,0.0,0.0,-0.00012802674849639277,0.0001278669537306832,28995.0,2118.1313919056283,52.621841039272056,2220.5999999999995,0.0397783163397244,0.039727726768537,1105.6860797968634,0.77069192656831,0.9961174990525316,-0.00012786695373068373,0.00012076228397903992,83.14462618,0.0207305287658283,0.5664549443077619,1.058831859729287,1.0518885034961143,0.0450822054884302,1e-07,1.6226930442580956e-10,6.818675985985522e-07,1e-07,0.1849535070499112,1.65208391274675e-09,4.335734096876771e-07,1.011767726610147e-06,5.915317543742641e-10,0.0031510367513396,0.025075216673565,8.084066451405298e-07,7.2076966896482e-10,2.1695816701763598e-10,1.7097330447635306e-07,1.3487463845673751e-14,0.0001281869431514636,-0.00013585984082918945,1.0,1.0,3.0,1.0,10.0,1.0,1.0,0.0,1.0,1.0,1109.995638916643,7.62323507836462,7.683389620378269,7.728447870674156,7.615328680204866,7.62323507836462,2220.6,2.0,2252.7,1.0,0.0,,199.7,1.0,1.0,0.8888740281307204,18.388191468665976,34.06,0.7723758916535131,1.214691866912624,,0.1021744990603956,9.349,0.0,0.0,0.0,404.53548571428576,10008.35554316976,66.49080285102255,2.23,33.599999999999994,27477.11104472045,0.0,0.9886250758488836,1122.767028707566,11008.0,13:08:38,2021/07/18 13:08:38,5.0,11008.0,5.0,198.0,196.49,9.3534,34.06,26.3288,1.96,85.35,0.041,146.11,99.76,dRB2102_CTD_115_01_F.csv,dRB2102,CTD,115.0,F.csv,1150105
574,E818,1.0,1.0,False,WCOA21,2021_WCOA_RonBrown,7/18/2021,,1:18:01 PM,,E818,1150109,9,Niskin; Sterivex 0.22µm filter,95% EtOH,West Coast,80-54,100.3,34.375,-120.663,1000.0,Sean McAllister,,7/18/2021 1:18:01 PM,7/18/2021 ,2021/07/18 01:18:00,2021/07/18 00:00:00,2021/07/17 18:18:00,34.375,-120.663,1150109,9,100.0,2017.0,33RO20210613,WCOA2021,CC80-54,115.0,1.0,12052.0,2.0,15.0,2021-07-18,2021.0,7.0,18.0,13:18:01,199.554,34.375,-120.663,461.0,101.0,100.3,10.296,33.809,2.0,,9.0,133.7,2.0,,,9.0,,9.0,,9.0,,,9.0,,,9.0,,9.0,,9.0,,9.0,,9.0,,9.0,,9.0,,9.0,,9.0,,9.0,,9.0,,9.0,,9.0,,9.0,,9.0,,,,,,,,,,,,,,,,,,,,,,,,,,,,,,,,,,,,,,,,,,,,,,,,,,,,,,,,,,,,,,,,,,,,,,,,,,,,,,,,,,,,,,,,,,,,,0.0,101.0,,,,,33.809,,,0.0,,10.296,,,,,,,,,,,,,12052.0,13:18:01,2021/07/18 13:18:01,9.0,12052.0,9.0,100.0,99.26,10.1479,33.8382,26.0217,2.98,129.67,0.042,146.39,99.56,dRB2102_CTD_115_01_F.csv,dRB2102,CTD,115.0,F.csv,1150108
575,E819,1.0,1.0,False,WCOA21,2021_WCOA_RonBrown,7/18/2021,,1:36:16 PM,,E819,1150118,18,Niskin; Sterivex 0.22µm filter,95% EtOH,West Coast,80-54,3.3,34.375,-120.663,1000.0,Sean McAllister,,7/18/2021 1:36:16 PM,7/18/2021 ,2021/07/18 01:36:00,2021/07/18 00:00:00,2021/07/17 18:36:00,34.375,-120.663,1150118,18,3.0,2026.0,33RO20210613,WCOA2021,CC80-54,115.0,1.0,11002.0,2.0,15.0,2021-07-18,2021.0,7.0,18.0,13:36:16,199.567,34.375,-120.663,461.0,3.3,3.3,14.523,33.587,2.0,33.589,2.0,251.1,2.0,,,9.0,,9.0,,9.0,,,9.0,,,9.0,,9.0,,9.0,,9.0,,9.0,,9.0,,9.0,167.395,2.0,,9.0,,9.0,,9.0,,9.0,,9.0,,9.0,,9.0,,,,,,,,,,,,,,,,,,,,,,,,,,,,,,,,,,,,,,,,,,,,,,,,,,,,,,,,,,,,,,,,,,,,,,,,,,,,,,,,,,,,,,,,,,,,,0.0,3.3,,,,,33.589,,,0.0,,14.523,,,,,,,,,,,,,11002.0,13:36:16,2021/07/18 13:36:16,18.0,11002.0,18.0,3.0,2.98,14.381,33.5792,25.0094,5.76,250.89,0.164,145.81,99.57,dRB2102_CTD_115_01_F.csv,dRB2102,CTD,115.0,F.csv,1150117
576,E820,1.0,1.0,False,WCOA21,2021_WCOA_RonBrown,7/18/2021,,2:56:35 PM,,E820,1160102,2,Niskin; Sterivex 0.22µm filter,95% EtOH,West Coast,80-52,247.9,34.412,-120.579,1000.0,Sean McAllister,Bleach bottle; sample rinse 3X (check notation with Katy),7/18/2021 2:56:35 PM,7/18/2021 ,2021/07/18 02:56:00,2021/07/18 00:00:00,2021/07/17 19:56:00,34.412,-120.579,1160102,2,248.0,2028.0,33RO20210613,WCOA2021,CC80-52,116.0,1.0,11081.0,2.0,15.0,2021-07-18,2021.0,7.0,18.0,14:56:35,199.623,34.412,-120.579,258.0,249.9,247.9,9.004,34.124,2.0,34.1295,3.0,65.7,2.0,,,9.0,,9.0,2262.4,6.0,,,9.0,,,9.0,,9.0,,9.0,,9.0,,9.0,,9.0,,9.0,64.385,2.0,,9.0,,9.0,,9.0,,9.0,,9.0,,9.0,,9.0,,,,,,,,,,,,,,,,,,,,,,,,,,,,,,,,,,,,,,,,,,,,,,,,,,,,,,,,,,,,,,,,,,,,,,,,,,,,,,,,,,,,,,,,,,,,,0.0,249.9,,,,,34.1295,,,0.0,,9.004,,,,,,,,,,,,,11081.0,14:56:35,2021/07/18 14:56:35,2.0,11081.0,2.0,248.0,246.07,8.9943,34.125,26.4381,1.5,65.28,0.04,142.12,12.41,dRB2102_CTD_116_01_F.csv,dRB2102,CTD,116.0,F.csv,1160101
577,E821,1.0,1.0,False,WCOA21,2021_WCOA_RonBrown,7/18/2021,,2:59:59 PM,,E821,1160103,3,Niskin; Sterivex 0.22µm filter,95% EtOH,West Coast,80-52,198.9,34.412,-120.579,1000.0,Sean McAllister,,7/18/2021 2:59:59 PM,7/18/2021 ,2021/07/18 02:59:00,2021/07/18 00:00:00,2021/07/17 19:59:00,34.412,-120.579,1160103,3,199.0,2029.0,33RO20210613,WCOA2021,CC80-52,116.0,1.0,11020.0,2.0,15.0,2021-07-18,2021.0,7.0,18.0,14:59:59,199.625,34.412,-120.579,258.0,200.4,198.9,9.303,34.065,2.0,,9.0,86.9,2.0,87.1,2.861,2.0,2218.1,6.0,2255.6,2.0,7.4499,25.02,6.0,62.191554240538274,24.81,6.0,34.6,6.0,2.23,6.0,26.6,6.0,0.05,6.0,0.04,6.0,,9.0,52.357,2.0,,9.0,,9.0,,9.0,,9.0,,9.0,,9.0,,9.0,377.29046209958057,27.30440932899079,47.727187486130816,54.79474567744983,66.50014505691587,0.0594048240863908,0.0,5.401240471758048e-08,0.3254802836006484,34.27451971639935,2115.578066836419,0.0004186283478783143,2.104247327741614,0.0,0.0029440653646335,0.0198568565892837,0.0,0.0,0.5888288843437058,0.0663477941595897,27481.141734102635,2255.6,0.0,0.0,0.0,27.30440932899079,2.236942862048388,0.3254802836006484,0.0,0.0,0.0,47.7271874861308,0.0,0.0,-0.0001290213612492656,0.00012861156470374456,28995.0,2115.578066836419,54.79474567744983,2218.1,0.0400071122400345,0.039956482481516,1057.07384540597,0.7708793096122106,0.996115180049424,-0.00012861156470374448,0.00012119799555299808,83.14462618,0.0198568565892837,0.5888288843437058,1.0611690739349278,1.054100525030236,0.0451502869866209,1e-07,1.6164442907839267e-10,6.821307785805842e-07,1e-07,0.1853522333026684,1.6500966158948182e-09,4.3371581095462004e-07,1.0106845510355075e-06,5.905576147453442e-10,0.0031543106200385,0.0250772907353137,8.076579721114667e-07,7.18922570284074e-10,2.165238406833901e-10,1.7063739652601286e-07,1.3425841621849e-14,0.00012943377762150411,-0.00013699118886378734,1.0,1.0,3.0,1.0,10.0,1.0,1.0,0.0,1.0,1.0,1061.1964023613427,7.642047585965593,7.702089500753931,7.747159751033221,7.63414614040411,7.642047585965593,2218.1,2.0,2255.6,1.0,0.0,,200.4,1.0,1.0,0.8847138020935601,18.30145779127228,34.065,0.8040771940353422,1.26462026182303,,0.106541438586918,9.303,0.0,0.0,0.0,404.59487142857137,10009.824767412738,66.50056368526374,2.23,34.6,27481.144678168,0.0,0.9886603016666774,1073.36807250416,11020.0,14:59:59,2021/07/18 14:59:59,3.0,11020.0,3.0,199.0,197.48,9.3247,34.0602,26.3336,2.02,87.98,0.04,142.87,61.41,dRB2102_CTD_116_01_F.csv,dRB2102,CTD,116.0,F.csv,1160103
578,E822,1.0,1.0,False,WCOA21,2021_WCOA_RonBrown,7/18/2021,,3:08:38 PM,,E822,1160107,7,Niskin; Sterivex 0.22µm filter,95% EtOH,West Coast,80-52,99.0,34.412,-120.579,1000.0,Sean McAllister,Bleach bottle; sample rinse 3X (check notation with Katy),7/18/2021 3:08:38 PM,7/18/2021 ,2021/07/18 03:08:00,2021/07/18 00:00:00,2021/07/17 20:08:00,34.412,-120.579,1160107,7,99.0,2033.0,33RO20210613,WCOA2021,CC80-52,116.0,1.0,11004.0,2.0,15.0,2021-07-18,2021.0,7.0,18.0,15:08:38,199.631,34.412,-120.579,258.0,99.7,99.0,10.398,33.79,2.0,,9.0,137.9,2.0,,,9.0,,9.0,,9.0,,,9.0,,,9.0,,9.0,,9.0,,9.0,,9.0,,9.0,,9.0,,9.0,,9.0,,9.0,,9.0,,9.0,,9.0,,9.0,,9.0,,,,,,,,,,,,,,,,,,,,,,,,,,,,,,,,,,,,,,,,,,,,,,,,,,,,,,,,,,,,,,,,,,,,,,,,,,,,,,,,,,,,,,,,,,,,,0.0,99.7,,,,,33.79,,,0.0,,10.398,,,,,,,,,,,,,11004.0,15:08:38,2021/07/18 15:08:38,7.0,11004.0,7.0,99.0,98.27,10.214,33.8276,26.0021,3.02,131.49,0.042,143.59,99.54,dRB2102_CTD_116_01_F.csv,dRB2102,CTD,116.0,F.csv,1160106
579,E823,1.0,1.0,False,WCOA21,2021_WCOA_RonBrown,7/18/2021,,3:34:01 PM,,E823,1160117,17,Niskin; Sterivex 0.22µm filter,95% EtOH,West Coast,80-52,3.3,34.412,-120.579,1000.0,Sean McAllister,,7/18/2021 3:34:01 PM,7/18/2021 ,2021/07/18 03:34:00,2021/07/18 00:00:00,2021/07/17 20:34:00,34.412,-120.579,1160117,17,3.0,2043.0,33RO20210613,WCOA2021,CC80-52,116.0,1.0,11052.0,2.0,15.0,2021-07-18,2021.0,7.0,18.0,15:34:01,199.649,34.412,-120.579,258.0,3.4,3.3,14.399,33.576,2.0,33.5792,2.0,239.4,2.0,,,9.0,,9.0,,9.0,,,9.0,,,9.0,,9.0,,9.0,,9.0,,9.0,,9.0,5.4,2.0,371.677,2.0,,9.0,,9.0,,9.0,,9.0,,9.0,,9.0,,9.0,,,,,,,,,,,,,,,,,,,,,,,,,,,,,,,,,,,,,,,,,,,,,,,,,,,,,,,,,,,,,,,,,,,,,,,,,,,,,,,,,,,,,,,,,,,,,0.0,3.4,,,,,33.5792,,,0.0,,14.399,,,,,,,,,,,,,11052.0,15:34:01,2021/07/18 15:34:01,17.0,11052.0,17.0,3.0,2.98,14.2929,33.5772,25.0265,5.49,239.34,0.122,142.85,99.47,dRB2102_CTD_116_01_F.csv,dRB2102,CTD,116.0,F.csv,1160116
580,E824,1.0,1.0,False,WCOA21,2021_WCOA_RonBrown,7/18/2021,,5:09:25 PM,,E824,1170102,2,Niskin; Sterivex 0.22µm filter,95% EtOH,West Coast,80-50.5,22.1,34.471,-120.492,1000.0,Sean McAllister,Bleach bottle; sample rinse 3X (check notation with Katy),7/18/2021 5:09:25 PM,7/18/2021 ,2021/07/18 05:09:00,2021/07/18 00:00:00,2021/07/17 22:09:00,34.471,-120.492,1170102,2,22.0,2045.0,33RO20210613,WCOA2021,CC80-50.5,117.0,1.0,11081.0,2.0,15.0,2021-07-18,2021.0,7.0,18.0,17:09:25,199.715,34.471,-120.492,32.0,22.3,22.1,13.893,33.569,2.0,,9.0,226.9,2.0,,,9.0,,9.0,,9.0,,,9.0,,,9.0,,9.0,,9.0,,9.0,,9.0,,9.0,,9.0,566.671,2.0,,9.0,,9.0,,9.0,,9.0,,9.0,,9.0,,9.0,,,,,,,,,,,,,,,,,,,,,,,,,,,,,,,,,,,,,,,,,,,,,,,,,,,,,,,,,,,,,,,,,,,,,,,,,,,,,,,,,,,,,,,,,,,,,0.0,22.3,,,,,33.569,,,0.0,,13.893,,,,,,,,,,,,,11081.0,17:09:25,2021/07/18 17:09:25,2.0,11081.0,2.0,22.0,21.84,13.949,33.5691,25.0926,5.24,228.4,0.118,129.42,5.24,dRB2102_CTD_117_01_F.csv,dRB2102,CTD,117.0,F.csv,1170101
581,E825,1.0,1.0,False,WCOA21,2021_WCOA_RonBrown,7/18/2021,,5:11:27 PM,,E825,1170103,3,Niskin; Sterivex 0.22µm filter,95% EtOH,West Coast,80-50.5,14.5,34.471,-120.492,1000.0,Sean McAllister,,7/18/2021 5:11:27 PM,7/18/2021 ,2021/07/18 05:11:00,2021/07/18 00:00:00,2021/07/17 22:11:00,34.471,-120.492,1170103,3,14.0,2046.0,33RO20210613,WCOA2021,CC80-50.5,117.0,1.0,11020.0,2.0,15.0,2021-07-18,2021.0,7.0,18.0,17:11:27,199.716,34.471,-120.492,32.0,14.7,14.5,14.469,33.573,2.0,,9.0,237.1,2.0,237.7,7.796,2.0,2060.1,2.0,2234.2,2.0,7.8309,25.07,6.0,131.3456029080929,24.895,6.0,5.4,2.0,0.67,2.0,3.3,2.0,0.22,2.0,0.39,2.0,3.6,2.0,579.367,2.0,,9.0,,9.0,,9.0,,9.0,,9.0,,9.0,,9.0,338.5570138686136,60.19430327424365,17.85491236262239,128.8177834772794,65.53989112944889,0.0072154880013429,0.0,3.066505150881105e-09,0.1337974705056527,5.266202529494347,1913.4273041600973,0.00020646648122474613,0.608098921653386,0.0,0.0016399313892147,0.0088305110054917,0.0,0.0,2.102234956324713,0.054685587278766,27084.233506997552,2234.2,0.0,0.0,0.0,60.19430327424365,0.717470093144413,0.1337974705056527,0.0,0.0,0.0,17.85491236262239,0.0,0.0,-0.0001941054023260048,0.0001841846888231748,28995.0,1913.4273041600973,128.8177834772794,2060.0999999999995,0.0416604248419168,0.0416140827164317,465.27062702153177,0.7503056972693398,0.9963645236669674,-0.0001841846888231752,0.00016110360706822596,83.14462618,0.0088305110054917,2.102234956324713,1.1432685597484735,1.14444031994673,0.038375326800495,1e-07,2.4487821087197123e-10,6.424126814267296e-07,1e-07,0.1458400172298458,1.8616096110303821e-09,4.1114027620057794e-07,1.122068266019833e-06,7.04902240692055e-10,0.0028031219715869,0.0246369559048429,8.824163783034657e-07,9.415940013448723e-10,2.660206691494342e-10,2.097128577184797e-07,2.2011330219081276e-14,0.00020515567294153417,-0.00021498532698776697,1.0,1.0,3.0,1.0,10.0,1.0,1.0,0.0,1.0,1.0,466.9682791486536,7.980034964105008,8.054014163869327,8.096316189156992,7.97155443333239,7.980034964105008,2060.1,2.0,2234.2,1.0,0.0,,14.7,1.0,1.0,0.7493702445906607,12.78742318368803,33.573,1.978198866198016,3.0909645967392505,,0.2166836441254791,14.469,0.0,0.0,0.0,398.7513171428572,9865.25310190365,65.54009759593012,0.67,5.4,27084.235146928942,0.0,0.9840475023394282,474.5383510841756,11020.0,17:11:27,2021/07/18 17:11:27,3.0,11020.0,3.0,14.0,13.9,15.3107,33.5787,24.8088,5.78,251.79,0.121,128.89,13.13,dRB2102_CTD_117_01_F.csv,dRB2102,CTD,117.0,F.csv,1170103
582,E826,1.0,1.0,False,WCOA21,2021_WCOA_RonBrown,7/18/2021,,5:15:55 PM,,E826,1170109,9,Niskin; Sterivex 0.22µm filter,95% EtOH,West Coast,80-50.5,3.4,34.471,-120.492,1000.0,Sean McAllister,Bleach bottle; sample rinse 3X (check notation with Katy),7/18/2021 5:15:55 PM,7/18/2021 ,2021/07/18 05:15:00,2021/07/18 00:00:00,2021/07/17 22:15:00,34.471,-120.492,1170109,9,3.0,2052.0,33RO20210613,WCOA2021,CC80-50.5,117.0,1.0,12052.0,2.0,15.0,2021-07-18,2021.0,7.0,18.0,17:15:55,199.719,34.471,-120.492,32.0,3.5,3.4,16.933,33.596,2.0,,9.0,281.6,2.0,,,9.0,,9.0,,9.0,,,9.0,,,9.0,,9.0,,9.0,,9.0,,9.0,,9.0,1.9,2.0,170.068,2.0,,9.0,,9.0,,9.0,,9.0,,9.0,,9.0,,9.0,,,,,,,,,,,,,,,,,,,,,,,,,,,,,,,,,,,,,,,,,,,,,,,,,,,,,,,,,,,,,,,,,,,,,,,,,,,,,,,,,,,,,,,,,,,,,0.0,3.5,,,,,33.596,,,0.0,,16.933,,,,,,,,,,,,,12052.0,17:15:55,2021/07/18 17:15:55,9.0,12052.0,9.0,3.0,2.98,16.4085,33.5896,24.5698,6.27,273.34,0.1,129.91,23.74,dRB2102_CTD_117_01_F.csv,dRB2102,CTD,117.0,F.csv,1170107
583,E828,1.0,1.0,False,WCOA21,2021_WCOA_RonBrown,7/19/2021,,12:53:04 AM,,E828,1180101,1,Niskin; Sterivex 0.22µm filter,95% EtOH,West Coast,SB2,278.1,34.381,-120.284,1000.0,Sean McAllister,Bleach bottle; sample rinse 3X,7/19/2021 12:53:04 AM,7/19/2021 ,2021/07/19 12:53:00,2021/07/19 00:00:00,2021/07/19 05:53:00,34.381,-120.284,1180101,1,278.0,2054.0,33RO20210613,WCOA2021,SB2,118.0,1.0,11031.0,2.0,16.0,2021-07-19,2021.0,7.0,19.0,00:53:04,200.037,34.381,-120.284,288.0,280.3,278.1,8.822,34.175,2.0,,9.0,49.2,2.0,,,9.0,,9.0,,9.0,,,9.0,,,9.0,43.0,2.0,2.55,2.0,29.0,2.0,0.08,2.0,0.02,2.0,,9.0,113.969,2.0,,9.0,,9.0,,9.0,,9.0,,9.0,,9.0,,9.0,,,,,,,,,,,,,,,,,,,,,,,,,,,,,,,,,,,,,,,,,,,,,,,,,,,,,,,,,,,,,,,,,,,,,,,,,,,,,,,,,,,,,,,,,,,,,2.55,280.3,,,,,34.175,,,43.0,,8.822,,,,,,,,,,,,,11031.0,00:53:04,2021/07/19 00:53:04,1.0,11031.0,1.0,278.0,275.82,8.8395,34.174,26.5014,1.14,49.51,0.04,140.64,11.92,dRB2102_CTD_118_01_F.csv,dRB2102,CTD,118.0,F.csv,1180102
584,E829,1.0,1.0,False,WCOA21,2021_WCOA_RonBrown,7/19/2021,,12:55:05 AM,,E829,1180103,3,Niskin; Sterivex 0.22µm filter,95% EtOH,West Coast,SB2,248.3,34.381,-120.284,1000.0,Sean McAllister,Bleach bottle; sample rinse 3X,7/19/2021 12:55:05 AM,7/19/2021 ,2021/07/19 12:55:00,2021/07/19 00:00:00,2021/07/19 05:55:00,34.381,-120.284,1180103,3,248.0,2056.0,33RO20210613,WCOA2021,SB2,118.0,1.0,11020.0,2.0,16.0,2021-07-19,2021.0,7.0,19.0,00:55:05,200.038,34.381,-120.284,288.0,250.3,248.3,9.088,34.128,2.0,,9.0,70.0,2.0,,,9.0,,9.0,,9.0,,,9.0,,,9.0,37.9,2.0,2.36,2.0,27.6,2.0,0.02,2.0,0.02,2.0,,9.0,72.504,2.0,,9.0,,9.0,,9.0,,9.0,,9.0,,9.0,,9.0,,,,,,,,,,,,,,,,,,,,,,,,,,,,,,,,,,,,,,,,,,,,,,,,,,,,,,,,,,,,,,,,,,,,,,,,,,,,,,,,,,,,,,,,,,,,,2.36,250.3,,,,,34.128,,,37.9,,9.088,,,,,,,,,,,,,11020.0,00:55:05,2021/07/19 00:55:05,3.0,11020.0,3.0,248.0,246.07,9.1207,34.1214,26.4152,1.64,71.37,0.04,141.27,42.66,dRB2102_CTD_118_01_F.csv,dRB2102,CTD,118.0,F.csv,1180104
585,E830,1.0,1.0,False,WCOA21,2021_WCOA_RonBrown,7/19/2021,,12:59:27 AM,,E830,1180106,6,Niskin; Sterivex 0.22µm filter,95% EtOH,West Coast,SB2,198.7,34.381,-120.284,1000.0,Sean McAllister,,7/19/2021 12:59:27 AM,7/19/2021 ,2021/07/19 12:59:00,2021/07/19 00:00:00,2021/07/19 05:59:00,34.381,-120.284,1180106,6,199.0,2059.0,33RO20210613,WCOA2021,SB2,118.0,1.0,11082.0,2.0,16.0,2021-07-19,2021.0,7.0,19.0,00:59:27,200.041,34.381,-120.284,288.0,200.2,198.7,9.338,34.06,2.0,,9.0,92.1,2.0,90.8,2.983,2.0,2214.4,2.0,2254.0,2.0,7.4591,25.01,2.0,64.32203049239384,24.995,2.0,32.4,2.0,2.15,2.0,25.5,2.0,0.01,2.0,0.02,2.0,,9.0,36.576,2.0,,9.0,,9.0,,9.0,,9.0,,9.0,,9.0,,9.0,376.79741418765246,27.738071526633338,46.84278169926702,55.658073582779714,66.4903907298054,0.0563113049094173,0.0,5.0383318295527576e-08,0.3101704635932706,32.089829536406725,2111.8991447179533,0.00041212121715315976,2.028557326166514,0.0,0.0029007476556085,0.0195354723501472,0.0,0.0,0.6004945546187604,0.0651313185407501,27477.1081439728,2254.0,0.0,0.0,0.0,27.738071526633338,2.158819912864696,0.3101704635932706,0.0,0.0,0.0,46.842781699267015,0.0,0.0,-0.00012935384873189024,0.00012884094656852722,28995.0,2111.8991447179533,55.658073582779714,2214.4,0.0400753750090385,0.0400247758312003,1038.6706385984996,0.7707331449247199,0.996116944675328,-0.00012884094656852787,0.00012130041255693568,83.14462618,0.0195354723501472,0.6004945546187604,1.062164125023501,1.055052648652428,0.0450987829621071,1e-07,1.6212669724318367e-10,6.819427331350655e-07,1e-07,0.1850482531187225,1.6516500919808663e-09,4.3361598925320964e-07,1.0115333199422194e-06,5.912956611433172e-10,0.0031517940246446,0.0250760149538482,8.08241953522105e-07,7.203644645093443e-10,2.1686163360744638e-10,1.7089524479285757e-07,1.3472828123574796e-14,0.00012987085083506552,-0.0001373811239325387,1.0,1.0,3.0,1.0,10.0,1.0,1.0,0.0,1.0,1.0,1042.7195764017863,7.649050304096185,7.7091760834623635,7.75424123365167,7.641145269617551,7.649050304096185,2214.4,2.0,2254.0,1.0,0.0,,200.2,1.0,1.0,0.88294817428121,18.255502626263624,34.06,0.8168512723986098,1.2846523261831968,,0.108105865415741,9.338,0.0,0.0,0.0,404.53548571428576,10008.35554316976,66.49080285102255,2.15,32.39999999999999,27477.11104472045,0.0,0.988633500786409,1054.707913066222,11082.0,00:59:27,2021/07/19 00:59:27,6.0,11082.0,6.0,199.0,197.48,9.3384,34.0602,26.3314,2.12,92.11,0.04,141.49,91.5,dRB2102_CTD_118_01_F.csv,dRB2102,CTD,118.0,F.csv,1180106
586,E831,1.0,1.0,False,WCOA21,2021_WCOA_RonBrown,7/19/2021,,1:06:56 AM,,E831,1180110,10,Niskin; Sterivex 0.22µm filter,95% EtOH,West Coast,SB2,99.3,34.381,-120.284,1000.0,Sean McAllister,,7/19/2021 1:06:56 AM,7/19/2021 ,2021/07/19 01:06:00,2021/07/19 00:00:00,2021/07/18 18:06:00,34.381,-120.284,1180110,10,99.0,2063.0,33RO20210613,WCOA2021,SB2,118.0,1.0,11067.0,2.0,16.0,2021-07-19,2021.0,7.0,19.0,01:06:56,200.046,34.381,-120.284,288.0,100.1,99.3,10.387,33.795,2.0,,9.0,137.1,2.0,137.3,4.506,2.0,2166.5,2.0,2238.9,2.0,7.5529,25.01,2.0,77.87853698256318,24.995,2.0,14.6,3.0,1.34,3.0,13.7,3.0,0.14,3.0,0.02,3.0,,9.0,31.227,2.0,,9.0,,9.0,,9.0,,9.0,,9.0,,9.0,,9.0,366.636017734932,34.752025122210924,35.52992907172823,70.80925015621806,65.97314855146932,0.027246872819647,0.0,1.937573366750688e-08,0.182906262009302,14.417093737990696,2060.1608207720537,0.00033008476988437524,1.2588171683772744,0.0,0.0023902529373353,0.0153044567842264,0.0,0.0,0.8370832979251501,0.0539359394273451,27263.32608174729,2238.9,0.0,0.0,0.0,34.752025122210924,1.3666890278562311,0.182906262009302,0.0,0.0,0.0,35.52992907172826,0.0,0.0,-0.00013862427236130097,0.00013640308235923982,28995.0,2060.1608207720537,70.80925015621806,2166.5,0.0408335076743848,0.0407838151585164,814.4440684575051,0.7660385026704231,0.9961693431249512,-0.0001364030823592397,0.00012638760667091172,83.14462618,0.0153044567842264,0.8370832979251501,1.0792441280608025,1.072012785384386,0.0436247625193207,1e-07,1.7552414149855218e-10,6.628791049285331e-07,1e-07,0.1745632812724554,1.677213842370398e-09,4.215281711712387e-07,1.0260067804084332e-06,6.081802591920882e-10,0.0030588603081535,0.0248829551101,8.175031607550459e-07,7.581568054554891e-10,2.2448860426785728e-10,1.778756728537384e-07,1.4811946144972505e-14,0.0001409189996333856,-0.00014814250608248888,1.0,1.0,3.0,1.0,10.0,1.0,1.0,0.0,1.0,1.0,817.5759212812355,7.752156552345236,7.815182080623959,7.85987903460504,7.744129633319979,7.752156552345236,2166.5,2.0,2238.9,1.0,0.0,,100.1,1.0,1.0,0.8531488363004778,17.14171236457651,33.795,1.0607821376958135,1.668145481252606,,0.1346118225440943,10.387,0.0,0.0,0.0,401.38804285714286,9930.486658291897,65.97347863623921,1.34,14.6,27263.328472000227,0.0,0.9878031097860316,827.6709327816664,11067.0,01:06:56,2021/07/19 01:06:56,10.0,11067.0,10.0,99.0,98.27,10.3592,33.8014,25.9567,3.13,136.3,0.043,142.29,99.51,dRB2102_CTD_118_01_F.csv,dRB2102,CTD,118.0,F.csv,1180110
587,E832,1.0,1.0,False,WCOA21,2021_WCOA_RonBrown,7/19/2021,,1:14:55 AM,,E832,1180115,15,Niskin; Sterivex 0.22µm filter,95% EtOH,West Coast,SB2,29.5,34.381,-120.284,1000.0,Sean McAllister,,7/19/2021 1:14:55 AM,7/19/2021 ,2021/07/19 01:14:00,2021/07/19 00:00:00,2021/07/18 18:14:00,34.381,-120.284,1180115,15,30.0,2068.0,33RO20210613,WCOA2021,SB2,118.0,1.0,11053.0,2.0,16.0,2021-07-19,2021.0,7.0,19.0,01:14:55,200.052,34.381,-120.284,288.0,29.8,29.5,12.575,33.566,2.0,,9.0,207.7,2.0,203.8,6.687,2.0,2100.2,2.0,,9.0,7.7193,25.01,6.0,104.22297211455296,24.995,6.0,9.3,2.0,1.01,2.0,8.0,2.0,0.21,2.0,0.04,2.0,,9.0,8.119,2.0,,9.0,,9.0,,9.0,,9.0,,9.0,,9.0,,9.0,364.8892036896914,33.778973453165804,35.48411801696709,68.57766807646058,65.52606555796793,0.0212646617609387,0.0,1.642423731233944e-08,0.1180065357487799,9.18199346425122,1996.138213906572,0.00036687002451132097,0.9465296561504956,0.0,0.0027969796887421,0.0162883643646702,0.0,0.0,0.9579336897609484,0.0422056656643283,27078.58526312268,2169.159952495146,0.0,0.0,0.0,33.778973453165804,1.030940971054915,0.1180065357487799,0.0,0.0,0.0,35.48411801696698,0.0,0.0,-0.00013561414767904067,0.0001335103802041584,28995.0,1996.138213906572,68.57766807646058,2100.2,0.0399686652088474,0.0399208031754194,871.6959512110562,0.7572922845275025,0.9962756499100812,-0.0001335103802041581,0.00012369772998944832,83.14462618,0.0162883643646702,0.9579336897609484,1.07932764987318,1.072023075283336,0.0407069895961645,1e-07,2.0958149906584555e-10,6.469044615811064e-07,1e-07,0.157693623954733,1.766792038143893e-09,4.12499149849369e-07,1.073634834295317e-06,6.556802531578323e-10,0.0029092385855539,0.0247100297147729,8.495241834050426e-07,8.510136551625226e-10,2.4528392207834396e-10,1.942958323156245e-07,1.8282494326192767e-14,0.00013778527611082563,-0.000145014000024838,1.0,1.0,3.0,1.0,10.0,1.0,1.0,0.0,1.0,1.0,874.9545884110798,7.7193,7.788122524228173,7.83176737506424,7.711030907216728,7.7193,2100.2,2.0,7.7193,3.0,0.0,,29.8,1.0,1.0,0.8530054337392343,16.978484570243538,33.566,1.0455871531601226,1.6397488203264612,,0.1225499484918348,12.575,0.0,0.0,0.0,398.6681771428572,9863.196187963482,65.52643242799245,1.0099999999999998,9.3,27078.58806010237,0.0,0.9858996262373092,887.4682220444168,11053.0,01:14:55,2021/07/19 01:14:55,15.0,11053.0,15.0,30.0,29.78,12.5011,33.5693,25.383,4.76,207.28,0.089,142.07,99.32,dRB2102_CTD_118_01_F.csv,dRB2102,CTD,118.0,F.csv,1180115
588,E833,1.0,1.0,False,WCOA21,2021_WCOA_RonBrown,7/19/2021,,1:19:34 AM,,E833,1180119,19,Niskin; Sterivex 0.22µm filter,95% EtOH,West Coast,SB2,3.6,34.381,-120.284,1000.0,Sean McAllister,Bleach bottle; sample rinse 3X,7/19/2021 1:19:34 AM,7/19/2021 ,2021/07/19 01:19:00,2021/07/19 00:00:00,2021/07/18 18:19:00,34.381,-120.284,1180119,19,4.0,2072.0,33RO20210613,WCOA2021,SB2,118.0,1.0,11028.0,2.0,16.0,2021-07-19,2021.0,7.0,19.0,01:19:34,200.055,34.381,-120.284,288.0,3.7,3.6,16.987,33.562,2.0,,9.0,274.7,2.0,,,9.0,,9.0,,9.0,,,9.0,,,9.0,,9.0,,9.0,,9.0,,9.0,,9.0,,9.0,92.351,2.0,,9.0,,9.0,,9.0,,9.0,,9.0,,9.0,,9.0,,,,,,,,,,,,,,,,,,,,,,,,,,,,,,,,,,,,,,,,,,,,,,,,,,,,,,,,,,,,,,,,,,,,,,,,,,,,,,,,,,,,,,,,,,,,,0.0,3.7,,,,,33.562,,,0.0,,16.987,,,,,,,,,,,,,11028.0,01:19:34,2021/07/19 01:19:34,19.0,11028.0,19.0,4.0,3.97,16.8808,33.5598,24.4372,6.25,272.59,0.08,140.98,99.8,dRB2102_CTD_118_01_F.csv,dRB2102,CTD,118.0,F.csv,1180118
589,E834,1.0,1.0,False,WCOA21,2021_WCOA_RonBrown,7/19/2021,,2:54:25 AM,,E834,1190101,1,Niskin; Sterivex 0.22µm filter,95% EtOH,West Coast,SB3,514.3,34.313,-120.126,1000.0,Sean McAllister,Bleach bottle; sample rinse 3X,7/19/2021 2:54:25 AM,7/19/2021 ,2021/07/19 02:54:00,2021/07/19 00:00:00,2021/07/18 19:54:00,34.313,-120.126,1190101,1,514.0,2073.0,33RO20210613,WCOA2021,SB3,119.0,1.0,11031.0,2.0,16.0,2021-07-19,2021.0,7.0,19.0,02:54:25,200.121,34.313,-120.126,524.0,518.6,514.3,6.649,34.247,2.0,,9.0,2.8,2.0,,,9.0,,9.0,,9.0,,,9.0,44.4056625682616,24.935,2.0,101.9,2.0,3.7,2.0,21.8,2.0,0.02,2.0,0.15,2.0,,9.0,10.084,2.0,,9.0,,9.0,,9.0,,9.0,,9.0,,9.0,,9.0,,,,,,,,,,,,,,,,,,,,,,,,,,,,,,,,,,,,,,,,,,,,,,,,,,,,,,,,,,,,,,,,,,,,,,,,,,,,,,,,,,,,,,,,,,,,,3.7,518.6,,,,,34.247,,,101.9,,6.649,,,,,,,,,,,,,11031.0,02:54:25,2021/07/19 02:54:25,1.0,11031.0,1.0,514.0,509.69,6.659,34.2471,26.8782,0.07,2.91,0.042,142.09,15.06,dRB2102_CTD_119_01_F.csv,dRB2102,CTD,119.0,F.csv,1190102
590,E835,1.0,1.0,False,WCOA21,2021_WCOA_RonBrown,7/19/2021,,2:57:55 AM,,E835,1190103,3,Niskin; Sterivex 0.22µm filter,95% EtOH,West Coast,SB3,496.3,34.312,-120.126,1000.0,Sean McAllister,Bleach bottle; sample rinse 3X,7/19/2021 2:57:55 AM,7/19/2021 ,2021/07/19 02:57:00,2021/07/19 00:00:00,2021/07/18 19:57:00,34.312,-120.126,1190103,3,496.0,2075.0,33RO20210613,WCOA2021,SB3,119.0,1.0,11020.0,2.0,16.0,2021-07-19,2021.0,7.0,19.0,02:57:55,200.124,34.312,-120.126,524.0,500.4,496.3,6.682,34.246,2.0,34.2493,2.0,3.5,2.0,,,9.0,,9.0,,9.0,,,9.0,,,9.0,99.8,2.0,3.61,2.0,22.9,2.0,0.02,2.0,0.03,2.0,,9.0,6.336,2.0,,9.0,,9.0,,9.0,,9.0,,9.0,,9.0,,9.0,,,,,,,,,,,,,,,,,,,,,,,,,,,,,,,,,,,,,,,,,,,,,,,,,,,,,,,,,,,,,,,,,,,,,,,,,,,,,,,,,,,,,,,,,,,,,3.61,500.4,,,,,34.2493,,,99.8,,6.682,,,,,,,,,,,,,11020.0,02:57:55,2021/07/19 02:57:55,3.0,11020.0,3.0,496.0,491.86,6.6886,34.2461,26.8733,0.08,3.53,0.042,142.33,33.11,dRB2102_CTD_119_01_F.csv,dRB2102,CTD,119.0,F.csv,1190104
591,E836,1.0,1.0,False,WCOA21,2021_WCOA_RonBrown,7/19/2021,,3:01:42 AM,,E836,1190105,5,Niskin; Sterivex 0.22µm filter,95% EtOH,West Coast,SB3,471.3,34.312,-120.126,1000.0,Sean McAllister,,7/19/2021 3:01:42 AM,7/19/2021 ,2021/07/19 03:01:00,2021/07/19 00:00:00,2021/07/18 20:01:00,34.312,-120.126,1190105,5,471.0,2077.0,33RO20210613,WCOA2021,SB3,119.0,1.0,11008.0,2.0,16.0,2021-07-19,2021.0,7.0,19.0,03:01:42,200.126,34.312,-120.126,524.0,475.3,471.3,6.775,34.243,2.0,,9.0,6.3,2.0,6.1,0.2,2.0,2329.9,2.0,,9.0,7.2761,25.12,2.0,38.413913156848345,24.935,2.0,89.1,2.0,3.38,2.0,27.6,2.0,0.0,2.0,0.02,2.0,,9.0,2.649,2.0,,9.0,,9.0,,9.0,,9.0,,9.0,,9.0,,9.0,394.8768480762813,11.83215478086159,118.87132492654209,22.595207726373857,66.84711946243038,0.2117650228061002,0.0,4.395490449869783e-07,0.3339109016234413,88.76608909837654,2188.4334673470844,0.00092992181991826,3.130371013136764,0.0,0.0060956952844956,0.0468584532120903,0.0,0.0,0.2001096912375408,0.0378635245080901,27624.73593320555,2249.142271725842,0.0,0.0,0.0,11.83215478086159,3.206097622603899,0.3339109016234413,0.0,0.0,0.0,118.87132492654226,0.0,0.0,-0.00014980347621871388,0.00015626047067713106,28995.0,2188.4334673470844,22.595207726373857,2329.9,0.0371086554878652,0.0370557596361278,2417.417287426723,0.7809346284370957,0.9959848644206264,-0.0001562604706771304,0.00015233844687964594,83.14462618,0.0468584532120903,0.2001096912375408,1.0257454626709137,1.0218962457427767,0.0491728612783593,1e-07,1.3410104745136635e-10,7.245024538466105e-07,1e-07,0.2123551680010803,1.586726849821545e-09,4.605735612600433e-07,9.748914115328433e-07,5.46742696773163e-10,0.0033684042600147,0.025512139946136,7.827833581442579e-07,6.405089818174315e-10,1.9919732972281143e-10,1.545020517972057e-07,1.0596638574562416e-14,0.00014385893784362298,-0.0001603897797648635,1.0,1.0,3.0,1.0,10.0,1.0,1.0,0.0,1.0,1.0,2427.162674638592,7.2761,7.329212051474034,7.375924809822463,7.268539490694276,7.2761,2329.9,2.0,7.2761,3.0,0.0,,475.3,1.0,1.0,0.94980145931355,15.294234959876698,34.243,0.3138097008743096,0.4936364512593925,,0.0467030667325234,6.775,0.0,0.0,0.0,406.7090028571429,10062.129150462775,66.84804938425029,3.38,89.09999999999998,27624.74202890084,0.0,0.9904538012704684,2450.5561708433424,11008.0,03:01:42,2021/07/19 03:01:42,5.0,11008.0,5.0,471.0,467.1,6.7836,34.243,26.8579,0.14,6.2,0.042,142.57,58.34,dRB2102_CTD_119_01_F.csv,dRB2102,CTD,119.0,F.csv,1190105
592,E837,1.0,1.0,False,WCOA21,2021_WCOA_RonBrown,7/19/2021,,3:07:38 AM,,E837,1190107,7,Niskin; Sterivex 0.22µm filter,95% EtOH,West Coast,SB3,421.6,34.312,-120.126,1000.0,Sean McAllister,Bleach bottle; sample rinse 3X,7/19/2021 3:07:38 AM,7/19/2021 ,2021/07/19 03:07:00,2021/07/19 00:00:00,2021/07/18 20:07:00,34.312,-120.126,1190107,7,422.0,2079.0,33RO20210613,WCOA2021,SB3,119.0,1.0,11004.0,2.0,16.0,2021-07-19,2021.0,7.0,19.0,03:07:38,200.13,34.312,-120.126,524.0,425.1,421.6,7.275,34.223,2.0,,9.0,18.6,2.0,,,9.0,,9.0,,9.0,,,9.0,,,9.0,68.2,2.0,3.04,2.0,32.4,2.0,0.01,2.0,0.02,2.0,,9.0,8.356,2.0,,9.0,,9.0,,9.0,,9.0,,9.0,,9.0,,9.0,,,,,,,,,,,,,,,,,,,,,,,,,,,,,,,,,,,,,,,,,,,,,,,,,,,,,,,,,,,,,,,,,,,,,,,,,,,,,,,,,,,,,,,,,,,,,3.04,425.1,,,,,34.223,,,68.2,,7.275,,,,,,,,,,,,,11004.0,03:07:38,2021/07/19 03:07:38,7.0,11004.0,7.0,422.0,418.55,7.3001,34.2222,26.77,0.44,18.97,0.041,142.72,99.6,dRB2102_CTD_119_01_F.csv,dRB2102,CTD,119.0,F.csv,1190107
593,E838,1.0,1.0,False,WCOA21,2021_WCOA_RonBrown,7/19/2021,,3:10:30 AM,,E838,1190108,8,Niskin; Sterivex 0.22µm filter,95% EtOH,West Coast,SB3,397.4,34.312,-120.126,1000.0,Sean McAllister,,7/19/2021 3:10:30 AM,7/19/2021 ,2021/07/19 03:10:00,2021/07/19 00:00:00,2021/07/18 20:10:00,34.312,-120.126,1190108,8,397.0,2080.0,33RO20210613,WCOA2021,SB3,119.0,1.0,11027.0,2.0,16.0,2021-07-19,2021.0,7.0,19.0,03:10:30,200.132,34.312,-120.126,524.0,400.6,397.4,7.456,34.217,2.0,,9.0,22.4,2.0,21.2,0.698,2.0,2293.3,2.0,2291.0,2.0,7.3113,25.12,2.0,46.98406350830637,24.935,2.0,63.8,6.0,2.98,6.0,32.9,6.0,0.01,6.0,2.68,6.0,,9.0,6.515,2.0,,9.0,,9.0,,9.0,,9.0,,9.0,,9.0,,9.0,385.8875418337827,20.51265530907453,66.98009534336956,40.46141832283486,66.7967565287929,0.1074041311972921,0.0,1.2759839626776798e-07,0.427984114568732,63.37201588543127,2185.858486333796,0.0005365174031736348,2.81105201234904,0.0,0.0035850520327712,0.0265886324231023,0.0,0.0,0.3746084562879472,0.061543728855271,27603.76354992153,2291.0,0.0,0.0,0.0,20.51265530907453,2.934139342461186,0.427984114568732,0.0,0.0,0.0,66.98009534336938,0.0,0.0,-0.00012761083706822534,0.00012910373386344133,28995.0,2185.858486333796,40.46141832283486,2293.3,0.0392479297752901,0.0391956555923392,1394.4967261325646,0.7782869690041974,0.9960205311998428,-0.0001291037338634417,0.0001235758752380094,83.14462618,0.0265886324231023,0.3746084562879472,1.0447325063632786,1.0386862091704872,0.0480317336628885,1e-07,1.4102727837311915e-10,7.131083082132675e-07,1e-07,0.20472403630799,1.603945012730221e-09,4.533366086055254e-07,9.847015730788602e-07,5.5853116548147e-10,0.003310301578092,0.0253982691695589,7.897256536875361e-07,6.606071588908084e-10,2.0377855499726999e-10,1.5877009880505873e-07,1.1303317528956016e-14,0.0001261520719474622,-0.0001351493008224752,1.0,1.0,3.0,1.0,10.0,1.0,1.0,0.0,1.0,1.0,1400.0682540677178,7.520371648945231,7.575303999876943,7.621577502350564,7.512717261391205,7.520371648945231,2293.3,2.0,2291.0,1.0,0.0,,400.6,1.0,1.0,0.9143656273910864,18.55782931403935,34.217,0.5704868225861868,0.8973881332102941,,0.0822102638281818,7.456,0.0,0.0,0.0,406.4001971428572,10054.489184399286,66.79729304619607,2.98,63.79999999999999,27603.767134973565,0.0,0.9899973142831876,1414.21419418844,11027.0,03:10:30,2021/07/19 03:10:30,8.0,11027.0,8.0,397.0,393.78,7.4948,34.216,26.7373,0.53,23.21,0.042,142.83,99.95,dRB2102_CTD_119_01_F.csv,dRB2102,CTD,119.0,F.csv,1190108
594,E839,1.0,1.0,False,WCOA21,2021_WCOA_RonBrown,7/19/2021,,3:18:21 AM,,E839,1190110,10,Niskin; Sterivex 0.22µm filter,95% EtOH,West Coast,SB3,297.9,34.312,-120.126,1000.0,Sean McAllister,,7/19/2021 3:18:21 AM,7/19/2021 ,2021/07/19 03:18:00,2021/07/19 00:00:00,2021/07/18 20:18:00,34.312,-120.126,1190110,10,298.0,2082.0,33RO20210613,WCOA2021,SB3,119.0,1.0,11067.0,2.0,16.0,2021-07-19,2021.0,7.0,19.0,03:18:21,200.138,34.312,-120.126,524.0,300.3,297.9,8.598,34.194,2.0,,9.0,41.3,2.0,39.7,1.305,2.0,2265.9,2.0,2273.1,2.0,7.3539,25.12,2.0,51.19351483202225,24.935,2.0,47.0,2.0,2.67,2.0,30.6,2.0,0.0,2.0,0.03,2.0,,9.0,5.717,2.0,,9.0,,9.0,,9.0,,9.0,,9.0,,9.0,,9.0,384.1983244398597,21.92869841728319,61.78041169078665,43.655358146057445,66.75187251537895,0.0900164938974678,0.0,1.0235815464911492e-07,0.345002064799761,46.65499793520024,2160.464230163156,0.0005206933076438073,2.5188059607904254,0.0,0.0035878509875763,0.0251185908833216,0.0,0.0,0.4394194534839427,0.0611774429539523,27585.208833263845,2273.1,0.0,0.0,0.0,21.92869841728319,2.6411607443401754,0.345002064799761,0.0,0.0,0.0,61.780411690786494,0.0,0.0,-0.00012699745097243626,0.0001280215017131707,28995.0,2160.464230163156,43.655358146057445,2265.9,0.0391018195009501,0.0390505691867007,1337.2516375396233,0.7739187008667011,0.9960794079914872,-0.00012802150171316968,0.00012209965249990426,83.14462618,0.0251185908833216,0.4394194534839427,1.0485001315894091,1.0422190145442036,0.046199540876581,1e-07,1.5379742521808982e-10,6.982083591973992e-07,1e-07,0.1931244016301293,1.638463461731695e-09,4.440727328625615e-07,1.00386579092294e-06,5.800558990278784e-10,0.0032201546511069,0.0252452117796983,8.032523256822814e-07,6.97229864409737e-10,2.1227697605442608e-10,1.6626959453357845e-07,1.2614169203434247e-14,0.00012598965309589934,-0.0001345470514116003,1.0,1.0,3.0,1.0,10.0,1.0,1.0,0.0,1.0,1.0,1342.515091478582,7.542020627388874,7.6000047275448255,7.645518343463062,7.534213684482611,7.542020627388874,2265.9,2.0,2273.1,1.0,0.0,,300.3,1.0,1.0,0.9074866466332469,18.557792373747965,34.194,0.6282326454475867,0.987760004413415,,0.08601056644454,8.598,0.0,0.0,0.0,406.1270228571429,10047.730752881584,66.75239320868658,2.67,47.0,27585.21242111484,0.0,0.9891885791058012,1357.1882246074638,11067.0,03:18:21,2021/07/19 03:18:21,10.0,11067.0,10.0,298.0,295.65,8.5601,34.1952,26.5617,0.93,40.4,0.04,143.01,99.9,dRB2102_CTD_119_01_F.csv,dRB2102,CTD,119.0,F.csv,1190110
595,E840,1.0,1.0,False,WCOA21,2021_WCOA_RonBrown,7/19/2021,,3:23:23 AM,,E840,1190111,11,Niskin; Sterivex 0.22µm filter,95% EtOH,West Coast,SB3,199.0,34.312,-120.126,1000.0,Sean McAllister,,7/19/2021 3:23:23 AM,7/19/2021 ,2021/07/19 03:23:00,2021/07/19 00:00:00,2021/07/18 20:23:00,34.312,-120.126,1190111,11,199.0,2083.0,33RO20210613,WCOA2021,SB3,119.0,1.0,11023.0,2.0,16.0,2021-07-19,2021.0,7.0,19.0,03:23:23,200.141,34.312,-120.126,524.0,200.6,199.0,9.292,34.072,2.0,,9.0,85.8,2.0,85.0,2.793,2.0,2220.6,2.0,2251.0,2.0,7.4472,25.12,2.0,62.18590430544036,24.935,3.0,33.5,2.0,2.18,2.0,26.1,2.0,0.01,2.0,0.03,2.0,,9.0,34.197,2.0,,9.0,,9.0,,9.0,,9.0,,9.0,,9.0,,9.0,378.7337996356511,25.944211792920328,50.48336000435649,51.92836148640404,66.5137867267733,0.0613540443864384,0.0,5.891817010116727e-08,0.2983734814070031,33.201626518592995,2118.188278509239,0.0004421264281229171,2.0572746364492915,0.0,0.0031084039675856,0.0209746186225874,0.0,0.0,0.5569212946198656,0.0613712602461,27486.788656590605,2251.0,0.0,0.0,0.0,25.944211792920328,2.1800170980233213,0.2983734814070031,0.0,0.0,0.0,50.48336000435666,0.0,0.0,-0.00012769157799304986,0.00012760853983706142,28995.0,2118.188278509239,51.92836148640404,2220.5999999999995,0.0397353174480291,0.0396846780740184,1117.7521196534367,0.7709415664570912,0.9961146252331196,-0.00012760853983706204,0.00012059970484120588,83.14462618,0.0209746186225874,0.5569212946198656,1.0581165186522157,1.0512017902545865,0.0451650765108893,1e-07,1.614905079052974e-10,6.823298798966515e-07,1e-07,0.1854729678779297,1.6497472589300123e-09,4.338411961397525e-07,1.0104790351070755e-06,5.904064023438906e-10,0.0031554352352588,0.0250786956890744,8.075326209126739e-07,7.184288583941439e-10,2.16427210091466e-10,1.7055952124482537e-07,1.3412348315048056e-14,0.00012777472428953125,-0.00013548229941824695,1.0,1.0,3.0,1.0,10.0,1.0,1.0,0.0,1.0,1.0,1122.1119450905069,7.618289000616127,7.678305927119601,7.723366824905165,7.610388286838148,7.618289000616127,2220.6,2.0,2251.0,1.0,0.0,,200.6,1.0,1.0,0.890151003924895,18.412980387670707,34.072,0.7619490607492477,1.198366166547554,,0.1009881665370628,9.292,0.0,0.0,0.0,404.6780114285715,10011.88168135291,66.51422885320143,2.18,33.5,27486.79176499457,0.0,0.988668746746799,1134.9726071374264,11023.0,03:23:23,2021/07/19 03:23:23,11.0,11023.0,11.0,199.0,197.48,9.2774,34.077,26.3544,1.96,85.08,0.04,142.95,99.72,dRB2102_CTD_119_01_F.csv,dRB2102,CTD,119.0,F.csv,1190111
596,E841,1.0,1.0,False,WCOA21,2021_WCOA_RonBrown,7/19/2021,,3:32:40 AM,,E841,1190115,15,Niskin; Sterivex 0.22µm filter,95% EtOH,West Coast,SB3,99.8,34.312,-120.126,1000.0,Sean McAllister,Bleach bottle; sample rinse 3X,7/19/2021 3:32:40 AM,7/19/2021 ,2021/07/19 03:32:00,2021/07/19 00:00:00,2021/07/18 20:32:00,34.312,-120.126,1190115,15,100.0,2087.0,33RO20210613,WCOA2021,SB3,119.0,1.0,11053.0,2.0,16.0,2021-07-19,2021.0,7.0,19.0,03:32:40,200.148,34.312,-120.126,524.0,100.5,99.8,9.925,33.898,2.0,,9.0,125.2,2.0,,,9.0,,9.0,,9.0,,,9.0,,,9.0,,9.0,,9.0,,9.0,,9.0,,9.0,,9.0,,9.0,,9.0,,9.0,,9.0,,9.0,,9.0,,9.0,,9.0,,,,,,,,,,,,,,,,,,,,,,,,,,,,,,,,,,,,,,,,,,,,,,,,,,,,,,,,,,,,,,,,,,,,,,,,,,,,,,,,,,,,,,,,,,,,,0.0,100.5,,,,,33.898,,,0.0,,9.925,,,,,,,,,,,,,11053.0,03:32:40,2021/07/19 03:32:40,15.0,11053.0,15.0,100.0,99.26,9.9725,33.8785,26.0828,2.98,129.91,0.04,144.33,99.54,dRB2102_CTD_119_01_F.csv,dRB2102,CTD,119.0,F.csv,1190114
597,E842,1.0,1.0,False,WCOA21,2021_WCOA_RonBrown,7/19/2021,,3:43:40 AM,,E842,1190120,20,Niskin; Sterivex 0.22µm filter,95% EtOH,West Coast,SB3,30.3,34.312,-120.126,1000.0,Sean McAllister,,7/19/2021 3:43:40 AM,7/19/2021 ,2021/07/19 03:43:00,2021/07/19 00:00:00,2021/07/18 20:43:00,34.312,-120.126,1190120,20,30.0,2092.0,33RO20210613,WCOA2021,SB3,119.0,1.0,11022.0,2.0,16.0,2021-07-19,2021.0,7.0,19.0,03:43:40,200.155,34.312,-120.126,524.0,30.6,30.3,13.13,33.586,2.0,,9.0,203.1,2.0,197.3,6.473,2.0,2102.9,2.0,,9.0,7.7188,24.93,3.0,103.74619444745356,24.845,2.0,10.6,2.0,1.08,2.0,8.8,2.0,0.28,2.0,0.44,2.0,,9.0,10.258,2.0,,9.0,,9.0,,9.0,,9.0,,9.0,,9.0,,9.0,364.6369528603698,34.2687671396302,35.06739048265084,70.08309450738692,65.56510567441451,0.0224707367710995,0.0,1.7382468011826707e-08,0.1376634341893906,10.462336565810608,1997.7495150099624,0.000370090542720484,1.011117315276218,0.0,0.0028554297021413,0.0162518998073623,0.0,0.0,1.011359926988139,0.0464119305702143,27094.719738462874,2174.417958264525,0.0,0.0,0.0,34.2687671396302,1.1039411590341788,0.1376634341893906,0.0,0.0,0.0,35.06739048265072,0.0,0.0,-0.0001371273406234166,0.00013488140998923408,28995.0,1997.7495150099624,70.08309450738692,2102.9,0.0398595268916093,0.0398121163692371,876.743424976743,0.755291601524052,0.9963019896916584,-0.00013488140998923418,0.00012479869642452243,83.14462618,0.0162518998073623,1.011359926988139,1.08079181797231,1.073581869245028,0.039997323599639,1e-07,2.1949898443121802e-10,6.465708996948073e-07,1e-07,0.1542117006655232,1.7957166183988843e-09,4.127559645208341e-07,1.088522936453016e-06,6.703046557272776e-10,0.0028791806471112,0.0247005073316747,8.597738568530523e-07,8.770575393633185e-10,2.5141426328117167e-10,1.9880289044205472e-07,1.9324387682013497e-14,0.00013944933242069182,-0.00014673652022080346,1.0,1.0,3.0,1.0,10.0,1.0,1.0,0.0,1.0,1.0,879.9976654147633,7.7188,7.789095863754177,7.832353860727693,7.710468516307901,7.7188,2102.9,2.0,7.7188,3.0,0.0,,30.6,1.0,1.0,0.8504951339770785,16.850336263502737,33.586,1.069728288171195,1.675700028986314,,0.1229240604907586,13.13,0.0,0.0,0.0,398.90572,9869.073084935391,65.56547576495723,1.08,10.599999999999998,27094.722593892577,0.0,0.9853777144817756,893.0561879792125,11022.0,03:43:40,2021/07/19 03:43:40,20.0,11022.0,20.0,30.0,29.78,13.5343,33.582,25.188,4.96,216.26,0.061,144.04,99.4,dRB2102_CTD_119_01_F.csv,dRB2102,CTD,119.0,F.csv,1190120
598,E843,1.0,1.0,False,WCOA21,2021_WCOA_RonBrown,7/19/2021,,3:49:46 AM,,E843,1190124,24,Niskin; Sterivex 0.22µm filter,95% EtOH,West Coast,SB3,3.3,34.312,-120.126,1000.0,Sean McAllister,Difficult to filter (50:50 on two filters). When went for second filter; droplet (from that sample) rolled off glove finger from first sterivex and landed back in the sample water; potential glove contamination of second filter; Bleach bottle; sample rinse 3X,7/19/2021 3:49:46 AM,7/19/2021 ,2021/07/19 03:49:00,2021/07/19 00:00:00,2021/07/18 20:49:00,34.312,-120.126,1190124,24,3.0,2096.0,33RO20210613,WCOA2021,SB3,119.0,1.0,11001.0,2.0,16.0,2021-07-19,2021.0,7.0,19.0,03:49:46,200.16,34.312,-120.126,524.0,3.3,3.3,18.768,33.586,2.0,,9.0,283.5,2.0,,,9.0,,9.0,,9.0,,,9.0,,,9.0,,9.0,,9.0,,9.0,,9.0,,9.0,,9.0,17.708,2.0,,9.0,,9.0,,9.0,,9.0,,9.0,,9.0,,9.0,,,,,,,,,,,,,,,,,,,,,,,,,,,,,,,,,,,,,,,,,,,,,,,,,,,,,,,,,,,,,,,,,,,,,,,,,,,,,,,,,,,,,,,,,,,,,0.0,3.3,,,,,33.586,,,0.0,,18.768,,,,,,,,,,,,,11001.0,03:49:46,2021/07/19 03:49:46,24.0,11001.0,24.0,3.0,2.98,18.9357,33.5873,23.9581,6.48,282.45,0.081,142.81,99.9,dRB2102_CTD_119_01_F.csv,dRB2102,CTD,119.0,F.csv,1190123
599,E844,1.0,1.0,False,WCOA21,2021_WCOA_RonBrown,7/19/2021,,5:23:46 AM,,E844,1200101,1,Niskin; Sterivex 0.22µm filter,95% EtOH,West Coast,SB4,565.7,34.276,-120.021,1000.0,Sean McAllister,,7/19/2021 5:23:46 AM,7/19/2021 ,2021/07/19 05:23:00,2021/07/19 00:00:00,2021/07/18 22:23:00,34.276,-120.021,1200101,1,566.0,2097.0,33RO20210613,WCOA2021,SB4,120.0,1.0,11031.0,2.0,16.0,2021-07-19,2021.0,7.0,19.0,05:23:46,200.225,34.276,-120.021,576.0,570.5,565.7,6.619,34.25,2.0,,9.0,3.2,2.0,1.9,0.061,2.0,2351.0,2.0,2335.9,2.0,7.2687,25.06,2.0,45.4035311681038,24.955,2.0,109.5,2.0,3.88,2.0,18.4,2.0,0.07,2.0,0.02,2.0,,9.0,137.491,2.0,,9.0,,9.0,,9.0,,9.0,,9.0,,9.0,,9.0,388.0597751031162,18.732367754026683,75.55967657022825,36.988748630308486,66.86113635509254,0.1537691463112595,0.0,1.984126708804282e-07,0.6577678752513669,108.84223212474862,2238.451574799463,0.0005781970954284811,3.655408295461695,0.0,0.0037634352397322,0.0293415260791752,0.0,0.0,0.3174226523787202,0.0708223598143755,27630.385352292164,2335.9,0.0,0.0,0.0,18.732367754026683,3.797052816677775,0.6577678752513669,0.0,0.0,0.0,75.55967657022845,0.0,0.0,-0.00013101312625684255,0.00013319840316461585,28995.0,2238.451574799463,36.988748630308486,2351.0,0.0391875063793106,0.0391344669389994,1528.321801516012,0.7815450889703124,0.9959766346844384,-0.00013319840316461585,0.0001280446220907952,83.14462618,0.0293415260791752,0.3174226523787202,1.0402498831240732,1.034570527525455,0.0494396379710589,1e-07,1.3371074354625632e-10,7.374953269171393e-07,1e-07,0.2154195889523578,1.5980381356096663e-09,4.692767724749192e-07,9.807328102648505e-07,5.470348902729495e-10,0.0033929741113493,0.0256562330263983,7.869729071324694e-07,6.413979859331551e-10,2.000637066982718e-10,1.5411001495598734e-07,1.0508264791454678e-14,0.0001288983960377263,-0.00013878446152024312,1.0,1.0,3.0,1.0,10.0,1.0,1.0,0.0,1.0,1.0,1534.4956380429946,7.480106908503808,7.532517301858486,7.579633082671334,7.472587121106041,7.480106908503808,2351.0,2.0,2335.9,1.0,0.0,,570.5,1.0,1.0,0.922614972081141,18.360786744584463,34.25,0.5047647556778069,0.7932667251813532,,0.0762895416127715,6.619,0.0,0.0,0.0,406.7921428571429,10064.186064402944,66.86171455218796,3.88,109.5,27630.389115727405,0.0,0.990555748946227,1549.1259726425512,11031.0,05:23:46,2021/07/19 05:23:46,1.0,11031.0,1.0,566.0,561.18,6.6188,34.2497,26.8863,0.07,3.08,0.042,159.98,14.96,dRB2102_CTD_120_01_F.csv,dRB2102,CTD,120.0,F.csv,1200101
600,E845,1.0,1.0,False,WCOA21,2021_WCOA_RonBrown,7/19/2021,,5:27:06 AM,,E845,1200102,2,Niskin; Sterivex 0.22µm filter,95% EtOH,West Coast,SB4,545.9,34.276,-120.021,1000.0,Sean McAllister,,7/19/2021 5:27:06 AM,7/19/2021 ,2021/07/19 05:27:00,2021/07/19 00:00:00,2021/07/18 22:27:00,34.276,-120.021,1200102,2,546.0,2098.0,33RO20210613,WCOA2021,SB4,120.0,1.0,11081.0,2.0,16.0,2021-07-19,2021.0,7.0,19.0,05:27:06,200.227,34.276,-120.021,576.0,550.6,545.9,6.618,34.249,2.0,34.2587,2.0,3.1,2.0,2.0,0.067,6.0,2350.6,2.0,2332.5,2.0,7.2706,25.06,2.0,43.90670345617721,24.955,2.0,109.3,2.0,3.85,2.0,18.5,2.0,0.07,2.0,0.02,2.0,,9.0,133.315,2.0,,9.0,,9.0,,9.0,,9.0,,9.0,,9.0,,9.0,388.568994481448,18.326479518551977,77.26722743062656,36.160613715905775,66.87810758807632,0.1560020644593917,0.0,2.057677901294003e-07,0.6415347096106283,108.65846529038936,2237.172158853468,0.0005908156913284298,3.625368946971975,0.0,0.0038478299119966,0.0299548406302846,0.0,0.0,0.3103666659865418,0.0686287828008428,27637.40379009623,2332.5,0.0,0.0,0.0,18.326479518551977,3.7626263068058696,0.6415347096106283,0.0,0.0,0.0,77.26722743062663,0.0,0.0,-0.00013141521776339514,0.0001337542738632799,28995.0,2237.172158853468,36.160613715905775,2350.6,0.0390762918611582,0.0390232514989831,1562.8847470494418,0.7815774896229041,0.9959765818579374,-0.00013375427386328072,0.00012868232773582562,83.14462618,0.0299548406302846,0.3103666659865418,1.0394144729637362,1.033829442071223,0.0494388518260859,1e-07,1.3339785747500647e-10,7.350678232668054e-07,1e-07,0.2151534877843814,1.5942701759052522e-09,4.6762667263471764e-07,9.787124133381494e-07,5.463707057948144e-10,0.0033907749639341,0.0256273660182341,7.855482840919619e-07,6.398896789353831e-10,1.9957567701818606e-10,1.539586654429604e-07,1.0491222323917698e-14,0.0001291565650666726,-0.00013924244130135695,1.0,1.0,3.0,1.0,10.0,1.0,1.0,0.0,1.0,1.0,1569.1982879095103,7.471048980532969,7.523532986658562,7.570551685115502,7.463523727799941,7.471048980532969,2350.6,2.0,2332.5,1.0,0.0,,550.6,1.0,1.0,0.9241602383092632,18.26668852948939,34.2587,0.4952190477194828,0.7784405996271541,,0.0746848292890485,6.618,0.0,0.0,0.0,406.895474,10066.742514585729,66.87869840376764,3.85,109.29999999999998,27637.407637926142,0.0,0.9905564438071424,1584.1583765569117,11081.0,05:27:06,2021/07/19 05:27:06,2.0,11081.0,2.0,546.0,541.38,6.6179,34.2497,26.8861,0.07,3.18,0.042,161.2,35.25,dRB2102_CTD_120_01_F.csv,dRB2102,CTD,120.0,F.csv,1200102
601,E846,1.0,1.0,False,WCOA21,2021_WCOA_RonBrown,7/19/2021,,5:29:39 AM,,E846,1200103,3,Niskin; Sterivex 0.22µm filter,95% EtOH,West Coast,SB4,520.8,34.276,-120.021,1000.0,Sean McAllister,,7/19/2021 5:29:39 AM,7/19/2021 ,2021/07/19 05:29:00,2021/07/19 00:00:00,2021/07/18 22:29:00,34.276,-120.021,1200103,3,521.0,2099.0,33RO20210613,WCOA2021,SB4,120.0,1.0,11020.0,2.0,16.0,2021-07-19,2021.0,7.0,19.0,05:29:39,200.229,34.276,-120.021,576.0,525.3,520.8,6.641,34.248,2.0,,9.0,3.7,2.0,3.3,0.109,2.0,2337.3,2.0,,9.0,7.2714,25.06,2.0,46.23714035725218,24.955,2.0,99.1,2.0,3.56,2.0,24.2,2.0,0.02,2.0,0.02,2.0,,9.0,3.475,2.0,,9.0,,9.0,,9.0,,9.0,,9.0,,9.0,,9.0,395.0332120248775,11.735176546551122,120.29368709196277,22.375773604158027,66.85687359230981,0.2250160622722584,0.0,4.707411739677821e-07,0.3673421078496725,98.73265789215031,2194.6305393038792,0.000936626181682086,3.2956386038947816,0.0,0.0061090806270836,0.0474212577965334,0.0,0.0,0.1960188918677705,0.0393448630917863,27628.76955326776,2255.000484953196,0.0,0.0,0.0,11.735176546551122,3.3743278593371806,0.3673421078496725,0.0,0.0,0.0,120.2936870919628,0.0,0.0,-0.00015083509139778625,0.0001574304185281449,28995.0,2194.6305393038792,22.375773604158027,2337.3,0.0371515706046224,0.0370985514407238,2434.9875124133737,0.7814556541505455,0.9959777966359088,-0.00015743041852814518,0.00015352144418974485,83.14462618,0.0474212577965334,0.1960188918677705,1.0254620737775804,1.021629642139283,0.0494021782365269,1e-07,1.3329662800020174e-10,7.314211228119996e-07,1e-07,0.2144661502383852,1.5902156292875414e-09,4.651707557973245e-07,9.76604186705421e-07,5.457787733719764e-10,0.0033849545315905,0.0255877049517643,7.840180494613247e-07,6.39070038563118e-10,1.9916356215308452e-10,1.539302155632722e-07,1.0492957883885932e-14,0.00014477014856510963,-0.00016154365498979517,1.0,1.0,3.0,1.0,10.0,1.0,1.0,0.0,1.0,1.0,2444.821079985894,7.2714,7.324026931023175,7.370962373675099,7.263866711495231,7.2714,2337.3,2.0,7.2714,3.0,0.0,,525.3,1.0,1.0,0.9503402916037966,15.224583199668274,34.248,0.3078675086793573,0.4840820194932894,,0.0462794670845763,6.641,0.0,0.0,0.0,406.76838857142855,10063.598374705753,66.8578102184915,3.56,99.1,27628.775662348384,0.0,0.9905414249912566,2468.1664171768225,11020.0,05:29:39,2021/07/19 05:29:39,3.0,11020.0,3.0,521.0,516.62,6.6753,34.2469,26.876,0.11,4.75,0.042,161.43,60.22,dRB2102_CTD_120_01_F.csv,dRB2102,CTD,120.0,F.csv,1200103
602,E847,1.0,1.0,False,WCOA21,2021_WCOA_RonBrown,7/19/2021,,5:32:40 AM,,E847,1200104,4,Niskin; Sterivex 0.22µm filter,95% EtOH,West Coast,SB4,496.5,34.276,-120.021,1000.0,Sean McAllister,,7/19/2021 5:32:40 AM,7/19/2021 ,2021/07/19 05:32:00,2021/07/19 00:00:00,2021/07/18 22:32:00,34.276,-120.021,1200104,4,496.0,2100.0,33RO20210613,WCOA2021,SB4,120.0,1.0,11058.0,2.0,16.0,2021-07-19,2021.0,7.0,19.0,05:32:40,200.231,34.276,-120.021,576.0,500.6,496.5,6.712,34.245,2.0,,9.0,5.6,2.0,4.7,0.154,2.0,2331.0,6.0,2314.3,2.0,7.275,25.06,6.0,43.94958693901795,24.955,2.0,92.6,2.0,3.42,2.0,27.1,2.0,0.02,2.0,0.02,2.0,,9.0,1.394,2.0,,9.0,,9.0,,9.0,,9.0,,9.0,,9.0,,9.0,388.2237936876098,18.50896345524729,75.76642351335533,36.37960005823859,66.85136957012007,0.1369991843956811,0.0,1.786759681924195e-07,0.5503283460179247,92.04967165398206,2218.853976428406,0.0005841478266981737,3.2211394152559443,0.0,0.0038199175719791,0.0295030655910469,0.0,0.0,0.3165771049169213,0.0618612216724066,27626.35166236228,2314.3,0.0,0.0,0.0,18.50896345524729,3.3448616799247888,0.5503283460179247,0.0,0.0,0.0,75.76642351335514,0.0,0.0,-0.00013024194432940142,0.0001324804619467099,28995.0,2218.853976428406,36.37960005823859,2330.9999999999995,0.0390724536739766,0.0390194998876762,1537.4499701951038,0.7811784203535888,0.995981543550461,-0.00013248046194671044,0.0001273927507973417,83.14462618,0.0295030655910469,0.3165771049169213,1.0399372108501048,1.034310262117802,0.0492805782185814,1e-07,1.3374917215437474e-10,7.279715428772045e-07,1e-07,0.2133716368946947,1.588707074086985e-09,4.628815316542761e-07,9.758786470456131e-07,5.463526812993556e-10,0.0033764061957174,0.0255502831942674,7.834935417693532e-07,6.399600312686517e-10,1.9922485512062222e-10,1.5424641185846037e-07,1.0549293704156788e-14,0.00012807781802858268,-0.00013799145581302755,1.0,1.0,3.0,1.0,10.0,1.0,1.0,0.0,1.0,1.0,1543.6530728415144,7.477256119431694,7.530132855204772,7.576958646196274,7.469708883819254,7.477256119431694,2331.0,2.0,2314.3,1.0,0.0,,500.6,1.0,1.0,0.9231930342843336,18.29774445885221,34.245,0.5028735226344864,0.7908667533915426,,0.0752075735852257,6.712,0.0,0.0,0.0,406.7327571428571,10062.716840159965,66.85195371794677,3.42,92.6,27626.35548227985,0.0,0.990495084566269,1558.4661619168655,11058.0,05:32:40,2021/07/19 05:32:40,4.0,11058.0,4.0,496.0,491.86,6.746,34.2437,26.8638,0.14,6.17,0.042,161.59,85.26,dRB2102_CTD_120_01_F.csv,dRB2102,CTD,120.0,F.csv,1200104
603,E848,1.0,1.0,False,WCOA21,2021_WCOA_RonBrown,7/19/2021,,5:35:09 AM,,E848,1200105,5,Niskin; Sterivex 0.22µm filter,95% EtOH,West Coast,SB4,471.3,34.276,-120.021,1000.0,Sean McAllister,,7/19/2021 5:35:09 AM,7/19/2021 ,2021/07/19 05:35:00,2021/07/19 00:00:00,2021/07/18 22:35:00,34.276,-120.021,1200105,5,471.0,2101.0,33RO20210613,WCOA2021,SB4,120.0,1.0,11008.0,2.0,16.0,2021-07-19,2021.0,7.0,19.0,05:35:09,200.233,34.276,-120.021,576.0,475.2,471.3,6.835,34.239,2.0,,9.0,8.6,2.0,,,9.0,,9.0,,9.0,,,9.0,,,9.0,85.9,2.0,3.29,2.0,29.4,2.0,0.02,2.0,0.02,2.0,,9.0,3.578,2.0,,9.0,,9.0,,9.0,,9.0,,9.0,,9.0,,9.0,,,,,,,,,,,,,,,,,,,,,,,,,,,,,,,,,,,,,,,,,,,,,,,,,,,,,,,,,,,,,,,,,,,,,,,,,,,,,,,,,,,,,,,,,,,,,3.29,475.2,,,,,34.239,,,85.9,,6.835,,,,,,,,,,,,,11008.0,05:35:09,2021/07/19 05:35:09,5.0,11008.0,5.0,471.0,467.1,6.8503,34.2385,26.8453,0.21,9.16,0.04,161.86,100.0,dRB2102_CTD_120_01_F.csv,dRB2102,CTD,120.0,F.csv,1200105
604,E849,1.0,1.0,False,WCOA21,2021_WCOA_RonBrown,7/19/2021,,5:41:07 AM,,E849,1200107,7,Niskin; Sterivex 0.22µm filter,95% EtOH,West Coast,SB4,422.2,34.276,-120.021,1000.0,Sean McAllister,,7/19/2021 5:41:07 AM,7/19/2021 ,2021/07/19 05:41:00,2021/07/19 00:00:00,2021/07/18 22:41:00,34.276,-120.021,1200107,7,422.0,2103.0,33RO20210613,WCOA2021,SB4,120.0,1.0,11004.0,2.0,16.0,2021-07-19,2021.0,7.0,19.0,05:41:07,200.237,34.276,-120.021,576.0,425.7,422.2,7.124,34.228,2.0,,9.0,14.9,2.0,,,9.0,,9.0,,9.0,,,9.0,,,9.0,74.9,2.0,3.13,2.0,31.7,2.0,0.02,2.0,0.02,2.0,,9.0,3.174,2.0,,9.0,,9.0,,9.0,,9.0,,9.0,,9.0,,9.0,,,,,,,,,,,,,,,,,,,,,,,,,,,,,,,,,,,,,,,,,,,,,,,,,,,,,,,,,,,,,,,,,,,,,,,,,,,,,,,,,,,,,,,,,,,,,3.13,425.7,,,,,34.228,,,74.9,,7.124,,,,,,,,,,,,,11004.0,05:41:07,2021/07/19 05:41:07,7.0,11004.0,7.0,422.0,418.55,7.1669,34.2282,26.7932,0.36,15.69,0.042,162.02,99.98,dRB2102_CTD_120_01_F.csv,dRB2102,CTD,120.0,F.csv,1200107
605,E850,1.0,1.0,False,WCOA21,2021_WCOA_RonBrown,7/19/2021,,5:44:04 AM,,E850,1200108,8,Niskin; Sterivex 0.22µm filter,95% EtOH,West Coast,SB4,397.1,34.276,-120.021,1000.0,Sean McAllister,,7/19/2021 5:44:04 AM,7/19/2021 ,2021/07/19 05:44:00,2021/07/19 00:00:00,2021/07/18 22:44:00,34.276,-120.021,1200108,8,397.0,2104.0,33RO20210613,WCOA2021,SB4,120.0,1.0,11027.0,2.0,16.0,2021-07-19,2021.0,7.0,19.0,05:44:04,200.239,34.276,-120.021,576.0,400.3,397.1,7.509,34.214,2.0,,9.0,22.1,2.0,20.5,0.674,2.0,2296.1,2.0,2292.2,2.0,7.3092,25.06,2.0,43.5568250676192,24.955,3.0,67.4,2.0,3.03,2.0,32.0,2.0,0.03,2.0,0.02,2.0,,9.0,2.559,2.0,,9.0,,9.0,,9.0,,9.0,,9.0,,9.0,,9.0,386.10397732738033,20.26058838690541,67.93327609248584,40.00458787752494,66.79089181418306,0.1106340512677194,0.0,1.3334948953972676e-07,0.4467788507023679,66.95322114929763,2188.162136029989,0.0005447314683009643,2.8575148094457603,0.0,0.0036446976270554,0.0269673473067031,0.0,0.0,0.3712610657844015,0.0618510059370296,27601.34331020741,2292.2,0.0,0.0,0.0,20.26058838690541,2.98121668797033,0.4467788507023679,0.0,0.0,0.0,67.93327609248574,0.0,0.0,-0.00012786652050443404,0.000129440980143238,28995.0,2188.162136029989,40.00458787752494,2296.1,0.0391634122754959,0.0391111861249533,1416.9043560894786,0.778077940546543,0.9960232894420986,-0.0001294409801432388,0.00012396059008683947,83.14462618,0.0269673473067031,0.3712610657844015,1.0442107451453673,1.0382156359315409,0.0479448565462633,1e-07,1.4166711945250955e-10,7.129120375009422e-07,1e-07,0.2042240776443403,1.6063498131472307e-09,4.532424708286885e-07,9.860280931014169e-07,5.596579159980904e-10,0.0033065341021979,0.0253974320677662,7.906641049346282e-07,6.625987716497852e-10,2.042741817855112e-10,1.5914670026178709e-07,1.1365060606625674e-14,0.00012632990256059826,-0.00013542836926213906,1.0,1.0,3.0,1.0,10.0,1.0,1.0,0.0,1.0,1.0,1422.5614713117077,7.514107651036966,7.569161771630939,7.6154243110751185,7.506447413789587,7.514107651036966,2296.1,2.0,2292.2,1.0,0.0,,400.3,1.0,1.0,0.9153221792614046,18.522822442128483,34.214,0.5641515496421811,0.8873626294980126,,0.0811411708813526,7.509,0.0,0.0,0.0,406.3645657142857,10053.6076498535,66.79143654565135,3.03,67.39999999999999,27601.346954905035,0.0,0.9899609871344284,1436.9874063719396,11027.0,05:44:04,2021/07/19 05:44:04,8.0,11027.0,8.0,397.0,393.78,7.5613,34.215,26.727,0.54,23.28,0.04,162.08,99.95,dRB2102_CTD_120_01_F.csv,dRB2102,CTD,120.0,F.csv,1200108
606,E851,1.0,1.0,False,WCOA21,2021_WCOA_RonBrown,7/19/2021,,5:51:56 AM,,E851,1200110,10,Niskin; Sterivex 0.22µm filter,95% EtOH,West Coast,SB4,298.2,34.276,-120.021,1000.0,Sean McAllister,,7/19/2021 5:51:56 AM,7/19/2021 ,2021/07/19 05:51:00,2021/07/19 00:00:00,2021/07/18 22:51:00,34.276,-120.021,1200110,10,298.0,2106.0,33RO20210613,WCOA2021,SB4,120.0,1.0,11067.0,2.0,16.0,2021-07-19,2021.0,7.0,19.0,05:51:56,200.244,34.276,-120.021,576.0,300.5,298.2,8.313,34.205,2.0,,9.0,35.7,2.0,36.2,1.19,2.0,2273.3,2.0,2278.6,2.0,7.3457,25.06,2.0,50.37342540896324,24.955,2.0,51.8,2.0,2.76,2.0,31.0,2.0,0.02,2.0,0.02,2.0,,9.0,3.086,2.0,,9.0,,9.0,,9.0,,9.0,,9.0,,9.0,,9.0,384.6291669567203,21.628504471851087,62.85231353849283,43.02893429467777,66.77334499616722,0.0942858775574927,0.0,1.0791726865060102e-07,0.3728391703074019,51.42716082969259,2167.4187521668296,0.0005220478499891945,2.603897745971471,0.0,0.0035727399799851,0.0253255390663167,0.0,0.0,0.4239257533913622,0.0618162685537671,27594.08284195946,2278.6,0.0,0.0,0.0,21.628504471851087,2.7275301751617373,0.3728391703074019,0.0,0.0,0.0,62.85231353849287,0.0,0.0,-0.00012716464616568078,0.00012828328790535034,28995.0,2167.4187521668296,43.02893429467777,2273.3,0.0391494294304414,0.0390979257677648,1347.4484049853183,0.7750247411312019,0.996064823097584,-0.00012828328790535053,0.00012244155984602017,83.14462618,0.0253255390663167,0.4239257533913622,1.0477103368062006,1.0414810066754605,0.0466454324380441,1e-07,1.5009787457231828e-10,6.989286151805415e-07,1e-07,0.1956019824919137,1.6250108449445403e-09,4.443452817333036e-07,9.965372694602446e-07,5.737064741060251e-10,0.003239302599032,0.0252480411843843,7.98085215145259e-07,6.860422263610815e-10,2.0950817392163087e-10,1.641859156871736e-07,1.2250724912516924e-14,0.0001260653450856931,-0.00013471036478030486,1.0,1.0,3.0,1.0,10.0,1.0,1.0,0.0,1.0,1.0,1352.77180133216,7.539128012677397,7.596441301701735,7.64203687223416,7.531352438953696,7.539128012677397,2273.3,2.0,2278.6,1.0,0.0,,300.5,1.0,1.0,0.9089245660176668,18.566408357251024,34.205,0.6187788267935677,0.9733021735413512,,0.0855823343578705,8.313,0.0,0.0,0.0,406.2576714285714,10050.963046216137,66.77386704401721,2.76,51.79999999999999,27594.086414699443,0.0,0.9893956591079468,1367.2708070619983,11067.0,05:51:56,2021/07/19 05:51:56,10.0,11067.0,10.0,298.0,295.65,8.3212,34.2036,26.6048,0.82,35.78,0.04,162.55,99.92,dRB2102_CTD_120_01_F.csv,dRB2102,CTD,120.0,F.csv,1200110
607,E852,1.0,1.0,False,WCOA21,2021_WCOA_RonBrown,7/19/2021,,5:56:42 AM,,E852,1200111,11,Niskin; Sterivex 0.22µm filter,95% EtOH,West Coast,SB4,199.1,34.276,-120.021,1000.0,Sean McAllister,,7/19/2021 5:56:42 AM,7/19/2021 ,2021/07/19 05:56:00,2021/07/19 00:00:00,2021/07/18 22:56:00,34.276,-120.021,1200111,11,199.0,2107.0,33RO20210613,WCOA2021,SB4,120.0,1.0,11023.0,2.0,16.0,2021-07-19,2021.0,7.0,19.0,05:56:42,200.248,34.276,-120.021,576.0,200.6,199.1,8.939,34.161,2.0,,9.0,62.3,2.0,62.4,2.051,2.0,2243.9,2.0,2268.0,2.0,7.4029,25.06,2.0,57.012459563581096,24.955,2.0,40.6,2.0,2.42,2.0,28.4,2.0,0.05,2.0,0.02,2.0,,9.0,27.799,2.0,,9.0,,9.0,,9.0,,9.0,,9.0,,9.0,,9.0,380.94533319997777,24.78974394287939,53.65533694194952,49.7216366906318,66.68751250665406,0.0715626599196535,0.0,7.16307150897059e-08,0.3414458354951022,40.25855416450489,2140.523026367419,0.00045919604063198143,2.28445383318169,0.0,0.0032005446566688,0.0219171496306502,0.0,0.0,0.5156667311842896,0.0639834352679414,27558.587239816337,2268.0,0.0,0.0,0.0,24.78974394287939,2.412420632086857,0.3414458354951022,0.0,0.0,0.0,53.65533694194971,0.0,0.0,-0.00012766054962241844,0.00012788473975250633,28995.0,2140.523026367419,49.7216366906318,2243.9,0.039621263692437,0.0395703146236919,1174.600174487216,0.7725356844632706,0.9960967647632502,-0.0001278847397525063,0.000121190295649299,83.14462618,0.0219171496306502,0.5156667311842896,1.0552391102549972,1.0485110451675963,0.0456796602855718,1e-07,1.5663493607485314e-10,6.848583226403076e-07,1e-07,0.188719653976968,1.634515939077301e-09,4.352713697836344e-07,1.0020439130791868e-06,5.83452209089914e-10,0.0031829546877029,0.0250938307484144,8.018177902959917e-07,7.035013651630031e-10,2.1303130270189183e-10,1.6796996238499589e-07,1.2952359499700727e-14,0.00012743714415604563,-0.0001353620171417376,1.0,1.0,3.0,1.0,10.0,1.0,1.0,0.0,1.0,1.0,1179.202880722529,7.600020223327032,7.659215927385303,7.704233649535703,7.59215219874268,7.600020223327032,2243.9,2.0,2268.0,1.0,0.0,,200.6,1.0,1.0,0.8953050361417163,18.51550891907556,34.161,0.7287747798570984,1.1466581722652454,,0.0976642977047518,8.939,0.0,0.0,0.0,405.7350771428572,10038.033872877926,66.6879717026947,2.4199999999999995,40.6,27558.590440361,0.0,0.988936009788858,1192.395533229995,11023.0,05:56:42,2021/07/19 05:56:42,11.0,11023.0,11.0,199.0,197.48,8.9489,34.1601,26.4719,1.48,64.57,0.04,162.97,99.83,dRB2102_CTD_120_01_F.csv,dRB2102,CTD,120.0,F.csv,1200111
608,E853,1.0,1.0,False,WCOA21,2021_WCOA_RonBrown,7/19/2021,,6:06:00 AM,,E853,1200115,15,Niskin; Sterivex 0.22µm filter,95% EtOH,West Coast,SB4,100.0,34.276,-120.021,1000.0,Sean McAllister,Bleach bottle; sample rinse 3X,7/19/2021 6:06:00 AM,7/19/2021 ,2021/07/19 06:06:00,2021/07/19 00:00:00,2021/07/18 23:06:00,34.276,-120.021,1200115,15,100.0,2111.0,33RO20210613,WCOA2021,SB4,120.0,1.0,11053.0,2.0,16.0,2021-07-19,2021.0,7.0,19.0,06:06:00,200.254,34.276,-120.021,576.0,100.8,100.0,9.974,33.888,2.0,,9.0,123.8,2.0,,,9.0,,9.0,,9.0,,,9.0,,,9.0,,9.0,,9.0,,9.0,,9.0,,9.0,,9.0,,9.0,,9.0,,9.0,,9.0,,9.0,,9.0,,9.0,,9.0,,,,,,,,,,,,,,,,,,,,,,,,,,,,,,,,,,,,,,,,,,,,,,,,,,,,,,,,,,,,,,,,,,,,,,,,,,,,,,,,,,,,,,,,,,,,,0.0,100.8,,,,,33.888,,,0.0,,9.974,,,,,,,,,,,,,11053.0,06:06:00,2021/07/19 06:06:00,15.0,11053.0,15.0,100.0,99.26,10.2062,33.8383,26.0118,3.0,130.65,0.042,163.57,99.52,dRB2102_CTD_120_01_F.csv,dRB2102,CTD,120.0,F.csv,1200114
609,E854,1.0,1.0,False,WCOA21,2021_WCOA_RonBrown,7/19/2021,,6:16:17 AM,,E854,1200120,20,Niskin; Sterivex 0.22µm filter,95% EtOH,West Coast,SB4,30.4,34.276,-120.021,1000.0,Sean McAllister,,7/19/2021 6:16:17 AM,7/19/2021 ,2021/07/19 06:16:00,2021/07/19 00:00:00,2021/07/18 23:16:00,34.276,-120.021,1200120,20,30.0,2116.0,33RO20210613,WCOA2021,SB4,120.0,1.0,11022.0,2.0,16.0,2021-07-19,2021.0,7.0,19.0,06:16:17,200.261,34.276,-120.021,576.0,30.7,30.4,14.849,33.562,2.0,33.5861,2.0,236.3,2.0,226.7,7.434,2.0,2071.9,2.0,,9.0,7.8059,25.06,2.0,123.95870114870436,24.965,2.0,6.4,2.0,0.71,2.0,3.9,2.0,0.07,2.0,0.42,2.0,,9.0,8.405,2.0,,9.0,,9.0,,9.0,,9.0,,9.0,,9.0,,9.0,355.97768140921545,42.92922630507034,26.95741101757569,89.58024826378373,65.56536127732309,0.011550448924603,0.0,7.327023372816132e-09,0.1090166942982489,6.290983305701751,1955.3623407186403,0.00030970431896303665,0.657945539174727,0.0,0.0024784215603725,0.0131566543342046,0.0,0.0,1.463137279594532,0.0405040045736464,27094.800788139964,2179.7472262859524,0.0,0.0,0.0,42.92922630507034,0.7389535409949967,0.1090166942982489,0.0,0.0,0.0,26.95741101757564,0.0,0.0,-0.00015459131498183736,0.0001500559000456007,28995.0,1955.3623407186403,89.58024826378373,2071.9,0.0403655875801946,0.0403195433263334,710.7112001237199,0.748931837302756,0.9963820133436656,-0.0001500559000456007,0.00013608671665789424,83.14462618,0.0131566543342046,1.463137279594532,1.1026491323383407,1.0967347321740182,0.0379301902275963,1e-07,2.53095760536173e-10,6.436731579907813e-07,1e-07,0.1438322414247051,1.8855163010515136e-09,4.123675704682622e-07,1.1340940352875496e-06,7.16283612198964e-10,0.00278530437519,0.0246474098664926,8.906172094094236e-07,9.625161309249586e-10,2.7094084199826474e-10,2.1308723278137458e-07,2.287626274234876e-14,0.00015940943909992407,-0.0001672209895295698,1.0,1.0,3.0,1.0,10.0,1.0,1.0,0.0,1.0,1.0,713.2918806299105,7.8059,7.880854535412268,7.922939123812877,7.797381416772207,7.8059,2071.9,2.0,7.8059,3.0,0.0,,30.7,1.0,1.0,0.8138136070163007,15.224851116134348,33.5861,1.3734868983989066,2.1439044014724007,,0.1486215485372364,14.849,0.0,0.0,0.0,398.90690771428575,9869.102469420255,65.56567098164206,0.71,6.4,27094.80326656153,0.0,0.9836512864940982,725.1471028642733,11022.0,06:16:17,2021/07/19 06:16:17,20.0,11022.0,20.0,30.0,29.78,14.9611,33.5606,24.8718,5.5,239.49,0.106,162.12,99.41,dRB2102_CTD_120_01_F.csv,dRB2102,CTD,120.0,F.csv,1200120
610,E855,1.0,1.0,False,WCOA21,2021_WCOA_RonBrown,7/19/2021,,6:21:38 AM,,E855,1200124,24,Niskin; Sterivex 0.22µm filter,95% EtOH,West Coast,SB4,3.4,34.276,-120.021,1000.0,Sean McAllister,Bleach bottle; sample rinse 3X,7/19/2021 6:21:38 AM,7/19/2021 ,2021/07/19 06:21:00,2021/07/19 00:00:00,2021/07/18 23:21:00,34.276,-120.021,1200124,24,3.0,2120.0,33RO20210613,WCOA2021,SB4,120.0,1.0,11001.0,2.0,16.0,2021-07-19,2021.0,7.0,19.0,06:21:38,200.265,34.276,-120.021,576.0,3.4,3.4,18.091,33.597,2.0,,9.0,275.3,2.0,,,9.0,,9.0,,9.0,,,9.0,,,9.0,,9.0,,9.0,,9.0,,9.0,,9.0,,9.0,5.513,2.0,,9.0,,9.0,,9.0,,9.0,,9.0,,9.0,,9.0,,,,,,,,,,,,,,,,,,,,,,,,,,,,,,,,,,,,,,,,,,,,,,,,,,,,,,,,,,,,,,,,,,,,,,,,,,,,,,,,,,,,,,,,,,,,,0.0,3.4,,,,,33.597,,,0.0,,18.091,,,,,,,,,,,,,11001.0,06:21:38,2021/07/19 06:21:38,24.0,11001.0,24.0,3.0,2.98,17.964,33.5955,24.2055,6.3,274.68,0.105,162.37,113.8,dRB2102_CTD_120_01_F.csv,dRB2102,CTD,120.0,F.csv,1200123
611,E860.1B,1.0,1.0,False,WCOA21,2021_WCOA_RonBrown,7/19/2021,,11:30:20 AM,,E860.1B,1210101,1,Niskin; Sterivex 0.22µm filter,95% EtOH,West Coast,Scorp,78.7,34.078,-119.557,1000.0,Sean McAllister,Renamed from 844.1B,7/19/2021 11:30:20 AM,7/19/2021 ,2021/07/19 11:30:00,2021/07/19 00:00:00,2021/07/19 04:30:00,34.078,-119.557,1210101,1,79.0,2121.0,33RO20210613,WCOA2021,SCORP,121.0,1.0,11031.0,2.0,16.0,2021-07-19,2021.0,7.0,19.0,11:30:20,200.479,34.078,-119.557,89.0,79.3,78.7,10.493,33.797,2.0,,9.0,132.4,2.0,141.7,4.652,2.0,2162.5,2.0,2232.9,2.0,7.5616,25.04,2.0,78.264577669582,24.99,2.0,20.7,2.0,1.43,2.0,14.8,2.0,0.16,2.0,0.02,2.0,,9.0,16.84,2.0,,9.0,,9.0,,9.0,,9.0,,9.0,,9.0,,9.0,367.1733680203339,34.23842912252319,36.05823828423418,69.69479542883644,65.97704649998185,0.0295668522208672,0.0,2.141178264178008e-08,0.2556020446354382,20.44439795536456,2056.7469662869294,0.0003364699538125916,1.3436252209136,0.0,0.0024439503247456,0.0155538416615197,0.0,0.0,0.8305049397693346,0.0568079054537499,27264.93948142892,2232.9,0.0,0.0,0.0,34.23842912252319,1.4572410104093172,0.2556020446354382,0.0,0.0,0.0,36.05823828423419,0.0,0.0,-0.00013773503711709848,0.00013562545407148582,28995.0,2056.7469662869294,69.69479542883644,2162.5,0.0407285713197289,0.0406789693624906,829.4436643485581,0.7656498408945291,0.9961745855848778,-0.0001356254540714855,0.0001257804368622628,83.14462618,0.0155538416615197,0.8305049397693346,1.078271450273336,1.070983953906005,0.0434727997018987,1e-07,1.7669904587670834e-10,6.604247292766373e-07,1e-07,0.1735201191739441,1.678270229964243e-09,4.1994270957821494e-07,1.0265866076537848e-06,6.098720292199891e-10,0.0030498905561327,0.0248525809989611,8.178850879087504e-07,7.609390342357984e-10,2.2501383981326987e-10,1.785078965977749e-07,1.4947255331471982e-14,0.00013991128400712408,-0.00014714251187261708,1.0,1.0,3.0,1.0,10.0,1.0,1.0,0.0,1.0,1.0,832.6288146184456,7.744780766666047,7.808162326486606,7.852706325767862,7.736736522376941,7.744780766666047,2162.5,2.0,2232.9,1.0,0.0,,79.3,1.0,1.0,0.8548205087809855,17.192657729183022,33.797,1.0480288886664946,1.6481871914548665,,0.1322340172315962,10.493,0.0,0.0,0.0,401.4117971428571,9931.074347989086,65.97738296993566,1.43,20.7,27264.941925379244,0.0,0.9877164899189632,842.9836123185087,11031.0,11:30:20,2021/07/19 11:30:20,1.0,11031.0,1.0,79.0,78.42,10.5032,33.7929,25.9248,3.04,132.38,0.044,160.21,10.62,dRB2102_CTD_121_01_F.csv,dRB2102,CTD,121.0,F.csv,1210101
612,E860.2B,2.0,1.0,False,WCOA21,2021_WCOA_RonBrown,7/19/2021,,11:30:23 AM,,E860.2B,1210102,2,Niskin; Sterivex 0.22µm filter,95% EtOH,West Coast,Scorp,78.8,34.078,-119.557,1000.0,Sean McAllister,Renamed from 844.2B; Bleach bottle; sample rinse 3X,7/19/2021 11:30:23 AM,7/19/2021 ,2021/07/19 11:30:00,2021/07/19 00:00:00,2021/07/19 04:30:00,34.078,-119.557,1210102,2,79.0,2122.0,33RO20210613,WCOA2021,SCORP,121.0,1.0,11081.0,2.0,16.0,2021-07-19,2021.0,7.0,19.0,11:30:23,200.479,34.078,-119.557,89.0,79.4,78.8,10.487,33.798,2.0,,9.0,132.4,2.0,141.7,4.652,9.0,2162.5,9.0,2232.9,9.0,7.5616,25.04,9.0,78.264577669582,24.99,9.0,20.7,9.0,1.43,9.0,14.8,9.0,0.16,9.0,0.02,9.0,,9.0,18.31,2.0,,9.0,,9.0,,9.0,,9.0,,9.0,,9.0,,9.0,,,,,,,,,,,,,,,,,,,,,,,,,,,,,,,,,,,,,,,,,,,,,,,,,,,,,,,,,,,,,,,,,,,,,,,,,,,,,,,,,,,,,,,,,,,,,0.0,79.4,,,,,33.798,,,0.0,,10.487,,,,,,,,,,,,,11081.0,11:30:23,2021/07/19 11:30:23,2.0,11081.0,2.0,79.0,78.42,10.5032,33.7929,25.9248,3.04,132.38,0.044,160.21,10.62,dRB2102_CTD_121_01_F.csv,dRB2102,CTD,121.0,F.csv,1210101
613,E860.3B,3.0,1.0,False,WCOA21,2021_WCOA_RonBrown,7/19/2021,,11:30:26 AM,,E860.3B,1210103,3,Niskin; Sterivex 0.22µm filter,95% EtOH,West Coast,Scorp,78.9,34.078,-119.557,1000.0,Sean McAllister,Renamed from 844.3B; Bleach bottle; sample rinse 3X,7/19/2021 11:30:26 AM,7/19/2021 ,2021/07/19 11:30:00,2021/07/19 00:00:00,2021/07/19 04:30:00,34.078,-119.557,1210103,3,79.0,2123.0,33RO20210613,WCOA2021,SCORP,121.0,1.0,11020.0,2.0,16.0,2021-07-19,2021.0,7.0,19.0,11:30:26,200.479,34.078,-119.557,89.0,79.4,78.9,10.487,33.798,2.0,,9.0,132.4,2.0,141.7,4.652,9.0,2162.5,9.0,2232.9,9.0,7.5616,25.04,9.0,78.264577669582,24.99,9.0,20.7,9.0,1.43,9.0,14.8,9.0,0.16,9.0,0.02,9.0,,9.0,18.31,9.0,,9.0,,9.0,,9.0,,9.0,,9.0,,9.0,,9.0,,,,,,,,,,,,,,,,,,,,,,,,,,,,,,,,,,,,,,,,,,,,,,,,,,,,,,,,,,,,,,,,,,,,,,,,,,,,,,,,,,,,,,,,,,,,,0.0,79.4,,,,,33.798,,,0.0,,10.487,,,,,,,,,,,,,11020.0,11:30:26,2021/07/19 11:30:26,3.0,11020.0,3.0,79.0,78.42,10.5032,33.7929,25.9248,3.04,132.38,0.044,160.21,10.62,dRB2102_CTD_121_01_F.csv,dRB2102,CTD,121.0,F.csv,1210101
614,E861.1B,1.0,1.0,False,WCOA21,2021_WCOA_RonBrown,7/19/2021,,11:40:19 AM,,E861.1B,1210110,10,Niskin; Sterivex 0.22µm filter,95% EtOH,West Coast,Scorp,30.4,34.077,-119.558,1000.0,Sean McAllister,Renamed from 845.1B,7/19/2021 11:40:19 AM,7/19/2021 ,2021/07/19 11:40:00,2021/07/19 00:00:00,2021/07/19 04:40:00,34.077,-119.558,1210110,10,30.0,2130.0,33RO20210613,WCOA2021,SCORP,121.0,1.0,11067.0,2.0,16.0,2021-07-19,2021.0,7.0,19.0,11:40:19,200.486,34.077,-119.558,89.0,30.6,30.4,16.886,33.505,2.0,,9.0,267.9,2.0,262.8,8.613,2.0,2027.6,2.0,,9.0,7.902,25.04,2.0,152.366416628426,24.99,2.0,2.5,2.0,0.23,2.0,0.0,2.0,0.0,2.0,0.02,2.0,2.9,9.0,6.248,2.0,,9.0,,9.0,,9.0,,9.0,,9.0,,9.0,,9.0,343.31449022872965,54.62918119984183,19.951620711369088,116.62363091196517,65.40709579953335,0.0028317853747229,0.0,1.445446407272122e-09,0.0575586591465548,2.442441340853445,1891.0247483766648,0.0002544507165144733,0.2092401915858827,0.0,0.0021236817248766,0.010407729857681,0.0,0.0,2.218968742626717,0.0179280215939478,27029.37560836052,2181.41002917324,0.0,0.0,0.0,54.62918119984183,0.245096233328332,0.0575586591465548,0.0,0.0,0.0,19.951620711369063,0.0,0.0,-0.00018140363531499808,0.0001731482640633943,28995.0,1891.0247483766648,116.62363091196517,2027.6,0.0407231050560023,0.0406786180484804,558.7582218320654,0.7412162713089224,0.9964738788785918,-0.00017314826406339428,0.0001528128850205303,83.14462618,0.010407729857681,2.218968742626717,1.1330737197987717,1.131786319783486,0.0357070731701297,1e-07,2.9925077840808004e-10,6.379384697627371e-07,1e-07,0.1324654425652907,1.9940339910863596e-09,4.104875126896353e-07,1.1877335727787148e-06,7.728395622130897e-10,0.0026753290113776,0.0245503868826193,9.259441123942878e-07,1.0737106420299552e-09,2.9531569313252223e-10,2.306894198117681e-07,2.7806810972935195e-14,0.0001904856177484385,-0.0001997266296082336,1.0,1.0,3.0,1.0,10.0,1.0,1.0,0.0,1.0,1.0,560.7354429208708,7.902,7.982643988817821,8.023324993382772,7.893269937842523,7.902,2027.6,2.0,7.902,3.0,0.0,,30.6,1.0,1.0,0.7651102175021676,13.268514626417746,33.505,1.7998465084275967,2.797140697096528,,0.1816942574639424,16.886,0.0,0.0,0.0,397.94367142857146,9845.271652199144,65.40735025024988,0.23,2.5,27029.37773204224,0.0,0.9813749640579728,571.3773669161448,11067.0,11:40:19,2021/07/19 11:40:19,10.0,11067.0,10.0,30.0,29.78,16.7515,33.5221,24.4395,6.11,266.27,0.123,158.75,59.6,dRB2102_CTD_121_01_F.csv,dRB2102,CTD,121.0,F.csv,1210110
615,E861.2B,2.0,1.0,False,WCOA21,2021_WCOA_RonBrown,7/19/2021,,11:40:22 AM,,E861.2B,1210111,11,Niskin; Sterivex 0.22µm filter,95% EtOH,West Coast,Scorp,30.3,34.077,-119.558,1000.0,Sean McAllister,Renamed from 845.2B; Bleach bottle; sample rinse 3X; airlocked at ~500mL so split into two filters.,7/19/2021 11:40:22 AM,7/19/2021 ,2021/07/19 11:40:00,2021/07/19 00:00:00,2021/07/19 04:40:00,34.077,-119.558,1210111,11,30.0,2131.0,33RO20210613,WCOA2021,SCORP,121.0,1.0,11023.0,2.0,16.0,2021-07-19,2021.0,7.0,19.0,11:40:22,200.486,34.077,-119.558,89.0,30.5,30.3,16.872,33.521,2.0,,9.0,267.9,2.0,262.8,8.613,9.0,2027.6,9.0,,9.0,7.902,25.04,9.0,152.366416628426,24.99,9.0,2.5,9.0,0.23,9.0,0.0,9.0,0.0,9.0,0.02,9.0,2.9,9.0,6.248,9.0,,9.0,,9.0,,9.0,,9.0,,9.0,,9.0,,9.0,,,,,,,,,,,,,,,,,,,,,,,,,,,,,,,,,,,,,,,,,,,,,,,,,,,,,,,,,,,,,,,,,,,,,,,,,,,,,,,,,,,,,,,,,,,,,0.0,30.5,,,,,33.521,,,0.0,,16.872,,,,,,,,,,,,,11023.0,11:40:22,2021/07/19 11:40:22,11.0,11023.0,11.0,30.0,29.78,16.7515,33.5221,24.4395,6.11,266.27,0.123,158.75,59.6,dRB2102_CTD_121_01_F.csv,dRB2102,CTD,121.0,F.csv,1210110
616,E861.3B,3.0,1.0,False,WCOA21,2021_WCOA_RonBrown,7/19/2021,,11:40:25 AM,,E861.3B,1210112,12,Niskin; Sterivex 0.22µm filter,95% EtOH,West Coast,Scorp,30.3,34.077,-119.558,1000.0,Sean McAllister,Renamed from 845.3B; Bleach bottle; sample rinse 3X,7/19/2021 11:40:25 AM,7/19/2021 ,2021/07/19 11:40:00,2021/07/19 00:00:00,2021/07/19 04:40:00,34.077,-119.558,1210112,12,30.0,2132.0,33RO20210613,WCOA2021,SCORP,121.0,1.0,11026.0,2.0,16.0,2021-07-19,2021.0,7.0,19.0,11:40:25,200.486,34.077,-119.558,89.0,30.6,30.3,16.973,33.526,2.0,,9.0,267.9,2.0,262.8,8.613,9.0,2027.6,9.0,,9.0,7.902,25.04,9.0,152.366416628426,24.99,9.0,2.5,9.0,0.23,9.0,0.0,9.0,0.0,9.0,0.02,9.0,2.9,2.0,6.248,9.0,,9.0,,9.0,,9.0,,9.0,,9.0,,9.0,,9.0,,,,,,,,,,,,,,,,,,,,,,,,,,,,,,,,,,,,,,,,,,,,,,,,,,,,,,,,,,,,,,,,,,,,,,,,,,,,,,,,,,,,,,,,,,,,,0.0,30.6,,,,,33.526,,,0.0,,16.973,,,,,,,,,,,,,11026.0,11:40:25,2021/07/19 11:40:25,12.0,11026.0,12.0,30.0,29.78,16.7515,33.5221,24.4395,6.11,266.27,0.123,158.75,59.6,dRB2102_CTD_121_01_F.csv,dRB2102,CTD,121.0,F.csv,1210110
617,E862.1B,1.0,1.0,False,WCOA21,2021_WCOA_RonBrown,7/19/2021,,11:47:21 AM,,E862.1B,1210118,18,Niskin; Sterivex 0.22µm filter,95% EtOH,West Coast,Scorp,3.3,34.077,-119.558,1000.0,Sean McAllister,Renamed from 846.1B; This series difficult to filter. Very turbulent. Sterivex on outlet.,7/19/2021 11:47:21 AM,7/19/2021 ,2021/07/19 11:47:00,2021/07/19 00:00:00,2021/07/19 04:47:00,34.077,-119.558,1210118,18,3.0,2138.0,33RO20210613,WCOA2021,SCORP,121.0,1.0,11002.0,2.0,16.0,2021-07-19,2021.0,7.0,19.0,11:47:21,200.491,34.077,-119.558,89.0,3.3,3.3,19.588,33.592,2.0,,9.0,266.6,2.0,,,9.0,,9.0,,9.0,,,9.0,,,9.0,,9.0,,9.0,,9.0,,9.0,,9.0,,9.0,7.706,2.0,,9.0,,9.0,,9.0,,9.0,,9.0,,9.0,,9.0,,,,,,,,,,,,,,,,,,,,,,,,,,,,,,,,,,,,,,,,,,,,,,,,,,,,,,,,,,,,,,,,,,,,,,,,,,,,,,,,,,,,,,,,,,,,,0.0,3.3,,,,,33.592,,,0.0,,19.588,,,,,,,,,,,,,11002.0,11:47:21,2021/07/19 11:47:21,18.0,11002.0,18.0,3.0,2.98,19.6005,33.5921,23.7921,6.1,266.15,0.083,159.31,85.93,dRB2102_CTD_121_01_F.csv,dRB2102,CTD,121.0,F.csv,1210117
618,E862.2B,2.0,1.0,False,WCOA21,2021_WCOA_RonBrown,7/19/2021,,11:47:23 AM,,E862.2B,1210119,19,Niskin; Sterivex 0.22µm filter,95% EtOH,West Coast,Scorp,3.3,34.077,-119.558,1000.0,Sean McAllister,Renamed from 846.2B; Bleach bottle; sample rinse 3X; Sterivex on outlet,7/19/2021 11:47:23 AM,7/19/2021 ,2021/07/19 11:47:00,2021/07/19 00:00:00,2021/07/19 04:47:00,34.077,-119.558,1210119,19,3.0,2139.0,33RO20210613,WCOA2021,SCORP,121.0,1.0,11028.0,2.0,16.0,2021-07-19,2021.0,7.0,19.0,11:47:23,200.491,34.077,-119.558,89.0,3.3,3.3,19.589,33.592,2.0,,9.0,266.6,2.0,,,9.0,,9.0,,9.0,,,9.0,,,9.0,,9.0,,9.0,,9.0,,9.0,,9.0,,9.0,7.706,9.0,,9.0,,9.0,,9.0,,9.0,,9.0,,9.0,,9.0,,,,,,,,,,,,,,,,,,,,,,,,,,,,,,,,,,,,,,,,,,,,,,,,,,,,,,,,,,,,,,,,,,,,,,,,,,,,,,,,,,,,,,,,,,,,,0.0,3.3,,,,,33.592,,,0.0,,19.589,,,,,,,,,,,,,11028.0,11:47:23,2021/07/19 11:47:23,19.0,11028.0,19.0,3.0,2.98,19.6005,33.5921,23.7921,6.1,266.15,0.083,159.31,85.93,dRB2102_CTD_121_01_F.csv,dRB2102,CTD,121.0,F.csv,1210117
619,E862.3B,3.0,1.0,False,WCOA21,2021_WCOA_RonBrown,7/19/2021,,11:47:25 AM,,E862.3B,1210120,20,Niskin; Sterivex 0.22µm filter,95% EtOH,West Coast,Scorp,3.2,34.077,-119.558,1000.0,Sean McAllister,Renamed from 846.3B; Bleach bottle; sample rinse 3X; Sterivex on outlet,7/19/2021 11:47:25 AM,7/19/2021 ,2021/07/19 11:47:00,2021/07/19 00:00:00,2021/07/19 04:47:00,34.077,-119.558,1210120,20,3.0,2140.0,33RO20210613,WCOA2021,SCORP,121.0,1.0,11022.0,2.0,16.0,2021-07-19,2021.0,7.0,19.0,11:47:25,200.491,34.077,-119.558,89.0,3.2,3.2,19.589,33.592,2.0,,9.0,266.6,2.0,,,9.0,,9.0,,9.0,,,9.0,,,9.0,,9.0,,9.0,,9.0,,9.0,,9.0,,9.0,7.706,9.0,,9.0,,9.0,,9.0,,9.0,,9.0,,9.0,,9.0,,,,,,,,,,,,,,,,,,,,,,,,,,,,,,,,,,,,,,,,,,,,,,,,,,,,,,,,,,,,,,,,,,,,,,,,,,,,,,,,,,,,,,,,,,,,,0.0,3.2,,,,,33.592,,,0.0,,19.589,,,,,,,,,,,,,11022.0,11:47:25,2021/07/19 11:47:25,20.0,11022.0,20.0,3.0,2.98,19.6005,33.5921,23.7921,6.1,266.15,0.083,159.31,85.93,dRB2102_CTD_121_01_F.csv,dRB2102,CTD,121.0,F.csv,1210117
620,E863,1.0,1.0,False,WCOA21,2021_WCOA_RonBrown,7/19/2021,,1:30:50 PM,,E863,1220101,1,Niskin; Sterivex 0.22µm filter,95% EtOH,West Coast,SB5,342.7,34.159,-119.717,1000.0,Sean McAllister,Renamed from 847,7/19/2021 1:30:50 PM,7/19/2021 ,2021/07/19 01:30:00,2021/07/19 00:00:00,2021/07/18 18:30:00,34.159,-119.717,1220101,1,343.0,2141.0,33RO20210613,WCOA2021,SB5,122.0,1.0,11031.0,2.0,16.0,2021-07-19,2021.0,7.0,19.0,13:30:50,200.563,34.159,-119.717,353.0,345.5,342.7,8.107,34.208,2.0,34.214,2.0,29.4,2.0,29.3,0.962,2.0,2280.3,2.0,2282.8,2.0,7.3341,24.99,2.0,49.58221292193499,24.885,2.0,57.2,2.0,2.85,2.0,30.9,2.0,0.06,2.0,0.09,2.0,,9.0,73.849,2.0,,9.0,,9.0,,9.0,,9.0,,9.0,,9.0,,9.0,385.1557758715433,21.208789842742423,64.37988998677459,42.07848062608161,66.7909060567828,0.0994084124295667,0.0,1.1581956902460238e-07,0.4018049639901426,56.79819503600986,2173.841629387144,0.0005304888685643841,2.6884891474260946,0.0,0.0036072234464255,0.0258880699530869,0.0,0.0,0.4081466559726076,0.0621023243247694,27601.343347681588,2282.8,0.0,0.0,0.0,21.208789842742423,2.812693680256065,0.4018049639901426,0.0,0.0,0.0,64.37988998677464,0.0,0.0,-0.00012734031042575887,0.00012859800314651392,28995.0,2173.841629387144,42.07848062608161,2280.3,0.0391368070585901,0.0390851193778382,1370.6166424666546,0.7758278867605815,0.9960542362842008,-0.00012859800314651411,0.00012287037840351162,83.14462618,0.0258880699530869,0.4081466559726076,1.0466151794877083,1.0404491329862695,0.0469714783784563,1e-07,1.482052962014972e-10,7.050405538409664e-07,1e-07,0.1980873982431024,1.6241726808930212e-09,4.483394527829628e-07,9.959336323940642e-07,5.70932645198663e-10,0.0032594230542618,0.0253159320358975,7.976968501368297e-07,6.813218151842719e-10,2.0865725546698102e-10,1.6304206311950396e-07,1.2038405560353914e-14,0.0001261069799937623,-0.00013488572544863162,1.0,1.0,3.0,1.0,10.0,1.0,1.0,0.0,1.0,1.0,1376.0461956165818,7.530247272460005,7.586900326543463,7.632740215198352,7.522505601249414,7.530247272460005,2280.3,2.0,2282.8,1.0,0.0,,345.5,1.0,1.0,0.9109220267366552,18.55858205719361,34.214,0.60002298082276,0.9435719566740348,,0.0839707878310926,8.107,0.0,0.0,0.0,406.3645657142857,10053.6076498535,66.79143654565135,2.85,57.2,27601.346954905035,0.0,0.9895431574759432,1390.5873485361703,11031.0,13:30:50,2021/07/19 13:30:50,1.0,11031.0,1.0,343.0,340.27,8.1199,34.2079,26.639,0.69,29.82,0.041,157.24,13.02,dRB2102_CTD_122_01_F.csv,dRB2102,CTD,122.0,F.csv,1220101
621,E864,1.0,1.0,False,WCOA21,2021_WCOA_RonBrown,7/19/2021,,1:34:18 PM,,E864,1220102,2,Niskin; Sterivex 0.22µm filter,95% EtOH,West Coast,SB5,298.2,34.159,-119.717,1000.0,Sean McAllister,Renamed from 848,7/19/2021 1:34:18 PM,7/19/2021 ,2021/07/19 01:34:00,2021/07/19 00:00:00,2021/07/18 18:34:00,34.159,-119.717,1220102,2,298.0,2142.0,33RO20210613,WCOA2021,SB5,122.0,1.0,11081.0,2.0,16.0,2021-07-19,2021.0,7.0,19.0,13:34:18,200.565,34.159,-119.717,353.0,300.5,298.2,8.41,34.203,2.0,,9.0,37.1,2.0,36.3,1.194,6.0,2270.5,6.0,2277.4,2.0,7.3468,24.99,2.0,50.47764611453553,24.885,2.0,50.9,2.0,2.76,2.0,31.1,2.0,0.02,2.0,0.01,2.0,,9.0,17.107,2.0,,9.0,,9.0,,9.0,,9.0,,9.0,,9.0,,9.0,384.3543053663879,21.87961177646938,62.034579383923386,43.550873719854685,66.76944483203398,0.0931996976951195,0.0,1.056762390924801e-07,0.3714556524936301,50.52854434750637,2164.914546896222,0.0005178782867430564,2.604051516542675,0.0,0.0035524126551833,0.0250749278784462,0.0,0.0,0.4322346828879312,0.0627486800859667,27592.46940890777,2277.4,0.0,0.0,0.0,21.87961177646938,2.729548771038369,0.3714556524936301,0.0,0.0,0.0,62.03457938392352,0.0,0.0,-0.00012712190218786175,0.00012816527111436858,28995.0,2164.914546896222,43.550873719854685,2270.5,0.0391704050398742,0.0391189877658782,1334.292791230296,0.7746536426433909,0.9960697951309936,-0.0001281652711143684,0.00012225926470870742,83.14462618,0.0250749278784462,0.4322346828879312,1.0483072298834175,1.042029732664424,0.0464924788559518,1e-07,1.513471901667827e-10,6.987335501847095e-07,1e-07,0.1947631785983719,1.6296294807426223e-09,4.4428574532128694e-07,9.990516187236202e-07,5.758868008075181e-10,0.0032328812705712,0.0252474875060633,7.998638682930978e-07,6.89820401072671e-10,2.10451097776177e-10,1.648944190656135e-07,1.2373729655164216e-14,0.00012609538381742395,-0.000134670846662698,1.0,1.0,3.0,1.0,10.0,1.0,1.0,0.0,1.0,1.0,1339.55752674422,7.543218988917639,7.600760307441655,7.646325045613832,7.535432613008776,7.543218988917639,2270.5,2.0,2277.4,1.0,0.0,,300.5,1.0,1.0,0.9078376481505526,18.571189720547142,34.203,0.6264228014715908,0.9851826951422216,,0.0863378174960622,8.41,0.0,0.0,0.0,406.2339171428572,10050.375356518947,66.76996271032074,2.76,50.9,27592.472961320425,0.0,0.9893255856246914,1354.0107990822669,11081.0,13:34:18,2021/07/19 13:34:18,2.0,11081.0,2.0,298.0,295.66,8.4524,34.2025,26.5839,0.87,37.76,0.04,158.8,58.31,dRB2102_CTD_122_01_F.csv,dRB2102,CTD,122.0,F.csv,1220102
622,E865,1.0,1.0,False,WCOA21,2021_WCOA_RonBrown,7/19/2021,,1:38:49 PM,,E865,1220103,3,Niskin; Sterivex 0.22µm filter,95% EtOH,West Coast,SB5,198.7,34.159,-119.717,1000.0,Sean McAllister,Renamed from 849,7/19/2021 1:38:49 PM,7/19/2021 ,2021/07/19 01:38:00,2021/07/19 00:00:00,2021/07/18 18:38:00,34.159,-119.717,1220103,3,199.0,2143.0,33RO20210613,WCOA2021,SB5,122.0,1.0,11020.0,2.0,16.0,2021-07-19,2021.0,7.0,19.0,13:38:49,200.569,34.159,-119.717,353.0,200.2,198.7,9.001,34.142,2.0,,9.0,66.3,2.0,65.1,2.138,2.0,2239.7,2.0,2264.7,2.0,7.4077,24.99,6.0,57.08443053830586,24.885,6.0,39.3,2.0,2.4,2.0,28.2,2.0,0.02,2.0,0.01,2.0,,9.0,24.281,2.0,,9.0,,9.0,,9.0,,9.0,,9.0,,9.0,,9.0,380.5651004469715,24.944310981600072,53.177048820953225,50.00958016224988,66.65042360692632,0.0704832680841748,0.0,7.016146811751202e-08,0.3332741237356877,38.96672587626431,2136.513371016797,0.0004569256518228735,2.265467552847451,0.0,0.0031896885112389,0.0217859270635994,0.0,0.0,0.5217503940937851,0.0640491089069055,27543.259443571784,2264.7,0.0,0.0,0.0,24.944310981600072,2.393565700499794,0.3332741237356877,0.0,0.0,0.0,53.1770488209531,0.0,0.0,-0.00012760419426973712,0.0001277849125380401,28995.0,2136.513371016797,50.00958016224988,2239.7,0.039632079954317,0.039581185437717,1166.43149830352,0.7722449471153732,0.9960999095959092,-0.00012778491253804056,0.00012104967941270012,83.14462618,0.0217859270635994,0.5217503940937851,1.055640239263891,1.0488837736738406,0.0455895171712136,1e-07,1.5747399402127888e-10,6.842905448628426e-07,1e-07,0.1881235234152626,1.637038000431592e-09,4.349366454504092e-07,1.0034542833296892e-06,5.84606717003536e-10,0.003177850185617,0.0250901681705948,8.027642456426498e-07,7.061085221097536e-10,2.1361113440739136e-10,1.6841864649524156e-07,1.3031037461634432e-14,0.0001274239864368106,-0.0001353138050253586,1.0,1.0,3.0,1.0,10.0,1.0,1.0,0.0,1.0,1.0,1170.9984983099832,7.602483792476173,7.661823954661479,7.706855107684874,7.594610183030535,7.602483792476173,2239.7,2.0,2264.7,1.0,0.0,,200.2,1.0,1.0,0.8945848458700483,18.50232078983117,34.142,0.733195361693797,1.1535442202732549,,0.0980685083898285,9.001,0.0,0.0,0.0,405.5094114285715,10032.45082075461,66.65088053257816,2.4,39.29999999999999,27543.26263326029,0.0,0.9888894546320726,1184.1551073528906,11020.0,13:38:49,2021/07/19 13:38:49,3.0,11020.0,3.0,199.0,197.48,9.0091,34.1399,26.4466,1.54,67.01,0.04,159.51,99.8,dRB2102_CTD_122_01_F.csv,dRB2102,CTD,122.0,F.csv,1220103
623,E866,1.0,1.0,False,WCOA21,2021_WCOA_RonBrown,7/19/2021,,1:49:18 PM,,E866,1220107,7,Niskin; Sterivex 0.22µm filter,95% EtOH,West Coast,SB5,99.7,34.159,-119.717,1000.0,Sean McAllister,Renamed from 850; Bleach bottle; sample rinse 3X,7/19/2021 1:49:18 PM,7/19/2021 ,2021/07/19 01:49:00,2021/07/19 00:00:00,2021/07/18 18:49:00,34.159,-119.717,1220107,7,100.0,2147.0,33RO20210613,WCOA2021,SB5,122.0,1.0,11004.0,2.0,16.0,2021-07-19,2021.0,7.0,19.0,13:49:18,200.576,34.159,-119.717,353.0,100.4,99.7,9.936,33.89,2.0,,9.0,123.5,2.0,,,9.0,,9.0,,9.0,,,9.0,,,9.0,,9.0,,9.0,,9.0,,9.0,,9.0,,9.0,,9.0,,9.0,,9.0,,9.0,,9.0,,9.0,,9.0,,9.0,,,,,,,,,,,,,,,,,,,,,,,,,,,,,,,,,,,,,,,,,,,,,,,,,,,,,,,,,,,,,,,,,,,,,,,,,,,,,,,,,,,,,,,,,,,,,0.0,100.4,,,,,33.89,,,0.0,,9.936,,,,,,,,,,,,,11004.0,13:49:18,2021/07/19 13:49:18,7.0,11004.0,7.0,100.0,99.26,9.9879,33.8775,26.0794,2.86,124.57,0.042,160.68,99.54,dRB2102_CTD_122_01_F.csv,dRB2102,CTD,122.0,F.csv,1220106
624,E867,1.0,1.0,False,WCOA21,2021_WCOA_RonBrown,7/19/2021,,2:05:08 PM,,E867,1220113,13,Niskin; Sterivex 0.22µm filter,95% EtOH,West Coast,SB5,20.3,34.159,-119.717,1000.0,Sean McAllister,Renamed from 851; DCM/high oxygen,7/19/2021 2:05:08 PM,7/19/2021 ,2021/07/19 02:05:00,2021/07/19 00:00:00,2021/07/18 19:05:00,34.159,-119.717,1220113,13,20.0,2153.0,33RO20210613,WCOA2021,SB5,122.0,1.0,11054.0,2.0,16.0,2021-07-19,2021.0,7.0,19.0,14:05:08,200.587,34.159,-119.717,353.0,20.5,20.3,18.286,33.578,2.0,,9.0,272.7,2.0,265.8,8.71,2.0,2024.9,2.0,2239.3,2.0,7.9049,24.99,2.0,160.9506478875244,24.885,2.0,1.3,2.0,0.25,2.0,0.1,2.0,0.03,2.0,0.01,2.0,1.3,2.0,10.458,2.0,,9.0,,9.0,,9.0,,9.0,,9.0,,9.0,,9.0,328.7780863312584,70.0326165258845,14.729575252104496,155.52631549759477,65.54965731141264,0.0022663459308453,0.0,9.006738068563461e-10,0.0404937558472524,1.2595062441527476,1854.6441092503007,0.00020111875867759527,0.2214601679656832,0.0,0.0017267010253413,0.0080024526351203,0.0,0.0,3.266072607726497,0.0262734852027976,27088.26705367547,2239.3,0.0,0.0,0.0,70.0326165258845,0.2740071374706047,0.0404937558472524,0.0,0.0,0.0,14.729575252104416,0.0,0.0,-0.00022154201786572547,0.0002071390807585815,28995.0,1854.6441092503007,155.52631549759477,2024.9,0.0411224695498042,0.0410790148804951,429.7624964650342,0.7361987188656796,0.9965352193275206,-0.0002071390807585816,0.00017676567460557226,83.14462618,0.0080024526351203,3.266072607726497,1.171828643885659,1.1824773404601678,0.034273756722052,1e-07,3.348720145225623e-10,6.355862070762774e-07,1e-07,0.1255414636831379,2.072395100098712e-09,4.103509369095203e-07,1.2250263445934535e-06,8.158651200479438e-10,0.0026082004052334,0.0244812582430529,9.507021848961036e-07,1.1542426792763608e-09,3.1279716096139207e-10,2.431827718585203e-07,3.1776122626279565e-14,0.0002380975828441368,-0.0002501162099235693,1.0,1.0,3.0,1.0,10.0,1.0,1.0,0.0,1.0,1.0,431.25670636612864,8.01192493247293,8.096776887676391,8.136043748102104,8.003038805453379,8.01192493247293,2024.9,2.0,2239.3,1.0,0.0,,20.5,1.0,1.0,0.7067341803219731,11.455278319833756,33.578,2.4143616591089456,3.7395673590524736,,0.2317594609821013,18.286,0.0,0.0,0.0,398.8107028571429,9866.72232614663,65.54985843017133,0.25,1.3,27088.268780376493,0.0,0.9796550021265968,440.2128355696378,11054.0,14:05:08,2021/07/19 14:05:08,13.0,11054.0,13.0,20.0,19.86,18.3855,33.5805,24.0912,6.24,272.16,0.082,158.69,99.31,dRB2102_CTD_122_01_F.csv,dRB2102,CTD,122.0,F.csv,1220113
625,E868,1.0,1.0,False,WCOA21,2021_WCOA_RonBrown,7/19/2021,,2:10:23 PM,,E868,1220117,17,Niskin; Sterivex 0.22µm filter,95% EtOH,West Coast,SB5,3.5,34.16,-119.717,1000.0,Sean McAllister,Renamed from 852; Bleach bottle; sample rinse 3X,7/19/2021 2:10:23 PM,7/19/2021 ,2021/07/19 02:10:00,2021/07/19 00:00:00,2021/07/18 19:10:00,34.16,-119.717,1220117,17,4.0,2157.0,33RO20210613,WCOA2021,SB5,122.0,1.0,11052.0,2.0,16.0,2021-07-19,2021.0,7.0,19.0,14:10:23,200.591,34.16,-119.717,353.0,3.5,3.5,18.517,33.581,2.0,33.599,2.0,271.8,2.0,,,9.0,,9.0,,9.0,,,9.0,,,9.0,,9.0,,9.0,,9.0,,9.0,,9.0,,9.0,5.947,2.0,,9.0,,9.0,,9.0,,9.0,,9.0,,9.0,,9.0,,,,,,,,,,,,,,,,,,,,,,,,,,,,,,,,,,,,,,,,,,,,,,,,,,,,,,,,,,,,,,,,,,,,,,,,,,,,,,,,,,,,,,,,,,,,,0.0,3.5,,,,,33.599,,,0.0,,18.517,,,,,,,,,,,,,11052.0,14:10:23,2021/07/19 14:10:23,17.0,11052.0,17.0,4.0,3.97,18.5079,33.5816,24.061,6.22,271.2,0.079,159.53,99.93,dRB2102_CTD_122_01_F.csv,dRB2102,CTD,122.0,F.csv,1220116
626,E869,1.0,1.0,False,WCOA21,2021_WCOA_RonBrown,7/19/2021,,4:30:00 PM,9:30:00 AM,E869,NOT CTD,Bucket1,Bucket; Sterivex 0.22µm filter,95% EtOH,West Coast,La Goleta (LG),0.0,34.38,-119.85,1000.0,Sean McAllister,Renamed from 853. Visible methane bubbles!; Had to split on two filters,7/19/2021 4:30:00 PM,7/19/2021 9:30:00 AM,2021/07/19 04:30:00,2021/07/19 09:30:00,2021/07/18 21:30:00,34.38,-119.85,NOT CTD,Bucket1,0.0,,,,,,,,,,,,,,,,,,,,,,,,,,,,,,,,,,,,,,,,,,,,,,,,,,,,,,,,,,,,,,,,,,,,,,,,,,,,,,,,,,,,,,,,,,,,,,,,,,,,,,,,,,,,,,,,,,,,,,,,,,,,,,,,,,,,,,,,,,,,,,,,,,,,,,,,,,,,,,,,,,,,,,,,,,,,,,,,,,,,,,,,,,,,,,,,,,,,,,,,,,,,,,NOT CTD
627,E870,1.0,1.0,False,WCOA21,2021_WCOA_RonBrown,7/19/2021,,4:45:00 PM,9:45:00 AM,E870,NOT CTD,Bucket2,Bucket; Sterivex 0.22µm filter,95% EtOH,West Coast,La Goleta (LG),0.0,34.38,-119.85,1000.0,Sean McAllister,Renamed from 854. Visible methane bubbles!; Had to split on two filters; Dave sampled first on this bucket with hands somewhat in water. I poured off some of the surface water before sampling.,7/19/2021 4:45:00 PM,7/19/2021 9:45:00 AM,2021/07/19 04:45:00,2021/07/19 09:45:00,2021/07/18 21:45:00,34.38,-119.85,NOT CTD,Bucket2,0.0,,,,,,,,,,,,,,,,,,,,,,,,,,,,,,,,,,,,,,,,,,,,,,,,,,,,,,,,,,,,,,,,,,,,,,,,,,,,,,,,,,,,,,,,,,,,,,,,,,,,,,,,,,,,,,,,,,,,,,,,,,,,,,,,,,,,,,,,,,,,,,,,,,,,,,,,,,,,,,,,,,,,,,,,,,,,,,,,,,,,,,,,,,,,,,,,,,,,,,,,,,,,,,NOT CTD
628,E871,1.0,1.0,False,WCOA21,2021_WCOA_RonBrown,7/19/2021,,5:15:00 PM,10:15:00 AM,E871,NOT CTD,Underway System,Bucket; Sterivex 0.22µm filter,95% EtOH,West Coast,La Goleta (LG),5.2,34.38,-119.85,1000.0,Sean McAllister,Renamed from 855. Visible methane bubbles!,7/19/2021 5:15:00 PM,7/19/2021 10:15:00 AM,2021/07/19 05:15:00,2021/07/19 10:15:00,2021/07/18 22:15:00,34.38,-119.85,NOT CTD,Underway System,5.0,,,,,,,,,,,,,,,,,,,,,,,,,,,,,,,,,,,,,,,,,,,,,,,,,,,,,,,,,,,,,,,,,,,,,,,,,,,,,,,,,,,,,,,,,,,,,,,,,,,,,,,,,,,,,,,,,,,,,,,,,,,,,,,,,,,,,,,,,,,,,,,,,,,,,,,,,,,,,,,,,,,,,,,,,,,,,,,,,,,,,,,,,,,,,,,,,,,,,,,,,,,,,,NOT CTD
629,E856,1.0,1.0,False,WCOA21,2021_WCOA_RonBrown,7/19/2021,,10:33:32 PM,,E856,1230101,1,Niskin; Sterivex 0.22µm filter,95% EtOH,West Coast,Anacapa,81.9,33.993,-119.371,1000.0,Sean McAllister,Bleach bottle; sample rinse 3X,7/19/2021 10:33:32 PM,7/19/2021 ,2021/07/19 10:33:00,2021/07/19 00:00:00,2021/07/19 03:33:00,33.993,-119.371,1230101,1,82.0,2158.0,33RO20210613,WCOA2021,Anacapa,123.0,1.0,11031.0,2.0,16.0,2021-07-19,2021.0,7.0,19.0,22:33:32,200.94,33.993,-119.371,92.0,82.5,81.9,10.322,33.771,2.0,,9.0,144.4,2.0,,,9.0,,9.0,,9.0,,,9.0,,,9.0,,9.0,,9.0,,9.0,,9.0,,9.0,,9.0,4.935,2.0,,9.0,,9.0,,9.0,,9.0,,9.0,,9.0,,9.0,,,,,,,,,,,,,,,,,,,,,,,,,,,,,,,,,,,,,,,,,,,,,,,,,,,,,,,,,,,,,,,,,,,,,,,,,,,,,,,,,,,,,,,,,,,,,0.0,82.5,,,,,33.771,,,0.0,,10.322,,,,,,,,,,,,,11031.0,22:33:32,2021/07/19 22:33:32,1.0,11031.0,1.0,82.0,81.4,10.3679,33.759,25.9218,3.32,144.4,0.043,155.46,5.53,dRB2102_CTD_123_01_F.csv,dRB2102,CTD,123.0,F.csv,1230102
630,E857,1.0,1.0,False,WCOA21,2021_WCOA_RonBrown,7/19/2021,,10:35:52 PM,,E857,1230103,3,Niskin; Sterivex 0.22µm filter,95% EtOH,West Coast,Anacapa,59.1,33.993,-119.371,1000.0,Sean McAllister,Bleach bottle; sample rinse 3X,7/19/2021 10:35:52 PM,7/19/2021 ,2021/07/19 10:35:00,2021/07/19 00:00:00,2021/07/19 03:35:00,33.993,-119.371,1230103,3,59.0,2160.0,33RO20210613,WCOA2021,Anacapa,123.0,1.0,11020.0,2.0,16.0,2021-07-19,2021.0,7.0,19.0,22:35:52,200.942,33.993,-119.371,92.0,59.5,59.1,11.068,33.588,2.0,,9.0,171.8,2.0,,,9.0,,9.0,,9.0,,,9.0,,,9.0,,9.0,,9.0,,9.0,,9.0,,9.0,,9.0,,9.0,,9.0,,9.0,,9.0,,9.0,,9.0,,9.0,,9.0,,,,,,,,,,,,,,,,,,,,,,,,,,,,,,,,,,,,,,,,,,,,,,,,,,,,,,,,,,,,,,,,,,,,,,,,,,,,,,,,,,,,,,,,,,,,,0.0,59.5,,,,,33.588,,,0.0,,11.068,,,,,,,,,,,,,11020.0,22:35:52,2021/07/19 22:35:52,3.0,11020.0,3.0,59.0,58.57,11.1893,33.5804,25.6375,3.99,173.7,0.053,156.9,28.42,dRB2102_CTD_123_01_F.csv,dRB2102,CTD,123.0,F.csv,1230104
631,E858,1.0,1.0,False,WCOA21,2021_WCOA_RonBrown,7/19/2021,,10:41:59 PM,,E858,1230109,9,Niskin; Sterivex 0.22µm filter,95% EtOH,West Coast,Anacapa,29.6,33.993,-119.371,1000.0,Sean McAllister,Bleach bottle; sample rinse 3X,7/19/2021 10:41:59 PM,7/19/2021 ,2021/07/19 10:41:00,2021/07/19 00:00:00,2021/07/19 03:41:00,33.993,-119.371,1230109,9,30.0,2166.0,33RO20210613,WCOA2021,Anacapa,123.0,1.0,12052.0,2.0,16.0,2021-07-19,2021.0,7.0,19.0,22:41:59,200.946,33.993,-119.371,92.0,29.8,29.6,13.912,33.502,2.0,,9.0,247.4,2.0,,,9.0,,9.0,,9.0,,,9.0,,,9.0,,9.0,,9.0,,9.0,,9.0,,9.0,,9.0,,9.0,,9.0,,9.0,,9.0,,9.0,,9.0,,9.0,,9.0,,,,,,,,,,,,,,,,,,,,,,,,,,,,,,,,,,,,,,,,,,,,,,,,,,,,,,,,,,,,,,,,,,,,,,,,,,,,,,,,,,,,,,,,,,,,,0.0,29.8,,,,,33.502,,,0.0,,13.912,,,,,,,,,,,,,12052.0,22:41:59,2021/07/19 22:41:59,9.0,12052.0,9.0,30.0,29.78,15.0498,33.4961,24.8028,5.84,254.42,0.083,155.67,57.29,dRB2102_CTD_123_01_F.csv,dRB2102,CTD,123.0,F.csv,1230110
632,E859,1.0,1.0,False,WCOA21,2021_WCOA_RonBrown,7/19/2021,,10:49:13 PM,,E859,1230116,16,Niskin; Sterivex 0.22µm filter,95% EtOH,West Coast,Anacapa,3.3,33.993,-119.371,1000.0,Sean McAllister,Bleach bottle; sample rinse 3X,7/19/2021 10:49:13 PM,7/19/2021 ,2021/07/19 10:49:00,2021/07/19 00:00:00,2021/07/19 03:49:00,33.993,-119.371,1230116,16,3.0,2173.0,33RO20210613,WCOA2021,Anacapa,123.0,1.0,11032.0,2.0,16.0,2021-07-19,2021.0,7.0,19.0,22:49:13,200.951,33.993,-119.371,92.0,3.3,3.3,19.517,33.537,2.0,,9.0,262.4,2.0,,,9.0,,9.0,,9.0,,,9.0,,,9.0,,9.0,,9.0,,9.0,,9.0,,9.0,,9.0,4.582,2.0,,9.0,,9.0,,9.0,,9.0,,9.0,,9.0,,9.0,,,,,,,,,,,,,,,,,,,,,,,,,,,,,,,,,,,,,,,,,,,,,,,,,,,,,,,,,,,,,,,,,,,,,,,,,,,,,,,,,,,,,,,,,,,,,0.0,3.3,,,,,33.537,,,0.0,,19.517,,,,,,,,,,,,,11032.0,22:49:13,2021/07/19 22:49:13,16.0,11032.0,16.0,3.0,2.98,20.1934,33.5373,23.5958,5.9,257.63,0.044,155.42,83.66,dRB2102_CTD_123_01_F.csv,dRB2102,CTD,123.0,F.csv,1230115
633,E872.1B,1.0,1.0,False,WCOA21,2021_WCOA_RonBrown,7/20/2021,,8:04:35 AM,,E872.1B,1240101,1,Niskin; Sterivex 0.22µm filter,95% EtOH,West Coast,90-28,53.4,33.484,-117.768,1000.0,Sean McAllister,,7/20/2021 8:04:35 AM,7/20/2021 ,2021/07/20 08:04:00,2021/07/20 00:00:00,2021/07/20 01:04:00,33.484,-117.768,1240101,1,53.0,2175.0,33RO20210613,WCOA2021,CC90-28,124.0,1.0,11031.0,2.0,17.0,2021-07-20,2021.0,7.0,20.0,08:04:35,201.337,33.484,-117.768,63.0,53.8,53.4,10.909,33.655,2.0,,9.0,159.3,2.0,160.7,5.275,2.0,2140.3,6.0,2233.9,2.0,7.6053,25.01,2.0,85.58482990833895,24.955,2.0,15.4,2.0,1.42,2.0,16.4,2.0,0.08,2.0,0.05,2.0,,9.0,9.089,2.0,,9.0,,9.0,,9.0,,9.0,,9.0,,9.0,,9.0,360.09822632583547,39.62701653130743,30.156356655371106,81.44642107698802,65.69988658919956,0.0248125346892266,0.0,1.5376550013625645e-08,0.2256373636428281,15.17436263635717,2028.6972222676409,0.0002886882861631895,1.3279499570092987,0.0,0.0021193738684864,0.0132426792308556,0.0,0.0,1.010507497335918,0.0672374929249247,27150.38461609492,2233.9,0.0,0.0,0.0,39.62701653130743,1.4624249274825984,0.2256373636428281,0.0,0.0,0.0,30.156356655370967,0.0,0.0,-0.00014741150385415912,0.00014396161345179404,28995.0,2028.6972222676409,81.44642107698802,2140.3,0.0412555249053199,0.0412062764847167,702.6023532030607,0.7637024535933494,0.9961950679177446,-0.00014396161345179382,0.00013192644983622378,83.14462618,0.0132426792308556,1.010507497335918,1.091226313074527,1.0843891418433569,0.0429209445682794,1e-07,1.826445468751678e-10,6.538633859174029e-07,1e-07,0.1696462525142231,1.690517459332041e-09,4.1583629915901627e-07,1.0334456228497691e-06,6.167427278339592e-10,0.0030137784084268,0.0247891418551218,8.221666277971486e-07,7.778199338394473e-10,2.2842825638692827e-10,1.814253398833373e-07,1.5523469998535524e-14,0.00015103079996204186,-0.0001584130521415506,1.0,1.0,3.0,1.0,10.0,1.0,1.0,0.0,1.0,1.0,705.2859182204608,7.813550733395072,7.878024140465626,7.9225408591463236,7.805465045035477,7.813550733395072,2140.3,2.0,2233.9,1.0,0.0,,53.8,1.0,1.0,0.8328003788370955,16.22343360756704,33.655,1.2318353491574696,1.936944980324682,,0.1531938655993981,10.909,0.0,0.0,0.0,399.7252428571429,9889.3483794885,65.70017527748573,1.42,15.4,27150.386735468783,0.0,0.9873702597302492,714.3074356049024,11031.0,08:04:35,2021/07/20 08:04:35,1.0,11031.0,1.0,53.0,52.62,10.9125,33.6545,25.7445,3.67,159.82,0.053,131.08,11.7,dRB2102_CTD_124_01_F.csv,dRB2102,CTD,124.0,F.csv,1240101
634,E872.2B,2.0,1.0,False,WCOA21,2021_WCOA_RonBrown,7/20/2021,,8:04:37 AM,,E872.2B,1240102,2,Niskin; Sterivex 0.22µm filter,95% EtOH,West Coast,90-28,53.3,33.484,-117.768,1000.0,Sean McAllister,,7/20/2021 8:04:37 AM,7/20/2021 ,2021/07/20 08:04:00,2021/07/20 00:00:00,2021/07/20 01:04:00,33.484,-117.768,1240102,2,53.0,2176.0,33RO20210613,WCOA2021,CC90-28,124.0,1.0,11081.0,2.0,17.0,2021-07-20,2021.0,7.0,20.0,08:04:37,201.337,33.484,-117.768,63.0,53.7,53.3,10.909,33.656,2.0,,9.0,159.3,2.0,160.7,5.275,9.0,2140.3,9.0,2233.9,9.0,7.6053,25.01,9.0,85.58482990833895,24.955,9.0,15.4,9.0,1.42,9.0,16.4,9.0,0.08,9.0,0.05,9.0,,9.0,7.852,2.0,,9.0,,9.0,,9.0,,9.0,,9.0,,9.0,,9.0,,,,,,,,,,,,,,,,,,,,,,,,,,,,,,,,,,,,,,,,,,,,,,,,,,,,,,,,,,,,,,,,,,,,,,,,,,,,,,,,,,,,,,,,,,,,,0.0,53.7,,,,,33.656,,,0.0,,10.909,,,,,,,,,,,,,11081.0,08:04:37,2021/07/20 08:04:37,2.0,11081.0,2.0,53.0,52.62,10.9125,33.6545,25.7445,3.67,159.82,0.053,131.08,11.7,dRB2102_CTD_124_01_F.csv,dRB2102,CTD,124.0,F.csv,1240101
635,E872.3B,3.0,1.0,False,WCOA21,2021_WCOA_RonBrown,7/20/2021,,8:04:40 AM,,E872.3B,1240103,3,Niskin; Sterivex 0.22µm filter,95% EtOH,West Coast,90-28,53.2,33.484,-117.768,1000.0,Sean McAllister,Bleach bottle; sample rinse 3X,7/20/2021 8:04:40 AM,7/20/2021 ,2021/07/20 08:04:00,2021/07/20 00:00:00,2021/07/20 01:04:00,33.484,-117.768,1240103,3,53.0,2177.0,33RO20210613,WCOA2021,CC90-28,124.0,1.0,11020.0,2.0,17.0,2021-07-20,2021.0,7.0,20.0,08:04:40,201.337,33.484,-117.768,63.0,53.6,53.2,10.91,33.655,2.0,,9.0,159.3,2.0,160.7,5.275,9.0,2140.3,9.0,2233.9,9.0,7.6053,25.01,9.0,85.58482990833895,24.955,9.0,15.4,9.0,1.42,9.0,16.4,9.0,0.08,9.0,0.05,9.0,,9.0,7.852,9.0,,9.0,,9.0,,9.0,,9.0,,9.0,,9.0,,9.0,,,,,,,,,,,,,,,,,,,,,,,,,,,,,,,,,,,,,,,,,,,,,,,,,,,,,,,,,,,,,,,,,,,,,,,,,,,,,,,,,,,,,,,,,,,,,0.0,53.6,,,,,33.655,,,0.0,,10.91,,,,,,,,,,,,,11020.0,08:04:40,2021/07/20 08:04:40,3.0,11020.0,3.0,53.0,52.62,10.9125,33.6545,25.7445,3.67,159.82,0.053,131.08,11.7,dRB2102_CTD_124_01_F.csv,dRB2102,CTD,124.0,F.csv,1240101
636,E873.1B,1.0,1.0,False,WCOA21,2021_WCOA_RonBrown,7/20/2021,,8:10:54 AM,,E873.1B,1240108,8,Niskin; Sterivex 0.22µm filter,95% EtOH,West Coast,90-28,26.3,33.484,-117.768,1000.0,Sean McAllister,,7/20/2021 8:10:54 AM,7/20/2021 ,2021/07/20 08:10:00,2021/07/20 00:00:00,2021/07/20 01:10:00,33.484,-117.768,1240108,8,26.0,2182.0,33RO20210613,WCOA2021,CC90-28,124.0,1.0,11027.0,2.0,17.0,2021-07-20,2021.0,7.0,20.0,08:10:54,201.341,33.484,-117.768,63.0,26.5,26.3,13.671,33.42,2.0,,9.0,251.7,2.0,252.7,8.288,2.0,2056.6,2.0,2230.7,2.0,7.8256,25.01,2.0,130.89225146278105,24.955,9.0,3.6,6.0,0.59,6.0,2.2,6.0,0.12,6.0,0.4,6.0,1.4,2.0,12.184,2.0,,9.0,,9.0,,9.0,,9.0,,9.0,,9.0,,9.0,336.51380997895546,60.42030430675883,17.58216276807179,128.5453315543023,65.2412187466681,0.0062587070358747,0.0,2.5718287844832343e-09,0.08910343022535,3.510896569774649,1910.472505677626,0.00019732148144107456,0.5359100502309132,0.0,0.0015408748372028,0.0085893354441177,0.0,0.0,2.006178480565953,0.0478312401613831,26960.804422559027,2230.7,0.0,0.0,0.0,60.42030430675883,0.6315725279818507,0.08910343022535,0.0,0.0,0.0,17.582162768071736,0.0,0.0,-0.0001935183569944805,0.00018361165142776937,28995.0,1910.472505677626,128.5453315543023,2056.6,0.0419037030800908,0.0418567277690113,446.6447742127368,0.75287133552201,0.996327426752162,-0.00018361165142776937,0.0001606072500776359,83.14462618,0.0085893354441177,2.006178480565953,1.143233890991929,1.144330008643483,0.0393649803673673,1e-07,2.2969183631179344e-10,6.416150078502211e-07,1e-07,0.1502882566691711,1.8188566859946275e-09,4.0988240207533537e-07,1.1007456046639622e-06,6.81606904458225e-10,0.002839927556319,0.0246525038121865,8.67412632799202e-07,9.041452476112867e-10,2.5709572323703777e-10,2.0311622870812085e-07,2.0323010046667032e-14,0.00020455505704349044,-0.00021430779006927268,1.0,1.0,3.0,1.0,10.0,1.0,1.0,0.0,1.0,1.0,448.2911563206824,7.994381535753778,8.066040436182407,8.109282669531874,7.986003431858352,7.994381535753778,2056.6,2.0,2230.7,1.0,0.0,,26.5,1.0,1.0,0.7494232945322292,12.805150446233656,33.42,1.96746185910959,3.079793252371916,,0.2224237856475809,13.671,0.0,0.0,0.0,396.9341142857143,9820.294840068507,65.24141606814955,0.59,3.6,26960.805963433864,0.0,0.9848511685861994,455.1867029454061,11027.0,08:10:54,2021/07/20 08:10:54,8.0,11027.0,8.0,26.0,25.81,13.7441,33.4191,25.0191,5.9,257.18,0.092,130.51,38.6,dRB2102_CTD_124_01_F.csv,dRB2102,CTD,124.0,F.csv,1240108
637,E873.2B,2.0,1.0,False,WCOA21,2021_WCOA_RonBrown,7/20/2021,,8:10:57 AM,,E873.2B,1240109,9,Niskin; Sterivex 0.22µm filter,95% EtOH,West Coast,90-28,26.2,33.484,-117.768,1000.0,Sean McAllister,Bleach bottle; sample rinse 3X,7/20/2021 8:10:57 AM,7/20/2021 ,2021/07/20 08:10:00,2021/07/20 00:00:00,2021/07/20 01:10:00,33.484,-117.768,1240109,9,26.0,2183.0,33RO20210613,WCOA2021,CC90-28,124.0,1.0,12052.0,2.0,17.0,2021-07-20,2021.0,7.0,20.0,08:10:57,201.341,33.484,-117.768,63.0,26.4,26.2,13.67,33.419,2.0,,9.0,251.7,2.0,252.7,8.288,9.0,2056.6,9.0,2230.7,9.0,7.8256,25.01,9.0,130.89225146278105,24.955,9.0,3.6,9.0,0.59,9.0,2.2,9.0,0.12,9.0,0.4,9.0,1.4,9.0,12.184,9.0,,9.0,,9.0,,9.0,,9.0,,9.0,,9.0,,9.0,,,,,,,,,,,,,,,,,,,,,,,,,,,,,,,,,,,,,,,,,,,,,,,,,,,,,,,,,,,,,,,,,,,,,,,,,,,,,,,,,,,,,,,,,,,,,0.0,26.4,,,,,33.419,,,0.0,,13.67,,,,,,,,,,,,,12052.0,08:10:57,2021/07/20 08:10:57,9.0,12052.0,9.0,26.0,25.81,13.7441,33.4191,25.0191,5.9,257.18,0.092,130.51,38.6,dRB2102_CTD_124_01_F.csv,dRB2102,CTD,124.0,F.csv,1240108
638,E873.3B,3.0,1.0,False,WCOA21,2021_WCOA_RonBrown,7/20/2021,,8:11:00 AM,,E873.3B,1240110,10,Niskin; Sterivex 0.22µm filter,95% EtOH,West Coast,90-28,26.3,33.484,-117.768,1000.0,Sean McAllister,Bleach bottle; sample rinse 3X,7/20/2021 8:11:00 AM,7/20/2021 ,2021/07/20 08:11:00,2021/07/20 00:00:00,2021/07/20 01:11:00,33.484,-117.768,1240110,10,26.0,2184.0,33RO20210613,WCOA2021,CC90-28,124.0,1.0,11067.0,2.0,17.0,2021-07-20,2021.0,7.0,20.0,08:11:00,201.341,33.484,-117.768,63.0,26.4,26.3,13.67,33.419,2.0,,9.0,251.7,2.0,252.7,8.288,9.0,2056.6,9.0,2230.7,9.0,7.8256,25.01,9.0,130.89225146278105,24.955,2.0,3.6,9.0,0.59,9.0,2.2,9.0,0.12,9.0,0.4,9.0,1.4,9.0,12.184,9.0,,9.0,,9.0,,9.0,,9.0,,9.0,,9.0,,9.0,,,,,,,,,,,,,,,,,,,,,,,,,,,,,,,,,,,,,,,,,,,,,,,,,,,,,,,,,,,,,,,,,,,,,,,,,,,,,,,,,,,,,,,,,,,,,0.0,26.4,,,,,33.419,,,0.0,,13.67,,,,,,,,,,,,,11067.0,08:11:00,2021/07/20 08:11:00,10.0,11067.0,10.0,26.0,25.81,13.7441,33.4191,25.0191,5.9,257.18,0.092,130.51,38.6,dRB2102_CTD_124_01_F.csv,dRB2102,CTD,124.0,F.csv,1240108
639,E874.1B,1.0,1.0,False,WCOA21,2021_WCOA_RonBrown,7/20/2021,,8:18:09 AM,,E874.1B,1240116,16,Niskin; Sterivex 0.22µm filter,95% EtOH,West Coast,90-28,3.0,33.484,-117.768,1000.0,Sean McAllister,,7/20/2021 8:18:09 AM,7/20/2021 ,2021/07/20 08:18:00,2021/07/20 00:00:00,2021/07/20 01:18:00,33.484,-117.768,1240116,16,3.0,2190.0,33RO20210613,WCOA2021,CC90-28,124.0,1.0,11032.0,2.0,17.0,2021-07-20,2021.0,7.0,20.0,08:18:09,201.346,33.484,-117.768,63.0,3.0,3.0,21.479,33.529,2.0,,9.0,264.4,2.0,,,9.0,,9.0,,9.0,,,9.0,,,9.0,,9.0,,9.0,,9.0,,9.0,,9.0,,9.0,25.377,2.0,,9.0,,9.0,,9.0,,9.0,,9.0,,9.0,,9.0,,,,,,,,,,,,,,,,,,,,,,,,,,,,,,,,,,,,,,,,,,,,,,,,,,,,,,,,,,,,,,,,,,,,,,,,,,,,,,,,,,,,,,,,,,,,,0.0,3.0,,,,,33.529,,,0.0,,21.479,,,,,,,,,,,,,11032.0,08:18:09,2021/07/20 08:18:09,16.0,11032.0,16.0,3.0,,,,,,,,,,,,,,,1240115
640,E874.2B,2.0,1.0,False,WCOA21,2021_WCOA_RonBrown,7/20/2021,,8:18:12 AM,,E874.2B,1240117,17,Niskin; Sterivex 0.22µm filter,95% EtOH,West Coast,90-28,3.1,33.484,-117.768,1000.0,Sean McAllister,Bleach bottle; sample rinse 3X,7/20/2021 8:18:12 AM,7/20/2021 ,2021/07/20 08:18:00,2021/07/20 00:00:00,2021/07/20 01:18:00,33.484,-117.768,1240117,17,3.0,2191.0,33RO20210613,WCOA2021,CC90-28,124.0,1.0,11052.0,2.0,17.0,2021-07-20,2021.0,7.0,20.0,08:18:12,201.346,33.484,-117.768,63.0,3.1,3.1,21.479,33.529,2.0,,9.0,264.4,2.0,,,9.0,,9.0,,9.0,,,9.0,,,9.0,,9.0,,9.0,,9.0,,9.0,,9.0,,9.0,25.377,9.0,,9.0,,9.0,,9.0,,9.0,,9.0,,9.0,,9.0,,,,,,,,,,,,,,,,,,,,,,,,,,,,,,,,,,,,,,,,,,,,,,,,,,,,,,,,,,,,,,,,,,,,,,,,,,,,,,,,,,,,,,,,,,,,,0.0,3.1,,,,,33.529,,,0.0,,21.479,,,,,,,,,,,,,11052.0,08:18:12,2021/07/20 08:18:12,17.0,11052.0,17.0,3.0,,,,,,,,,,,,,,,1240115
641,E874.3B,3.0,1.0,False,WCOA21,2021_WCOA_RonBrown,7/20/2021,,8:18:15 AM,,E874.3B,1240118,18,Niskin; Sterivex 0.22µm filter,95% EtOH,West Coast,90-28,3.2,33.484,-117.768,1000.0,Sean McAllister,Bleach bottle; sample rinse 3X,7/20/2021 8:18:15 AM,7/20/2021 ,2021/07/20 08:18:00,2021/07/20 00:00:00,2021/07/20 01:18:00,33.484,-117.768,1240118,18,3.0,2192.0,33RO20210613,WCOA2021,CC90-28,124.0,1.0,11002.0,2.0,17.0,2021-07-20,2021.0,7.0,20.0,08:18:15,201.346,33.484,-117.768,63.0,3.2,3.2,21.482,33.529,2.0,,9.0,264.4,2.0,,,9.0,,9.0,,9.0,,,9.0,,,9.0,,9.0,,9.0,,9.0,,9.0,,9.0,,9.0,25.377,9.0,,9.0,,9.0,,9.0,,9.0,,9.0,,9.0,,9.0,,,,,,,,,,,,,,,,,,,,,,,,,,,,,,,,,,,,,,,,,,,,,,,,,,,,,,,,,,,,,,,,,,,,,,,,,,,,,,,,,,,,,,,,,,,,,0.0,3.2,,,,,33.529,,,0.0,,21.482,,,,,,,,,,,,,11002.0,08:18:15,2021/07/20 08:18:15,18.0,11002.0,18.0,3.0,,,,,,,,,,,,,,,1240115
642,E875,1.0,1.0,False,WCOA21,2021_WCOA_RonBrown,7/20/2021,,2:45:11 PM,,E875,1250102,2,Niskin; Sterivex 0.22µm filter,95% EtOH,West Coast,90-27.7,31.5,33.491,-117.751,1000.0,Sean McAllister,Bleach bottle; sample rinse 3X,7/20/2021 2:45:11 PM,7/20/2021 ,2021/07/20 02:45:00,2021/07/20 00:00:00,2021/07/19 19:45:00,33.491,-117.751,1250102,2,32.0,2194.0,33RO20210613,WCOA2021,CC90-27.7,125.0,1.0,11081.0,2.0,17.0,2021-07-20,2021.0,7.0,20.0,14:45:11,201.615,33.491,-117.751,42.0,31.7,31.5,12.606,33.514,2.0,33.5073,2.0,206.5,2.0,,,9.0,,9.0,,9.0,,,9.0,,,9.0,7.6,2.0,0.93,2.0,6.8,2.0,0.5,2.0,2.02,2.0,,9.0,26.563,2.0,,9.0,,9.0,,9.0,,9.0,,9.0,,9.0,,9.0,,,,,,,,,,,,,,,,,,,,,,,,,,,,,,,,,,,,,,,,,,,,,,,,,,,,,,,,,,,,,,,,,,,,,,,,,,,,,,,,,,,,,,,,,,,,,0.93,31.7,,,,,33.5073,,,7.6,,12.606,,,,,,,,,,,,,11081.0,14:45:11,2021/07/20 14:45:11,2.0,11081.0,2.0,32.0,31.77,12.5352,33.5198,25.3381,4.62,201.1,0.087,161.69,4.67,dRB2102_CTD_125_01_F.csv,dRB2102,CTD,125.0,F.csv,1250101
643,E876,1.0,1.0,False,WCOA21,2021_WCOA_RonBrown,7/20/2021,,2:54:00 PM,,E876,1250110,10,Niskin; Sterivex 0.22µm filter,95% EtOH,West Coast,90-27.7,3.1,33.491,-117.751,1000.0,Sean McAllister,Bleach bottle; sample rinse 3X,7/20/2021 2:54:00 PM,7/20/2021 ,2021/07/20 02:54:00,2021/07/20 00:00:00,2021/07/19 19:54:00,33.491,-117.751,1250110,10,3.0,2202.0,33RO20210613,WCOA2021,CC90-27.7,125.0,1.0,11067.0,2.0,17.0,2021-07-20,2021.0,7.0,20.0,14:54:00,201.621,33.491,-117.751,42.0,3.1,3.1,21.343,33.529,2.0,,9.0,273.6,2.0,,,9.0,,9.0,,9.0,,,9.0,,,9.0,,9.0,,9.0,,9.0,,9.0,,9.0,1.5,2.0,,9.0,,9.0,,9.0,,9.0,,9.0,,9.0,,9.0,,9.0,,,,,,,,,,,,,,,,,,,,,,,,,,,,,,,,,,,,,,,,,,,,,,,,,,,,,,,,,,,,,,,,,,,,,,,,,,,,,,,,,,,,,,,,,,,,,0.0,3.1,,,,,33.529,,,0.0,,21.343,,,,,,,,,,,,,11067.0,14:54:00,2021/07/20 14:54:00,10.0,11067.0,10.0,3.0,,,,,,,,,,,,,,,1250108
644,E877,1.0,1.0,False,WCOA21,2021_WCOA_RonBrown,7/20/2021,,4:57:22 PM,,E877,1260102,2,Niskin; Sterivex 0.22µm filter,95% EtOH,West Coast,90-30,602.5,33.417,-117.905,1000.0,Sean McAllister,Bleach bottle; sample rinse 3X,7/20/2021 4:57:22 PM,7/20/2021 ,2021/07/20 04:57:00,2021/07/20 00:00:00,2021/07/19 21:57:00,33.417,-117.905,1260102,2,602.0,2204.0,33RO20210613,WCOA2021,CC90-30,126.0,1.0,11081.0,2.0,17.0,2021-07-20,2021.0,7.0,20.0,16:57:22,201.707,33.417,-117.905,613.0,607.7,602.5,5.984,34.351,2.0,34.3584,3.0,9.8,2.0,,,9.0,,9.0,,9.0,,,9.0,,,9.0,79.6,2.0,3.16,2.0,38.3,2.0,0.01,2.0,0.03,2.0,,9.0,3.408,2.0,,9.0,,9.0,,9.0,,9.0,,9.0,,9.0,,9.0,,,,,,,,,,,,,,,,,,,,,,,,,,,,,,,,,,,,,,,,,,,,,,,,,,,,,,,,,,,,,,,,,,,,,,,,,,,,,,,,,,,,,,,,,,,,,3.16,607.7,,,,,34.3584,,,79.6,,5.984,,,,,,,,,,,,,11081.0,16:57:22,2021/07/20 16:57:22,2.0,11081.0,2.0,602.0,596.87,6.0165,34.3497,27.0434,0.23,9.97,0.041,142.88,15.93,dRB2102_CTD_126_01_F.csv,dRB2102,CTD,126.0,F.csv,1260101
645,E878,1.0,1.0,False,WCOA21,2021_WCOA_RonBrown,7/20/2021,,5:01:49 PM,,E878,1260103,3,Niskin; Sterivex 0.22µm filter,95% EtOH,West Coast,90-30,496.2,33.417,-117.905,1000.0,Sean McAllister,,7/20/2021 5:01:49 PM,7/20/2021 ,2021/07/20 05:01:00,2021/07/20 00:00:00,2021/07/19 22:01:00,33.417,-117.905,1260103,3,496.0,2205.0,33RO20210613,WCOA2021,CC90-30,126.0,1.0,11020.0,2.0,17.0,2021-07-20,2021.0,7.0,20.0,17:01:49,201.71,33.417,-117.905,613.0,500.4,496.2,7.495,34.266,2.0,,9.0,28.5,2.0,28.2,0.925,2.0,2285.5,2.0,2295.9,2.0,7.3393,25.02,6.0,50.121458554497295,24.85,6.0,56.7,2.0,2.84,2.0,34.1,2.0,0.0,2.0,0.03,2.0,,9.0,2.84,2.0,,9.0,,9.0,,9.0,,9.0,,9.0,,9.0,,9.0,384.3389220702661,22.64325507259099,60.40556936870699,44.54201615627458,66.89245943122957,0.0927570105306672,0.0,1.002061040421675e-07,0.4213761504072749,56.27862384959273,2180.5524144750184,0.0004897905302145593,2.682265585394181,0.0,0.0032641282227067,0.0243421233719095,0.0,0.0,0.4147979386322282,0.0649773038690477,27643.29347863135,2295.9,0.0,0.0,0.0,22.64325507259099,2.812220092926172,0.4213761504072749,0.0,0.0,0.0,60.40556936870705,0.0,0.0,-0.0001272395318644686,0.00012812886860706242,28995.0,2180.5524144750184,44.54201615627458,2285.4999999999995,0.0397432308477671,0.0396909920143146,1259.6703535892725,0.7782970873747105,0.9960225610954702,-0.0001281288686070618,0.0001221297711336879,83.14462618,0.0243421233719095,0.4147979386322282,1.049120680548952,1.042649820477458,0.0479534738565441,1e-07,1.4302449119885342e-10,7.270173770083588e-07,1e-07,0.2061489054203719,1.6264171263614824e-09,4.6279887509008813e-07,9.965451867899973e-07,5.63911288509623e-10,0.0033244915931962,0.0255540660930973,7.982932956136482e-07,6.687554854227131e-10,2.0669688401787383e-10,1.5983037144081285e-07,1.1451016414684776e-14,0.0001263624557147054,-0.00013474777081179184,1.0,1.0,3.0,1.0,10.0,1.0,1.0,0.0,1.0,1.0,1264.7006230499746,7.558992552247963,7.613641540794465,7.660209388047175,7.55135479323646,7.558992552247963,2285.5,2.0,2295.9,1.0,0.0,,500.4,1.0,1.0,0.9063583790508264,18.71370083464911,34.266,0.6168883544404336,0.9690787456321804,,0.0895793839000643,7.495,0.0,0.0,0.0,406.9821771428572,10068.887581980474,66.89294922175978,2.84,56.7,27643.29674275957,0.0,0.9899708736692112,1277.5129619344357,11020.0,17:01:49,2021/07/20 17:01:49,3.0,11020.0,3.0,496.0,491.9,7.53,34.2652,26.7724,0.67,29.02,0.042,143.55,99.93,dRB2102_CTD_126_01_F.csv,dRB2102,CTD,126.0,F.csv,1260103
646,E879,1.0,1.0,False,WCOA21,2021_WCOA_RonBrown,7/20/2021,,5:16:23 PM,,E879,1260106,6,Niskin; Sterivex 0.22µm filter,95% EtOH,West Coast,90-30,198.6,33.417,-117.905,1000.0,Sean McAllister,,7/20/2021 5:16:23 PM,7/20/2021 ,2021/07/20 05:16:00,2021/07/20 00:00:00,2021/07/19 22:16:00,33.417,-117.905,1260106,6,199.0,2208.0,33RO20210613,WCOA2021,CC90-30,126.0,1.0,11082.0,2.0,17.0,2021-07-20,2021.0,7.0,20.0,17:16:23,201.72,33.417,-117.905,613.0,200.1,198.6,9.318,34.162,2.0,,9.0,77.8,2.0,77.0,2.529,2.0,2229.0,2.0,2270.0,2.0,7.4424,25.02,2.0,61.83639948071468,24.85,2.0,35.2,2.0,2.27,2.0,26.9,2.0,0.01,2.0,0.03,2.0,,9.0,2.873,2.0,,9.0,,9.0,,9.0,,9.0,,9.0,,9.0,,9.0,377.7109397525981,28.036014533116216,46.77589878375385,56.53827628333303,66.6895145595301,0.0589698061441526,0.0,5.2331198208274964e-08,0.3393775193043418,34.86062248069566,2125.6858249329134,0.0004093100128338844,2.141907674332069,0.0,0.0028782622745073,0.0193882251168469,0.0,0.0,0.6047536890177407,0.0691224671925805,27559.394288788222,2270.0,0.0,0.0,0.0,28.036014533116216,2.280152556386032,0.3393775193043418,0.0,0.0,0.0,46.77589878375379,0.0,0.0,-0.00013046180260568358,0.0001298929091049203,28995.0,2125.6858249329134,56.53827628333303,2229.0,0.0401266425381744,0.0400760258882827,1037.105015643856,0.7711146831579668,0.996115936447839,-0.00012989290910492054,0.00012223445768249147,83.14462618,0.0193882251168469,0.6047536890177407,1.0626537849279944,1.055564110102084,0.0451023744733452,1e-07,1.6175467342333502e-10,6.842868746044448e-07,1e-07,0.1856424778546022,1.652754810178442e-09,4.3517188781041123e-07,1.0118791618873796e-06,5.922365470104042e-10,0.0031589535576256,0.0250911599134408,8.087657733049853e-07,7.18571852291051e-10,2.1677023583561155e-10,1.7078212266337028e-07,1.3465740573178388e-14,0.000131035701206446,-0.00013857516786894172,1.0,1.0,3.0,1.0,10.0,1.0,1.0,0.0,1.0,1.0,1041.1489041548562,7.652348283024433,7.712461946323074,7.757318405166327,7.644437377975777,7.652348283024433,2229.0,2.0,2270.0,1.0,0.0,,200.1,1.0,1.0,0.8820805311821482,18.235447207447105,34.162,0.8294032327531295,1.3041967135862484,,0.1096379793468481,9.318,0.0,0.0,0.0,405.7469542857143,10038.327717726524,66.68992386954294,2.27,35.2,27559.39716705049,0.0,0.9886494346007886,1053.1022096576291,11082.0,17:16:23,2021/07/20 17:16:23,6.0,11082.0,6.0,199.0,197.49,9.3036,34.1621,26.4167,1.78,77.6,0.04,144.35,99.76,dRB2102_CTD_126_01_F.csv,dRB2102,CTD,126.0,F.csv,1260106
647,E880,1.0,1.0,False,WCOA21,2021_WCOA_RonBrown,7/20/2021,,5:26:47 PM,,E880,1260110,10,Niskin; Sterivex 0.22µm filter,95% EtOH,West Coast,90-30,98.5,33.417,-117.905,1000.0,Sean McAllister,Bleach bottle; sample rinse 3X,7/20/2021 5:26:47 PM,7/20/2021 ,2021/07/20 05:26:00,2021/07/20 00:00:00,2021/07/19 22:26:00,33.417,-117.905,1260110,10,98.0,2212.0,33RO20210613,WCOA2021,CC90-30,126.0,1.0,11067.0,2.0,17.0,2021-07-20,2021.0,7.0,20.0,17:26:47,201.727,33.417,-117.905,613.0,99.2,98.5,10.332,33.873,2.0,,9.0,131.7,2.0,,,9.0,,9.0,,9.0,,,9.0,,,9.0,,9.0,,9.0,,9.0,,9.0,,9.0,,9.0,,9.0,,9.0,,9.0,,9.0,,9.0,,9.0,,9.0,,9.0,,,,,,,,,,,,,,,,,,,,,,,,,,,,,,,,,,,,,,,,,,,,,,,,,,,,,,,,,,,,,,,,,,,,,,,,,,,,,,,,,,,,,,,,,,,,,0.0,99.2,,,,,33.873,,,0.0,,10.332,,,,,,,,,,,,,11067.0,17:26:47,2021/07/20 17:26:47,10.0,11067.0,10.0,98.0,97.28,10.3623,33.8555,25.9984,3.12,135.89,0.042,145.24,99.49,dRB2102_CTD_126_01_F.csv,dRB2102,CTD,126.0,F.csv,1260109
648,E881,1.0,1.0,False,WCOA21,2021_WCOA_RonBrown,7/20/2021,,5:48:48 PM,,E881,1260120,20,Niskin; Sterivex 0.22µm filter,95% EtOH,West Coast,90-30,3.2,33.417,-117.905,1000.0,Sean McAllister,Bleach bottle; sample rinse 3X,7/20/2021 5:48:48 PM,7/20/2021 ,2021/07/20 05:48:00,2021/07/20 00:00:00,2021/07/19 22:48:00,33.417,-117.905,1260120,20,3.0,2222.0,33RO20210613,WCOA2021,CC90-30,126.0,1.0,11022.0,3.0,17.0,2021-07-20,2021.0,7.0,20.0,17:48:48,201.742,33.417,-117.905,613.0,3.3,3.2,21.647,33.565,2.0,,9.0,247.7,2.0,,,9.0,,9.0,,9.0,,,9.0,,,9.0,,9.0,,9.0,,9.0,,9.0,,9.0,,9.0,,9.0,,9.0,,9.0,,9.0,,9.0,,9.0,,9.0,,9.0,,,,,,,,,,,,,,,,,,,,,,,,,,,,,,,,,,,,,,,,,,,,,,,,,,,,,,,,,,,,,,,,,,,,,,,,,,,,,,,,,,,,,,,,,,,,,0.0,3.3,,,,,33.565,,,0.0,,21.647,,,,,,,,,,,,,11022.0,17:48:48,2021/07/20 17:48:48,20.0,11022.0,20.0,3.0,2.98,21.3149,33.5472,23.3031,5.71,249.17,0.049,144.96,99.78,dRB2102_CTD_126_01_F.csv,dRB2102,CTD,126.0,F.csv,1260119
649,E882.1B,1.0,1.0,False,WCOA21,2021_WCOA_RonBrown,7/21/2021,,1:13:14 AM,,E882.1B,1270101,1,Niskin; Sterivex 0.22µm filter,95% EtOH,West Coast,90-35,315.5,33.252,-118.249,1000.0,Sean McAllister,,7/21/2021 1:13:14 AM,7/21/2021 ,2021/07/21 01:13:00,2021/07/21 00:00:00,2021/07/20 18:13:00,33.252,-118.249,1270101,1,316.0,2243.0,33RO20210613,WCOA2021,CC90-35,127.0,1.0,11031.0,2.0,17.0,2021-07-21,2021.0,7.0,21.0,01:13:14,202.051,33.252,-118.249,325.0,317.9,315.5,8.081,34.197,2.0,34.2119,9.0,53.5,2.0,51.7,1.697,6.0,2264.0,2.0,2278.9,2.0,7.3803,25.06,2.0,49.30419211289793,25.175,2.0,46.6,2.0,2.58,2.0,31.1,2.0,0.0,2.0,0.05,2.0,,9.0,1.771,2.0,,9.0,,9.0,,9.0,,9.0,,9.0,,9.0,,9.0,382.8892500608004,23.27340422491399,57.91396963885946,46.19595658342193,66.75777103453709,0.081531828539325,0.0,8.5829852209834e-08,0.3609607686805611,46.239039231319445,2159.8900737777185,0.0004786746942196554,2.4363377559691983,0.0,0.0032561381343809,0.0233490237469712,0.0,0.0,0.4501335689547472,0.0621303296616239,27587.62934504523,2278.9,0.0,0.0,0.0,23.27340422491399,2.560598329462594,0.3609607686805611,0.0,0.0,0.0,57.91396963885937,0.0,0.0,-0.0001269679967930734,0.0001276285768859163,28995.0,2159.8900737777185,46.19595658342193,2264.0,0.0396374158057052,0.0395857048458023,1231.744929738251,0.7758723523707284,0.996052897406624,-0.0001276285768859162,0.00012141258686824186,83.14462618,0.0233490237469712,0.4501335689547472,1.0511972455081615,1.0446611075228875,0.0470178266949845,1e-07,1.4744230126690007e-10,7.012503859305182e-07,1e-07,0.1978245965362148,1.6171587365799843e-09,4.457509842569835e-07,9.922342786585692e-07,5.690340151293745e-10,0.0032563425641736,0.0252728796829624,7.950166516905282e-07,6.7847222669237e-10,2.0769073021272423e-10,1.6263093230705488e-07,1.19758766432665e-14,0.0001263142195519967,-0.00013451539456614656,1.0,1.0,3.0,1.0,10.0,1.0,1.0,0.0,1.0,1.0,1236.6260195068824,7.575034087956306,7.631731273134992,7.677499477823412,7.567289754209139,7.575034087956306,2264.0,2.0,2278.9,1.0,0.0,,317.9,1.0,1.0,0.9025925044477978,18.64716054898752,34.197,0.6619679165490395,1.0414004081839834,,0.092504513130143,8.081,0.0,0.0,0.0,406.1626542857143,10048.612287427371,66.75824970923131,2.58,46.6,27587.632601183363,0.0,0.9895615415327528,1249.6706547340616,11031.0,01:13:14,2021/07/21 01:13:14,1.0,11031.0,1.0,316.0,313.53,8.1399,34.2057,26.6339,1.2,52.42,0.041,151.98,11.91,dRB2102_CTD_127_01_F.csv,dRB2102,CTD,127.0,F.csv,1270101
650,E882.2B,2.0,1.0,False,WCOA21,2021_WCOA_RonBrown,7/21/2021,,1:13:16 AM,,E882.2B,1270102,2,Niskin; Sterivex 0.22µm filter,95% EtOH,West Coast,90-35,315.4,33.252,-118.249,1000.0,Sean McAllister,Bleach bottle; sample rinse 3X,7/21/2021 1:13:16 AM,7/21/2021 ,2021/07/21 01:13:00,2021/07/21 00:00:00,2021/07/20 18:13:00,33.252,-118.249,1270102,2,315.0,2244.0,33RO20210613,WCOA2021,CC90-35,127.0,1.0,11081.0,2.0,17.0,2021-07-21,2021.0,7.0,21.0,01:13:16,202.051,33.252,-118.249,325.0,317.9,315.4,8.081,34.197,2.0,34.2119,9.0,53.5,2.0,51.7,1.697,9.0,2264.0,9.0,2278.9,9.0,7.3803,25.06,9.0,49.30419211289793,25.175,9.0,46.6,9.0,2.58,9.0,31.1,9.0,0.0,9.0,0.05,9.0,,9.0,1.918,2.0,,9.0,,9.0,,9.0,,9.0,,9.0,,9.0,,9.0,,,,,,,,,,,,,,,,,,,,,,,,,,,,,,,,,,,,,,,,,,,,,,,,,,,,,,,,,,,,,,,,,,,,,,,,,,,,,,,,,,,,,,,,,,,,,0.0,317.9,,,,,34.197,,,0.0,,8.081,,,,,,,,,,,,,11081.0,01:13:16,2021/07/21 01:13:16,2.0,11081.0,2.0,315.0,312.53,8.1795,34.2127,26.6335,1.18,51.41,0.041,152.04,12.76,dRB2102_CTD_127_01_F.csv,dRB2102,CTD,127.0,F.csv,1270101
651,E882.3B,3.0,1.0,False,WCOA21,2021_WCOA_RonBrown,7/21/2021,,1:13:18 AM,,E882.3B,1270103,3,Niskin; Sterivex 0.22µm filter,95% EtOH,West Coast,90-35,315.4,33.252,-118.249,1000.0,Sean McAllister,Bleach bottle; sample rinse 3X,7/21/2021 1:13:18 AM,7/21/2021 ,2021/07/21 01:13:00,2021/07/21 00:00:00,2021/07/20 18:13:00,33.252,-118.249,1270103,3,315.0,2245.0,33RO20210613,WCOA2021,CC90-35,127.0,1.0,11020.0,2.0,17.0,2021-07-21,2021.0,7.0,21.0,01:13:18,202.051,33.252,-118.249,325.0,317.9,315.4,8.08,34.197,2.0,34.2119,2.0,53.5,2.0,51.7,1.697,9.0,2264.0,9.0,2278.9,9.0,7.3803,25.06,9.0,49.30419211289793,25.175,9.0,46.6,9.0,2.58,9.0,31.1,9.0,0.0,9.0,0.05,9.0,,9.0,1.918,9.0,,9.0,,9.0,,9.0,,9.0,,9.0,,9.0,,9.0,,,,,,,,,,,,,,,,,,,,,,,,,,,,,,,,,,,,,,,,,,,,,,,,,,,,,,,,,,,,,,,,,,,,,,,,,,,,,,,,,,,,,,,,,,,,,0.0,317.9,,,,,34.2119,,,0.0,,8.08,,,,,,,,,,,,,11020.0,01:13:18,2021/07/21 01:13:18,3.0,11020.0,3.0,315.0,312.53,8.1795,34.2127,26.6335,1.18,51.41,0.041,152.04,12.76,dRB2102_CTD_127_01_F.csv,dRB2102,CTD,127.0,F.csv,1270101
652,E883,1.0,1.0,False,WCOA21,2021_WCOA_RonBrown,7/21/2021,,1:15:11 AM,,E883,1270104,4,Niskin; Sterivex 0.22µm filter,95% EtOH,West Coast,90-35,297.3,33.251,-118.249,1000.0,Sean McAllister,,7/21/2021 1:15:11 AM,7/21/2021 ,2021/07/21 01:15:00,2021/07/21 00:00:00,2021/07/20 18:15:00,33.251,-118.249,1270104,4,297.0,2246.0,33RO20210613,WCOA2021,CC90-35,127.0,1.0,11058.0,2.0,17.0,2021-07-21,2021.0,7.0,21.0,01:15:11,202.052,33.251,-118.249,325.0,299.6,297.3,8.509,34.261,2.0,,9.0,44.6,2.0,45.2,1.486,2.0,2262.4,2.0,2279.0,2.0,7.3768,25.06,6.0,53.48833757918573,25.175,6.0,45.0,2.0,2.61,2.0,30.5,2.0,0.0,2.0,0.04,2.0,,9.0,4.611,3.0,,9.0,,9.0,,9.0,,9.0,,9.0,,9.0,,9.0,383.3603567050981,23.562434723473345,57.3066030830426,46.95382425356807,66.88270604900667,0.0817373763097488,0.0,8.611776142320852e-08,0.3548034430609298,44.64519655693906,2158.139572663389,0.0004823385119378386,2.464081960057127,0.0,0.0033154838562692,0.0232922234166013,0.0,0.0,0.4701876797552141,0.0641805775153629,27639.25979382816,2279.0,0.0,0.0,0.0,23.562434723473345,2.5924430289700915,0.3548034430609298,0.0,0.0,0.0,57.30660308304273,0.0,0.0,-0.00012740621357081283,0.0001279919065963411,28995.0,2158.139572663389,46.95382425356807,2262.4,0.0395147143873391,0.0394633851115077,1237.1619609175248,0.7744609475782099,0.9960748611078262,-0.00012799190659634085,0.00012166560041189642,83.14462618,0.0232922234166013,0.4701876797552141,1.051997492824817,1.0454363337432937,0.0463210193114423,1e-07,1.525634533148102e-10,6.998186693786423e-07,1e-07,0.1941737140327245,1.6353865603573992e-09,4.4508450768199483e-07,1.002033688483151e-06,5.788938053774606e-10,0.0032297792804094,0.02525430501987,8.021247491612177e-07,6.930362189000713e-10,2.114562600579188e-10,1.6563294885818266e-07,1.2510616333235702e-14,0.0001268258564097147,-0.00013501220263406887,1.0,1.0,3.0,1.0,10.0,1.0,1.0,0.0,1.0,1.0,1242.0371291587094,7.574992539537319,7.632789052836217,7.678190675605123,7.567190198825081,7.574992539537319,2262.4,2.0,2279.0,1.0,0.0,,299.6,1.0,1.0,0.9011452153080828,18.595231456884203,34.261,0.6754661070646448,1.0620540236688938,,0.0926549404092177,8.509,0.0,0.0,0.0,406.9227914285715,10067.418357737495,66.8831883875186,2.6099999999999994,44.99999999999999,27639.26310931201,0.0,0.98925399747224,1255.5290474765686,11058.0,01:15:11,2021/07/21 01:15:11,4.0,11058.0,4.0,297.0,294.69,8.4818,34.249,26.6159,1.06,46.25,0.04,152.28,29.94,dRB2102_CTD_127_01_F.csv,dRB2102,CTD,127.0,F.csv,1270104
653,E884,1.0,1.0,False,WCOA21,2021_WCOA_RonBrown,7/21/2021,,1:18:04 AM,,E884,1270105,5,Niskin; Sterivex 0.22µm filter,95% EtOH,West Coast,90-35,196.7,33.251,-118.249,1000.0,Sean McAllister,,7/21/2021 1:18:04 AM,7/21/2021 ,2021/07/21 01:18:00,2021/07/21 00:00:00,2021/07/20 18:18:00,33.251,-118.249,1270105,5,197.0,2247.0,33RO20210613,WCOA2021,CC90-35,127.0,1.0,11008.0,2.0,17.0,2021-07-21,2021.0,7.0,21.0,01:18:04,202.054,33.251,-118.249,325.0,198.2,196.7,9.894,34.253,2.0,,9.0,61.4,2.0,63.8,2.096,2.0,2237.6,3.0,2271.4,2.0,7.4329,25.06,2.0,59.96152900268966,25.175,2.0,33.9,2.0,2.33,2.0,26.3,2.0,0.0,2.0,0.03,2.0,,9.0,1.971,2.0,,9.0,,9.0,,9.0,,9.0,,9.0,,9.0,,9.0,380.21549959916257,26.6122746865517,49.91470547481888,53.887593146162864,66.86712512389718,0.0644214097258108,0.0,6.169885466234338e-08,0.3110808003631318,33.58891919963687,2133.7977013790182,0.00044592883550289663,2.197820564376303,0.0,0.0031768402603122,0.0208597789214393,0.0,0.0,0.5949029586827084,0.0677579641990314,27632.80611895568,2271.4,0.0,0.0,0.0,26.6122746865517,2.333336431075512,0.3110808003631318,0.0,0.0,0.0,49.91470547481905,0.0,0.0,-0.00012972648780462868,0.0001294965649826311,28995.0,2133.7977013790182,53.887593146162864,2237.6,0.0396124793716742,0.0395623631267388,1128.702393791761,0.7692194439956909,0.9961448349838122,-0.0001294965649826315,0.0001222070966672025,83.14462618,0.0208597789214393,0.5949029586827084,1.0596484861699924,1.052761512536694,0.0442230881668774,1e-07,1.6972765646519222e-10,6.852972049445567e-07,1e-07,0.1814426220359448,1.6823857065131727e-09,4.362906778286332e-07,1.0275385390011935e-06,6.070282922883056e-10,0.0031279283512215,0.02509727165494,8.200406815574282e-07,7.4103975234769e-10,2.2261302312995487e-10,1.7513376941748657e-07,1.4299456085229614e-14,0.0001299572285407171,-0.0001377108060954756,1.0,1.0,3.0,1.0,10.0,1.0,1.0,0.0,1.0,1.0,1133.0705678056372,7.619126610518031,7.68069029867592,7.725093072201265,7.611143325814128,7.619126610518031,2237.6,2.0,2271.4,1.0,0.0,,198.2,1.0,1.0,0.8874183525036936,18.309902297192195,34.253,0.7914555376081774,1.243167217003461,,0.1022924408458586,9.894,0.0,0.0,0.0,406.8277742857143,10065.06759894873,66.86757105273269,2.33,33.9,27632.80929579593,0.0,0.9882019426796512,1146.5981990818132,11008.0,01:18:04,2021/07/21 01:18:04,5.0,11008.0,5.0,197.0,195.51,9.8004,34.2148,26.3762,1.56,67.8,0.04,152.88,99.74,dRB2102_CTD_127_01_F.csv,dRB2102,CTD,127.0,F.csv,1270105
654,E885.1B,1.0,1.0,False,WCOA21,2021_WCOA_RonBrown,7/21/2021,,1:24:37 AM,,E885.1B,1270108,8,Niskin; Sterivex 0.22µm filter,95% EtOH,West Coast,90-35,99.5,33.251,-118.249,1000.0,Sean McAllister,,7/21/2021 1:24:37 AM,7/21/2021 ,2021/07/21 01:24:00,2021/07/21 00:00:00,2021/07/20 18:24:00,33.251,-118.249,1270108,8,100.0,2250.0,33RO20210613,WCOA2021,CC90-35,127.0,1.0,11027.0,2.0,17.0,2021-07-21,2021.0,7.0,21.0,01:24:37,202.059,33.251,-118.249,325.0,100.2,99.5,11.123,33.607,2.0,,9.0,170.7,2.0,171.1,5.617,2.0,2133.6,2.0,2227.4,2.0,7.6256,25.06,2.0,88.81055221700073,25.175,2.0,13.7,6.0,1.35,6.0,15.5,6.0,0.01,6.0,0.03,6.0,,9.0,4.277,2.0,,9.0,,9.0,,9.0,,9.0,,9.0,,9.0,,9.0,359.4393341641072,39.71580583589283,29.97938216676104,81.45767840310822,65.60618024545978,0.0235474075825376,0.0,1.4663829690282344e-08,0.2022916712032477,13.497708328796753,2022.1629394301303,0.0002910233104577151,1.2619074083283706,0.0,0.0021439362807231,0.0133268784353069,0.0,0.0,1.0283703620681557,0.0645451694252617,27111.66171043601,2227.4,0.0,0.0,0.0,39.71580583589283,1.3909977325150644,0.2022916712032477,0.0,0.0,0.0,29.9793821667612,0.0,0.0,-0.00014728940190716563,0.0001438194084168124,28995.0,2022.1629394301303,81.45767840310822,2133.6,0.0412099770325183,0.0411609093264876,703.1599089116911,0.7627755713621489,0.996205547757316,-0.00014381940841681274,0.00013175893865368824,83.14462618,0.0133268784353069,1.0283703620681557,1.0915343572615108,1.0846821135895504,0.042635226762517,1e-07,1.8695316198506118e-10,6.576570207452235e-07,1e-07,0.16852824547205,1.7094286064911894e-09,4.186003045662914e-07,1.0435341305687894e-06,6.232023340007334e-10,0.0030043146281339,0.0248432770591904,8.290821759696894e-07,7.913150848830123e-10,2.3186284084986446e-10,1.834722324473976e-07,1.5909727505361276e-14,0.00015093097936642072,-0.0001583102339272639,1.0,1.0,3.0,1.0,10.0,1.0,1.0,0.0,1.0,1.0,705.8381781698196,7.810486810348135,7.875271563795405,7.919996323620975,7.802393099509754,7.810486810348135,2133.6,2.0,2227.4,1.0,0.0,,100.2,1.0,1.0,0.8322831404205064,16.19320876292043,33.607,1.2231519020060646,1.9216766615246723,,0.1517356783320549,11.123,0.0,0.0,0.0,399.15514,9875.243826755905,65.60647126877025,1.35,13.7,27111.66385437229,0.0,0.987188997980088,714.9980192385175,11027.0,01:24:37,2021/07/21 01:24:37,8.0,11027.0,8.0,100.0,99.27,11.157,33.5967,25.6568,3.95,171.82,0.044,153.98,99.34,dRB2102_CTD_127_01_F.csv,dRB2102,CTD,127.0,F.csv,1270108
655,E885.2T,2.0,2.0,False,WCOA21,2021_WCOA_RonBrown,7/21/2021,,1:24:39 AM,,E885.2T,1270109,9,Niskin; Sterivex 0.22µm filter,95% EtOH,West Coast,90-35,99.7,33.251,-118.249,1000.0,Sean McAllister,Bleach bottle; sample rinse 3X,7/21/2021 1:24:39 AM,7/21/2021 ,2021/07/21 01:24:00,2021/07/21 00:00:00,2021/07/20 18:24:00,33.251,-118.249,1270109,9,100.0,2251.0,33RO20210613,WCOA2021,CC90-35,127.0,1.0,12052.0,2.0,17.0,2021-07-21,2021.0,7.0,21.0,01:24:39,202.059,33.251,-118.249,325.0,100.4,99.7,11.115,33.61,2.0,,9.0,170.7,2.0,171.1,5.617,9.0,2133.6,9.0,2227.4,9.0,7.6256,25.06,9.0,88.81055221700073,25.175,9.0,13.7,9.0,1.35,9.0,15.5,9.0,0.01,9.0,0.03,9.0,,9.0,4.277,9.0,,9.0,,9.0,,9.0,,9.0,,9.0,,9.0,,9.0,,,,,,,,,,,,,,,,,,,,,,,,,,,,,,,,,,,,,,,,,,,,,,,,,,,,,,,,,,,,,,,,,,,,,,,,,,,,,,,,,,,,,,,,,,,,,0.0,100.4,,,,,33.61,,,0.0,,11.115,,,,,,,,,,,,,12052.0,01:24:39,2021/07/21 01:24:39,9.0,12052.0,9.0,100.0,99.27,11.157,33.5967,25.6568,3.95,171.82,0.044,153.98,99.34,dRB2102_CTD_127_01_F.csv,dRB2102,CTD,127.0,F.csv,1270108
656,E885.3T,2.0,3.0,False,WCOA21,2021_WCOA_RonBrown,7/21/2021,,1:24:39 AM,,E885.3T,1270109,9,Niskin; Sterivex 0.22µm filter,95% EtOH,West Coast,90-35,99.7,33.251,-118.249,1000.0,Sean McAllister,Bleach bottle; sample rinse 3X,7/21/2021 1:24:39 AM,7/21/2021 ,2021/07/21 01:24:00,2021/07/21 00:00:00,2021/07/20 18:24:00,33.251,-118.249,1270109,9,100.0,2251.0,33RO20210613,WCOA2021,CC90-35,127.0,1.0,12052.0,2.0,17.0,2021-07-21,2021.0,7.0,21.0,01:24:39,202.059,33.251,-118.249,325.0,100.4,99.7,11.115,33.61,2.0,,9.0,170.7,2.0,171.1,5.617,9.0,2133.6,9.0,2227.4,9.0,7.6256,25.06,9.0,88.81055221700073,25.175,9.0,13.7,9.0,1.35,9.0,15.5,9.0,0.01,9.0,0.03,9.0,,9.0,4.277,9.0,,9.0,,9.0,,9.0,,9.0,,9.0,,9.0,,9.0,,,,,,,,,,,,,,,,,,,,,,,,,,,,,,,,,,,,,,,,,,,,,,,,,,,,,,,,,,,,,,,,,,,,,,,,,,,,,,,,,,,,,,,,,,,,,0.0,100.4,,,,,33.61,,,0.0,,11.115,,,,,,,,,,,,,12052.0,01:24:39,2021/07/21 01:24:39,9.0,12052.0,9.0,100.0,99.27,11.157,33.5967,25.6568,3.95,171.82,0.044,153.98,99.34,dRB2102_CTD_127_01_F.csv,dRB2102,CTD,127.0,F.csv,1270108
657,E886.1B,1.0,1.0,False,WCOA21,2021_WCOA_RonBrown,7/21/2021,,1:41:09 AM,,E886.1B,1270122,22,Niskin; Sterivex 0.22µm filter,95% EtOH,West Coast,90-35,4.2,33.251,-118.249,1000.0,Sean McAllister,,7/21/2021 1:41:09 AM,7/21/2021 ,2021/07/21 01:41:00,2021/07/21 00:00:00,2021/07/20 18:41:00,33.251,-118.249,1270122,22,4.0,2264.0,33RO20210613,WCOA2021,CC90-35,127.0,1.0,11024.0,2.0,17.0,2021-07-21,2021.0,7.0,21.0,01:41:09,202.07,33.251,-118.249,325.0,4.3,4.2,20.691,33.47,2.0,,9.0,240.0,2.0,,,9.0,,9.0,,9.0,,,9.0,,,9.0,,9.0,,9.0,,9.0,,9.0,,9.0,,9.0,3.542,2.0,,9.0,,9.0,,9.0,,9.0,,9.0,,9.0,,9.0,,,,,,,,,,,,,,,,,,,,,,,,,,,,,,,,,,,,,,,,,,,,,,,,,,,,,,,,,,,,,,,,,,,,,,,,,,,,,,,,,,,,,,,,,,,,,0.0,4.3,,,,,33.47,,,0.0,,20.691,,,,,,,,,,,,,11024.0,01:41:09,2021/07/21 01:41:09,22.0,11024.0,22.0,4.0,3.97,20.6026,33.4673,23.4343,5.46,238.25,0.045,155.21,99.7,dRB2102_CTD_127_01_F.csv,dRB2102,CTD,127.0,F.csv,1270121
658,E886.2B,2.0,1.0,False,WCOA21,2021_WCOA_RonBrown,7/21/2021,,1:41:19 AM,,E886.2B,1270123,23,Niskin; Sterivex 0.22µm filter,95% EtOH,West Coast,90-35,4.4,33.251,-118.249,1000.0,Sean McAllister,,7/21/2021 1:41:19 AM,7/21/2021 ,2021/07/21 01:41:00,2021/07/21 00:00:00,2021/07/20 18:41:00,33.251,-118.249,1270123,23,4.0,2265.0,33RO20210613,WCOA2021,CC90-35,127.0,1.0,11061.0,2.0,17.0,2021-07-21,2021.0,7.0,21.0,01:41:19,202.07,33.251,-118.249,325.0,4.4,4.4,20.688,33.471,2.0,,9.0,240.0,2.0,,,9.0,,9.0,,9.0,,,9.0,,,9.0,,9.0,,9.0,,9.0,,9.0,,9.0,,9.0,3.542,9.0,,9.0,,9.0,,9.0,,9.0,,9.0,,9.0,,9.0,,,,,,,,,,,,,,,,,,,,,,,,,,,,,,,,,,,,,,,,,,,,,,,,,,,,,,,,,,,,,,,,,,,,,,,,,,,,,,,,,,,,,,,,,,,,,0.0,4.4,,,,,33.471,,,0.0,,20.688,,,,,,,,,,,,,11061.0,01:41:19,2021/07/21 01:41:19,23.0,11061.0,23.0,4.0,3.97,20.6026,33.4673,23.4343,5.46,238.25,0.045,155.21,99.7,dRB2102_CTD_127_01_F.csv,dRB2102,CTD,127.0,F.csv,1270121
659,E886.3B,3.0,1.0,False,WCOA21,2021_WCOA_RonBrown,7/21/2021,,1:41:23 AM,,E886.3B,1270124,24,Niskin; Sterivex 0.22µm filter,95% EtOH,West Coast,90-35,4.2,33.251,-118.249,1000.0,Sean McAllister,,7/21/2021 1:41:23 AM,7/21/2021 ,2021/07/21 01:41:00,2021/07/21 00:00:00,2021/07/20 18:41:00,33.251,-118.249,1270124,24,4.0,2266.0,33RO20210613,WCOA2021,CC90-35,127.0,1.0,11001.0,2.0,17.0,2021-07-21,2021.0,7.0,21.0,01:41:23,202.07,33.251,-118.249,325.0,4.3,4.2,20.687,33.471,2.0,,9.0,240.0,2.0,,,9.0,,9.0,,9.0,,,9.0,,,9.0,,9.0,,9.0,,9.0,,9.0,,9.0,,9.0,3.542,9.0,,9.0,,9.0,,9.0,,9.0,,9.0,,9.0,,9.0,,,,,,,,,,,,,,,,,,,,,,,,,,,,,,,,,,,,,,,,,,,,,,,,,,,,,,,,,,,,,,,,,,,,,,,,,,,,,,,,,,,,,,,,,,,,,0.0,4.3,,,,,33.471,,,0.0,,20.687,,,,,,,,,,,,,11001.0,01:41:23,2021/07/21 01:41:23,24.0,11001.0,24.0,4.0,3.97,20.6026,33.4673,23.4343,5.46,238.25,0.045,155.21,99.7,dRB2102_CTD_127_01_F.csv,dRB2102,CTD,127.0,F.csv,1270121
660,E888,1.0,1.0,False,WCOA21,2021_WCOA_RonBrown,7/21/2021,,8:34:38 AM,,E888,1280102,2,Niskin; Sterivex 0.22µm filter,95% EtOH,West Coast,90-37,1165.6,33.183,-118.387,1000.0,Sean McAllister,Bleach bottle; sample rinse 3X,7/21/2021 8:34:38 AM,7/21/2021 ,2021/07/21 08:34:00,2021/07/21 00:00:00,2021/07/21 01:34:00,33.183,-118.387,1280102,2,1166.0,2268.0,33RO20210613,WCOA2021,CC90-37,128.0,1.0,11081.0,2.0,17.0,2021-07-21,2021.0,7.0,21.0,08:34:38,202.357,33.183,-118.387,1176.0,1177.2,1165.6,4.205,34.47,2.0,,9.0,13.4,2.0,,,9.0,,9.0,,9.0,,,9.0,,,9.0,,9.0,,9.0,,9.0,,9.0,,9.0,,9.0,2.569,2.0,,9.0,,9.0,,9.0,,9.0,,9.0,,9.0,,9.0,,,,,,,,,,,,,,,,,,,,,,,,,,,,,,,,,,,,,,,,,,,,,,,,,,,,,,,,,,,,,,,,,,,,,,,,,,,,,,,,,,,,,,,,,,,,,0.0,1177.2,,,,,34.47,,,0.0,,4.205,,,,,,,,,,,,,11081.0,08:34:38,2021/07/21 08:34:38,2.0,11081.0,2.0,1166.0,1154.52,4.2088,34.4694,27.3518,0.31,13.63,0.042,157.99,21.74,dRB2102_CTD_128_01_F.csv,dRB2102,CTD,128.0,F.csv,1280101
661,E889,1.0,1.0,False,WCOA21,2021_WCOA_RonBrown,7/21/2021,,8:38:37 AM,,E889,1280103,3,Niskin; Sterivex 0.22µm filter,95% EtOH,West Coast,90-37,1090.4,33.183,-118.387,1000.0,Sean McAllister,,7/21/2021 8:38:37 AM,7/21/2021 ,2021/07/21 08:38:00,2021/07/21 00:00:00,2021/07/21 01:38:00,33.183,-118.387,1280103,3,1090.0,2269.0,33RO20210613,WCOA2021,CC90-37,128.0,1.0,11020.0,2.0,17.0,2021-07-21,2021.0,7.0,21.0,08:38:37,202.36,33.183,-118.387,1176.0,1101.0,1090.4,4.249,34.466,2.0,34.4722,2.0,14.2,2.0,13.7,0.449,2.0,2367.9,6.0,2366.6,2.0,7.3209,25.05,2.0,51.61076257716357,24.855,2.0,116.9,2.0,3.26,2.0,41.0,2.0,0.01,2.0,0.04,2.0,,9.0,1.504,2.0,,9.0,,9.0,,9.0,,9.0,,9.0,,9.0,,9.0,388.1134352432223,21.317808756777787,67.26510936477996,40.40837824996635,67.29500503233352,0.1142405986836797,0.0,1.2513072810479264e-07,0.7644419894334248,116.13555801056656,2260.226512385254,0.00048099353317688137,3.082900982528116,0.0,0.0028917376445656,0.0261305082638845,0.0,0.0,0.2953661633320588,0.0628582936574755,27809.640894398948,2366.6,0.0,0.0,0.0,21.317808756777787,3.208617444712339,0.7644419894334248,0.0,0.0,0.0,67.26510936477976,0.0,0.0,-0.0001288373373760248,0.00013031537487043747,28995.0,2260.226512385254,40.40837824996635,2367.9,0.040887758933653,0.0408324831198082,1251.8310353559098,0.7912581079318542,0.9958488261292172,-0.00013031537487043823,0.00012485997406138586,83.14462618,0.0261305082638845,0.2953661633320588,1.0436921507477608,1.0373039018708887,0.0537333773208904,1e-07,1.1539035081774155e-10,8.245256175671481e-07,1e-07,0.2512952904190218,1.594097596726844e-09,5.26706739557726e-07,9.751987464280092e-07,5.1886034256145e-10,0.0036558759397475,0.0264964396219365,7.831953997464515e-07,5.917442321867371e-10,1.9103385741621904e-10,1.4158704327493337e-07,8.572189514072826e-15,0.0001273924516878465,-0.00013626927246527818,1.0,1.0,3.0,1.0,10.0,1.0,1.0,0.0,1.0,1.0,1257.049265420811,7.5372689778912445,7.58285214273905,7.631812067829039,7.530130241043421,7.5372689778912445,2367.9,2.0,2366.6,1.0,0.0,,1101.0,1.0,1.0,0.9162738730640884,18.964444112697407,34.4722,0.4964258059756218,0.7771227582772532,,0.08649760997987,4.249,0.0,0.0,0.0,409.4312440000001,10129.47838976091,67.29548602586668,3.26,116.9,27809.643786136592,0.0,0.9919910989783922,1267.1981298172843,11020.0,08:38:37,2021/07/21 08:38:37,3.0,11020.0,3.0,1090.0,1079.47,4.2637,34.4645,27.3415,0.33,14.44,0.042,158.53,98.79,dRB2102_CTD_128_01_F.csv,dRB2102,CTD,128.0,F.csv,1280103
662,E890,1.0,1.0,False,WCOA21,2021_WCOA_RonBrown,7/21/2021,,9:13:14 AM,,E890,1280110,10,Niskin; Sterivex 0.22µm filter,95% EtOH,West Coast,90-37,199.2,33.182,-118.387,1000.0,Sean McAllister,,7/21/2021 9:13:14 AM,7/21/2021 ,2021/07/21 09:13:00,2021/07/21 00:00:00,2021/07/21 02:13:00,33.182,-118.387,1280110,10,199.0,2276.0,33RO20210613,WCOA2021,CC90-37,128.0,1.0,11067.0,2.0,17.0,2021-07-21,2021.0,7.0,21.0,09:13:14,202.384,33.182,-118.387,1176.0,200.7,199.2,8.834,34.036,2.0,,9.0,110.8,2.0,111.3,3.657,2.0,2205.6,2.0,2258.2,2.0,7.4913,25.04,2.0,66.83909712753587,24.855,2.0,32.8,2.0,2.02,2.0,26.3,2.0,0.02,2.0,0.04,2.0,,9.0,2.432,2.0,,9.0,,9.0,,9.0,,9.0,,9.0,,9.0,,9.0,373.7528476816755,30.49758660403875,41.99440015130989,61.091413464079736,66.4435873496784,0.0475618023573586,0.0,3.78177427674028e-08,0.344873099462443,32.45512690053756,2102.51418638461,0.000363496986416988,1.905487659849316,0.0,0.0025288364055884,0.0174098155478076,0.0,0.0,0.641440510685561,0.0669504999755819,27457.7470753358,2258.2,0.0,0.0,0.0,30.49758660403875,2.039388621982737,0.344873099462443,0.0,0.0,0.0,41.99440015130972,0.0,0.0,-0.0001322345578243508,0.0001310994436510192,28995.0,2102.51418638461,61.091413464079736,2205.6,0.0407538940056931,0.0407028523961934,915.4158567958664,0.7725485213993856,0.9960914311685256,-0.00013109944365101916,0.00012274105093500125,83.14462618,0.0174098155478076,0.641440510685561,1.0680977770057074,1.060723704293398,0.0458746697902942,1e-07,1.5535554981870687e-10,6.821659392341623e-07,1e-07,0.1890333083166408,1.6269595685793664e-09,4.3339039753087033e-07,9.98259266188774e-07,5.793446971809894e-10,0.0031823389005089,0.0250760136687566,7.988102597450019e-07,7.00557007447413e-10,2.1187114133511464e-10,1.671511380635252e-07,1.2789459240762004e-14,0.00013338950027197397,-0.00014067939791986332,1.0,1.0,3.0,1.0,10.0,1.0,1.0,0.0,1.0,1.0,919.0078622822627,7.700304202485563,7.759205830088508,7.804532177317949,7.69245794297371,7.700304202485563,2205.6,2.0,2258.2,1.0,0.0,,200.7,1.0,1.0,0.8724877469614964,17.969538171609734,34.036,0.8956673412012883,1.4097999321925925,,0.1207660230868654,8.834,0.0,0.0,0.0,404.25043428571433,10001.303266803465,66.44395084666482,2.02,32.8,27457.7496041722,0.0,0.9890135213693916,929.2166814967316,11067.0,09:13:14,2021/07/21 09:13:14,10.0,11067.0,10.0,199.0,197.5,8.8576,34.0345,26.3879,2.57,111.92,0.04,162.91,99.63,dRB2102_CTD_128_01_F.csv,dRB2102,CTD,128.0,F.csv,1280110
663,E891,1.0,1.0,False,WCOA21,2021_WCOA_RonBrown,7/21/2021,,9:21:33 AM,,E891,1280114,14,Niskin; Sterivex 0.22µm filter,95% EtOH,West Coast,90-37,99.6,33.182,-118.387,1000.0,Sean McAllister,Bleach bottle; sample rinse 3X,7/21/2021 9:21:33 AM,7/21/2021 ,2021/07/21 09:21:00,2021/07/21 00:00:00,2021/07/21 02:21:00,33.182,-118.387,1280114,14,100.0,2280.0,33RO20210613,WCOA2021,CC90-37,128.0,1.0,11011.0,2.0,17.0,2021-07-21,2021.0,7.0,21.0,09:21:33,202.39,33.182,-118.387,1176.0,100.4,99.6,10.655,33.691,2.0,,9.0,155.9,2.0,,,9.0,,9.0,,9.0,,,9.0,,,9.0,,9.0,,9.0,,9.0,,9.0,,9.0,,9.0,,9.0,,9.0,,9.0,,9.0,,9.0,,9.0,,9.0,,9.0,,,,,,,,,,,,,,,,,,,,,,,,,,,,,,,,,,,,,,,,,,,,,,,,,,,,,,,,,,,,,,,,,,,,,,,,,,,,,,,,,,,,,,,,,,,,,0.0,100.4,,,,,33.691,,,0.0,,10.655,,,,,,,,,,,,,11011.0,09:21:33,2021/07/21 09:21:33,14.0,11011.0,14.0,100.0,99.27,10.6482,33.6926,25.8218,3.58,155.89,0.043,164.21,99.39,dRB2102_CTD_128_01_F.csv,dRB2102,CTD,128.0,F.csv,1280113
664,E892,1.0,1.0,False,WCOA21,2021_WCOA_RonBrown,7/21/2021,,9:40:06 AM,,E892,1280124,24,Niskin; Sterivex 0.22µm filter,95% EtOH,West Coast,90-37,3.7,33.182,-118.387,1000.0,Sean McAllister,Bleach bottle; sample rinse 3X,7/21/2021 9:40:06 AM,7/21/2021 ,2021/07/21 09:40:00,2021/07/21 00:00:00,2021/07/21 02:40:00,33.182,-118.387,1280124,24,4.0,2290.0,33RO20210613,WCOA2021,CC90-37,128.0,1.0,11001.0,2.0,17.0,2021-07-21,2021.0,7.0,21.0,09:40:06,202.403,33.182,-118.387,1176.0,3.7,3.7,20.722,33.503,2.0,,9.0,237.6,2.0,,,9.0,,9.0,,9.0,,,9.0,,,9.0,,9.0,,9.0,,9.0,,9.0,,9.0,,9.0,3.356,2.0,,9.0,,9.0,,9.0,,9.0,,9.0,,9.0,,9.0,,,,,,,,,,,,,,,,,,,,,,,,,,,,,,,,,,,,,,,,,,,,,,,,,,,,,,,,,,,,,,,,,,,,,,,,,,,,,,,,,,,,,,,,,,,,,0.0,3.7,,,,,33.503,,,0.0,,20.722,,,,,,,,,,,,,11001.0,09:40:06,2021/07/21 09:40:06,24.0,11001.0,24.0,4.0,3.97,20.7505,33.5054,23.4237,5.42,236.69,0.048,165.56,98.37,dRB2102_CTD_128_01_F.csv,dRB2102,CTD,128.0,F.csv,1280123
665,E893,1.0,1.0,False,WCOA21,2021_WCOA_RonBrown,7/21/2021,,6:58:00 PM,,E893,1290102,2,Niskin; Sterivex 0.22µm filter,95% EtOH,West Coast,90-49,819.7,32.811,-119.151,1000.0,Sean McAllister,Bleach bottle; sample rinse 3X; Note station name was officially changed from 90-45,7/21/2021 6:58:00 PM,7/21/2021 ,2021/07/21 06:58:00,2021/07/21 00:00:00,2021/07/20 23:58:00,32.811,-119.151,1290102,2,820.0,2292.0,33RO20210613,WCOA2021,CC90-49,129.0,1.0,11081.0,2.0,17.0,2021-07-21,2021.0,7.0,21.0,18:58:00,202.79,32.811,-119.151,830.0,827.1,819.7,5.164,34.396,2.0,,9.0,11.2,2.0,,,9.0,,9.0,,9.0,,,9.0,,,9.0,,9.0,,9.0,,9.0,,9.0,,9.0,,9.0,1.721,2.0,,9.0,,9.0,,9.0,,9.0,,9.0,,9.0,,9.0,,,,,,,,,,,,,,,,,,,,,,,,,,,,,,,,,,,,,,,,,,,,,,,,,,,,,,,,,,,,,,,,,,,,,,,,,,,,,,,,,,,,,,,,,,,,,0.0,827.1,,,,,34.396,,,0.0,,5.164,,,,,,,,,,,,,11081.0,18:58:00,2021/07/21 18:58:00,2.0,11081.0,2.0,820.0,812.62,5.166,34.3965,27.1854,0.26,11.13,0.04,157.88,27.47,dRB2102_CTD_129_01_F.csv,dRB2102,CTD,129.0,F.csv,1290101
666,E894,1.0,1.0,False,WCOA21,2021_WCOA_RonBrown,7/21/2021,,7:22:28 PM,,E894,1290107,7,Niskin; Sterivex 0.22µm filter,95% EtOH,West Coast,90-49,198.8,32.811,-119.151,1000.0,Sean McAllister,,7/21/2021 7:22:28 PM,7/21/2021 ,2021/07/21 07:22:00,2021/07/21 00:00:00,2021/07/21 00:22:00,32.811,-119.151,1290107,7,199.0,2297.0,33RO20210613,WCOA2021,CC90-49,129.0,1.0,11004.0,2.0,17.0,2021-07-21,2021.0,7.0,21.0,19:22:28,202.807,32.811,-119.151,830.0,200.3,198.8,8.63,34.124,2.0,,9.0,74.1,2.0,70.8,2.325,2.0,2237.6,2.0,2266.6,2.0,7.4107,25.08,2.0,57.33359087814114,24.865,2.0,39.6,2.0,2.34,2.0,29.5,2.0,0.02,2.0,0.04,2.0,,9.0,2.904,2.0,,9.0,,9.0,,9.0,,9.0,,9.0,,9.0,,9.0,379.58125184194745,25.714371015195443,51.34096887093047,51.44369262438322,66.61530676052338,0.0663553154476973,0.0,6.320276433623741e-08,0.3448994873853831,39.25510051261462,2134.815338504686,0.0004347687864758183,2.209684171474684,0.0,0.0030089509124089,0.0208881450280026,0.0,0.0,0.5247326006717216,0.0639604498748531,27528.7385438982,2266.6,0.0,0.0,0.0,25.714371015195443,2.3376050080216264,0.3448994873853831,0.0,0.0,0.0,51.34096887093051,0.0,0.0,-0.0001278888283532895,0.00012788295750175313,28995.0,2134.815338504686,51.44369262438322,2237.6,0.0399448583031347,0.0398936363453808,1112.0401637192117,0.773582803249512,0.9960810411210986,-0.00012788295750175335,0.00012096408427450742,83.14462618,0.0208881450280026,0.5247326006717216,1.0571977481476609,1.050317450577183,0.0461682685085949,1e-07,1.5259350785120522e-10,6.844004497262264e-07,1e-07,0.1911045742791981,1.6188860663497715e-09,4.347379016445915e-07,9.936681909854402e-07,5.758600535229779e-10,0.0032004831809058,0.0250890823824931,7.957920931307023e-07,6.917137968485413e-10,2.0996242897482604e-10,1.6568003606307442e-07,1.2539585473890432e-14,0.00012789469974388854,-0.00013564133650561337,1.0,1.0,3.0,1.0,10.0,1.0,1.0,0.0,1.0,1.0,1116.415349565935,7.621654866869218,7.680100125834546,7.725317743334362,7.613824550147602,7.621654866869218,2237.6,2.0,2266.6,1.0,0.0,,200.3,1.0,1.0,0.8917936625425502,18.49805265273738,34.124,0.7537023392448347,1.1865407133528016,,0.1022022460894804,8.63,0.0,0.0,0.0,405.29562285714286,10027.161613479884,66.61574152930984,2.3399999999999994,39.6,27528.74155284911,0.0,0.9891647014487304,1128.644550225896,11004.0,19:22:28,2021/07/21 19:22:28,7.0,11004.0,7.0,199.0,197.5,8.651,34.1072,26.4771,1.82,79.22,0.04,161.12,99.76,dRB2102_CTD_129_01_F.csv,dRB2102,CTD,129.0,F.csv,1290107
667,E895,1.0,1.0,False,WCOA21,2021_WCOA_RonBrown,7/21/2021,,7:32:49 PM,,E895,1290111,11,Niskin; Sterivex 0.22µm filter,95% EtOH,West Coast,90-49,99.1,32.81,-119.151,1000.0,Sean McAllister,Bleach bottle; sample rinse 3X,7/21/2021 7:32:49 PM,7/21/2021 ,2021/07/21 07:32:00,2021/07/21 00:00:00,2021/07/21 00:32:00,32.81,-119.151,1290111,11,99.0,2301.0,33RO20210613,WCOA2021,CC90-49,129.0,1.0,11023.0,2.0,17.0,2021-07-21,2021.0,7.0,21.0,19:32:49,202.814,32.81,-119.151,830.0,99.8,99.1,9.541,33.964,2.0,,9.0,103.9,2.0,,,9.0,,9.0,,9.0,,,9.0,,,9.0,,9.0,,9.0,,9.0,,9.0,,9.0,,9.0,,9.0,,9.0,,9.0,,9.0,,9.0,,9.0,,9.0,,9.0,,,,,,,,,,,,,,,,,,,,,,,,,,,,,,,,,,,,,,,,,,,,,,,,,,,,,,,,,,,,,,,,,,,,,,,,,,,,,,,,,,,,,,,,,,,,,0.0,99.8,,,,,33.964,,,0.0,,9.541,,,,,,,,,,,,,11023.0,19:32:49,2021/07/21 19:32:49,11.0,11023.0,11.0,99.0,98.28,9.4868,33.9624,26.2289,2.37,103.27,0.042,162.69,99.65,dRB2102_CTD_129_01_F.csv,dRB2102,CTD,129.0,F.csv,1290110
668,E896,1.0,1.0,False,WCOA21,2021_WCOA_RonBrown,7/21/2021,,7:51:40 PM,,E896,1290121,21,Niskin; Sterivex 0.22µm filter,95% EtOH,West Coast,90-49,3.6,32.81,-119.151,1000.0,Sean McAllister,,7/21/2021 7:51:40 PM,7/21/2021 ,2021/07/21 07:51:00,2021/07/21 00:00:00,2021/07/21 00:51:00,32.81,-119.151,1290121,21,4.0,2311.0,33RO20210613,WCOA2021,CC90-49,129.0,1.0,11062.0,2.0,17.0,2021-07-21,2021.0,7.0,21.0,19:51:40,202.828,32.81,-119.151,830.0,3.6,3.6,18.827,33.802,2.0,,9.0,246.7,2.0,,,9.0,,9.0,,9.0,,,9.0,,,9.0,,9.0,,9.0,,9.0,,9.0,,9.0,,9.0,,9.0,,9.0,,9.0,,9.0,,9.0,,9.0,,9.0,,9.0,,,,,,,,,,,,,,,,,,,,,,,,,,,,,,,,,,,,,,,,,,,,,,,,,,,,,,,,,,,,,,,,,,,,,,,,,,,,,,,,,,,,,,,,,,,,,0.0,3.6,,,,,33.802,,,0.0,,18.827,,,,,,,,,,,,,11062.0,19:51:40,2021/07/21 19:51:40,21.0,11062.0,21.0,4.0,3.97,18.8058,33.8049,24.1572,5.66,246.7,0.048,162.72,99.7,dRB2102_CTD_129_01_F.csv,dRB2102,CTD,129.0,F.csv,1290120
669,E897,1.0,1.0,False,WCOA21,2021_WCOA_RonBrown,7/22/2021,,2:02:19 AM,,E897,1300102,2,Niskin; Sterivex 0.22µm filter,95% EtOH,West Coast,90-53,1310.8,32.65,-119.483,1000.0,Sean McAllister,Bleach bottle; sample rinse 3X,7/22/2021 2:02:19 AM,7/22/2021 ,2021/07/22 02:02:00,2021/07/22 00:00:00,2021/07/21 19:02:00,32.65,-119.483,1300102,2,1311.0,2313.0,33RO20210613,WCOA2021,CC90-53,130.0,1.0,11081.0,2.0,17.0,2021-07-22,2021.0,7.0,22.0,02:02:19,203.085,32.65,-119.483,1321.0,1324.3,1310.8,4.066,34.472,2.0,,9.0,19.3,2.0,,,9.0,,9.0,,9.0,,,9.0,,,9.0,,9.0,,9.0,,9.0,,9.0,,9.0,,9.0,4.07,2.0,,9.0,,9.0,,9.0,,9.0,,9.0,,9.0,,9.0,,,,,,,,,,,,,,,,,,,,,,,,,,,,,,,,,,,,,,,,,,,,,,,,,,,,,,,,,,,,,,,,,,,,,,,,,,,,,,,,,,,,,,,,,,,,,0.0,1324.3,,,,,34.472,,,0.0,,4.066,,,,,,,,,,,,,11081.0,02:02:19,2021/07/22 02:02:19,2.0,11081.0,2.0,1311.0,1297.71,4.072,34.4716,27.369,0.45,19.76,0.04,132.64,22.96,dRB2102_CTD_130_01_F.csv,dRB2102,CTD,130.0,F.csv,1300101
670,E898,1.0,1.0,False,WCOA21,2021_WCOA_RonBrown,7/22/2021,,2:06:03 AM,,E898,1300103,3,Niskin; Sterivex 0.22µm filter,95% EtOH,West Coast,90-53,1188.3,32.65,-119.483,1000.0,Sean McAllister,,7/22/2021 2:06:03 AM,7/22/2021 ,2021/07/22 02:06:00,2021/07/22 00:00:00,2021/07/21 19:06:00,32.65,-119.483,1300103,3,1188.0,2314.0,33RO20210613,WCOA2021,CC90-53,130.0,1.0,11020.0,2.0,17.0,2021-07-22,2021.0,7.0,22.0,02:06:03,203.088,32.65,-119.483,1321.0,1200.1,1188.3,4.104,34.468,2.0,34.4742,2.0,19.2,2.0,18.3,0.602,2.0,2362.6,6.0,2364.4,6.0,7.3275,25.02,6.0,52.09968630256309,24.9,2.0,120.8,6.0,3.22,6.0,41.9,6.0,0.01,6.0,0.03,6.0,,9.0,3.93,3.0,,9.0,,9.0,,9.0,,9.0,,9.0,,9.0,,9.0,387.5900342652829,21.864964020431422,65.45705456146571,41.13992759004723,67.29892091540238,0.1101455519329511,0.0,1.1771407201260769e-07,0.80904493476376,119.99095506523624,2256.0030178484867,0.0004694441607985412,3.046403032176925,0.0,0.0028020859267674,0.0256830289994468,0.0,0.0,0.2987670644946556,0.0634512981760525,27811.25443742969,2364.4,0.0,0.0,0.0,21.864964020431422,3.173305510814958,0.80904493476376,0.0,0.0,0.0,65.4570545614657,0.0,0.0,-0.00012834833704556428,0.00012968310404253832,28995.0,2256.0030178484867,41.13992759004723,2362.6,0.0410815595658418,0.0410261435382382,1211.7767475607477,0.791814618561533,0.9958408343213664,-0.00012968310404253797,0.00012414648518554997,83.14462618,0.0256830289994468,0.2987670644946556,1.0445974676505208,1.038035952486165,0.0540174208600951,1e-07,1.1520774765146603e-10,8.402670408624684e-07,1e-07,0.2549091187405216,1.606919590523238e-09,5.373261758966134e-07,9.817506501743336e-07,5.194476992282002e-10,0.003681886541227,0.0266536420232045,7.878406328746991e-07,5.932956078317671e-10,1.9206229472127926e-10,1.412766899862659e-07,8.510414252645995e-15,0.00012704076638329014,-0.00013573661326145726,1.0,1.0,3.0,1.0,10.0,1.0,1.0,0.0,1.0,1.0,1216.8377774813127,7.545382019692303,7.590353757855126,7.639659475181183,7.538282990660012,7.545382019692303,2362.6,2.0,2364.4,1.0,0.0,,1200.1,1.0,1.0,0.9146131040297693,19.03074417667843,34.4742,0.4959734997620976,0.7756000055197135,,0.0878402239041615,4.104,0.0,0.0,0.0,409.4549982857143,10130.066079458102,67.29939035956318,3.22,120.8,27811.257239515617,0.0,0.9920722358461108,1226.5616691142511,11020.0,02:06:03,2021/07/22 02:06:03,3.0,11020.0,3.0,1188.0,1176.3,4.1097,34.4675,27.3608,0.45,19.42,0.042,133.2,100.0,dRB2102_CTD_130_01_F.csv,dRB2102,CTD,130.0,F.csv,1300103
671,E899,1.0,1.0,False,WCOA21,2021_WCOA_RonBrown,7/22/2021,,2:32:43 AM,,E899,1300109,9,Niskin; Sterivex 0.22µm filter,95% EtOH,West Coast,90-53,197.9,32.651,-119.483,1000.0,Sean McAllister,,7/22/2021 2:32:43 AM,7/22/2021 ,2021/07/22 02:32:00,2021/07/22 00:00:00,2021/07/21 19:32:00,32.651,-119.483,1300109,9,198.0,2320.0,33RO20210613,WCOA2021,CC90-53,130.0,1.0,12052.0,2.0,17.0,2021-07-22,2021.0,7.0,22.0,02:32:43,203.106,32.651,-119.483,1321.0,199.4,197.9,8.641,34.137,2.0,,9.0,65.0,2.0,65.6,2.156,2.0,2241.1,2.0,2267.1,2.0,7.4019,25.02,2.0,51.6439982391592,24.87,3.0,40.8,6.0,2.38,6.0,29.9,6.0,0.02,6.0,0.03,6.0,,9.0,2.593,2.0,,9.0,,9.0,,9.0,,9.0,,9.0,,9.0,,9.0,380.2988677437044,25.1511579705813,52.67492689732289,50.31459696576798,66.64067404208409,0.0691330813463627,0.0,6.747431441946276e-08,0.34701414434324,40.45298585565676,2138.110476136909,0.0004456562528706646,2.24736277054268,0.0,0.0030849886152155,0.0214026594078955,0.0,0.0,0.5127202565642144,0.0635040806366433,27539.22591482413,2267.1,0.0,0.0,0.0,25.1511579705813,2.3743708643416523,0.34701414434324,0.0,0.0,0.0,52.674926897322734,0.0,0.0,-0.00012759234218588937,0.000127726864313819,28995.0,2138.110476136909,50.31459696576798,2241.1,0.0398214122392937,0.0397702000249118,1141.4441224413504,0.7735814984886634,0.9960816023013072,-0.00012772686431381918,0.00012096037338995012,83.14462618,0.0214026594078955,0.5127202565642144,1.0559397324448996,1.0491382703408116,0.0461476176202655,1e-07,1.5270996229584236e-10,6.845736801419584e-07,1e-07,0.1910582974941969,1.61949657148126e-09,4.348609181974565e-07,9.939700080671189e-07,5.762499983333502e-10,0.0032004210421103,0.0250896448703436,7.96039004919086e-07,6.919513026514919e-10,2.100601517020804e-10,1.657580398936804e-07,1.2555313354252364e-14,0.00012745810311766046,-0.00013529524406805324,1.0,1.0,3.0,1.0,10.0,1.0,1.0,0.0,1.0,1.0,1145.9343489571572,7.611052919633818,7.669532259622048,7.714714030740609,7.603220105051895,7.611052919633818,2241.1,2.0,2267.1,1.0,0.0,,199.4,1.0,1.0,0.8940474901623827,18.52755524137791,34.137,0.7372541639270431,1.1606119912811943,,0.0998992898680689,8.641,0.0,0.0,0.0,405.4500257142857,10030.98159651163,66.64111969833695,2.3799999999999994,40.8,27539.22899981274,0.0,0.9891567013449932,1158.4962700035169,12052.0,02:32:43,2021/07/22 02:32:43,9.0,12052.0,9.0,198.0,196.52,8.6315,34.1073,26.4802,1.7,73.97,0.04,136.3,99.78,dRB2102_CTD_130_01_F.csv,dRB2102,CTD,130.0,F.csv,1300109
672,E900,1.0,1.0,False,WCOA21,2021_WCOA_RonBrown,7/22/2021,,2:41:18 AM,,E900,1300113,13,Niskin; Sterivex 0.22µm filter,95% EtOH,West Coast,90-53,99.4,32.65,-119.483,1000.0,Sean McAllister,Bleach bottle; sample rinse 3X,7/22/2021 2:41:18 AM,7/22/2021 ,2021/07/22 02:41:00,2021/07/22 00:00:00,2021/07/21 19:41:00,32.65,-119.483,1300113,13,99.0,2324.0,33RO20210613,WCOA2021,CC90-53,130.0,1.0,11054.0,2.0,17.0,2021-07-22,2021.0,7.0,22.0,02:41:18,203.112,32.65,-119.483,1321.0,100.2,99.4,9.977,33.868,2.0,,9.0,124.8,2.0,,,9.0,,9.0,,9.0,,,9.0,,,9.0,,9.0,,9.0,,9.0,,9.0,,9.0,,9.0,,9.0,,9.0,,9.0,,9.0,,9.0,,9.0,,9.0,,9.0,,,,,,,,,,,,,,,,,,,,,,,,,,,,,,,,,,,,,,,,,,,,,,,,,,,,,,,,,,,,,,,,,,,,,,,,,,,,,,,,,,,,,,,,,,,,,0.0,100.2,,,,,33.868,,,0.0,,9.977,,,,,,,,,,,,,11054.0,02:41:18,2021/07/22 02:41:18,13.0,11054.0,13.0,99.0,98.28,10.0562,33.7699,25.9839,3.22,140.08,0.041,136.88,99.46,dRB2102_CTD_130_01_F.csv,dRB2102,CTD,130.0,F.csv,1300112
673,E901,1.0,1.0,False,WCOA21,2021_WCOA_RonBrown,7/22/2021,,3:01:29 AM,,E901,1300123,23,Niskin; Sterivex 0.22µm filter,95% EtOH,West Coast,90-53,3.6,32.65,-119.483,1000.0,Sean McAllister,Bleach bottle; sample rinse 3X,7/22/2021 3:01:29 AM,7/22/2021 ,2021/07/22 03:01:00,2021/07/22 00:00:00,2021/07/21 20:01:00,32.65,-119.483,1300123,23,4.0,2334.0,33RO20210613,WCOA2021,CC90-53,130.0,1.0,11061.0,2.0,17.0,2021-07-22,2021.0,7.0,22.0,03:01:29,203.126,32.65,-119.483,1321.0,3.6,3.6,18.861,33.635,2.0,,9.0,244.4,2.0,,,9.0,,9.0,,9.0,,,9.0,,,9.0,,9.0,,9.0,,9.0,,9.0,,9.0,,9.0,5.073,2.0,,9.0,,9.0,,9.0,,9.0,,9.0,,9.0,,9.0,,,,,,,,,,,,,,,,,,,,,,,,,,,,,,,,,,,,,,,,,,,,,,,,,,,,,,,,,,,,,,,,,,,,,,,,,,,,,,,,,,,,,,,,,,,,,0.0,3.6,,,,,33.635,,,0.0,,18.861,,,,,,,,,,,,,11061.0,03:01:29,2021/07/22 03:01:29,23.0,11061.0,23.0,4.0,3.97,18.8916,33.6359,24.0064,5.57,242.8,0.048,135.4,99.68,dRB2102_CTD_130_01_F.csv,dRB2102,CTD,130.0,F.csv,1300122
674,E902.1B,1.0,1.0,False,WCOA21,2021_WCOA_RonBrown,7/22/2021,,10:05:15 AM,,E902.1B,1310101,1,Niskin; Sterivex 0.22µm filter,95% EtOH,West Coast,90-60,881.5,32.418,-119.959,1000.0,Sean McAllister,,7/22/2021 10:05:15 AM,7/22/2021 ,2021/07/22 10:05:00,2021/07/22 00:00:00,2021/07/22 03:05:00,32.418,-119.959,1310101,1,882.0,2335.0,33RO20210613,WCOA2021,CC90-60,131.0,1.0,11031.0,2.0,17.0,2021-07-22,2021.0,7.0,22.0,10:05:15,203.42,32.418,-119.959,892.0,889.7,881.5,4.623,34.426,2.0,,9.0,14.5,2.0,14.6,0.48,6.0,2352.1,2.0,2346.9,2.0,7.3186,25.0,2.0,49.07291399804861,24.930000000000003,2.0,104.5,2.0,3.21,2.0,42.3,2.0,0.02,2.0,0.03,2.0,,9.0,1.757,2.0,,9.0,,9.0,,9.0,,9.0,,9.0,,9.0,,9.0,388.32349978235527,20.5590202176448,69.08576320692667,39.24353060388354,67.20479841835304,0.1161320525982757,0.0,1.3159757187939658e-07,0.6634877815894815,103.8365122184105,2243.7707061891897,0.0004974991250107127,3.0333830966142563,0.0,0.0030430450761936,0.026600361230327,0.0,0.0,0.2955131058442012,0.0604847191898962,27772.369970036143,2346.9,0.0,0.0,0.0,20.5590202176448,3.154352403396477,0.6634877815894815,0.0,0.0,0.0,69.08576320692646,0.0,0.0,-0.00012863654495772072,0.00013028959215591503,28995.0,2243.7707061891897,39.24353060388354,2352.1,0.0405343592156037,0.0404794432352848,1302.9257813738595,0.7896788106327017,0.9958693465862756,-0.00013028959215591486,0.00012495340753207636,83.14462618,0.026600361230327,0.2955131058442012,1.0427053949886789,1.03651735111475,0.0530235598946241,1e-07,1.1646105601936848e-10,7.90780701623074e-07,1e-07,0.2427683635726192,1.5694115776464063e-09,5.040272718611966e-07,9.627599719952905e-07,5.184629304899029e-10,0.0035933167004082,0.0261596746044654,7.742893250904487e-07,5.910803447314433e-10,1.8941350869841902e-10,1.4266346607495366e-07,8.760015163974271e-15,0.000127024918259417,-0.0001361018765528029,1.0,1.0,3.0,1.0,10.0,1.0,1.0,0.0,1.0,1.0,1308.3300393170427,7.528071888414801,7.57511246565192,7.623393162975733,7.52084364776763,7.528071888414801,2352.1,2.0,2346.9,1.0,0.0,,889.7,1.0,1.0,0.9180873232383292,18.82381638448876,34.426,0.5020149564159719,0.7876235307545503,,0.0843511366917478,4.623,0.0,0.0,0.0,408.88252000000006,10115.90275775579,67.20529591747805,3.21,104.5,27772.37301308122,0.0,0.9917782380153212,1319.1759903254017,11031.0,10:05:15,2021/07/22 10:05:15,1.0,11031.0,1.0,882.0,873.97,4.6545,34.4233,27.2649,0.33,14.36,0.041,146.01,17.45,dRB2102_CTD_131_01_F.csv,dRB2102,CTD,131.0,F.csv,1310101
675,E902.2B,1.0,1.0,False,WCOA21,2021_WCOA_RonBrown,7/22/2021,,10:05:18 AM,,E902.2B,1310102,2,Niskin; Sterivex 0.22µm filter,95% EtOH,West Coast,90-60,880.7,32.418,-119.959,1000.0,Sean McAllister,Bleach bottle; sample rinse 3X,7/22/2021 10:05:18 AM,7/22/2021 ,2021/07/22 10:05:00,2021/07/22 00:00:00,2021/07/22 03:05:00,32.418,-119.959,1310102,2,881.0,2336.0,33RO20210613,WCOA2021,CC90-60,131.0,1.0,11081.0,2.0,17.0,2021-07-22,2021.0,7.0,22.0,10:05:18,203.42,32.418,-119.959,892.0,888.8,880.7,4.627,34.426,2.0,,9.0,14.5,2.0,14.6,0.48,9.0,2352.1,9.0,2346.9,9.0,7.3186,25.0,9.0,49.07291399804861,24.930000000000003,9.0,104.5,9.0,3.21,9.0,42.3,9.0,0.02,9.0,0.03,9.0,,9.0,2.785,2.0,,9.0,,9.0,,9.0,,9.0,,9.0,,9.0,,9.0,,,,,,,,,,,,,,,,,,,,,,,,,,,,,,,,,,,,,,,,,,,,,,,,,,,,,,,,,,,,,,,,,,,,,,,,,,,,,,,,,,,,,,,,,,,,,0.0,888.8,,,,,34.426,,,0.0,,4.627,,,,,,,,,,,,,11081.0,10:05:18,2021/07/22 10:05:18,2.0,11081.0,2.0,881.0,872.98,4.6544,34.4232,27.2649,0.33,14.36,0.04,146.01,18.41,dRB2102_CTD_131_01_F.csv,dRB2102,CTD,131.0,F.csv,1310101
676,E902.3B,1.0,1.0,False,WCOA21,2021_WCOA_RonBrown,7/22/2021,,10:05:21 AM,,E902.3B,1310103,3,Niskin; Sterivex 0.22µm filter,95% EtOH,West Coast,90-60,879.1,32.418,-119.959,1000.0,Sean McAllister,Bleach bottle; sample rinse 3X,7/22/2021 10:05:21 AM,7/22/2021 ,2021/07/22 10:05:00,2021/07/22 00:00:00,2021/07/22 03:05:00,32.418,-119.959,1310103,3,879.0,2337.0,33RO20210613,WCOA2021,CC90-60,131.0,1.0,11020.0,2.0,17.0,2021-07-22,2021.0,7.0,22.0,10:05:21,203.42,32.418,-119.959,892.0,887.2,879.1,4.628,34.426,2.0,,9.0,14.5,2.0,14.6,0.48,9.0,2352.1,9.0,2346.9,9.0,7.3186,25.0,9.0,49.07291399804861,24.930000000000003,9.0,104.5,9.0,3.21,9.0,42.3,9.0,0.02,9.0,0.03,9.0,,9.0,2.785,9.0,,9.0,,9.0,,9.0,,9.0,,9.0,,9.0,,9.0,,,,,,,,,,,,,,,,,,,,,,,,,,,,,,,,,,,,,,,,,,,,,,,,,,,,,,,,,,,,,,,,,,,,,,,,,,,,,,,,,,,,,,,,,,,,,0.0,887.2,,,,,34.426,,,0.0,,4.628,,,,,,,,,,,,,11020.0,10:05:21,2021/07/22 10:05:21,3.0,11020.0,3.0,879.0,871.0,4.6572,34.423,27.2644,0.33,14.34,0.041,145.95,20.51,dRB2102_CTD_131_01_F.csv,dRB2102,CTD,131.0,F.csv,1310101
677,E903.1B,1.0,1.0,False,WCOA21,2021_WCOA_RonBrown,7/22/2021,,10:38:59 AM,,E903.1B,1310111,11,Niskin; Sterivex 0.22µm filter,95% EtOH,West Coast,90-60,99.2,32.418,-119.96,1000.0,Sean McAllister,,7/22/2021 10:38:59 AM,7/22/2021 ,2021/07/22 10:38:00,2021/07/22 00:00:00,2021/07/22 03:38:00,32.418,-119.96,1310111,11,99.0,2345.0,33RO20210613,WCOA2021,CC90-60,131.0,1.0,11023.0,2.0,17.0,2021-07-22,2021.0,7.0,22.0,10:38:59,203.444,32.418,-119.96,892.0,99.9,99.2,10.359,33.581,2.0,,9.0,178.0,2.0,179.8,5.9,2.0,2135.7,2.0,2222.6,2.0,7.6128,24.92,2.0,84.17268255110973,24.930000000000003,2.0,15.7,2.0,1.45,2.0,17.7,2.0,0.03,2.0,0.03,2.0,,9.0,7.871,2.0,,9.0,,9.0,,9.0,,9.0,,9.0,,9.0,,9.0,360.7227514146233,38.12358287109112,31.321340177322742,77.47488169672935,65.55542069436011,0.0263591440312659,0.0,1.6773887805049672e-08,0.219238234451368,15.480761765548632,2026.903778125948,0.0002942363559278184,1.3584572520423075,0.0,0.0021309680247772,0.0136825228098226,0.0,0.0,0.930920692667868,0.0651835871525385,27090.686829477,2222.6,0.0,0.0,0.0,38.12358287109112,1.4888244095734968,0.219238234451368,0.0,0.0,0.0,31.32134017732289,0.0,0.0,-0.0001435320832219758,0.0001404958968619416,28995.0,2026.903778125948,77.47488169672935,2135.7,0.0412891827074663,0.0412394662381729,716.4303976796932,0.7655295454767653,0.9961679567313788,-0.00014049589686194222,0.0001292041076889726,83.14462618,0.0136825228098226,0.930920692667868,1.0873949704459187,1.0802412099100391,0.0437186086446964,1e-07,1.7531655382052387e-10,6.581332326501221e-07,1e-07,0.1739439241547666,1.6712750508258047e-09,4.18315451953924e-07,1.0233414175863662e-06,6.044432685118737e-10,0.0030484456488379,0.0248499388936676,8.149715144996597e-07,7.587872694408332e-10,2.2395033915936483e-10,1.77572280735086e-07,1.4721105997286444e-14,0.0001467023951025594,-0.00015395038632494816,1.0,1.0,3.0,1.0,10.0,1.0,1.0,0.0,1.0,1.0,719.1863508945228,7.800972244195623,7.8638338191824,7.909003737454029,7.792965694330121,7.800972244195623,2135.7,2.0,2222.6,1.0,0.0,,99.9,1.0,1.0,0.8392580932941418,16.5296602267567,33.581,1.161605893473784,1.8275476991501167,,0.1481381618213597,10.359,0.0,0.0,0.0,398.8463342857144,9867.603860692418,65.55571493071604,1.45,15.7,27090.688960445023,0.0,0.987824486636394,728.0507424384656,11023.0,10:38:59,2021/07/22 10:38:59,11.0,11023.0,11.0,99.0,98.28,10.4386,33.5288,25.7305,4.22,183.69,0.042,149.61,99.34,dRB2102_CTD_131_01_F.csv,dRB2102,CTD,131.0,F.csv,1310111
678,E903.2T,1.0,1.0,False,WCOA21,2021_WCOA_RonBrown,7/22/2021,,10:39:03 AM,,E903.2T,1310112,12,Niskin; Sterivex 0.22µm filter,95% EtOH,West Coast,90-60,100.4,32.418,-119.96,1000.0,Sean McAllister,Bleach bottle; sample rinse 3X,7/22/2021 10:39:03 AM,7/22/2021 ,2021/07/22 10:39:00,2021/07/22 00:00:00,2021/07/22 03:39:00,32.418,-119.96,1310112,12,100.0,2346.0,33RO20210613,WCOA2021,CC90-60,131.0,1.0,11026.0,2.0,17.0,2021-07-22,2021.0,7.0,22.0,10:39:03,203.444,32.418,-119.96,892.0,101.2,100.4,10.34,33.611,2.0,,9.0,174.5,2.0,179.8,5.9,9.0,2135.7,9.0,2222.6,9.0,7.6128,24.92,9.0,84.17268255110973,24.930000000000003,9.0,15.7,9.0,1.45,9.0,17.7,9.0,0.03,9.0,0.03,9.0,,9.0,7.871,9.0,,9.0,,9.0,,9.0,,9.0,,9.0,,9.0,,9.0,,,,,,,,,,,,,,,,,,,,,,,,,,,,,,,,,,,,,,,,,,,,,,,,,,,,,,,,,,,,,,,,,,,,,,,,,,,,,,,,,,,,,,,,,,,,,0.0,101.2,,,,,33.611,,,0.0,,10.34,,,,,,,,,,,,,11026.0,10:39:03,2021/07/22 10:39:03,12.0,11026.0,12.0,100.0,99.28,10.3972,33.5363,25.7435,4.17,181.46,0.042,149.62,99.34,dRB2102_CTD_131_01_F.csv,dRB2102,CTD,131.0,F.csv,1310111
679,E903.3T,1.0,1.0,False,WCOA21,2021_WCOA_RonBrown,7/22/2021,,10:39:03 AM,,E903.3T,1310112,12,Niskin; Sterivex 0.22µm filter,95% EtOH,West Coast,90-60,100.4,32.418,-119.96,1000.0,Sean McAllister,Bleach bottle; sample rinse 3X,7/22/2021 10:39:03 AM,7/22/2021 ,2021/07/22 10:39:00,2021/07/22 00:00:00,2021/07/22 03:39:00,32.418,-119.96,1310112,12,100.0,2346.0,33RO20210613,WCOA2021,CC90-60,131.0,1.0,11026.0,2.0,17.0,2021-07-22,2021.0,7.0,22.0,10:39:03,203.444,32.418,-119.96,892.0,101.2,100.4,10.34,33.611,2.0,,9.0,174.5,2.0,179.8,5.9,9.0,2135.7,9.0,2222.6,9.0,7.6128,24.92,9.0,84.17268255110973,24.930000000000003,9.0,15.7,9.0,1.45,9.0,17.7,9.0,0.03,9.0,0.03,9.0,,9.0,7.871,9.0,,9.0,,9.0,,9.0,,9.0,,9.0,,9.0,,9.0,,,,,,,,,,,,,,,,,,,,,,,,,,,,,,,,,,,,,,,,,,,,,,,,,,,,,,,,,,,,,,,,,,,,,,,,,,,,,,,,,,,,,,,,,,,,,0.0,101.2,,,,,33.611,,,0.0,,10.34,,,,,,,,,,,,,11026.0,10:39:03,2021/07/22 10:39:03,12.0,11026.0,12.0,100.0,99.28,10.3972,33.5363,25.7435,4.17,181.46,0.042,149.62,99.34,dRB2102_CTD_131_01_F.csv,dRB2102,CTD,131.0,F.csv,1310111
680,E904.1B,1.0,1.0,False,WCOA21,2021_WCOA_RonBrown,7/22/2021,,10:57:05 AM,,E904.1B,1310122,22,Niskin; Sterivex 0.22µm filter,95% EtOH,West Coast,90-60,4.7,32.417,-119.96,1000.0,Sean McAllister,,7/22/2021 10:57:05 AM,7/22/2021 ,2021/07/22 10:57:00,2021/07/22 00:00:00,2021/07/22 03:57:00,32.417,-119.96,1310122,22,5.0,2356.0,33RO20210613,WCOA2021,CC90-60,131.0,1.0,11024.0,2.0,17.0,2021-07-22,2021.0,7.0,22.0,10:57:05,203.456,32.417,-119.96,892.0,4.7,4.7,17.101,33.603,2.0,,9.0,255.9,2.0,256.9,8.422,2.0,2021.1,2.0,2240.5,2.0,7.929,24.92,2.0,160.34899557172355,24.860000000000003,2.0,0.7,2.0,0.28,2.0,0.1,2.0,0.04,2.0,0.07,2.0,0.8,2.0,3.883,2.0,,9.0,,9.0,,9.0,,9.0,,9.0,,9.0,,9.0,327.194462140441,71.91316928813052,14.13736988144175,158.1903448542153,65.5984767862003,0.0024337739245242,0.0,9.042337456361475e-10,0.022115993659602,0.6778840063403979,1848.7722852643424,0.0001858151770114052,0.2480934348273148,0.0,0.0015586487082478,0.0075528972722264,0.0,0.0,3.1139980919828423,0.0294727903439272,27108.43538896554,2240.5,0.0,0.0,0.0,71.91316928813052,0.3070390146109356,0.022115993659602,0.0,0.0,0.0,14.137369881441668,0.0,0.0,-0.0002241899151854469,0.0002092740064184171,28995.0,1848.7722852643424,158.1903448542153,2021.1,0.0414558610480729,0.0414115345659724,398.6425154918242,0.7406367951598579,0.9964833926957228,-0.000209274006418417,0.00017813295489274052,83.14462618,0.0075528972722264,3.1139980919828423,1.174819148677052,1.1864236434799014,0.035463778528489,1e-07,3.035735878757958e-10,6.371323743073854e-07,1e-07,0.1313620103235543,2.002601604955801e-09,4.101314445633573e-07,1.191535200080413e-06,7.796301504902591e-10,0.0026664052116167,0.0245240164332609,9.288104939978208e-07,1.082425607996289e-09,2.97264566254023e-10,2.323601522129365e-07,2.8373337077278984e-14,0.00024139525091265856,-0.0002536098675616436,1.0,1.0,3.0,1.0,10.0,1.0,1.0,0.0,1.0,1.0,400.04933189443545,8.040407924592364,8.121886422148933,8.162034985512927,8.031640269702093,8.040407924592364,2021.1,2.0,2240.5,1.0,0.0,,4.7,1.0,1.0,0.7023896846184137,11.3460196133667,33.603,2.451582050747691,3.808491920109164,,0.2447765696566083,17.101,0.0,0.0,0.0,399.1076314285715,9874.068447361522,65.5986626013773,0.28,0.7,27108.43694761425,0.0,0.9811203065153332,407.74747932320304,11024.0,10:57:05,2021/07/22 10:57:05,22.0,11024.0,22.0,5.0,4.96,17.2062,33.6054,24.3955,5.87,255.78,0.097,149.52,99.7,dRB2102_CTD_131_01_F.csv,dRB2102,CTD,131.0,F.csv,1310122
681,E904.2B,1.0,1.0,False,WCOA21,2021_WCOA_RonBrown,7/22/2021,,10:57:08 AM,,E904.2B,1310123,23,Niskin; Sterivex 0.22µm filter,95% EtOH,West Coast,90-60,3.7,32.417,-119.96,1000.0,Sean McAllister,,7/22/2021 10:57:08 AM,7/22/2021 ,2021/07/22 10:57:00,2021/07/22 00:00:00,2021/07/22 03:57:00,32.417,-119.96,1310123,23,4.0,2357.0,33RO20210613,WCOA2021,CC90-60,131.0,1.0,11061.0,2.0,17.0,2021-07-22,2021.0,7.0,22.0,10:57:08,203.456,32.417,-119.96,892.0,3.7,3.7,17.098,33.603,2.0,,9.0,255.9,2.0,256.9,8.422,9.0,2021.1,9.0,2240.5,9.0,7.929,24.92,9.0,160.34899557172355,24.860000000000003,9.0,0.7,9.0,0.28,9.0,0.1,9.0,0.04,9.0,0.07,9.0,0.8,9.0,4.052,2.0,,9.0,,9.0,,9.0,,9.0,,9.0,,9.0,,9.0,,,,,,,,,,,,,,,,,,,,,,,,,,,,,,,,,,,,,,,,,,,,,,,,,,,,,,,,,,,,,,,,,,,,,,,,,,,,,,,,,,,,,,,,,,,,,0.0,3.7,,,,,33.603,,,0.0,,17.098,,,,,,,,,,,,,11061.0,10:57:08,2021/07/22 10:57:08,23.0,11061.0,23.0,4.0,3.97,17.2034,33.6048,24.3957,5.85,254.86,0.095,150.44,97.7,dRB2102_CTD_131_01_F.csv,dRB2102,CTD,131.0,F.csv,1310122
682,E904.3B,1.0,1.0,False,WCOA21,2021_WCOA_RonBrown,7/22/2021,,10:57:11 AM,,E904.3B,1310124,24,Niskin; Sterivex 0.22µm filter,95% EtOH,West Coast,90-60,4.2,32.417,-119.96,1000.0,Sean McAllister,,7/22/2021 10:57:11 AM,7/22/2021 ,2021/07/22 10:57:00,2021/07/22 00:00:00,2021/07/22 03:57:00,32.417,-119.96,1310124,24,4.0,2358.0,33RO20210613,WCOA2021,CC90-60,131.0,1.0,11001.0,2.0,17.0,2021-07-22,2021.0,7.0,22.0,10:57:11,203.456,32.417,-119.96,892.0,4.2,4.2,17.098,33.603,2.0,,9.0,255.9,2.0,256.9,8.422,9.0,2021.1,9.0,2240.5,9.0,7.929,24.92,9.0,160.34899557172355,24.860000000000003,9.0,0.7,9.0,0.28,9.0,0.1,9.0,0.04,9.0,0.07,9.0,0.8,9.0,4.052,9.0,,9.0,,9.0,,9.0,,9.0,,9.0,,9.0,,9.0,,,,,,,,,,,,,,,,,,,,,,,,,,,,,,,,,,,,,,,,,,,,,,,,,,,,,,,,,,,,,,,,,,,,,,,,,,,,,,,,,,,,,,,,,,,,,0.0,4.2,,,,,33.603,,,0.0,,17.098,,,,,,,,,,,,,11001.0,10:57:11,2021/07/22 10:57:11,24.0,11001.0,24.0,4.0,3.97,17.2034,33.6048,24.3957,5.85,254.86,0.095,150.44,97.7,dRB2102_CTD_131_01_F.csv,dRB2102,CTD,131.0,F.csv,1310122
683,E905,1.0,1.0,False,WCOA21,2021_WCOA_RonBrown,7/23/2021,,12:15:37 AM,,E905,1320201,1,Niskin; Sterivex 0.22µm filter,95% EtOH,West Coast,90-70,3800.8,32.084,-120.638,1000.0,Sean McAllister,Cast 1 failed mid-cast; no samples taken,7/23/2021 12:15:37 AM,7/23/2021 ,2021/07/23 12:15:00,2021/07/23 00:00:00,2021/07/23 05:15:00,32.084,-120.638,1320201,1,3801.0,2359.0,33RO20210613,WCOA2021,CC90-70,132.0,2.0,11031.0,2.0,17.0,2021-07-23,2021.0,7.0,23.0,00:15:37,204.011,32.084,-120.638,3811.0,3862.3,3800.8,1.544,34.678,2.0,34.6987,2.0,129.5,2.0,128.5,4.226,6.0,2353.0,2.0,2424.7,2.0,7.5411,25.09,2.0,68.92976123746601,24.87,2.0,170.0,6.0,2.66,6.0,37.2,6.0,0.12,6.0,0.03,6.0,,9.0,0.0,2.0,,9.0,,9.0,,9.0,,9.0,,9.0,,9.0,,9.0,373.0929365866736,39.02848027046937,36.72725808413912,64.32058638362,67.73736289973404,0.0526470200249461,0.0,3.350237152558003e-08,2.000015724671799,167.9999842753282,2251.952155532241,0.0002889172588039264,2.5206085050559563,0.0,0.0014642305402068,0.0184415150021493,0.0,0.0,0.4042730137916771,0.0867444414167258,27992.365917080137,2424.7,0.0,0.0,0.0,39.02848027046937,2.6940973543870363,2.000015724671799,0.0,0.0,0.0,36.72725808413898,0.0,0.0,-0.00013859659725510456,0.0001369901316048027,28995.0,2251.952155532241,64.32058638362,2353.0,0.0447891812639665,0.0447312237902295,618.873316183699,0.8023767292780426,0.9956963569928556,-0.00013699013160480263,0.00012803459539663316,83.14462618,0.0184415150021493,0.4042730137916771,1.069946221803776,1.0594306550782024,0.0593453573190376,1e-07,1.2326813104337556e-10,1.3991765651354953e-06,1e-07,0.3525548892953327,2.082298869728393e-09,9.225446563321196e-07,1.220531809136709e-06,5.68550813776626e-10,0.0043236586117869,0.0312807165729164,9.530376397909124e-07,6.850380696706853e-10,2.369750474736117e-10,1.4100797047052062e-07,8.047355773142408e-15,0.0001402411876210788,-0.0001472926994291509,1.0,1.0,3.0,1.0,10.0,1.0,1.0,0.0,1.0,1.0,621.5482379113893,7.701021550200971,7.734203403778775,7.790385041201525,7.694763365884017,7.701021550200971,2353.0,2.0,2424.7,1.0,0.0,,3862.3,1.0,1.0,0.8692528271451689,18.37784539960264,34.6987,0.468714898432604,0.7108760504062444,,0.1221131862143524,1.544,0.0,0.0,0.0,412.12141685714295,10196.034247967838,67.73765181699284,2.66,169.99999999999997,27992.36738131068,0.0,0.993390532436414,625.6836738588245,11031.0,00:15:37,2021/07/23 00:15:37,1.0,11031.0,1.0,3801.0,3740.94,1.5427,34.6785,27.7704,2.96,128.61,0.039,,99.93,dRB2102_CTD_132_02_F.csv,dRB2102,CTD,132.0,F.csv,1320201
684,E906,1.0,1.0,False,WCOA21,2021_WCOA_RonBrown,7/23/2021,,1:44:16 AM,,E906,1320215,15,Niskin; Sterivex 0.22µm filter,95% EtOH,West Coast,90-70,99.3,32.084,-120.638,1000.0,Sean McAllister,,7/23/2021 1:44:16 AM,7/23/2021 ,2021/07/23 01:44:00,2021/07/23 00:00:00,2021/07/22 18:44:00,32.084,-120.638,1320215,15,99.0,2373.0,33RO20210613,WCOA2021,CC90-70,132.0,2.0,11053.0,2.0,17.0,2021-07-23,2021.0,7.0,23.0,01:44:16,204.072,32.084,-120.638,3811.0,100.1,99.3,10.311,33.582,2.0,,9.0,176.1,2.0,176.8,5.803,2.0,2139.8,2.0,2225.5,2.0,7.6045,25.09,2.0,82.81770169368275,24.88,2.0,16.3,2.0,1.48,2.0,18.0,2.0,0.11,2.0,0.03,2.0,,9.0,7.1,2.0,,9.0,,9.0,,9.0,,9.0,,9.0,,9.0,,9.0,361.043573130676,37.81463829789553,31.667273273111665,76.9053640204625,65.55737079726487,0.0271478000505959,0.0,1.7407916948410326e-08,0.2254244011600983,16.074575598839903,2031.2273627064264,0.0002963002994188575,1.3869826129513794,0.0,0.0021435702861615,0.0137915561718498,0.0,0.0,0.9193562456270228,0.065869569590108,27091.493543564247,2225.5,0.0,0.0,0.0,37.81463829789553,1.5187217347236786,0.2254244011600983,0.0,0.0,0.0,31.667273273111583,0.0,0.0,-0.0001430956829994113,0.00014013309139952474,28995.0,2031.2273627064264,76.9053640204625,2139.8,0.0412717319350235,0.0412219743713065,723.2050984343317,0.7657099742825482,0.9961655785061148,-0.00014013309139952415,0.0001289611669364659,83.14462618,0.0137915561718498,0.9193562456270228,1.086630144007326,1.0794647031693725,0.0437874032437936,1e-07,1.746101393479286e-10,6.582438377575386e-07,1e-07,0.1743044571001384,1.6689981334647263e-09,4.183528458786604e-07,1.022123532868e-06,6.033281830037254e-10,0.0030514250697774,0.0248509705526256,8.141265047809777e-07,7.567794451954344e-10,2.2346881604142272e-10,1.7720844895202177e-07,1.4650058189957966e-14,0.000146186245977992,-0.00015342425686604738,1.0,1.0,3.0,1.0,10.0,1.0,1.0,0.0,1.0,1.0,725.9888456684838,7.797644481079034,7.860386727390736,7.90557895890646,7.78964326323908,7.797644481079034,2139.8,2.0,2225.5,1.0,0.0,,100.1,1.0,1.0,0.8405526581696927,16.592591792025235,33.582,1.1529075118221672,1.814005265262206,,0.1472805053611278,10.311,0.0,0.0,0.0,398.85821142857145,9867.897705541012,65.55766709756428,1.48,16.3,27091.49568713453,0.0,0.987863486241516,734.908067541421,11053.0,01:44:16,2021/07/23 01:44:16,15.0,11053.0,15.0,99.0,98.29,10.7174,33.5018,25.661,4.37,190.13,0.042,,99.34,dRB2102_CTD_132_02_F.csv,dRB2102,CTD,132.0,F.csv,1320215
685,E907,1.0,1.0,False,WCOA21,2021_WCOA_RonBrown,7/23/2021,,1:59:09 AM,,E907,1320224,24,Niskin; Sterivex 0.22µm filter,95% EtOH,West Coast,90-70,3.5,32.084,-120.639,1000.0,Sean McAllister,,7/23/2021 1:59:09 AM,7/23/2021 ,2021/07/23 01:59:00,2021/07/23 00:00:00,2021/07/22 18:59:00,32.084,-120.639,1320224,24,4.0,2382.0,33RO20210613,WCOA2021,CC90-70,132.0,2.0,11001.0,2.0,17.0,2021-07-23,2021.0,7.0,23.0,01:59:09,204.083,32.084,-120.639,3811.0,3.5,3.5,16.336,33.478,2.0,,9.0,256.2,2.0,257.9,8.453,2.0,2030.9,2.0,2231.7,2.0,7.9029,24.58,2.0,152.6882643228191,24.88,3.0,1.4,2.0,0.44,2.0,1.6,2.0,0.18,2.0,0.08,2.0,0.6,2.0,4.188,2.0,,9.0,,9.0,,9.0,,9.0,,9.0,,9.0,,9.0,330.6588185510855,66.96417002034306,15.444792516149368,146.0488639431494,65.35444675461358,0.0041613092419671,0.0,1.6389160091652515e-09,0.0404657045954261,1.3595342954045735,1869.4063435407013,0.00019499073382873145,0.3934817739255431,0.0,0.0016106301072247,0.0080523938913505,0.0,0.0,2.7229552601208726,0.0423569151935737,27007.59450079536,2231.7,0.0,0.0,0.0,66.96417002034306,0.4781956026737744,0.0404657045954261,0.0,0.0,0.0,15.444792516149368,0.0,0.0,-0.00021159667325032787,0.0001988114153402389,28995.0,1869.4063435407013,146.0488639431494,2030.9,0.0414752557308995,0.0414303547647281,425.5203789310642,0.7431858058391445,0.9964493843829192,-0.00019881141534023897,0.00017106446391516143,83.14462618,0.0080523938913505,2.7229552601208726,1.1622017267060116,1.1691470926576537,0.0362962463864778,1e-07,2.853198034207013e-10,6.35782000333502e-07,1e-07,0.1350252848265717,1.956930685286751e-09,4.084328269161633e-07,1.1695928269282026e-06,7.549314765898282e-10,0.0026988961859166,0.0245350165874599,9.137085568871972e-07,1.0401902177228423e-09,2.8761398651977803e-10,2.25539680094562e-07,2.6311982287139696e-14,0.00022613934874174665,-0.0002373022500494877,1.0,1.0,3.0,1.0,10.0,1.0,1.0,0.0,1.0,1.0,427.0366218295979,8.014886937551553,8.094074989290583,8.135113100841524,8.00621050728378,8.014886937551553,2030.9,2.0,2231.7,1.0,0.0,,3.5,1.0,1.0,0.7208716473589583,11.872132607314716,33.478,2.259787183643584,3.5176702783487053,,0.2321553526521748,16.336,0.0,0.0,0.0,397.6229885714286,9837.33784128706,65.35464174534741,0.44,1.4,27007.596111425464,0.0,0.982014955422412,434.8575543291077,11001.0,01:59:09,2021/07/23 01:59:09,24.0,11001.0,24.0,4.0,3.97,16.2693,33.4481,24.493,5.89,256.62,0.054,,98.33,dRB2102_CTD_132_02_F.csv,dRB2102,CTD,132.0,F.csv,1320224
686,E908,1.0,1.0,False,WCOA21,2021_WCOA_RonBrown,7/23/2021,,10:56:50 AM,,E908,1330101,1,Niskin; Sterivex 0.22µm filter,95% EtOH,West Coast,P02-12,3995.4,31.777,-120.251,1000.0,Sean McAllister,Not enough water for replicates,7/23/2021 10:56:50 AM,7/23/2021 ,2021/07/23 10:56:00,2021/07/23 00:00:00,2021/07/23 03:56:00,31.777,-120.251,1330101,1,3995.0,2383.0,33RO20210613,WCOA2021,P02-12,133.0,1.0,11031.0,2.0,17.0,2021-07-23,2021.0,7.0,23.0,10:56:50,204.456,31.777,-120.251,4005.0,4061.8,3995.4,1.561,34.678,2.0,34.7013,2.0,132.0,2.0,131.4,4.32,6.0,2352.5,2.0,2424.7,4.0,7.5436,25.16,2.0,81.82653968330933,24.875,2.0,168.3,2.0,2.64,2.0,37.2,2.0,0.1,2.0,0.03,2.0,,9.0,1.14,2.0,,9.0,,9.0,,9.0,,9.0,,9.0,,9.0,,9.0,372.7826421210756,39.36965530749591,36.50251192852847,64.27434789602674,67.74243570770317,0.0520791714904321,0.0,3.3270816485980754e-08,1.9993572217976696,166.30064277820233,2251.7231401754448,0.00029174309508924915,2.501243556003925,0.0,0.0014690002536711,0.0187497689542397,0.0,0.0,0.4050640143072397,0.0866772392348267,27994.463401703146,2424.7,0.0,0.0,0.0,39.36965530749591,2.674598001202762,1.9993572217976696,0.0,0.0,0.0,36.50251192852853,0.0,0.0,-0.00013859747252951388,0.0001369803856848792,28995.0,2251.7231401754448,64.27434789602674,2352.5,0.0447942419007815,0.0447363017209237,615.4937802744269,0.8023219416335777,0.9956973378837384,-0.00013698038568487833,0.00012801512480626554,83.14462618,0.0187497689542397,0.4050640143072397,1.0700328253570142,1.05938744907601,0.0593060614069136,1e-07,1.2611223105060052e-10,1.449678097669489e-06,1e-07,0.3573108442072112,2.1353085888413006e-09,9.58198684533904e-07,1.2472311701188083e-06,5.771349895849494e-10,0.0043536763655993,0.0316486598206115,9.710612695464588e-07,7.006543197853347e-10,2.43081095241062e-10,1.4237500639316384e-07,8.189895850932475e-15,0.00014025319569411942,-0.00014729593626513324,1.0,1.0,3.0,1.0,10.0,1.0,1.0,0.0,1.0,1.0,618.1534858600721,7.694245283413756,7.727004079537169,7.783674794327956,7.688023463633885,7.694245283413756,2352.5,2.0,2424.7,1.0,0.0,,4061.8,1.0,1.0,0.8691015383875764,18.376734808173698,34.7013,0.4520952333148779,0.6839839882645614,,0.1200933806529004,1.561,0.0,0.0,0.0,412.1522974285715,10196.798244574184,67.74272745079827,2.64,168.3,27994.464870703403,0.0,0.9933824768801366,622.2713811114061,11031.0,10:56:50,2021/07/23 10:56:50,1.0,11031.0,1.0,3995.0,3930.24,1.5552,34.6784,27.771,3.02,131.2,0.039,,99.95,dRB2102_CTD_133_01_F.csv,dRB2102,CTD,133.0,F.csv,1330101
687,E909,1.0,1.0,False,WCOA21,2021_WCOA_RonBrown,7/23/2021,,12:33:34 PM,,E909,1330112,12,Niskin; Sterivex 0.22µm filter,95% EtOH,West Coast,P02-12,298.4,31.775,-120.254,1000.0,Sean McAllister,Bleach bottle; sample rinse 3X; Not enough water for replicates,7/23/2021 12:33:34 PM,7/23/2021 ,2021/07/23 12:33:00,2021/07/23 00:00:00,2021/07/23 05:33:00,31.775,-120.254,1330112,12,298.0,2394.0,33RO20210613,WCOA2021,P02-12,133.0,1.0,11026.0,2.0,17.0,2021-07-23,2021.0,7.0,23.0,12:33:34,204.523,31.775,-120.254,4005.0,300.7,298.4,7.578,34.2,2.0,,9.0,41.2,2.0,42.3,1.39,2.0,2274.3,2.0,2280.6,4.0,7.3565,25.1,2.0,50.95005111440384,24.88,2.0,53.2,6.0,2.71,6.0,33.4,6.0,0.11,6.0,0.03,6.0,,9.0,1.749,2.0,,9.0,,9.0,,9.0,,9.0,,9.0,,9.0,,9.0,384.37017265800125,21.828113056284568,62.13034682301468,43.164535544706894,66.7636059269774,0.0913141596807239,0.0,1.0125850766072776e-07,0.3819273407399204,52.81807265926008,2169.0051176322786,0.0005002827986100958,2.5585359526674654,0.0,0.003364238900046,0.0246331232475716,0.0,0.0,0.405433102034447,0.0601497863933028,27590.049417013,2280.6,0.0,0.0,0.0,21.828113056284568,2.678835424195564,0.3819273407399204,0.0,0.0,0.0,62.13034682301484,0.0,0.0,-0.00012675606816802329,0.0001278219996292127,28995.0,2169.0051176322786,43.164535544706894,2274.3,0.0395118419760305,0.0394596782827898,1298.849289040755,0.7777736605680001,0.9960268765757572,-0.0001278219996292129,0.0001219834332209173,83.14462618,0.0246331232475716,0.405433102034447,1.0478636012623253,1.041567578279564,0.0478349161425033,1e-07,1.4095917503353022e-10,6.999235671977095e-07,1e-07,0.202015703369513,1.589950622245912e-09,4.444869242686648e-07,9.774035680365863e-07,5.571647302544013e-10,0.0032873329601189,0.0252478107203768,7.844594850849329e-07,6.58202741170903e-10,2.0244885303616267e-10,1.5887362331444593e-07,1.1351057550608851e-14,0.00012570776768081767,-0.000134247571880118,1.0,1.0,3.0,1.0,10.0,1.0,1.0,0.0,1.0,1.0,1304.0303626204054,7.552882878676546,7.608480520227792,7.654337733743555,7.54519096535049,7.552882878676546,2274.3,2.0,2280.6,1.0,0.0,,300.7,1.0,1.0,0.908645359558886,18.64433505393428,34.2,0.6197558613744195,0.9759156222617672,,0.0880523795473684,7.578,0.0,0.0,0.0,406.1982857142858,10049.49382197316,66.76410620977602,2.71,53.2,27590.052781251896,0.0,0.9899134634452444,1317.3175340821454,11026.0,12:33:34,2021/07/23 12:33:34,12.0,11026.0,12.0,298.0,295.72,7.4913,34.2036,26.7266,0.93,40.37,0.04,,99.95,dRB2102_CTD_133_01_F.csv,dRB2102,CTD,133.0,F.csv,1330112
688,E910.1B,1.0,1.0,False,WCOA21,2021_WCOA_RonBrown,7/23/2021,,12:55:53 PM,,E910.1B,1330122,22,Niskin; Sterivex 0.22µm filter,95% EtOH,West Coast,P02-12,2.7,31.776,-120.254,1000.0,Sean McAllister,,7/23/2021 12:55:53 PM,7/23/2021 ,2021/07/23 12:55:00,2021/07/23 00:00:00,2021/07/23 05:55:00,31.776,-120.254,1330122,22,3.0,2404.0,33RO20210613,WCOA2021,P02-12,133.0,1.0,11024.0,2.0,17.0,2021-07-23,2021.0,7.0,23.0,12:55:53,204.539,31.776,-120.254,4005.0,2.7,2.7,17.493,33.588,2.0,,9.0,250.1,2.0,249.3,8.172,6.0,2021.0,2.0,2236.1,4.0,7.9265,25.1,2.0,153.34309559709496,24.88,2.0,0.2,2.0,0.3,2.0,0.0,2.0,0.1,2.0,0.03,2.0,0.3,2.0,3.086,2.0,,9.0,,9.0,,9.0,,9.0,,9.0,,9.0,,9.0,328.33435294655834,70.59512133915604,14.497114469183732,155.54874861406475,65.56918725919869,0.0026772927282949,0.0,1.0284888571963932e-09,0.0062195273171605,0.1937804726828394,1850.954136916752,0.00019283945501780868,0.2660831731977806,0.0,0.0016304850867281,0.007781365053435,0.0,0.0,3.1280674399808084,0.0312395330454355,27096.334416786507,2236.1,0.0,0.0,0.0,70.59512133915604,0.3285622382601628,0.0062195273171605,0.0,0.0,0.0,14.497114469183732,0.0,0.0,-0.000221478852723503,0.00020702963531730504,28995.0,1850.954136916752,155.54874861406475,2021.0,0.0413166372671482,0.0412726016007512,413.4459482116631,0.7391535486501468,0.99650065084403,-0.0002070296353173056,0.00017661145625082645,83.14462618,0.007781365053435,3.1280674399808084,1.1722321966660998,1.1828727945770277,0.0350641106337834,1e-07,3.1338279676600445e-10,6.358025089337836e-07,1e-07,0.1293151783007565,2.023640547004116e-09,4.096318017805909e-07,1.201680732507745e-06,7.90944247352018e-10,0.0026458163464201,0.0245002928582276,9.35398266538279e-07,1.104999624755477e-09,3.02080281111638e-10,2.3582448689492e-07,2.9440902280324866e-14,0.00023809630598582915,-0.00025010592884076524,1.0,1.0,3.0,1.0,10.0,1.0,1.0,0.0,1.0,1.0,414.8978205498179,8.026324991951611,8.108944209800548,8.148781969768185,8.017516636044633,8.026324991951611,2021.0,2.0,2236.1,1.0,0.0,,2.7,1.0,1.0,0.7061466198319093,11.44319877601679,33.588,2.414607305205376,3.747788565404694,,0.2378701068779261,17.493,0.0,0.0,0.0,398.9294742857143,9869.660774632588,65.56938009865371,0.3,0.2,27096.3360472716,0.0,0.9806461034314972,423.0861868496687,11024.0,12:55:53,2021/07/23 12:55:53,22.0,11024.0,22.0,3.0,2.98,17.5097,33.5926,24.3133,5.72,249.22,0.051,,101.01,dRB2102_CTD_133_01_F.csv,dRB2102,CTD,133.0,F.csv,1330122
689,E910.2B,2.0,1.0,False,WCOA21,2021_WCOA_RonBrown,7/23/2021,,12:55:56 PM,,E910.2B,1330123,23,Niskin; Sterivex 0.22µm filter,95% EtOH,West Coast,P02-12,2.6,31.776,-120.254,1000.0,Sean McAllister,Bleach bottle; sample rinse 3X,7/23/2021 12:55:56 PM,7/23/2021 ,2021/07/23 12:55:00,2021/07/23 00:00:00,2021/07/23 05:55:00,31.776,-120.254,1330123,23,3.0,2405.0,33RO20210613,WCOA2021,P02-12,133.0,1.0,11061.0,2.0,17.0,2021-07-23,2021.0,7.0,23.0,12:55:56,204.539,31.776,-120.254,4005.0,2.6,2.6,17.492,33.588,2.0,,9.0,249.5,2.0,249.3,8.172,9.0,2021.0,9.0,2236.1,9.0,7.9265,25.1,9.0,153.34309559709496,24.88,9.0,0.2,9.0,0.3,9.0,0.0,9.0,0.1,9.0,0.03,9.0,0.3,9.0,3.086,9.0,,9.0,,9.0,,9.0,,9.0,,9.0,,9.0,,9.0,,,,,,,,,,,,,,,,,,,,,,,,,,,,,,,,,,,,,,,,,,,,,,,,,,,,,,,,,,,,,,,,,,,,,,,,,,,,,,,,,,,,,,,,,,,,,0.0,2.6,,,,,33.588,,,0.0,,17.492,,,,,,,,,,,,,11061.0,12:55:56,2021/07/23 12:55:56,23.0,11061.0,23.0,3.0,2.98,17.5097,33.5926,24.3133,5.72,249.22,0.051,,101.01,dRB2102_CTD_133_01_F.csv,dRB2102,CTD,133.0,F.csv,1330122
690,E910.3B,3.0,1.0,False,WCOA21,2021_WCOA_RonBrown,7/23/2021,,12:56:00 PM,,E910.3B,1330124,24,Niskin; Sterivex 0.22µm filter,95% EtOH,West Coast,P02-12,2.8,31.776,-120.254,1000.0,Sean McAllister,Bleach bottle; sample rinse 3X,7/23/2021 12:56:00 PM,7/23/2021 ,2021/07/23 12:56:00,2021/07/23 00:00:00,2021/07/23 05:56:00,31.776,-120.254,1330124,24,3.0,2406.0,33RO20210613,WCOA2021,P02-12,133.0,1.0,11001.0,2.0,17.0,2021-07-23,2021.0,7.0,23.0,12:56:00,204.539,31.776,-120.254,4005.0,2.8,2.8,17.49,33.589,2.0,,9.0,249.9,2.0,249.3,8.172,9.0,2021.0,9.0,2236.1,9.0,7.9265,25.1,9.0,153.34309559709496,24.88,9.0,0.2,9.0,0.3,9.0,0.0,9.0,0.1,9.0,0.03,9.0,0.3,9.0,3.086,9.0,,9.0,,9.0,,9.0,,9.0,,9.0,,9.0,,9.0,,,,,,,,,,,,,,,,,,,,,,,,,,,,,,,,,,,,,,,,,,,,,,,,,,,,,,,,,,,,,,,,,,,,,,,,,,,,,,,,,,,,,,,,,,,,,0.0,2.8,,,,,33.589,,,0.0,,17.49,,,,,,,,,,,,,11001.0,12:56:00,2021/07/23 12:56:00,24.0,11001.0,24.0,3.0,2.98,17.5097,33.5926,24.3133,5.72,249.22,0.051,,101.01,dRB2102_CTD_133_01_F.csv,dRB2102,CTD,133.0,F.csv,1330122
691,E913,1.0,1.0,False,WCOA21,2021_WCOA_RonBrown,7/24/2021,,,2:53:00 PM,E913,NOT CTD,3,Niskin; Sterivex 0.22µm filter,95% EtOH,West Coast,NH30,,,,,Sean McAllister,Methane oxidation rate experiment end point filter,7/24/2021 ,7/24/2021 2:53:00 PM,2021/07/24 16:53:00,2021/07/24 02:53:00,2021/07/24 02:53:00,,,NOT CTD,3,,,,,,,,,,,,,,,,,,,,,,,,,,,,,,,,,,,,,,,,,,,,,,,,,,,,,,,,,,,,,,,,,,,,,,,,,,,,,,,,,,,,,,,,,,,,,,,,,,,,,,,,,,,,,,,,,,,,,,,,,,,,,,,,,,,,,,,,,,,,,,,,,,,,,,,,,,,,,,,,,,,,,,,,,,,,,,,,,,,,,,,,,,,,,,,,,,,,,,,,,,,,,,,NOT CTD
692,E914,1.0,1.0,False,WCOA21,2021_WCOA_RonBrown,7/24/2021,,,2:53:00 PM,E914,NOT CTD,4,Niskin; Sterivex 0.22µm filter,95% EtOH,West Coast,JF23,,,,,Sean McAllister,Methane oxidation rate experiment end point filter,7/24/2021 ,7/24/2021 2:53:00 PM,2021/07/24 16:53:00,2021/07/24 02:53:00,2021/07/24 02:53:00,,,NOT CTD,4,,,,,,,,,,,,,,,,,,,,,,,,,,,,,,,,,,,,,,,,,,,,,,,,,,,,,,,,,,,,,,,,,,,,,,,,,,,,,,,,,,,,,,,,,,,,,,,,,,,,,,,,,,,,,,,,,,,,,,,,,,,,,,,,,,,,,,,,,,,,,,,,,,,,,,,,,,,,,,,,,,,,,,,,,,,,,,,,,,,,,,,,,,,,,,,,,,,,,,,,,,,,,,,NOT CTD
693,E915,1.0,1.0,False,WCOA21,2021_WCOA_RonBrown,7/24/2021,,,2:53:00 PM,E915,NOT CTD,3,Niskin; Sterivex 0.22µm filter,95% EtOH,West Coast,NH35,,,,,Sean McAllister,Methane oxidation rate experiment end point filter,7/24/2021 ,7/24/2021 2:53:00 PM,2021/07/24 16:53:00,2021/07/24 02:53:00,2021/07/24 02:53:00,,,NOT CTD,3,,,,,,,,,,,,,,,,,,,,,,,,,,,,,,,,,,,,,,,,,,,,,,,,,,,,,,,,,,,,,,,,,,,,,,,,,,,,,,,,,,,,,,,,,,,,,,,,,,,,,,,,,,,,,,,,,,,,,,,,,,,,,,,,,,,,,,,,,,,,,,,,,,,,,,,,,,,,,,,,,,,,,,,,,,,,,,,,,,,,,,,,,,,,,,,,,,,,,,,,,,,,,,,NOT CTD
694,E916,1.0,1.0,False,WCOA21,2021_WCOA_RonBrown,7/24/2021,,,2:53:00 PM,E916,NOT CTD,3,Niskin; Sterivex 0.22µm filter,95% EtOH,West Coast,HH29,,,,,Sean McAllister,Methane oxidation rate experiment end point filter,7/24/2021 ,7/24/2021 2:53:00 PM,2021/07/24 16:53:00,2021/07/24 02:53:00,2021/07/24 02:53:00,,,NOT CTD,3,,,,,,,,,,,,,,,,,,,,,,,,,,,,,,,,,,,,,,,,,,,,,,,,,,,,,,,,,,,,,,,,,,,,,,,,,,,,,,,,,,,,,,,,,,,,,,,,,,,,,,,,,,,,,,,,,,,,,,,,,,,,,,,,,,,,,,,,,,,,,,,,,,,,,,,,,,,,,,,,,,,,,,,,,,,,,,,,,,,,,,,,,,,,,,,,,,,,,,,,,,,,,,,NOT CTD
695,E917,1.0,1.0,False,WCOA21,2021_WCOA_RonBrown,7/24/2021,,,2:53:00 PM,E917,NOT CTD,11,Niskin; Sterivex 0.22µm filter,95% EtOH,West Coast,Station 18 Point Blunt,,,,,Sean McAllister,Methane oxidation rate experiment end point filter; Methane added enrichment,7/24/2021 ,7/24/2021 2:53:00 PM,2021/07/24 16:53:00,2021/07/24 02:53:00,2021/07/24 02:53:00,,,NOT CTD,11,,,,,,,,,,,,,,,,,,,,,,,,,,,,,,,,,,,,,,,,,,,,,,,,,,,,,,,,,,,,,,,,,,,,,,,,,,,,,,,,,,,,,,,,,,,,,,,,,,,,,,,,,,,,,,,,,,,,,,,,,,,,,,,,,,,,,,,,,,,,,,,,,,,,,,,,,,,,,,,,,,,,,,,,,,,,,,,,,,,,,,,,,,,,,,,,,,,,,,,,,,,,,,,NOT CTD
696,E918,1.0,1.0,False,WCOA21,2021_WCOA_RonBrown,7/24/2021,,,2:53:00 PM,E918,NOT CTD,4,Niskin; Sterivex 0.22µm filter,95% EtOH,West Coast,CR24,,,,,Sean McAllister,Methane oxidation rate experiment end point filter; Methane measured just before filtering,7/24/2021 ,7/24/2021 2:53:00 PM,2021/07/24 16:53:00,2021/07/24 02:53:00,2021/07/24 02:53:00,,,NOT CTD,4,,,,,,,,,,,,,,,,,,,,,,,,,,,,,,,,,,,,,,,,,,,,,,,,,,,,,,,,,,,,,,,,,,,,,,,,,,,,,,,,,,,,,,,,,,,,,,,,,,,,,,,,,,,,,,,,,,,,,,,,,,,,,,,,,,,,,,,,,,,,,,,,,,,,,,,,,,,,,,,,,,,,,,,,,,,,,,,,,,,,,,,,,,,,,,,,,,,,,,,,,,,,,,,NOT CTD
697,E919,1.0,1.0,False,WCOA21,2021_WCOA_RonBrown,7/24/2021,,,2:53:00 PM,E919,NOT CTD,3,Niskin; Sterivex 0.22µm filter,95% EtOH,West Coast,C32,,,,,Sean McAllister,Methane oxidation rate experiment end point filter; Methane measured just before filtering,7/24/2021 ,7/24/2021 2:53:00 PM,2021/07/24 16:53:00,2021/07/24 02:53:00,2021/07/24 02:53:00,,,NOT CTD,3,,,,,,,,,,,,,,,,,,,,,,,,,,,,,,,,,,,,,,,,,,,,,,,,,,,,,,,,,,,,,,,,,,,,,,,,,,,,,,,,,,,,,,,,,,,,,,,,,,,,,,,,,,,,,,,,,,,,,,,,,,,,,,,,,,,,,,,,,,,,,,,,,,,,,,,,,,,,,,,,,,,,,,,,,,,,,,,,,,,,,,,,,,,,,,,,,,,,,,,,,,,,,,,NOT CTD
698,E920,1.0,1.0,False,WCOA21,2021_WCOA_RonBrown,7/24/2021,,,2:53:00 PM,E920,NOT CTD,9,Niskin; Sterivex 0.22µm filter,95% EtOH,West Coast,Station 18 Point Blunt,,,,,Sean McAllister,Methane oxidation rate experiment end point filter; Methane measured just before filtering; No methane added,7/24/2021 ,7/24/2021 2:53:00 PM,2021/07/24 16:53:00,2021/07/24 02:53:00,2021/07/24 02:53:00,,,NOT CTD,9,,,,,,,,,,,,,,,,,,,,,,,,,,,,,,,,,,,,,,,,,,,,,,,,,,,,,,,,,,,,,,,,,,,,,,,,,,,,,,,,,,,,,,,,,,,,,,,,,,,,,,,,,,,,,,,,,,,,,,,,,,,,,,,,,,,,,,,,,,,,,,,,,,,,,,,,,,,,,,,,,,,,,,,,,,,,,,,,,,,,,,,,,,,,,,,,,,,,,,,,,,,,,,,NOT CTD
699,E921,1.0,1.0,False,WCOA21,2021_WCOA_RonBrown,7/24/2021,,,2:53:00 PM,E921,NOT CTD,Bucket3,Bucket; Sterivex 0.22µm filter,95% EtOH,West Coast,La Goleta (LG),,,,,Sean McAllister,Methane oxidation rate experiment filter; Labelled #4 (day 5); Methane measured just before filtering,7/24/2021 ,7/24/2021 2:53:00 PM,2021/07/24 16:53:00,2021/07/24 02:53:00,2021/07/24 02:53:00,,,NOT CTD,Bucket3,,,,,,,,,,,,,,,,,,,,,,,,,,,,,,,,,,,,,,,,,,,,,,,,,,,,,,,,,,,,,,,,,,,,,,,,,,,,,,,,,,,,,,,,,,,,,,,,,,,,,,,,,,,,,,,,,,,,,,,,,,,,,,,,,,,,,,,,,,,,,,,,,,,,,,,,,,,,,,,,,,,,,,,,,,,,,,,,,,,,,,,,,,,,,,,,,,,,,,,,,,,,,,,NOT CTD
700,E610.NC,,,TRUE,WCOA21,2021_WCOA_RonBrown,7/5/2021,,,,,,,,,,,,,,,,,,,,,,,,,,,,,,,,,,,,,,,,,,,,,,,,,,,,,,,,,,,,,,,,,,,,,,,,,,,,,,,,,,,,,,,,,,,,,,,,,,,,,,,,,,,,,,,,,,,,,,,,,,,,,,,,,,,,,,,,,,,,,,,,,,,,,,,,,,,,,,,,,,,,,,,,,,,,,,,,,,,,,,,,,,,,,,,,,,,,,,,,,,,,,,,,,,,,,,,,,,,,,,,,,,,,,,,,
